timestamp,strategy,raw_signal,reliability,adjusted_signal,evaluation_status,future_return,raw_direction_correct,accepted,abstained
2021-01-01,A_7d_momentum,,,,UNAVAILABLE,0.09372577639540935,,,
2021-01-02,A_7d_momentum,,,,UNAVAILABLE,0.020380066800975483,,,
2021-01-03,A_7d_momentum,,,,UNAVAILABLE,-0.024712000360334718,,,
2021-01-04,A_7d_momentum,,,,UNAVAILABLE,0.06319658000613337,,,
2021-01-05,A_7d_momentum,,,,UNAVAILABLE,0.08331071417326141,,,
2021-01-06,A_7d_momentum,,,,UNAVAILABLE,0.0691574669750421,,,
2021-01-07,A_7d_momentum,,,,UNAVAILABLE,0.0362338992996023,,,
2021-01-08,A_7d_momentum,0.9999996490589667,,,UNAVAILABLE,-0.013311135341493308,0.0,,
2021-01-09,A_7d_momentum,0.9999193787610787,,,UNAVAILABLE,-0.047152573214749416,0.0,,
2021-01-10,A_7d_momentum,0.9977789217510872,,,UNAVAILABLE,-0.07273315912449108,0.0,,
2021-01-11,A_7d_momentum,0.9779689940777572,,,UNAVAILABLE,-0.046214502171538774,0.0,,
2021-01-12,A_7d_momentum,-0.040850325473305804,,,UNAVAILABLE,0.10003249550509552,0.0,,
2021-01-13,A_7d_momentum,0.2610289505841361,,,UNAVAILABLE,0.050138030111625875,1.0,,
2021-01-14,A_7d_momentum,-0.0930548570544774,,,UNAVAILABLE,-0.06027358971670127,1.0,,
2021-01-15,A_7d_momentum,-0.9601081655262608,,,UNAVAILABLE,-0.017575563040677422,1.0,,
2021-01-16,A_7d_momentum,-0.9657731126606302,,,UNAVAILABLE,-0.010693288117263444,1.0,,
2021-01-17,A_7d_momentum,-0.8710801590170714,,,UNAVAILABLE,0.023435790428599335,0.0,,
2021-01-18,A_7d_momentum,0.5356148368188941,,,UNAVAILABLE,-0.015295342507474663,0.0,,
2021-01-19,A_7d_momentum,0.8526326337140453,,,UNAVAILABLE,-0.014473454791977813,0.0,,
2021-01-20,A_7d_momentum,-0.7388309863776321,,,UNAVAILABLE,-0.1328368400602007,1.0,,
2021-01-21,A_7d_momentum,-0.9996071500049127,,,UNAVAILABLE,0.07072224005462169,0.0,,
2021-01-22,A_7d_momentum,-0.968926400823099,,,UNAVAILABLE,-0.02842289017956734,1.0,,
2021-01-23,A_7d_momentum,-0.9789772679621125,,,UNAVAILABLE,0.006914643868341619,0.0,,
2021-01-24,A_7d_momentum,-0.9608483242884511,,,UNAVAILABLE,0.0023851084933719235,0.0,,
2021-01-25,A_7d_momentum,-0.9811689565045059,,,UNAVAILABLE,0.006286058316783416,0.0,,
2021-01-26,A_7d_momentum,-0.9595860312725412,,,UNAVAILABLE,-0.06562212475675022,1.0,,
2021-01-27,A_7d_momentum,-0.9936916371799629,,,UNAVAILABLE,0.09968113394222766,0.0,,
2021-01-28,A_7d_momentum,0.9370286179110223,,,UNAVAILABLE,0.02540747568580648,1.0,,
2021-01-29,A_7d_momentum,0.6607702124621528,,,UNAVAILABLE,-0.0013656239986477026,0.0,,
2021-01-30,A_7d_momentum,0.8794358939745167,0.6533333333333333,0.5745647840633509,ACCEPT,-0.03370820328466961,0.0,1.0,0.0
2021-01-31,A_7d_momentum,0.47071763794523985,0.5516129032258065,0.2596539228665678,ABSTAIN,0.012768370405776608,1.0,0.0,1.0
2021-02-01,A_7d_momentum,0.6190455256690166,0.55625,0.3443440736533905,ABSTAIN,0.05883361479570781,1.0,0.0,1.0
2021-02-02,A_7d_momentum,0.9473849785399936,0.6606060606060606,0.6258482585506625,ACCEPT,0.055245981743407446,1.0,1.0,0.0
2021-02-03,A_7d_momentum,0.9998083038763576,0.7647058823529411,0.7645592911995674,ACCEPT,-0.014571470120209207,0.0,1.0,0.0
2021-02-04,A_7d_momentum,0.9685139972055163,0.7628571428571428,0.738837820725351,ACCEPT,0.032991388091470286,1.0,1.0,0.0
2021-02-05,A_7d_momentum,0.9771828794454294,0.7666666666666666,0.7491735409081625,ACCEPT,0.029406828078771152,1.0,1.0,0.0
2021-02-06,A_7d_momentum,0.9941526759548944,0.7702702702702702,0.7657662503976889,ACCEPT,-0.009233693380855112,0.0,1.0,0.0
2021-02-07,A_7d_momentum,0.9981648090490293,0.7684210526315789,0.767010853269254,ACCEPT,0.18746473766529936,1.0,1.0,0.0
2021-02-08,A_7d_momentum,0.999999445759206,0.7717948717948717,0.7717944440346691,ACCEPT,0.006161523959955284,1.0,1.0,0.0
2021-02-09,A_7d_momentum,0.9999914086842827,0.7749999999999999,0.774993341730319,ACCEPT,-0.03362488605290981,0.0,1.0,0.0
2021-02-10,A_7d_momentum,0.9992938068345266,0.773170731707317,0.7726247238208412,ACCEPT,0.0665910372634968,1.0,1.0,0.0
2021-02-11,A_7d_momentum,0.999986386302427,0.7761904761904761,0.7761799093680741,ACCEPT,-0.008442623839676311,0.0,1.0,0.0
2021-02-12,A_7d_momentum,0.9998908550355539,0.7744186046511627,0.7743340807600917,ACCEPT,-0.008406213773231364,0.0,1.0,0.0
2021-02-13,A_7d_momentum,0.9993198780514634,0.7727272727272727,0.772201723948858,ACCEPT,0.03421623595697554,1.0,1.0,0.0
2021-02-14,A_7d_momentum,0.9999170573925376,0.7755555555555556,0.7754912289555458,ACCEPT,-0.01585126109458379,0.0,1.0,0.0
2021-02-15,A_7d_momentum,0.6393212338313186,0.7739130434782608,0.4947790418346726,ACCEPT,0.026171883752032166,1.0,1.0,0.0
2021-02-16,A_7d_momentum,0.8242198786375436,0.776595744680851,0.6400856504312838,ACCEPT,0.05994196027730325,1.0,1.0,0.0
2021-02-17,A_7d_momentum,0.9968094306415038,0.7791666666666666,0.7766806813748383,ACCEPT,-0.008997504596578998,0.0,1.0,0.0
2021-02-18,A_7d_momentum,0.9176597149366202,0.7775510204081633,0.7135272477364333,ACCEPT,0.08143096900475189,1.0,1.0,0.0
2021-02-19,A_7d_momentum,0.9982820034586083,0.78,0.7786599626977145,ACCEPT,0.0037823185014820293,1.0,1.0,0.0
2021-02-20,A_7d_momentum,0.999036232361821,0.7823529411764706,0.7815989347301305,ACCEPT,0.025676258785917394,1.0,1.0,0.0
2021-02-21,A_7d_momentum,0.998572071170845,0.7846153846153846,0.7834950096878938,ACCEPT,-0.05791845963531039,0.0,1.0,0.0
2021-02-22,A_7d_momentum,0.9892918780189869,0.6830188679245283,0.6757050185714589,ACCEPT,-0.09930198541853996,0.0,1.0,0.0
2021-02-23,A_7d_momentum,-0.15144638729411652,0.6814814814814815,-0.10320790837821274,ACCEPT,0.018042326886684945,0.0,1.0,0.0
2021-02-24,A_7d_momentum,-0.7339284189117107,0.6799999999999999,-0.4990713248599632,ACCEPT,-0.052539242009451814,1.0,1.0,0.0
2021-02-25,A_7d_momentum,-0.9441280956303246,0.7821428571428571,-0.7384430462251468,ACCEPT,-0.016012490351298148,1.0,1.0,0.0
2021-02-26,A_7d_momentum,-0.9978490497677068,0.7842105263157895,-0.7825237285020438,ACCEPT,-0.003265200081699504,1.0,1.0,0.0
2021-02-27,A_7d_momentum,-0.9982954940478478,0.7862068965517242,-0.7848668022169286,ACCEPT,-0.022747754528746222,1.0,1.0,0.0
2021-02-28,A_7d_momentum,-0.999639725412369,0.7881355932203389,-0.7878516479944941,ACCEPT,0.09955017057586457,0.0,1.0,0.0
2021-03-01,A_7d_momentum,-0.9339382198385537,0.5866666666666667,-0.5479104223052849,ABSTAIN,-0.025231161886280384,1.0,0.0,1.0
2021-03-02,A_7d_momentum,-0.18046666674478357,0.6885245901639344,-0.12425573775870344,ACCEPT,0.04463205996986197,0.0,1.0,0.0
2021-03-03,A_7d_momentum,0.32313095201882164,0.6870967741935483,0.2220222347742226,ACCEPT,-0.039120359814156846,0.0,1.0,0.0
2021-03-04,A_7d_momentum,0.5533144054328415,0.5857142857142857,0.32408415175352145,ABSTAIN,0.007539701660092213,1.0,0.0,1.0
2021-03-05,A_7d_momentum,0.8064425112264887,0.6875,0.554429226468211,ACCEPT,-0.0003049805235605385,0.0,1.0,0.0
2021-03-06,A_7d_momentum,0.8272891918065419,0.5861538461538461,0.48491874165891147,ABSTAIN,0.046906498146797926,1.0,0.0,1.0
2021-03-07,A_7d_momentum,0.9908095507891466,0.6878787878787879,0.6815568728155644,ACCEPT,0.020306565464276005,1.0,1.0,0.0
2021-03-08,A_7d_momentum,0.7833122079834814,0.6895522388059702,0.5401346866990574,ACCEPT,0.049335220420617,1.0,1.0,0.0
2021-03-09,A_7d_momentum,0.9903476790551449,0.7911764705882353,0.7835397813700998,ACCEPT,0.021604243798385436,1.0,1.0,0.0
2021-03-10,A_7d_momentum,0.973997903480812,0.7927536231884058,0.7721403669623249,ACCEPT,0.032076714848716215,1.0,1.0,0.0
2021-03-11,A_7d_momentum,0.9990137708565037,0.7942857142857143,0.7935023665660229,ACCEPT,-0.008183206626845796,0.0,1.0,0.0
2021-03-12,A_7d_momentum,0.9979277754767,0.7929577464788732,0.7913145599906789,ACCEPT,0.06821652767950437,1.0,1.0,0.0
2021-03-13,A_7d_momentum,0.9999165118428928,0.7944444444444444,0.7943781177418536,ACCEPT,-0.031689610370558396,0.0,1.0,0.0
2021-03-14,A_7d_momentum,0.9964204734641923,0.7931506849315069,0.7903115810079004,ACCEPT,-0.05725100456855314,0.0,1.0,0.0
2021-03-15,A_7d_momentum,0.8856342315260731,0.6918918918918919,0.6127631439747966,ACCEPT,0.01605702194966918,1.0,1.0,0.0
2021-03-16,A_7d_momentum,0.6185149228141057,0.6933333333333334,0.4288370131511133,ACCEPT,0.036369962842253134,1.0,1.0,0.0
2021-03-17,A_7d_momentum,0.7707243754451693,0.6947368421052631,0.5354506187303281,ACCEPT,-0.017189693893861602,0.0,1.0,0.0
2021-03-18,A_7d_momentum,0.018612388343676168,0.7935064935064935,0.014769051010371608,ACCEPT,0.008429650137686817,1.0,1.0,0.0
2021-03-19,A_7d_momentum,0.33985167624504453,0.7948717948717948,0.27013851188708665,ACCEPT,-0.0005657190459794625,0.0,1.0,0.0
2021-03-20,A_7d_momentum,-0.7427834750268486,0.6936708860759493,-0.5152472712844468,ACCEPT,-0.013551247955811196,1.0,1.0,0.0
2021-03-21,A_7d_momentum,-0.5370075779948232,0.6850257532654987,-0.36786402062518486,ACCEPT,-0.05205318540083803,1.0,1.0,0.0
2021-03-22,A_7d_momentum,-0.4565778887490157,0.6799301247017034,-0.31044106083315876,ACCEPT,0.0038474981233158623,0.0,1.0,0.0
2021-03-23,A_7d_momentum,-0.621464065892123,0.7826328128924114,-0.4863781700007071,ACCEPT,-0.035891807492523076,1.0,1.0,0.0
2021-03-24,A_7d_momentum,-0.9687265343743874,0.7845812403441073,-0.7600446658937053,ACCEPT,-0.020277031922222966,1.0,1.0,0.0
2021-03-25,A_7d_momentum,-0.9720114286337059,0.7842835399204445,-0.7623325640919715,ACCEPT,0.06639992475218648,0.0,1.0,0.0
2021-03-26,A_7d_momentum,-0.8005327515912105,0.6737901211901886,-0.5393910597113568,ACCEPT,0.015165759461888806,0.0,1.0,0.0
2021-03-27,A_7d_momentum,-0.6654890008972031,0.676528834991474,-0.45022249847662477,ACCEPT,-0.0004067213991215679,1.0,1.0,0.0
2021-03-28,A_7d_momentum,-0.49811422787218,0.6782591033688803,-0.33785050957186696,ACCEPT,0.03216137854506651,0.0,1.0,0.0
2021-03-29,A_7d_momentum,0.8278946440625367,0.7803495096258659,0.6460471795160813,ACCEPT,0.020216245195582738,1.0,1.0,0.0
2021-03-30,A_7d_momentum,0.9098738174323139,0.7816230456703355,0.71117834435714,ACCEPT,1.9359634988669328e-05,1.0,1.0,0.0
2021-03-31,A_7d_momentum,0.9811933564691353,0.785023651514863,0.7702599915375252,ACCEPT,0.0030037350775407035,1.0,1.0,0.0
2021-04-01,A_7d_momentum,0.9934516955957865,0.7874741300603992,0.7823175097463205,ACCEPT,0.004881969011259368,1.0,1.0,0.0
2021-04-02,A_7d_momentum,0.9122073028309013,0.8023663445928553,0.731924439083338,ACCEPT,-0.029981350293480258,0.0,1.0,0.0
2021-04-03,A_7d_momentum,0.524519056933368,0.6026608739771211,0.3161071132691189,ABSTAIN,0.0200448971410081,1.0,0.0,1.0
2021-04-04,A_7d_momentum,0.7631318048672252,0.7142391871459832,0.545058639993614,ACCEPT,0.005094138552963257,1.0,1.0,0.0
2021-04-05,A_7d_momentum,0.42425899561304936,0.7170319704183244,0.3042072635921241,ACCEPT,-0.014655445594718208,0.0,1.0,0.0
2021-04-06,A_7d_momentum,-0.24136095812327055,0.6203933515658162,-0.14973873374723243,ABSTAIN,-0.036833390122360865,1.0,0.0,1.0
2021-04-07,A_7d_momentum,-0.7505379537841138,0.7191562593942662,-0.53975406737681,ACCEPT,0.04058980823677527,0.0,1.0,0.0
2021-04-08,A_7d_momentum,-0.2554379027784971,0.7140256850105071,-0.1823892235090637,ACCEPT,-0.0013536328475677317,1.0,1.0,0.0
2021-04-09,A_7d_momentum,-0.3659223834698039,0.616235965243396,-0.22549453318167867,ABSTAIN,0.026581343719059625,0.0,0.0,1.0
2021-04-10,A_7d_momentum,0.6411579197033119,0.8149445374025143,0.5225081442745739,ACCEPT,0.006885903949730876,1.0,1.0,0.0
2021-04-11,A_7d_momentum,0.4560584268773888,0.8272228318009593,0.3772619433482043,ACCEPT,-0.005174186540237491,0.0,1.0,0.0
2021-04-12,A_7d_momentum,0.2756497149445161,0.8266888439128863,0.2278765441723987,ACCEPT,0.06027376479221824,1.0,1.0,0.0
2021-04-13,A_7d_momentum,0.9493700482098131,0.8255188216122097,0.7837228434720916,ACCEPT,-0.00620063437737306,0.0,1.0,0.0
2021-04-14,A_7d_momentum,0.9871229305547062,0.8252967070184396,0.8146693040091909,ACCEPT,0.003237480473297971,1.0,1.0,0.0
2021-04-15,A_7d_momentum,0.9367887792417199,0.8371177619512695,0.7842025262998904,ACCEPT,-0.027501379378466195,0.0,1.0,0.0
2021-04-16,A_7d_momentum,0.8153163004527967,0.7307088511378378,0.5957588372178152,ACCEPT,-0.014437688523377457,0.0,1.0,0.0
2021-04-17,A_7d_momentum,0.2893791427006128,0.7270496645390013,0.21039300862506435,ACCEPT,-0.0736215468265391,0.0,1.0,0.0
2021-04-18,A_7d_momentum,-0.8680385507040487,0.8108665138844674,-0.7038633935267175,ACCEPT,-0.008750468945115109,1.0,1.0,0.0
2021-04-19,A_7d_momentum,-0.8836542791297459,0.8142204765322717,-0.7194894082428027,ACCEPT,0.013436976092944253,0.0,1.0,0.0
2021-04-20,A_7d_momentum,-0.9764137091970903,0.8132721964889287,-0.7940901219606197,ACCEPT,-0.045454287638402646,1.0,1.0,0.0
2021-04-21,A_7d_momentum,-0.9941608998310542,0.8076505175381741,-0.8029345652647677,ACCEPT,-0.0397694659817468,1.0,1.0,0.0
2021-04-22,A_7d_momentum,-0.9986472160477136,0.8066745692367416,-0.8055833128247606,ACCEPT,-0.012917150838772984,1.0,1.0,0.0
2021-04-23,A_7d_momentum,-0.9977918471315105,0.8081986058465256,-0.8064139797767164,ACCEPT,-0.02040928977310741,1.0,1.0,0.0
2021-04-24,A_7d_momentum,-0.9981937689985726,0.8119244792156877,-0.8104579560505105,ACCEPT,-0.02091099195802515,1.0,1.0,0.0
2021-04-25,A_7d_momentum,-0.9882548050313463,0.8141790521116661,-0.8046163604052209,ACCEPT,0.10238907033660749,0.0,1.0,0.0
2021-04-26,A_7d_momentum,-0.544864812623962,0.6839314147372753,-0.37265016213846675,ACCEPT,0.018721407731506323,0.0,1.0,0.0
2021-04-27,A_7d_momentum,-0.4699042944928331,0.683611167213075,-0.3212318232366822,ACCEPT,-0.003787066282106566,1.0,1.0,0.0
2021-04-28,A_7d_momentum,0.32820912910981254,0.6899718635197208,0.22645506443608202,ACCEPT,-0.02315733013830157,0.0,1.0,0.0
2021-04-29,A_7d_momentum,0.5997259986518348,0.5867628194798324,0.3518969178843088,ABSTAIN,0.07833176806484676,1.0,0.0,1.0
2021-04-30,A_7d_momentum,0.9891493049324075,0.6760673431340689,0.6687315425485637,ACCEPT,0.0013484807439372304,1.0,1.0,0.0
2021-05-01,A_7d_momentum,0.9960112319194897,0.678397631798451,0.6756916609788396,ACCEPT,-0.020698824187899145,0.0,1.0,0.0
2021-05-02,A_7d_momentum,0.9960509009600752,0.7753284309602124,0.772266582197881,ACCEPT,0.010051280367532334,1.0,1.0,0.0
2021-05-03,A_7d_momentum,0.8264280530681627,0.6838734803397434,0.5651722289021226,ACCEPT,-0.06760024652955021,0.0,1.0,0.0
2021-05-04,A_7d_momentum,-0.5494942404158218,0.7730891567247496,-0.42480803894817454,ACCEPT,0.07669599321369813,0.0,1.0,0.0
2021-05-05,A_7d_momentum,0.7389779158709238,0.7590913877586448,0.5609517716814506,ACCEPT,-0.01789307689659958,0.0,1.0,0.0
2021-05-06,A_7d_momentum,0.7860901970106701,0.657504260748315,0.5168576538669979,ACCEPT,0.017020319573156195,1.0,1.0,0.0
2021-05-07,A_7d_momentum,-0.1355322074023121,0.5569220282168805,-0.07548087183520656,ABSTAIN,0.02523475916996243,0.0,0.0,1.0
2021-05-08,A_7d_momentum,0.3252060067760409,0.766901481270323,0.24940096831455244,ACCEPT,-0.009718099130935132,0.0,1.0,0.0
2021-05-09,A_7d_momentum,0.5120453758688099,0.7645430725204098,0.391480744936608,ACCEPT,-0.04074231762821234,0.0,1.0,0.0
2021-05-10,A_7d_momentum,-0.43715038526862204,0.6587437121986273,-0.2879700675809122,ACCEPT,0.01512317249631967,0.0,1.0,0.0
2021-05-11,A_7d_momentum,0.852199619804892,0.6630001107672907,0.5650084423264864,ACCEPT,-0.1332174549686006,0.0,1.0,0.0
2021-05-12,A_7d_momentum,-0.9937368064284523,0.7291866624080205,-0.7246196251915683,ACCEPT,0.011508648851976444,0.0,1.0,0.0
2021-05-13,A_7d_momentum,-0.9826416426253548,0.7291627085802943,-0.7165056417004932,ACCEPT,0.00330563837155351,0.0,1.0,0.0
2021-05-14,A_7d_momentum,-0.9891750702114082,0.72989541357176,-0.7219943469668305,ACCEPT,-0.06255641898138342,1.0,1.0,0.0
2021-05-15,A_7d_momentum,-0.9994466509209826,0.7238245890584004,-0.7234240613886748,ACCEPT,-0.0065040138312105755,1.0,1.0,0.0
2021-05-16,A_7d_momentum,-0.9993864912177455,0.7463704441092369,-0.7459125392869607,ACCEPT,-0.06282381595309616,1.0,1.0,0.0
2021-05-17,A_7d_momentum,-0.9997056448648517,0.7421421762122006,-0.7419237228516223,ACCEPT,-0.014426855146374762,1.0,1.0,0.0
2021-05-18,A_7d_momentum,-0.9998812120759838,0.7421853436159768,-0.7420971809597734,ACCEPT,-0.13766122609163733,1.0,1.0,0.0
2021-05-19,A_7d_momentum,-0.999898285665809,0.7179192454158224,-0.717846222737772,ACCEPT,0.10216344466291027,0.0,1.0,0.0
2021-05-20,A_7d_momentum,-0.9984892798068407,0.7088888888888889,-0.7078179561297382,ACCEPT,-0.08528232829817228,1.0,1.0,0.0
2021-05-21,A_7d_momentum,-0.9999165835511142,0.7088888888888889,-0.7088297558951232,ACCEPT,0.006217486259949112,0.0,1.0,0.0
2021-05-22,A_7d_momentum,-0.9992514101466563,0.6066666666666667,-0.6062125221556381,ABSTAIN,-0.0736893688644572,1.0,0.0,1.0
2021-05-23,A_7d_momentum,-0.9999146223557644,0.7088888888888889,-0.7088283656255309,ACCEPT,0.11318183957815453,0.0,1.0,0.0
2021-05-24,A_7d_momentum,-0.9766591757218944,0.6088888888888889,-0.5946769203284424,ABSTAIN,-0.007847826326095597,1.0,0.0,1.0
2021-05-25,A_7d_momentum,-0.9704978303702104,0.6111111111111112,-0.593082007448462,ABSTAIN,0.023227211885217036,0.0,0.0,1.0
2021-05-26,A_7d_momentum,0.8450862144316376,0.6088888888888889,0.5145636061205972,ABSTAIN,-0.021815700174415475,0.0,0.0,1.0
2021-05-27,A_7d_momentum,-0.8178778476996647,0.7066666666666667,-0.5779670123744297,ACCEPT,-0.07126897282320166,1.0,1.0,0.0
2021-05-28,A_7d_momentum,-0.6970810686841996,0.7066666666666667,-0.49260395520350103,ACCEPT,-0.03029724398312339,1.0,1.0,0.0
2021-05-29,A_7d_momentum,-0.9147888689651106,0.7066666666666667,-0.6464508007353448,ACCEPT,0.03068120125307594,0.0,1.0,0.0
2021-05-30,A_7d_momentum,0.47925751017983065,0.5066666666666666,0.24282380515778082,ABSTAIN,0.04637929771620186,1.0,0.0,1.0
2021-05-31,A_7d_momentum,-0.6103730377552021,0.6066666666666667,-0.370292976238156,ABSTAIN,-0.017355481635803582,1.0,0.0,1.0
2021-06-01,A_7d_momentum,-0.7135472649174411,0.6088888888888889,-0.43447100130528643,ABSTAIN,0.02426756732611457,0.0,0.0,1.0
2021-06-02,A_7d_momentum,-0.7038794914547395,0.5088888888888888,-0.3581964523180785,ABSTAIN,0.043475133082156336,0.0,0.0,1.0
2021-06-03,A_7d_momentum,0.3813093884640353,0.6066666666666667,0.2313276956681814,ABSTAIN,-0.05902658087058821,0.0,0.0,1.0
2021-06-04,A_7d_momentum,0.5853228875633869,0.6066666666666667,0.3550958851217881,ABSTAIN,-0.03638625350557034,0.0,0.0,1.0
2021-06-05,A_7d_momentum,0.4935374424820907,0.5044444444444445,0.2489622209854102,ABSTAIN,0.008731498936251025,1.0,0.0,1.0
2021-06-06,A_7d_momentum,0.10291885513140754,0.6044444444444445,0.062208730212761895,ABSTAIN,-0.06418068028941804,0.0,0.0,1.0
2021-06-07,A_7d_momentum,-0.9654693611663682,0.7022222222222222,-0.6779740402857163,ACCEPT,-0.0026243254847995168,1.0,1.0,0.0
2021-06-08,A_7d_momentum,-0.9415219170547691,0.7233427133267485,-0.6810430181389985,ACCEPT,0.11569117681725527,0.0,1.0,0.0
2021-06-09,A_7d_momentum,-0.12184403228245158,0.6162415570956092,-0.07508535617654565,ABSTAIN,-0.01720501684509279,1.0,0.0,1.0
2021-06-10,A_7d_momentum,-0.8560503603802527,0.628859233602792,-0.5383351735541195,ABSTAIN,0.01721406171757467,0.0,0.0,1.0
2021-06-11,A_7d_momentum,0.23409196063688603,0.7262235923609145,0.17000310459652918,ACCEPT,-0.047727642256857994,0.0,1.0,0.0
2021-06-12,A_7d_momentum,0.0003142407778693763,0.6314773668166678,0.00019843593895537516,ABSTAIN,0.09972131894675185,1.0,0.0,1.0
2021-06-13,A_7d_momentum,0.9472584386934776,0.7383930930529513,0.6994490884673864,ACCEPT,0.028661855288592664,1.0,1.0,0.0
2021-06-14,A_7d_momentum,0.9992844123540985,0.7373987080808208,0.7368710346752144,ACCEPT,0.004669320789865594,1.0,1.0,0.0
2021-06-15,A_7d_momentum,0.999495953971006,0.7380596860522801,0.7376876699983649,ACCEPT,-0.05096256237308472,0.0,1.0,0.0
2021-06-16,A_7d_momentum,0.49039851441863164,0.6342851112630957,0.31105247628127863,ABSTAIN,-0.007655308506355651,0.0,0.0,1.0
2021-06-17,A_7d_momentum,0.6268053033092856,0.5412115552154411,0.3392342730213047,ABSTAIN,-0.0595545108824469,0.0,0.0,1.0
2021-06-18,A_7d_momentum,-0.6798354219185466,0.7362694049343316,-0.5005420215492485,ACCEPT,-0.004788717174578294,1.0,1.0,0.0
2021-06-19,A_7d_momentum,0.03562541530541486,0.637580255198053,0.022714061381963028,ABSTAIN,0.002314299179515533,1.0,0.0,1.0
2021-06-20,A_7d_momentum,-0.9401107730189326,0.7412964463167032,-0.6969007751829835,ACCEPT,-0.11265533282181261,1.0,1.0,0.0
2021-06-21,A_7d_momentum,-0.9995912632959254,0.7240557753480843,-0.7237598271769023,ACCEPT,0.02616961270137308,0.0,1.0,0.0
2021-06-22,A_7d_momentum,-0.999198019023555,0.7216408959119446,-0.7210621536415984,ACCEPT,0.0374509295196066,0.0,1.0,0.0
2021-06-23,A_7d_momentum,-0.984048670970652,0.7202905846440106,-0.7088009925316126,ACCEPT,0.027856637741157764,0.0,1.0,0.0
2021-06-24,A_7d_momentum,-0.9449379564996065,0.6235027195438685,-0.5891713856777304,ABSTAIN,-0.0872604012088013,1.0,0.0,1.0
2021-06-25,A_7d_momentum,-0.9808300638333668,0.7163678833649929,-0.7026351567690599,ACCEPT,0.017336806155961115,0.0,1.0,0.0
2021-06-26,A_7d_momentum,-0.9583990230888375,0.7136897529751812,-0.6839995620399274,ACCEPT,0.07653470332064805,0.0,1.0,0.0
2021-06-27,A_7d_momentum,-0.5281012083616161,0.7109079346914323,-0.37543133934440626,ACCEPT,-0.006213875976586625,1.0,1.0,0.0
2021-06-28,A_7d_momentum,0.9403561285311033,0.6108198783637141,0.5743882160479417,ABSTAIN,0.04162825758718758,1.0,0.0,1.0
2021-06-29,A_7d_momentum,0.9685690726545874,0.628872728717335,0.6091066756715091,ABSTAIN,-0.02305527321430456,0.0,0.0,1.0
2021-06-30,A_7d_momentum,0.6535944441064526,0.6262707039528699,0.4093270526102327,ABSTAIN,-0.04191448950075438,0.0,0.0,1.0
2021-07-01,A_7d_momentum,-0.557437490086337,0.7220988518225163,-0.4025249715541693,ACCEPT,0.00967855812266083,0.0,1.0,0.0
2021-07-02,A_7d_momentum,0.8912989193310826,0.5251891118111891,0.468100487801764,ABSTAIN,0.022760094790705843,1.0,0.0,1.0
2021-07-03,A_7d_momentum,0.9125294096344279,0.5425335343239773,0.49507780578353866,ABSTAIN,0.017861561294527206,1.0,0.0,1.0
2021-07-04,A_7d_momentum,0.3525359509747134,0.6436514813332367,0.2269102870680956,ABSTAIN,-0.043691535402215154,0.0,0.0,1.0
2021-07-05,A_7d_momentum,-0.3797726799917614,0.6413188072405618,-0.24355536215486798,ABSTAIN,0.014496276584600176,0.0,0.0,1.0
2021-07-06,A_7d_momentum,-0.7212923029043683,0.6419837120585827,-0.46305791009783004,ABSTAIN,-0.011095808977648836,1.0,0.0,1.0
2021-07-07,A_7d_momentum,-0.5893330301912217,0.6441163233775917,-0.379599024651745,ABSTAIN,-0.028886355129662422,1.0,0.0,1.0
2021-07-08,A_7d_momentum,-0.3917645413254147,0.7487968774051658,-0.29335206522253754,ACCEPT,0.02800225791699673,0.0,1.0,0.0
2021-07-09,A_7d_momentum,-0.058366497213786284,0.646988001250184,-0.03776242337232202,ABSTAIN,-0.008210311003178261,1.0,0.0,1.0
2021-07-10,A_7d_momentum,-0.5798837519044188,0.6469167185331339,-0.37513649391268855,ABSTAIN,0.021469475378479208,0.0,0.0,1.0
2021-07-11,A_7d_momentum,-0.5325823102133159,0.6733267857101605,-0.3586019350620236,ACCEPT,-0.031668630428790756,1.0,1.0,0.0
2021-07-12,A_7d_momentum,-0.33616590720400136,0.7716850068387184,-0.2594141903996638,ACCEPT,-0.013687548281983153,1.0,1.0,0.0
2021-07-13,A_7d_momentum,-0.714182414348283,0.7765973645152233,-0.5546321807659957,ACCEPT,0.003679352094793975,0.0,1.0,0.0
2021-07-14,A_7d_momentum,-0.5442904884158001,0.7763073654654831,-0.4225367151099908,ACCEPT,-0.031734999531688124,1.0,1.0,0.0
2021-07-15,A_7d_momentum,-0.5830754196988989,0.795442932965668,-0.46380322198547996,ACCEPT,-0.011302175908234458,1.0,1.0,0.0
2021-07-16,A_7d_momentum,-0.8867014687926886,0.7981079335143247,-0.7076834769022492,ACCEPT,0.003549453661488622,0.0,1.0,0.0
2021-07-17,A_7d_momentum,-0.8292753800537997,0.8176450991359095,-0.6780529503350582,ACCEPT,0.008363987433579023,0.0,1.0,0.0
2021-07-18,A_7d_momentum,-0.8910910183877364,0.7148523240241882,-0.636998485411554,ACCEPT,-0.030788575922789052,1.0,1.0,0.0
2021-07-19,A_7d_momentum,-0.8875617944180113,0.8227922432963003,-0.7302789598932852,ACCEPT,-0.03278895069501786,1.0,1.0,0.0
2021-07-20,A_7d_momentum,-0.9436461776685579,0.8208621281546888,-0.77460340962605,ACCEPT,0.07727442675168827,0.0,1.0,0.0
2021-07-21,A_7d_momentum,-0.4083588938014202,0.7007167098486069,-0.2861439005019478,ACCEPT,0.006303573302191001,0.0,1.0,0.0
2021-07-22,A_7d_momentum,0.3230332408834274,0.6986971832448079,0.22570241549969222,ACCEPT,0.03925482537500802,1.0,1.0,0.0
2021-07-23,A_7d_momentum,0.8797951926015836,0.6954897021326975,0.6118884964402546,ACCEPT,0.021169199000986128,1.0,1.0,0.0
2021-07-24,A_7d_momentum,0.9413923895039972,0.7950904993679403,0.7484921450719116,ACCEPT,0.030844758309330533,1.0,1.0,0.0
2021-07-25,A_7d_momentum,0.9773668313140916,0.8005328080878413,0.7824142140037853,ACCEPT,0.05621887171744144,1.0,1.0,0.0
2021-07-26,A_7d_momentum,0.999577496019152,0.7950978934907165,0.7947619614655528,ACCEPT,0.055424286615063156,1.0,1.0,0.0
2021-07-27,A_7d_momentum,0.9999949141063246,0.789415233094469,0.7894112182125278,ACCEPT,0.014945713184850051,1.0,1.0,0.0
2021-07-28,A_7d_momentum,0.9998915742923847,0.7954645454377103,0.7953782966314883,ACCEPT,0.00031292265067750513,1.0,1.0,0.0
2021-07-29,A_7d_momentum,0.9998541401424625,0.796156243391235,0.7960401161549965,ACCEPT,0.055666404612466414,1.0,1.0,0.0
2021-07-30,A_7d_momentum,0.9999332744394315,0.7915953562405033,0.7915425365966147,ACCEPT,-0.014427457617713135,0.0,1.0,0.0
2021-07-31,A_7d_momentum,0.9996146689657802,0.7901400916283378,0.7898356261296521,ACCEPT,-0.039669750474507826,0.0,1.0,0.0
2021-08-01,A_7d_momentum,0.9893819215849088,0.6860194325726553,0.6787352244433225,ACCEPT,-0.019335866368471732,0.0,1.0,0.0
2021-08-02,A_7d_momentum,0.761038708363844,0.6852589420579731,0.521508580158574,ACCEPT,-0.02675797936526192,0.0,1.0,0.0
2021-08-03,A_7d_momentum,-0.5624544944201197,0.6821304459305253,-0.3836673350944244,ACCEPT,0.041792893187100555,0.0,1.0,0.0
2021-08-04,A_7d_momentum,-0.12357896688597637,0.6839460404227513,-0.08452134508119784,ACCEPT,0.02822946527400849,0.0,1.0,0.0
2021-08-05,A_7d_momentum,0.40571884072232056,0.7825897821958148,0.3175114191936193,ACCEPT,0.04763803587748594,1.0,1.0,0.0
2021-08-06,A_7d_momentum,0.26836537898395646,0.7824368927243976,0.20997897324701226,ACCEPT,0.04062220829002827,1.0,1.0,0.0
2021-08-07,A_7d_momentum,0.8869786663937701,0.7828708920401237,0.6943897797802501,ACCEPT,-0.017005273846830926,0.0,1.0,0.0
2021-08-08,A_7d_momentum,0.957320948777779,0.7854681200174406,0.7519450858897946,ACCEPT,0.058616336068955555,1.0,1.0,0.0
2021-08-09,A_7d_momentum,0.9986623075418755,0.7913072870415149,0.7902487612515805,ACCEPT,-0.016830892309838696,0.0,1.0,0.0
2021-08-10,A_7d_momentum,0.9991741593810524,0.7962194439191718,0.7955618935607874,ACCEPT,0.00018877838873909702,1.0,1.0,0.0
2021-08-11,A_7d_momentum,0.9944441563160124,0.7979471120083759,0.7935138425859679,ACCEPT,-0.02555943636254754,0.0,1.0,0.0
2021-08-12,A_7d_momentum,0.9404013691064118,0.6946730605189542,0.6532714971933657,ACCEPT,0.07574073458615982,1.0,1.0,0.0
2021-08-13,A_7d_momentum,0.9810474312306491,0.7856368575565683,0.7707470209859907,ACCEPT,-0.01457055076832292,0.0,1.0,0.0
2021-08-14,A_7d_momentum,0.8146352413505703,0.7816331360478477,0.6367458984319415,ACCEPT,-0.0010603958689597848,0.0,1.0,0.0
2021-08-15,A_7d_momentum,0.9021353854710263,0.7833345306750036,0.7066737987832599,ACCEPT,-0.02215910567498447,0.0,1.0,0.0
2021-08-16,A_7d_momentum,-0.15443844852852567,0.6836083024098184,-0.10557540562539156,ACCEPT,-0.028456465011732934,1.0,1.0,0.0
2021-08-17,A_7d_momentum,-0.37164907443267514,0.6805512683293037,-0.25292624897856886,ACCEPT,0.002367765389513554,0.0,1.0,0.0
2021-08-18,A_7d_momentum,-0.33425778090342867,0.6806009026645987,-0.22749614740553922,ACCEPT,0.04277544261522093,0.0,1.0,0.0
2021-08-19,A_7d_momentum,0.7741307078909182,0.7811867407905775,0.604740644643209,ACCEPT,0.056115872471717454,1.0,1.0,0.0
2021-08-20,A_7d_momentum,0.5695738619038685,0.7786660511822033,0.44350782990528287,ACCEPT,-0.008789842693618932,0.0,1.0,0.0
2021-08-21,A_7d_momentum,0.645770965707706,0.7817158196866729,0.5048093797880537,ACCEPT,0.00850947690403503,1.0,1.0,0.0
2021-08-22,A_7d_momentum,0.7473690732766175,0.7863557385351203,0.587697959574743,ACCEPT,0.004551674225862445,1.0,1.0,0.0
2021-08-23,A_7d_momentum,0.9120705900946041,0.7903487569355601,0.720853857118753,ACCEPT,-0.037137725293038826,0.0,1.0,0.0
2021-08-24,A_7d_momentum,0.8733991031642673,0.6864250103159537,0.5995229883994769,ACCEPT,0.02630002081428562,1.0,1.0,0.0
2021-08-25,A_7d_momentum,0.9523930118827028,0.688682695447218,0.6558965865484742,ACCEPT,-0.04122830434622349,0.0,1.0,0.0
2021-08-26,A_7d_momentum,0.095874250941642,0.6816842562661565,0.06535596744822808,ACCEPT,0.04508626296557394,1.0,1.0,0.0
2021-08-27,A_7d_momentum,-0.11321840261111771,0.5808003466459944,-0.06575728748324293,ABSTAIN,-0.003185280633781984,1.0,0.0,1.0
2021-08-28,A_7d_momentum,-0.0012635971819507606,0.6841749770005234,-0.0008645215728990879,ACCEPT,-0.0014839825657210204,1.0,1.0,0.0
2021-08-29,A_7d_momentum,-0.196831150077247,0.5920909424240535,-0.11654194114764747,ABSTAIN,-0.0363476092875793,1.0,0.0,1.0
2021-08-30,A_7d_momentum,-0.7639332633756882,0.688900927421732,-0.5262743336278219,ACCEPT,0.0023738850726162664,0.0,1.0,0.0
2021-08-31,A_7d_momentum,-0.2223689981796862,0.6889112637606198,-0.15319250755715058,ACCEPT,0.03562556399047523,0.0,1.0,0.0
2021-09-01,A_7d_momentum,-0.04643711904943836,0.5884688314732753,-0.027326797184008367,ABSTAIN,0.009840830417728652,0.0,0.0,1.0
2021-09-02,A_7d_momentum,0.7683787777930705,0.8037242427351916,0.6175646513155276,ACCEPT,0.014143210068944922,1.0,1.0,0.0
2021-09-03,A_7d_momentum,0.3748915050245359,0.8064765913502783,0.3023412230983634,ACCEPT,-0.0016141808032423821,0.0,1.0,0.0
2021-09-04,A_7d_momentum,0.4021792653190395,0.8042376296894249,0.3234476990504187,ACCEPT,0.03621581213694158,1.0,1.0,0.0
2021-09-05,A_7d_momentum,0.832876908055635,0.8056384951875063,0.6709976988823648,ACCEPT,0.017006125728580734,1.0,1.0,0.0
2021-09-06,A_7d_momentum,0.9827110877663593,0.8095140704709314,0.7955184527546622,ACCEPT,-0.1106216071695616,0.0,1.0,0.0
2021-09-07,A_7d_momentum,-0.14963477806847023,0.772231701595767,-0.11555271928571972,ACCEPT,-0.015375366885328479,1.0,1.0,0.0
2021-09-08,A_7d_momentum,-0.8104270365939412,0.7756391763221697,-0.6285989591329415,ACCEPT,0.006509485739778498,0.0,1.0,0.0
2021-09-09,A_7d_momentum,-0.8307424282974403,0.7837281219785657,-0.6510762031774661,ACCEPT,-0.032495484247323514,1.0,1.0,0.0
2021-09-10,A_7d_momentum,-0.9677486516176735,0.7838122432794717,-0.7585332415551327,ACCEPT,0.0070748487352050304,0.0,1.0,0.0
2021-09-11,A_7d_momentum,-0.9561835548504827,0.7816739556978486,-0.7474237816932076,ACCEPT,0.019066033632592516,0.0,1.0,0.0
2021-09-12,A_7d_momentum,-0.9756924331991383,0.7783347511282819,-0.7594153271717992,ACCEPT,-0.023884438158555232,1.0,1.0,0.0
2021-09-13,A_7d_momentum,-0.9941371660871944,0.6802100001789546,-0.6762220419220759,ACCEPT,0.0473592610325122,0.0,1.0,0.0
2021-09-14,A_7d_momentum,0.11963639999654843,0.6761092681162274,0.08088727884172658,ACCEPT,0.023015462091804384,1.0,1.0,0.0
2021-09-15,A_7d_momentum,0.7185814096508275,0.6813655691932234,0.48961663119840493,ACCEPT,-0.008157286726135138,0.0,1.0,0.0
2021-09-16,A_7d_momentum,0.537109336765548,0.6863013455225583,0.36861886051492443,ACCEPT,-0.010795386730801604,0.0,1.0,0.0
2021-09-17,A_7d_momentum,0.7864746561509331,0.683835456453281,0.5378192554779107,ACCEPT,0.021385589090024082,1.0,1.0,0.0
2021-09-18,A_7d_momentum,0.8767217876621206,0.6825727320276392,0.5984263858326895,ACCEPT,-0.021089044077959085,0.0,1.0,0.0
2021-09-19,A_7d_momentum,0.4774668157955485,0.5826961664511568,0.27821808317170676,ABSTAIN,-0.09344895316951951,0.0,0.0,1.0
2021-09-20,A_7d_momentum,-0.7364478719126669,0.7620931148637584,-0.5612418526407105,ACCEPT,-0.050185206746199196,1.0,1.0,0.0
2021-09-21,A_7d_momentum,-0.991316316420006,0.7638802670500291,-0.7572469725179652,ACCEPT,0.07079311406361999,0.0,1.0,0.0
2021-09-22,A_7d_momentum,-0.9571202261172612,0.7514990660103357,-0.7192749559867231,ACCEPT,0.0303064775724482,0.0,1.0,0.0
2021-09-23,A_7d_momentum,-0.8363487885412079,0.6474788589225159,-0.5415181592658898,ABSTAIN,-0.04578111561282838,1.0,0.0,1.0
2021-09-24,A_7d_momentum,-0.9539097854638479,0.6464627998307416,-0.6166671906969011,ABSTAIN,-0.002874812528084303,1.0,0.0,1.0
2021-09-25,A_7d_momentum,-0.9802550775879834,0.7525311010386578,-0.7376724328360201,ACCEPT,0.011516492054097771,0.0,1.0,0.0
2021-09-26,A_7d_momentum,-0.9372126452578547,0.7508276916682632,-0.7036852070412619,ACCEPT,-0.02251426719942695,1.0,1.0,0.0
2021-09-27,A_7d_momentum,-0.2764687549106938,0.7744014411648564,-0.21409780223989475,ACCEPT,-0.02844007873591181,1.0,1.0,0.0
2021-09-28,A_7d_momentum,0.1659784629672687,0.575536426697638,0.09552665148494807,ABSTAIN,0.012911568502261384,1.0,0.0,1.0
2021-09-29,A_7d_momentum,-0.7271364379473536,0.7773040365634901,-0.5652060883488758,ACCEPT,0.05356827518164842,0.0,1.0,0.0
2021-09-30,A_7d_momentum,-0.4557260303286048,0.6719342956662273,-0.30621794920561685,ACCEPT,0.09878873042688929,0.0,1.0,0.0
2021-10-01,A_7d_momentum,0.9856132913762782,0.7495213308484615,0.7387381858542805,ACCEPT,-0.008426411013467638,0.0,1.0,0.0
2021-10-02,A_7d_momentum,0.9815622470916744,0.6475125525410947,0.6355738760923029,ABSTAIN,0.010237887379882071,1.0,0.0,1.0
2021-10-03,A_7d_momentum,0.9805014709566076,0.7511670331428878,0.7365203809307123,ACCEPT,0.018940873580984396,1.0,1.0,0.0
2021-10-04,A_7d_momentum,0.9970367458676399,0.7568294313674946,0.7545867534275031,ACCEPT,0.048905889117254686,1.0,1.0,0.0
2021-10-05,A_7d_momentum,0.9999268453937841,0.7533894561921519,0.753334342283157,ACCEPT,0.0746704982911468,1.0,1.0,0.0
2021-10-06,A_7d_momentum,0.9999965758516457,0.7445908274012016,0.7445882778117454,ACCEPT,-0.02809653406297008,0.0,1.0,0.0
2021-10-07,A_7d_momentum,0.9997871795661236,0.7427783977572483,0.7426203193363636,ACCEPT,0.0030082765538104184,1.0,1.0,0.0
2021-10-08,A_7d_momentum,0.9846777433001149,0.7431344901252316,0.7317479927049946,ACCEPT,0.01853649985027972,1.0,1.0,0.0
2021-10-09,A_7d_momentum,0.9954515838317864,0.6467052657540199,0.6437637810671955,ABSTAIN,-0.003577422040362044,0.0,0.0,1.0
2021-10-10,A_7d_momentum,0.9914750694632066,0.7664721170794431,0.7599379955229518,ACCEPT,0.04953684064585273,1.0,1.0,0.0
2021-10-11,A_7d_momentum,0.9978156307701902,0.773730934869376,0.7720408208230954,ACCEPT,-0.025114999851183484,0.0,1.0,0.0
2021-10-12,A_7d_momentum,0.9421961965984851,0.7769853399930146,0.7320726321541992,ACCEPT,0.02426861834211813,1.0,1.0,0.0
2021-10-13,A_7d_momentum,0.6272369718251362,0.777396951536825,0.48761210978805025,ACCEPT,-0.001386283921372633,0.0,1.0,0.0
2021-10-14,A_7d_momentum,0.8634498653421373,0.6835351659536386,0.5901983469992848,ACCEPT,0.07453440740995654,1.0,1.0,0.0
2021-10-15,A_7d_momentum,0.9930058808418291,0.7785042298221653,0.773059278473649,ACCEPT,-0.01139348166745524,0.0,1.0,0.0
2021-10-16,A_7d_momentum,0.9735105591407486,0.7764597163026835,0.7558917325680924,ACCEPT,0.01086243756414218,1.0,1.0,0.0
2021-10-17,A_7d_momentum,0.9859741436532833,0.7804613537435717,0.7695147149118003,ACCEPT,0.007675599893030238,1.0,1.0,0.0
2021-10-18,A_7d_momentum,0.9186013889873424,0.7861154633118246,0.7221267565026703,ACCEPT,0.036047967727284025,1.0,1.0,0.0
2021-10-19,A_7d_momentum,0.9943577432264462,0.7880405678877151,0.7835942406557155,ACCEPT,0.026934175102288238,1.0,1.0,0.0
2021-10-20,A_7d_momentum,0.9949910052357238,0.7928174457461011,0.7888462273113321,ACCEPT,-0.057319313661295834,0.0,1.0,0.0
2021-10-21,A_7d_momentum,0.9361170767954718,0.793428086944984,0.7427415813983619,ACCEPT,-0.024399647264276236,0.0,1.0,0.0
2021-10-22,A_7d_momentum,-0.28469442823480606,0.6886836033971693,-0.19606438470384305,ACCEPT,0.011555863919028075,0.0,1.0,0.0
2021-10-23,A_7d_momentum,0.16322369186331187,0.6864738189134223,0.11204879109055539,ACCEPT,-0.007537937512081094,0.0,1.0,0.0
2021-10-24,A_7d_momentum,-0.19963662842590307,0.6833639202213116,-0.13642446902089048,ACCEPT,0.0346128236844363,0.0,1.0,0.0
2021-10-25,A_7d_momentum,0.31571217897757153,0.7834765952554461,0.2473531030660258,ACCEPT,-0.04244985266320056,0.0,1.0,0.0
2021-10-26,A_7d_momentum,-0.8376430187846714,0.686644050844279,-0.5751625955797373,ACCEPT,-0.03116779376295975,1.0,1.0,0.0
2021-10-27,A_7d_momentum,-0.9791337506672105,0.6860507530140201,-0.6717354469466815,ACCEPT,0.03658793903693369,0.0,1.0,0.0
2021-10-28,A_7d_momentum,-0.47036485724568694,0.6811697407405745,-0.3203983078635219,ACCEPT,0.02648913766352501,0.0,1.0,0.0
2021-10-29,A_7d_momentum,0.4668703904336755,0.7804767094858802,0.36438146608206323,ACCEPT,-0.005449845794435637,0.0,1.0,0.0
2021-10-30,A_7d_momentum,0.15993943165851954,0.7803626611141103,0.1248107605061207,ACCEPT,-0.009208042570786446,0.0,1.0,0.0
2021-10-31,A_7d_momentum,0.12671248872112315,0.685252543782053,0.08683005522510434,ACCEPT,-0.005129747739996526,0.0,1.0,0.0
2021-11-01,A_7d_momentum,-0.5688061589920395,0.7874690914296517,-0.44791726922105135,ACCEPT,0.03642353446805324,0.0,1.0,0.0
2021-11-02,A_7d_momentum,0.7390816416409959,0.6856983735031977,0.5067870795593041,ACCEPT,-0.004054563588107407,0.0,1.0,0.0
2021-11-03,A_7d_momentum,0.9112262828779952,0.6855772018763463,0.6247159652916799,ACCEPT,-0.024103783966732184,0.0,1.0,0.0
2021-11-04,A_7d_momentum,0.2672113206994754,0.6968411809548136,0.18620385228071787,ACCEPT,-0.005313959884109654,0.0,1.0,0.0
2021-11-05,A_7d_momentum,-0.34016092691806943,0.6949661392243477,-0.2364003260952262,ACCEPT,0.006573419146120196,0.0,1.0,0.0
2021-11-06,A_7d_momentum,-0.11624649094894861,0.6951982974622714,-0.0808143625936724,ACCEPT,0.029247220896912562,0.0,1.0,0.0
2021-11-07,A_7d_momentum,0.574990377448956,0.7905231743216566,0.45454321838535616,ACCEPT,0.06695154718111462,1.0,1.0,0.0
2021-11-08,A_7d_momentum,0.9733030994594517,0.7834646385302007,0.7625485609983232,ACCEPT,-0.008806096371717143,0.0,1.0,0.0
2021-11-09,A_7d_momentum,0.828948647644631,0.7827082790969455,0.6488249694576694,ACCEPT,-0.029513867421399387,0.0,1.0,0.0
2021-11-10,A_7d_momentum,0.5670888692846073,0.7904298509955779,0.44824397044988296,ACCEPT,-0.0006965054346836919,0.0,1.0,0.0
2021-11-11,A_7d_momentum,0.8138602855275204,0.6906120868551553,0.5620617501966935,ACCEPT,-0.01222509636324598,0.0,1.0,0.0
2021-11-12,A_7d_momentum,0.7579956679038694,0.6900706476993375,0.5230705615037151,ACCEPT,0.0048878705639170406,1.0,1.0,0.0
2021-11-13,A_7d_momentum,0.7426380198498408,0.6926326780775185,0.5143753605307806,ACCEPT,0.015469517787564335,1.0,1.0,0.0
2021-11-14,A_7d_momentum,0.5887889034632982,0.7976887687616945,0.4696702954641865,ACCEPT,-0.02915932332393234,0.0,1.0,0.0
2021-11-15,A_7d_momentum,-0.8295414583596749,0.6989651269811011,-0.579820550778458,ACCEPT,-0.05344145330150951,1.0,1.0,0.0
2021-11-16,A_7d_momentum,-0.9663436555699975,0.7929476802227914,-0.7662599599822416,ACCEPT,0.003436857419438999,0.0,1.0,0.0
2021-11-17,A_7d_momentum,-0.890402262294337,0.7967187317571148,-0.7094001611688101,ACCEPT,-0.05674983989800575,1.0,1.0,0.0
2021-11-18,A_7d_momentum,-0.9856747222914141,0.7881544085165353,-0.7768638777372896,ACCEPT,0.020677857806173483,0.0,1.0,0.0
2021-11-19,A_7d_momentum,-0.954650025483084,0.7860354214166572,-0.7503887350860184,ACCEPT,0.027144333086984274,0.0,1.0,0.0
2021-11-20,A_7d_momentum,-0.901560187255165,0.7810788149536543,-0.7041895626706589,ACCEPT,-0.01619370466132397,1.0,1.0,0.0
2021-11-21,A_7d_momentum,-0.9679008567052194,0.6782846034357355,-0.6565122487554084,ACCEPT,-0.041565940596482776,1.0,1.0,0.0
2021-11-22,A_7d_momentum,-0.9795868751655562,0.7799959722986213,-0.7640738171457262,ACCEPT,0.022735855747423095,0.0,1.0,0.0
2021-11-23,A_7d_momentum,-0.6971538076195921,0.7751900664856833,-0.5404267064793788,ACCEPT,-0.02238438701660228,1.0,1.0,0.0
2021-11-24,A_7d_momentum,-0.8750462536251283,0.7772188786593903,-0.6801024680176228,ACCEPT,0.017666069374003168,0.0,1.0,0.0
2021-11-25,A_7d_momentum,0.1162720530507052,0.6716897380918726,0.07809874486103249,ACCEPT,-0.06468677053655503,0.0,1.0,0.0
2021-11-26,A_7d_momentum,-0.9163347432557564,0.7584456666693731,-0.6949901152409209,ACCEPT,0.02324655494514305,0.0,1.0,0.0
2021-11-27,A_7d_momentum,-0.9268587579948552,0.757114421625715,-0.7017381324880033,ACCEPT,0.044392510044424904,0.0,1.0,0.0
2021-11-28,A_7d_momentum,-0.4657936790667207,0.762050076417387,-0.3549581087275303,ACCEPT,0.009748898117819094,0.0,1.0,0.0
2021-11-29,A_7d_momentum,0.4923062786427877,0.6597344811897605,0.3247914273268612,ACCEPT,-0.013858989986877734,0.0,1.0,0.0
2021-11-30,A_7d_momentum,-0.1933513996490434,0.6609180004340671,-0.12778942043717395,ACCEPT,0.003936508510805847,0.0,1.0,0.0
2021-12-01,A_7d_momentum,0.3251388560851106,0.5605910430593128,0.18226993047186396,ABSTAIN,-0.013140205787574133,0.0,0.0,1.0
2021-12-02,A_7d_momentum,-0.27129412181207224,0.7578777162803381,-0.20560776947921316,ACCEPT,-0.05098586481791345,1.0,1.0,0.0
2021-12-03,A_7d_momentum,0.010632637689576506,0.5543476360892983,0.005894177568610714,ABSTAIN,-0.08204639683653359,0.0,0.0,1.0
2021-12-04,A_7d_momentum,-0.9672972473583745,0.7368720246441958,-0.7127742810937229,ACCEPT,0.003417522933012007,0.0,1.0,0.0
2021-12-05,A_7d_momentum,-0.9919046142408117,0.73388318500587,-0.7279421175210657,ACCEPT,0.02458589579002135,0.0,1.0,0.0
2021-12-06,A_7d_momentum,-0.9865969958399256,0.7356507988086419,-0.7257908680918476,ACCEPT,0.002322159783127109,0.0,1.0,0.0
2021-12-07,A_7d_momentum,-0.9763204150829454,0.6333024386851929,-0.6183060998101692,ABSTAIN,-0.00385184874717448,1.0,0.0,1.0
2021-12-08,A_7d_momentum,-0.9819799746395921,0.6421459999488326,-0.6305745127446701,ABSTAIN,-0.05608726213196957,1.0,0.0,1.0
2021-12-09,A_7d_momentum,-0.9960945282785486,0.7342831553521407,-0.7314154332533749,ACCEPT,-0.00899511908452133,1.0,1.0,0.0
2021-12-10,A_7d_momentum,-0.9827195481095246,0.7404886839150662,-0.7276927048372304,ACCEPT,0.044857216044006165,0.0,1.0,0.0
2021-12-11,A_7d_momentum,0.0656786390940156,0.5276038975533324,0.03465230597200129,ABSTAIN,0.014906619570362878,1.0,0.0,1.0
2021-12-12,A_7d_momentum,0.2872127425120728,0.629263533453083,0.18073250520589743,ABSTAIN,-0.0670851717099511,0.0,0.0,1.0
2021-12-13,A_7d_momentum,-0.9087572444694055,0.7198703189971718,-0.6541873674671818,ACCEPT,-0.00267125345649466,1.0,1.0,0.0
2021-12-14,A_7d_momentum,-0.9235146134683903,0.7200392228625119,-0.6649667445839528,ACCEPT,0.04900151967252708,0.0,1.0,0.0
2021-12-15,A_7d_momentum,-0.562717173535667,0.7115757879901266,-0.400415916174219,ACCEPT,-0.025181582897818466,1.0,1.0,0.0
2021-12-16,A_7d_momentum,-0.0028088932222637628,0.621826398668865,-0.0017466439566456594,ABSTAIN,-0.030699007215741814,1.0,0.0,1.0
2021-12-17,A_7d_momentum,-0.41427848777567644,0.7215625509925654,-0.29892784246075943,ACCEPT,0.013995731563123393,0.0,1.0,0.0
2021-12-18,A_7d_momentum,-0.7692457341991168,0.7283684127432459,-0.5602942944281235,ACCEPT,-0.0030259427628138713,1.0,1.0,0.0
2021-12-19,A_7d_momentum,-0.8749625772442071,0.7315937806861974,-0.6401171798450285,ACCEPT,0.003709543768351198,0.0,1.0,0.0
2021-12-20,A_7d_momentum,0.06102999442275963,0.6266685705995525,0.038245579368609436,ABSTAIN,0.04386356169401262,1.0,0.0,1.0
2021-12-21,A_7d_momentum,0.7603930230904857,0.6197159678805024,0.4712276982741016,ABSTAIN,-0.006295931447672265,0.0,0.0,1.0
2021-12-22,A_7d_momentum,-0.10926707830994094,0.619740410294027,-0.06771722394343238,ABSTAIN,0.04433669194360079,0.0,0.0,1.0
2021-12-23,A_7d_momentum,0.8639595287670848,0.7165608634356073,0.6190795859067627,ACCEPT,0.0007414904357732066,1.0,1.0,0.0
2021-12-24,A_7d_momentum,0.9640225740991742,0.7397130195722137,0.7131000492226783,ACCEPT,-0.007719775485643066,0.0,1.0,0.0
2021-12-25,A_7d_momentum,0.910216197467234,0.738220756185062,0.6719404895861533,ACCEPT,0.0075284019171428795,1.0,1.0,0.0
2021-12-26,A_7d_momentum,0.9421327731429564,0.7399801975187195,0.6971595955591838,ACCEPT,-0.003328070621613999,0.0,1.0,0.0
2021-12-27,A_7d_momentum,0.9222902703561523,0.6377060732885507,0.5881501067410577,ABSTAIN,-0.06025942562091624,0.0,0.0,1.0
2021-12-28,A_7d_momentum,-0.5011328629363405,0.6219298165476278,-0.31166946951198576,ABSTAIN,-0.02404227880624954,1.0,0.0,1.0
2021-12-29,A_7d_momentum,-0.7153990696405723,0.7325196724787073,-0.524043892184684,ACCEPT,0.01579112126431248,0.0,1.0,0.0
2021-12-30,A_7d_momentum,-0.8896573878828626,0.7313332825547807,-0.6506360578294857,ACCEPT,-0.018476352917798256,1.0,1.0,0.0
2021-12-31,A_7d_momentum,-0.9443800110818128,0.6399514502022372,-0.6043573576338109,ABSTAIN,0.029809396471367267,0.0,0.0,1.0
2022-01-01,A_7d_momentum,-0.7960979989875872,0.5339952824846214,-0.42511257585481843,ABSTAIN,-0.007163274962024402,1.0,0.0,1.0
2022-01-02,A_7d_momentum,-0.8772348482626185,0.5444268798679961,-0.4775902313510924,ABSTAIN,-0.0187368774698079,1.0,0.0,1.0
2022-01-03,A_7d_momentum,-0.9290992774713575,0.6400989275000499,-0.5947154510504872,ABSTAIN,-0.012065555013512697,1.0,0.0,1.0
2022-01-04,A_7d_momentum,-0.6111712241665398,0.751707811734307,-0.45942218351320724,ACCEPT,-0.050734060615097554,1.0,1.0,0.0
2022-01-05,A_7d_momentum,-0.8449802424124458,0.7419930426717463,-0.6269694610651204,ACCEPT,-0.009366159015892994,1.0,1.0,0.0
2022-01-06,A_7d_momentum,-0.9357818886058685,0.7449935711614892,-0.6971514910207289,ACCEPT,-0.03714070469186992,1.0,1.0,0.0
2022-01-07,A_7d_momentum,-0.967454025532559,0.7412070088202258,-0.7170837044360744,ACCEPT,0.004235994902819673,0.0,1.0,0.0
2022-01-08,A_7d_momentum,-0.986524998514324,0.7407632448189276,-0.7307814589944583,ACCEPT,0.004256970472081845,0.0,1.0,0.0
2022-01-09,A_7d_momentum,-0.9799110336193068,0.7384900676163353,-0.7236545654755149,ACCEPT,-0.0021554853640055605,1.0,1.0,0.0
2022-01-10,A_7d_momentum,-0.9637541621884561,0.6539774675918579,-0.6302735063691193,ACCEPT,0.021869109453241498,0.0,1.0,0.0
2022-01-11,A_7d_momentum,-0.8804415004496865,0.6472490373525899,-0.5698649136113294,ABSTAIN,0.028389418684672707,0.0,0.0,1.0
2022-01-12,A_7d_momentum,0.17273145988027083,0.6548243511129579,0.11310876613289227,ACCEPT,-0.030888714484173407,0.0,1.0,0.0
2022-01-13,A_7d_momentum,-0.2578752105112161,0.6499745843128338,-0.1676123327566122,ABSTAIN,0.011930269358978673,0.0,0.0,1.0
2022-01-14,A_7d_momentum,0.6303516163825141,0.647770452431899,0.40832315173528005,ABSTAIN,0.001802778677309158,1.0,0.0,1.0
2022-01-15,A_7d_momentum,0.5991002415185228,0.5485486526164757,0.32863563026719084,ABSTAIN,-0.0014711291913973579,0.0,0.0,1.0
2022-01-16,A_7d_momentum,0.5180864222441351,0.6462163249118504,0.33479590376933416,ABSTAIN,-0.020024366790964976,0.0,0.0,1.0
2022-01-17,A_7d_momentum,0.20246063929006083,0.5598313782760048,0.11334381874039581,ABSTAIN,0.0029604828561313745,1.0,0.0,1.0
2022-01-18,A_7d_momentum,-0.16700194616266445,0.7617231148138853,-0.12720924261100555,ACCEPT,-0.014897823244158781,1.0,1.0,0.0
2022-01-19,A_7d_momentum,-0.7629892861366597,0.7661622670361046,-0.5845736011907223,ACCEPT,-0.02548634039729203,1.0,1.0,0.0
2022-01-20,A_7d_momentum,-0.7150452652350253,0.7669333663137499,-0.5483920723334061,ACCEPT,-0.10381165615712484,1.0,1.0,0.0
2022-01-21,A_7d_momentum,-0.9958039869195633,0.7291743805337383,-0.7261147552950994,ACCEPT,-0.039143484680769114,1.0,1.0,0.0
2022-01-22,A_7d_momentum,-0.9989458123422623,0.7285752060598862,-0.7278071510699242,ACCEPT,0.03558509252717301,0.0,1.0,0.0
2022-01-23,A_7d_momentum,-0.9964890888237053,0.7180684985051702,-0.7155474237884233,ACCEPT,0.010406744495611076,0.0,1.0,0.0
2022-01-24,A_7d_momentum,-0.9900478949812496,0.6160520225215294,-0.6099210080963815,ABSTAIN,0.008175727030871549,0.0,0.0,1.0
2022-01-25,A_7d_momentum,-0.9880915875071473,0.620033516228214,-0.6126499013575746,ABSTAIN,-0.002757016878562668,1.0,0.0,1.0
2022-01-26,A_7d_momentum,-0.9817538119609187,0.622166854052465,-0.61081468064174,ABSTAIN,0.007763821260712289,0.0,0.0,1.0
2022-01-27,A_7d_momentum,-0.9403967284640169,0.6255588776064325,-0.5882735219627114,ABSTAIN,0.017397102127314046,0.0,0.0,1.0
2022-01-28,A_7d_momentum,0.6218299187373222,0.6236980861726242,0.3878341302413463,ABSTAIN,0.00936493083845824,1.0,0.0,1.0
2022-01-29,A_7d_momentum,0.9440925213864682,0.6254079430691813,0.5904429618673082,ABSTAIN,-0.005783656346668664,0.0,0.0,1.0
2022-01-30,A_7d_momentum,0.7185295181530287,0.6254199807671917,0.44938271742392677,ABSTAIN,0.01491453610450133,1.0,0.0,1.0
2022-01-31,A_7d_momentum,0.7606945156480984,0.6290804286023349,0.47853803193935135,ABSTAIN,0.00676006528835682,1.0,0.0,1.0
2022-02-01,A_7d_momentum,0.7479900052418845,0.6358426745165296,0.4756039654446329,ABSTAIN,-0.046209029430310355,0.0,0.0,1.0
2022-02-02,A_7d_momentum,0.05468486279080194,0.5313049225660513,0.029054336790602167,ABSTAIN,0.005456046132945147,1.0,0.0,1.0
2022-02-03,A_7d_momentum,0.00881396971748574,0.534435313912084,0.004710496672776094,ABSTAIN,0.116978066100073,1.0,0.0,1.0
2022-02-04,A_7d_momentum,0.9616384816009677,0.6911111111111111,0.6645990395064465,ACCEPT,-0.001438787435204647,0.0,1.0,0.0
2022-02-05,A_7d_momentum,0.9393052965551874,0.6911111111111111,0.6491643271748073,ACCEPT,0.023437312952531153,1.0,1.0,0.0
2022-02-06,A_7d_momentum,0.9827030110126406,0.6911111111111111,0.6791569698331805,ACCEPT,0.033665872045371525,1.0,1.0,0.0
2022-02-07,A_7d_momentum,0.992395261796102,0.6933333333333334,0.6880607148452974,ACCEPT,0.0063448528050995545,1.0,1.0,0.0
2022-02-08,A_7d_momentum,0.9922515497266002,0.6955555555555555,0.6901660779209463,ACCEPT,0.004994545046617338,1.0,1.0,0.0
2022-02-09,A_7d_momentum,0.9993258184282166,0.6978609010157011,0.6973904160565682,ACCEPT,-0.01744935921313273,0.0,1.0,0.0
2022-02-10,A_7d_momentum,0.9979893645019746,0.6392562815420635,0.6379709701700593,ABSTAIN,-0.026561982607033352,0.0,0.0,1.0
2022-02-11,A_7d_momentum,0.4112621328128615,0.6413703082958337,0.2637713209125871,ABSTAIN,-0.0038546734323026133,0.0,0.0,1.0
2022-02-12,A_7d_momentum,0.3693622733594094,0.64136446246604,0.23689583590839214,ABSTAIN,-0.001111462077505676,0.0,0.0,1.0
2022-02-13,A_7d_momentum,-0.10100111828175998,0.6410631962555081,-0.06474809971108568,ABSTAIN,0.009228086961576842,0.0,0.0,1.0
2022-02-14,A_7d_momentum,-0.516671096280924,0.5388307325626682,-0.27839826530300715,ABSTAIN,0.04668769779745485,0.0,0.0,1.0
2022-02-15,A_7d_momentum,0.20415053350135315,0.7335121687040668,0.14974690057066978,ACCEPT,-0.013759752216496501,0.0,1.0,0.0
2022-02-16,A_7d_momentum,-0.16840634635112653,0.5291464401164394,-0.08911161866471473,ABSTAIN,-0.07788223029977337,1.0,0.0,1.0
2022-02-17,A_7d_momentum,-0.8831028137966259,0.6056560506190946,-0.5348565624946741,ABSTAIN,-0.012507647384577658,1.0,0.0,1.0
2022-02-18,A_7d_momentum,-0.8079158197826374,0.7071019049592838,-0.5712788152150443,ACCEPT,0.0022777282826873524,0.0,1.0,0.0
2022-02-19,A_7d_momentum,-0.763592882719535,0.7051564668605446,-0.5384524592983655,ACCEPT,-0.04214073972532317,1.0,1.0,0.0
2022-02-20,A_7d_momentum,-0.9452308047468597,0.6991638839066547,-0.6608712406350272,ACCEPT,-0.03528620868790788,1.0,1.0,0.0
2022-02-21,A_7d_momentum,-0.9887717043039311,0.6975830669557738,-0.6897503980074238,ACCEPT,0.03265642371222732,0.0,1.0,0.0
2022-02-22,A_7d_momentum,-0.9929451549264094,0.6991136207534182,-0.6941814824701659,ACCEPT,-0.025843815613622922,1.0,1.0,0.0
2022-02-23,A_7d_momentum,-0.9953634488720282,0.6988971836974904,-0.6956567111720815,ACCEPT,0.027778400368163814,0.0,1.0,0.0
2022-02-24,A_7d_momentum,-0.7961713061123199,0.6478242535172437,-0.5157790820540625,ABSTAIN,0.022998939789759643,0.0,0.0,1.0
2022-02-25,A_7d_momentum,-0.38682667049330866,0.6449400869277475,-0.24948002649392562,ABSTAIN,-0.002781397053842838,1.0,0.0,1.0
2022-02-26,A_7d_momentum,-0.46756984563077186,0.6501658778747699,-0.30399795915230143,ACCEPT,-0.03568234201898368,1.0,1.0,0.0
2022-02-27,A_7d_momentum,-0.3588133373599582,0.7550391970887572,-0.2709181341450002,ACCEPT,0.1454118392886461,0.0,1.0,0.0
2022-02-28,A_7d_momentum,0.9972845162041644,0.6977777777777777,0.695882973529128,ACCEPT,0.026888524570001016,1.0,1.0,0.0
2022-03-01,A_7d_momentum,0.9964786166595121,0.6,0.5978871699957072,ABSTAIN,-0.009706302725009275,0.0,0.0,1.0
2022-03-02,A_7d_momentum,0.9983641839767826,0.6,0.5990185103860696,ABSTAIN,-0.03351981142193561,0.0,0.0,1.0
2022-03-03,A_7d_momentum,0.9731826929758367,0.5977777777777777,0.581746987578889,ABSTAIN,-0.07806935036049167,0.0,0.0,1.0
2022-03-04,A_7d_momentum,-0.03905436167847108,0.6977777777777777,-0.02725126570453315,ACCEPT,0.00671938064683042,0.0,1.0,0.0
2022-03-05,A_7d_momentum,0.14995952552292652,0.49777777777777776,0.07464651937141231,ABSTAIN,-0.024887994408395286,0.0,0.0,1.0
2022-03-06,A_7d_momentum,0.35980836214563305,0.49777777777777776,0.1791046069347151,ABSTAIN,-0.009316643885282638,0.0,0.0,1.0
2022-03-07,A_7d_momentum,-0.9828764814630618,0.5977777777777777,-0.5875417189190303,ABSTAIN,0.017740259990833174,0.0,0.0,1.0
2022-03-08,A_7d_momentum,-0.9874622147917634,0.5955555555555556,-0.588088607920428,ABSTAIN,0.08378639716414904,0.0,0.0,1.0
2022-03-09,A_7d_momentum,-0.7083598031386461,0.4933333333333333,-0.34945750288173205,ABSTAIN,-0.060630954045771346,1.0,0.0,1.0
2022-03-10,A_7d_momentum,-0.8896236007684957,0.4933333333333333,-0.4388809763791245,ABSTAIN,-0.016291319622939393,1.0,0.0,1.0
2022-03-11,A_7d_momentum,-0.17332376678231753,0.5955555555555556,-0.10322393221702468,ABSTAIN,0.002810649293818468,0.0,0.0,1.0
2022-03-12,A_7d_momentum,-0.24685822944670735,0.6933333333333334,-0.17115503908305044,ACCEPT,-0.027101257933814904,1.0,1.0,0.0
2022-03-13,A_7d_momentum,-0.28846150916481345,0.5955555555555556,-0.17179485434704447,ABSTAIN,0.0480080837903738,0.0,0.0,1.0
2022-03-14,A_7d_momentum,0.6875056174362602,0.5933333333333334,0.40791999967884773,ABSTAIN,-0.008268101563720931,0.0,0.0,1.0
2022-03-15,A_7d_momentum,0.3009480156454701,0.5933333333333334,0.17856248928297894,ABSTAIN,0.04588714481344902,1.0,0.0,1.0
2022-03-16,A_7d_momentum,-0.3796789182856552,0.5933333333333334,-0.2252761581828221,ABSTAIN,-0.00467993171076464,1.0,0.0,1.0
2022-03-17,A_7d_momentum,0.645622888530704,0.5933333333333334,0.38306958052821777,ABSTAIN,0.020750884742987363,1.0,0.0,1.0
2022-03-18,A_7d_momentum,0.9137491800735759,0.6955555555555555,0.6355633185845093,ACCEPT,0.009317830622209256,1.0,1.0,0.0
2022-03-19,A_7d_momentum,0.9340981908896301,0.6955555555555555,0.6497171861076759,ACCEPT,-0.022346848712323064,0.0,1.0,0.0
2022-03-20,A_7d_momentum,0.9463494082868762,0.7369256009459266,0.6973891064066283,ACCEPT,-0.004117262624553253,0.0,1.0,0.0
2022-03-21,A_7d_momentum,0.6116473251711595,0.637309781405521,0.38980882310210324,ABSTAIN,0.031180014163224357,1.0,0.0,1.0
2022-03-22,A_7d_momentum,0.9113428494882044,0.736324158262746,0.6710437565381745,ACCEPT,0.012610091153007819,1.0,1.0,0.0
2022-03-23,A_7d_momentum,0.6911736588785056,0.7414751512244067,0.5124880932392664,ACCEPT,0.024898646221148013,1.0,1.0,0.0
2022-03-24,A_7d_momentum,0.8995428223107332,0.7619455651715148,0.6854026641415312,ACCEPT,0.008821397620525806,1.0,1.0,0.0
2022-03-25,A_7d_momentum,0.8393297858551583,0.7641468224615405,0.6413711888585445,ACCEPT,0.003429583093865096,1.0,1.0,0.0
2022-03-26,A_7d_momentum,0.7987365854774772,0.7677580642300388,0.6132364546958988,ACCEPT,0.052126312256127294,1.0,1.0,0.0
2022-03-27,A_7d_momentum,0.991043942785355,0.7647241685004709,0.7578752550939588,ACCEPT,0.0065678873583499,1.0,1.0,0.0
2022-03-28,A_7d_momentum,0.994488133915261,0.7670660597119231,0.7628380943126426,ACCEPT,0.0071661546110000085,1.0,1.0,0.0
2022-03-29,A_7d_momentum,0.9840357410921411,0.7885408000933259,0.7759523306012259,ACCEPT,-0.008491735032190584,0.0,1.0,0.0
2022-03-30,A_7d_momentum,0.9598687361883808,0.8085217948645377,0.7760747934173851,ACCEPT,-0.03238210822970233,0.0,1.0,0.0
2022-03-31,A_7d_momentum,0.6155402808561653,0.7011284997880517,0.4315728336757992,ACCEPT,0.016315115388267687,1.0,1.0,0.0
2022-04-01,A_7d_momentum,0.7022310321324989,0.7032335901380616,0.49383244983289376,ACCEPT,-0.008917040798352427,0.0,1.0,0.0
2022-04-02,A_7d_momentum,0.5475492403545371,0.7058510770939657,0.3864882210662327,ACCEPT,0.012745379989237415,1.0,1.0,0.0
2022-04-03,A_7d_momentum,-0.15546624872744694,0.6136554505799863,-0.09540271091282167,ABSTAIN,0.003640395949819908,0.0,0.0,1.0
2022-04-04,A_7d_momentum,-0.2112211669636019,0.6128277952696889,-0.129442202064595,ABSTAIN,-0.02287907280900814,1.0,0.0,1.0
2022-04-05,A_7d_momentum,-0.6666455110553915,0.7137780263780483,-0.47583691717490273,ACCEPT,-0.05156849392240015,1.0,1.0,0.0
2022-04-06,A_7d_momentum,-0.9272814673877035,0.6969170541400369,-0.6462382686104889,ACCEPT,0.006876459247305178,0.0,1.0,0.0
2022-04-07,A_7d_momentum,-0.7132018383352843,0.7959626887333527,-0.5676820528509229,ACCEPT,-0.02795577079433975,1.0,1.0,0.0
2022-04-08,A_7d_momentum,-0.9385750027095328,0.794235495432477,-0.7454495822775441,ACCEPT,0.011693070951357853,0.0,1.0,0.0
2022-04-09,A_7d_momentum,-0.8730884675309384,0.7964426802012808,-0.6953649191331696,ACCEPT,-0.013427680050824398,1.0,1.0,0.0
2022-04-10,A_7d_momentum,-0.9496316730708801,0.7954594711872854,-0.7553935084836595,ACCEPT,-0.06363225953812457,1.0,1.0,0.0
2022-04-11,A_7d_momentum,-0.995488975189254,0.7840559743503701,-0.780519078397062,ACCEPT,0.015315083892861292,0.0,1.0,0.0
2022-04-12,A_7d_momentum,-0.9831269601568827,0.7836540023603592,-0.7704313771553145,ACCEPT,0.025906300465151855,0.0,1.0,0.0
2022-04-13,A_7d_momentum,-0.7371919938410311,0.7834050744037188,-0.5775199487848587,ACCEPT,-0.029908006531745968,1.0,1.0,0.0
2022-04-14,A_7d_momentum,-0.9275378685775159,0.6834094246104481,-0.6338881210689615,ACCEPT,0.015473675726454417,0.0,1.0,0.0
2022-04-15,A_7d_momentum,-0.6751741137083824,0.679753335855828,-0.4589518560767751,ACCEPT,-0.0031805042860567623,1.0,1.0,0.0
2022-04-16,A_7d_momentum,-0.8012759580797068,0.7969561022075539,-0.6385817643438264,ACCEPT,-0.017502542356175654,1.0,1.0,0.0
2022-04-17,A_7d_momentum,-0.8275212422052982,0.7996811216168567,-0.6617531151285074,ACCEPT,0.027929174608607443,0.0,1.0,0.0
2022-04-18,A_7d_momentum,0.5783936284319238,0.6925043164845229,0.4005400843162525,ACCEPT,0.016571096753378534,1.0,1.0,0.0
2022-04-19,A_7d_momentum,0.5951500340126151,0.6900744954046883,0.4106978594113385,ACCEPT,-0.003093074404708074,0.0,1.0,0.0
2022-04-20,A_7d_momentum,0.10054083502129789,0.6912181673022508,0.06949565172245949,ACCEPT,-0.020471984048854197,0.0,1.0,0.0
2022-04-21,A_7d_momentum,0.28801619732174255,0.5901397942884183,0.16996981943918565,ABSTAIN,-0.019420038833716236,0.0,0.0,1.0
2022-04-22,A_7d_momentum,-0.3808243302148698,0.7871702182932162,-0.2997735711466069,ACCEPT,-0.0063811726165236005,1.0,1.0,0.0
2022-04-23,A_7d_momentum,-0.4333008786270771,0.7912867342511418,-0.3428652371969702,ACCEPT,-0.0004416040475622163,1.0,1.0,0.0
2022-04-24,A_7d_momentum,-0.12407000212801012,0.7938784701222488,-0.09849650347744882,ACCEPT,0.025057850055308917,0.0,1.0,0.0
2022-04-25,A_7d_momentum,-0.1783039515786164,0.5903248079237602,-0.10525724596769416,ABSTAIN,-0.057858267871623625,1.0,0.0,1.0
2022-04-26,A_7d_momentum,-0.9262545189374082,0.7875154336240602,-0.7294397291272383,ACCEPT,0.029478882606909007,0.0,1.0,0.0
2022-04-27,A_7d_momentum,-0.7743881728602737,0.7828169874492443,-0.6062042165948042,ACCEPT,0.013575224570606004,0.0,1.0,0.0
2022-04-28,A_7d_momentum,-0.35562182700338685,0.784059107646361,-0.27882853233984406,ACCEPT,-0.02926557389929385,1.0,1.0,0.0
2022-04-29,A_7d_momentum,-0.5145815683910778,0.6822642091949777,-0.35108058682465004,ACCEPT,-0.023179313474195662,1.0,1.0,0.0
2022-04-30,A_7d_momentum,-0.7150507822722064,0.7833740988398258,-0.5601522621872022,ACCEPT,0.019997911964443782,0.0,1.0,0.0
2022-05-01,A_7d_momentum,-0.4674669119508149,0.7953028462423914,-0.37177776559862447,ACCEPT,0.001565786170879102,0.0,1.0,0.0
2022-05-02,A_7d_momentum,-0.7413925530888483,0.7943988786694409,-0.588961412827655,ACCEPT,-0.020215120218891713,1.0,1.0,0.0
2022-05-03,A_7d_momentum,-0.1902213004270834,0.6992530201704124,-0.13301281882438143,ACCEPT,0.051599856624237495,0.0,1.0,0.0
2022-05-04,A_7d_momentum,0.22891706888291574,0.6869864928557734,0.15726293430669777,ACCEPT,-0.07867402068901796,0.0,1.0,0.0
2022-05-05,A_7d_momentum,-0.9229289205064221,0.7618806492957175,-0.7031616852092285,ACCEPT,-0.014606061408683924,1.0,1.0,0.0
2022-05-06,A_7d_momentum,-0.869420020823257,0.7637632225091705,-0.6640310368179608,ACCEPT,-0.014954355270636377,1.0,1.0,0.0
2022-05-07,A_7d_momentum,-0.8253912197952111,0.7639766017625662,-0.6305795792238048,ACCEPT,-0.040636848764922684,1.0,1.0,0.0
2022-05-08,A_7d_momentum,-0.9798050387052023,0.7642371992803246,-0.7488034586208139,ACCEPT,-0.11046369999353145,1.0,1.0,0.0
2022-05-09,A_7d_momentum,-0.999611669331494,0.7336308892351538,-0.7333459978615006,ACCEPT,0.02396125848050934,0.0,1.0,0.0
2022-05-10,A_7d_momentum,-0.9983973477917755,0.7273102450221736,-0.7261446196519245,ACCEPT,-0.06725839173272163,1.0,1.0,0.0
2022-05-11,A_7d_momentum,-0.9999609496199608,0.7214579979576597,-0.7214298247486572,ACCEPT,0.003849706798608521,0.0,1.0,0.0
2022-05-12,A_7d_momentum,-0.9994682645662836,0.7204449970909439,-0.7200619109579469,ACCEPT,0.008102229834508146,0.0,1.0,0.0
2022-05-13,A_7d_momentum,-0.9988946211514772,0.7191784261137637,-0.7183834614932236,ACCEPT,0.027939733537411415,0.0,1.0,0.0
2022-05-14,A_7d_momentum,-0.9954565744608401,0.6148396069908012,-0.6120461290179122,ABSTAIN,0.03999325713567892,0.0,0.0,1.0
2022-05-15,A_7d_momentum,-0.9242272550855775,0.6111443948633181,-0.5648363065254607,ABSTAIN,-0.046069001557128786,1.0,0.0,1.0
2022-05-16,A_7d_momentum,-0.2789292982188413,0.6159927039838949,-0.17181841263015427,ABSTAIN,0.018850785235190015,0.0,0.0,1.0
2022-05-17,A_7d_momentum,-0.3669625071237635,0.6181108166637542,-0.2268234949632482,ABSTAIN,-0.05605711989808215,1.0,0.0,1.0
2022-05-18,A_7d_momentum,-0.14825056349503524,0.7151218985364629,-0.10601722442567003,ACCEPT,0.05550304428240649,0.0,1.0,0.0
2022-05-19,A_7d_momentum,0.7024237531624523,0.6009718768092006,0.42213692125340163,ABSTAIN,-0.036734890846488066,0.0,0.0,1.0
2022-05-20,A_7d_momentum,-0.05619384837696216,0.70001972284756,-0.03933680216657886,ACCEPT,0.007927413013061102,0.0,1.0,0.0
2022-05-21,A_7d_momentum,-0.4173886170345628,0.5994196343306861,-0.25019093219664845,ABSTAIN,0.030289794482822652,0.0,0.0,1.0
2022-05-22,A_7d_momentum,-0.5559721325297112,0.5955555555555556,-0.3311122922621392,ABSTAIN,-0.04039123144227663,1.0,0.0,1.0
2022-05-23,A_7d_momentum,-0.47125049253126855,0.6977777777777777,-0.3288281214551518,ACCEPT,0.019130468401079792,0.0,1.0,0.0
2022-05-24,A_7d_momentum,-0.46707835202297665,0.6000841664101588,-0.28028632352193866,ABSTAIN,-0.003143576713387941,1.0,0.0,1.0
2022-05-25,A_7d_momentum,0.5273072853004955,0.6142250584422421,0.3238853481307169,ABSTAIN,-0.009983529917456657,0.0,0.0,1.0
2022-05-26,A_7d_momentum,-0.5985178248891667,0.5142937927819677,-0.30781400220986316,ABSTAIN,-0.02185551924250806,1.0,0.0,1.0
2022-05-27,A_7d_momentum,-0.37357326503207244,0.7139589500010364,-0.2667159760507573,ACCEPT,0.006543557286537771,0.0,1.0,0.0
2022-05-28,A_7d_momentum,-0.3965006607265154,0.713945001033478,-0.28307966463216677,ACCEPT,0.02190035821988534,0.0,1.0,0.0
2022-05-29,A_7d_momentum,-0.5218872903261853,0.6467546472987993,-0.33753303038463806,ABSTAIN,0.07744470968730455,0.0,0.0,1.0
2022-05-30,A_7d_momentum,0.9474132102551182,0.7271102137067581,0.6888738217772047,ACCEPT,0.0020777630413166825,1.0,1.0,0.0
2022-05-31,A_7d_momentum,0.8939042239608266,0.7455076987003231,0.666412480863534,ACCEPT,-0.06269536357891181,0.0,1.0,0.0
2022-06-01,A_7d_momentum,0.15879349988593555,0.7312292004225331,0.11611444395388826,ACCEPT,0.02243049790035867,1.0,1.0,0.0
2022-06-02,A_7d_momentum,0.6751842159649282,0.6323005390094928,0.42691934368532586,ABSTAIN,-0.02504629358369581,0.0,0.0,1.0
2022-06-03,A_7d_momentum,0.6365150239618864,0.6323385790930708,0.40249300582345116,ABSTAIN,0.004326748833952898,1.0,0.0,1.0
2022-06-04,A_7d_momentum,0.6085330295838578,0.7397151531037862,0.45014110314733424,ACCEPT,0.00247203631266113,1.0,1.0,0.0
2022-06-05,A_7d_momentum,0.30308726847972595,0.5486451845809647,0.16628737035919963,ABSTAIN,0.048952630028413324,1.0,0.0,1.0
2022-06-06,A_7d_momentum,-0.22055703353736014,0.5444940811721647,-0.12009199932198322,ABSTAIN,-0.006859698773187373,1.0,0.0,1.0
2022-06-07,A_7d_momentum,-0.38047947247244995,0.5580636954886804,-0.21233178046555906,ABSTAIN,-0.03020730515832104,1.0,0.0,1.0
2022-06-08,A_7d_momentum,0.2717171452553343,0.7641839103030447,0.20764187055760175,ACCEPT,-0.003387708269364409,0.0,1.0,0.0
2022-06-09,A_7d_momentum,-0.22921151398609013,0.6671283251398049,-0.15291349342829927,ACCEPT,-0.03414563715680452,1.0,1.0,0.0
2022-06-10,A_7d_momentum,-0.3951102171067071,0.6650212652331721,-0.2627566964868556,ACCEPT,-0.024858994495164377,1.0,1.0,0.0
2022-06-11,A_7d_momentum,-0.7560369027471716,0.7667018475191093,-0.5796548901288816,ACCEPT,-0.056351073137826724,1.0,1.0,0.0
2022-06-12,A_7d_momentum,-0.9706000792594782,0.7637662375592921,-0.7413115707107624,ACCEPT,-0.15974726027617203,1.0,1.0,0.0
2022-06-13,A_7d_momentum,-0.9999759103598627,0.7111111111111111,-0.7110939807003468,ACCEPT,-0.012477914053041661,1.0,1.0,0.0
2022-06-14,A_7d_momentum,-0.999979517330144,0.7111111111111111,-0.7110965456569913,ACCEPT,0.01648355417709846,0.0,1.0,0.0
2022-06-15,A_7d_momentum,-0.9999191808955726,0.7088888888888889,-0.7088315971237504,ACCEPT,-0.09707194434960298,1.0,1.0,0.0
2022-06-16,A_7d_momentum,-0.9999951299074301,0.7088888888888889,-0.7088854365343783,ACCEPT,0.004407495444594733,0.0,1.0,0.0
2022-06-17,A_7d_momentum,-0.9999856490696243,0.7066666666666667,-0.7066565253425345,ACCEPT,-0.07101780974085614,1.0,1.0,0.0
2022-06-18,A_7d_momentum,-0.9999962148691067,0.7088888888888889,-0.7088862056516557,ACCEPT,0.0807475952890373,0.0,1.0,0.0
2022-06-19,A_7d_momentum,-0.9998135984643771,0.6088888888888889,-0.6087753910649764,ABSTAIN,0.002251010260589048,0.0,0.0,1.0
2022-06-20,A_7d_momentum,-0.9327357427249782,0.6066666666666667,-0.5658596839198201,ABSTAIN,0.0053914098304885805,0.0,0.0,1.0
2022-06-21,A_7d_momentum,-0.8734646176603964,0.6044444444444445,-0.5279608355636174,ABSTAIN,-0.034937106663198714,1.0,0.0,1.0
2022-06-22,A_7d_momentum,-0.9797418102406513,0.7044444444444444,-0.6901736752139699,ACCEPT,0.05497803800296652,0.0,1.0,0.0
2022-06-23,A_7d_momentum,0.5986495595994293,0.6022222222222222,0.360520068114323,ABSTAIN,0.006913598955313738,1.0,0.0,1.0
2022-06-24,A_7d_momentum,0.6307532710629971,0.6022222222222222,0.3798536365734938,ABSTAIN,0.012748964915301864,1.0,0.0,1.0
2022-06-25,A_7d_momentum,0.9893084090449726,0.6022222222222222,0.5957835085581946,ABSTAIN,-0.02209261947079333,0.0,0.0,1.0
2022-06-26,A_7d_momentum,0.43111323326109696,0.5,0.21555661663054848,ABSTAIN,-0.013877981325425726,0.0,0.0,1.0
2022-06-27,A_7d_momentum,0.13122382325076337,0.49777777777777776,0.06532030312926887,ABSTAIN,-0.02193553187871977,0.0,0.0,1.0
2022-06-28,A_7d_momentum,-0.39288788974501143,0.6977777777777777,-0.2741484386220746,ACCEPT,-0.008708372798288844,1.0,1.0,0.0
2022-06-29,A_7d_momentum,0.11653814983990178,0.5,0.05826907491995089,ABSTAIN,-0.01588223750298734,0.0,0.0,1.0
2022-06-30,A_7d_momentum,-0.8437771356553025,0.6977777777777777,-0.5887689346572555,ACCEPT,-0.02604834458398897,1.0,1.0,0.0
2022-07-01,A_7d_momentum,-0.9516003248778173,0.7,-0.6661202274144721,ACCEPT,-0.0014069651515379311,1.0,1.0,0.0
2022-07-02,A_7d_momentum,-0.9705782062956192,0.6,-0.5823469237773715,ABSTAIN,0.002848954556089245,0.0,0.0,1.0
2022-07-03,A_7d_momentum,-0.9282635909970546,0.7500956305703638,-0.6962864636244459,ACCEPT,0.04841073013105235,0.0,1.0,0.0
2022-07-04,A_7d_momentum,-0.4513006951785639,0.6402064535465578,-0.28892561754336454,ABSTAIN,-0.0020338071321012174,1.0,0.0,1.0
2022-07-05,A_7d_momentum,-0.08903060335556193,0.6413371221743456,-0.05709863094150172,ABSTAIN,0.017737930428710857,0.0,0.0,1.0
2022-07-06,A_7d_momentum,0.4152380822566365,0.7662424787548511,0.3181730574217359,ACCEPT,0.053013857820514154,1.0,1.0,0.0
2022-07-07,A_7d_momentum,0.9538672977818067,0.7583490387998169,0.7233643484154118,ACCEPT,0.004322538045727464,1.0,1.0,0.0
2022-07-08,A_7d_momentum,0.988002452689662,0.7790620311744074,0.7697151975977045,ACCEPT,-0.006392223420980114,0.0,1.0,0.0
2022-07-09,A_7d_momentum,0.9849948871201472,0.7979064625222753,0.7859337859845644,ACCEPT,-0.03388990349346599,0.0,1.0,0.0
2022-07-10,A_7d_momentum,0.9246707965253033,0.5905197206323638,0.5460363404410274,ABSTAIN,-0.04265931997884009,0.0,0.0,1.0
2022-07-11,A_7d_momentum,-0.25216640335995333,0.783770123350134,-0.19764049306619025,ACCEPT,-0.03237979740682695,1.0,1.0,0.0
2022-07-12,A_7d_momentum,-0.6952489335955986,0.7866054671456765,-0.5468866121934992,ACCEPT,0.04596171114078618,0.0,1.0,0.0
2022-07-13,A_7d_momentum,-0.3160048636804628,0.6879328140288514,-0.21739011511850437,ACCEPT,0.017704551212910147,0.0,1.0,0.0
2022-07-14,A_7d_momentum,-0.7560220036648901,0.5867925562265226,-0.4436280840940183,ABSTAIN,0.012951348577769028,0.0,0.0,1.0
2022-07-15,A_7d_momentum,-0.6769755002930087,0.5845486525658279,-0.39572511651635545,ABSTAIN,0.01698899533192111,0.0,0.0,1.0
2022-07-16,A_7d_momentum,-0.3559627828513409,0.5830161125276788,-0.20753203786252308,ABSTAIN,-0.01939436147960416,1.0,0.0,1.0
2022-07-17,A_7d_momentum,-0.07760369002059736,0.5845124895055533,-0.04536032604875663,ABSTAIN,0.08211740099467768,0.0,0.0,1.0
2022-07-18,A_7d_momentum,0.9871061209083597,0.7626602348698184,0.7528265860134049,ACCEPT,0.0401919693193753,1.0,1.0,0.0
2022-07-19,A_7d_momentum,0.9995572892745693,0.7621204392832925,0.7617830403907518,ACCEPT,-0.006742410894342465,0.0,1.0,0.0
2022-07-20,A_7d_momentum,0.9949346794752325,0.763258694871244,0.7593925449384055,ACCEPT,-0.0028884421706671937,0.0,1.0,0.0
2022-07-21,A_7d_momentum,0.9872076385202957,0.7667878381694755,0.7569788109653706,ACCEPT,-0.01941107679491816,0.0,1.0,0.0
2022-07-22,A_7d_momentum,0.9471410456087334,0.6622677697530703,0.6272609879168869,ACCEPT,-0.010983941711781742,0.0,1.0,0.0
2022-07-23,A_7d_momentum,0.8347290322355491,0.6589351171543351,0.5500322726482563,ACCEPT,0.006395837363315726,1.0,1.0,0.0
2022-07-24,A_7d_momentum,0.9426359494305017,0.6667167628643265,0.628471188763845,ACCEPT,-0.05517510011323534,0.0,1.0,0.0
2022-07-25,A_7d_momentum,-0.7614834920141287,0.6532233951267333,-0.4974188319864299,ACCEPT,-0.005708686992848544,1.0,1.0,0.0
2022-07-26,A_7d_momentum,-0.9506185134060494,0.6559082573656149,-0.6235185325476532,ACCEPT,0.0796052030234431,0.0,1.0,0.0
2022-07-27,A_7d_momentum,-0.2536279416862096,0.5459432820177954,-0.1384664708955873,ABSTAIN,0.0398306162434614,0.0,0.0,1.0
2022-07-28,A_7d_momentum,0.5273456996936262,0.7401876061675053,0.3903347510789533,ACCEPT,-0.0016462880701044735,0.0,1.0,0.0
2022-07-29,A_7d_momentum,0.744015711629653,0.7382151766509044,0.5492436899917327,ACCEPT,-0.006235163651508224,0.0,1.0,0.0
2022-07-30,A_7d_momentum,0.785683673091887,0.7423286262958816,0.583235481749403,ACCEPT,-0.013497960448739299,0.0,1.0,0.0
2022-07-31,A_7d_momentum,0.5674474474879653,0.6484358481647291,0.36795326690076935,ABSTAIN,-0.0009725914343493569,0.0,0.0,1.0
2022-08-01,A_7d_momentum,0.9496335878811893,0.6511648205957743,0.6183679848843762,ACCEPT,-0.014415336683737068,0.0,1.0,0.0
2022-08-02,A_7d_momentum,0.927037376170821,0.5539425867985143,0.513525482214972,ABSTAIN,-0.0057275961266136655,0.0,0.0,1.0
2022-08-03,A_7d_momentum,-0.0731694846701949,0.7538888587380095,-0.055161659292461515,ACCEPT,-0.009434736504108754,1.0,1.0,0.0
2022-08-04,A_7d_momentum,-0.7688023911877833,0.753400479020716,-0.5792160897931479,ACCEPT,0.029091011085651708,0.0,1.0,0.0
2022-08-05,A_7d_momentum,-0.40778901831320796,0.5498019394537875,-0.22420319315655782,ABSTAIN,-0.014085221654344782,1.0,0.0,1.0
2022-08-06,A_7d_momentum,-0.5281114486415324,0.5505384224541383,-0.2907456438150789,ABSTAIN,0.009346662498644243,0.0,0.0,1.0
2022-08-07,A_7d_momentum,-0.1371148511926305,0.5692087291139646,-0.07804697019000759,ABSTAIN,0.02733856978257987,0.0,0.0,1.0
2022-08-08,A_7d_momentum,0.40103377715963606,0.7723474048096384,0.3097373970302517,ACCEPT,-0.02709709734425869,0.0,1.0,0.0
2022-08-09,A_7d_momentum,0.1606640419109342,0.7673971754832443,0.12329313196417248,ACCEPT,0.033815983988709775,1.0,1.0,0.0
2022-08-10,A_7d_momentum,0.7460297966334435,0.7657418917813179,0.5712662677993249,ACCEPT,0.00041284726535173455,1.0,1.0,0.0
2022-08-11,A_7d_momentum,0.8250246691243657,0.7697080739478072,0.6350281490311424,ACCEPT,0.018586602023192844,1.0,1.0,0.0
2022-08-12,A_7d_momentum,0.7425931657647872,0.7719261144146107,0.573227057039657,ACCEPT,0.0008708010561344626,1.0,1.0,0.0
2022-08-13,A_7d_momentum,0.8549145479707616,0.7741178488454494,0.6618046108218057,ACCEPT,-0.004288162539464846,0.0,1.0,0.0
2022-08-14,A_7d_momentum,0.7559741581105444,0.785972554707286,0.5941749403428342,ACCEPT,-0.007498615226969818,0.0,1.0,0.0
2022-08-15,A_7d_momentum,0.26835372714164707,0.685771848820196,0.18402943159971774,ACCEPT,-0.010510085263709001,0.0,1.0,0.0
2022-08-16,A_7d_momentum,0.5516560877585628,0.7098057155132489,0.3915686440887063,ACCEPT,-0.02291530796119967,0.0,1.0,0.0
2022-08-17,A_7d_momentum,-0.47058242135664197,0.7156617136651666,-0.3367778220887979,ACCEPT,-0.005281958173694035,1.0,1.0,0.0
2022-08-18,A_7d_momentum,-0.5523518736243308,0.7177741129710541,-0.3964638761386038,ACCEPT,-0.10059931398792521,1.0,1.0,0.0
2022-08-19,A_7d_momentum,-0.9938321074093186,0.7759949780361142,-0.7712087243606792,ACCEPT,0.013819043648011897,0.0,1.0,0.0
2022-08-20,A_7d_momentum,-0.9904134177296033,0.7749128037801092,-0.7674840384342875,ACCEPT,0.01738918520335342,0.0,1.0,0.0
2022-08-21,A_7d_momentum,-0.9797198431859779,0.7710393516959234,-0.7554025527337481,ACCEPT,-0.006279006699941081,1.0,1.0,0.0
2022-08-22,A_7d_momentum,-0.9788272382252134,0.67367768671412,-0.6594140695403327,ACCEPT,0.006036741981122917,0.0,1.0,0.0
2022-08-23,A_7d_momentum,-0.9620144152406963,0.6711960156043987,-0.6457002424635508,ACCEPT,-0.006181150878381003,1.0,1.0,0.0
2022-08-24,A_7d_momentum,-0.9306878759461983,0.7735449908147067,-0.7199289444501609,ACCEPT,0.009623023027591993,0.0,1.0,0.0
2022-08-25,A_7d_momentum,-0.8828954729504314,0.6745384887896436,-0.5955469780832017,ACCEPT,-0.06207539958496022,1.0,1.0,0.0
2022-08-26,A_7d_momentum,-0.5310283061898688,0.7652491937116626,-0.406368983149867,ACCEPT,-0.010773990107132536,1.0,1.0,0.0
2022-08-27,A_7d_momentum,-0.7865738871247188,0.768237269803172,-0.6042753755431624,ACCEPT,-0.021201944769558057,1.0,1.0,0.0
2022-08-28,A_7d_momentum,-0.944772004285395,0.7742027775834376,-0.7314451099008242,ACCEPT,0.03472427641744291,0.0,1.0,0.0
2022-08-29,A_7d_momentum,-0.773484525251647,0.6670593932989025,-0.5159601181404533,ACCEPT,-0.024691382971281484,1.0,1.0,0.0
2022-08-30,A_7d_momentum,-0.9229219261520731,0.77420935102246,-0.7145347854905953,ACCEPT,0.012777568511970205,0.0,1.0,0.0
2022-08-31,A_7d_momentum,-0.8503848058437915,0.6706523145081724,-0.5703125382617216,ACCEPT,0.0038592451457939436,0.0,1.0,0.0
2022-09-01,A_7d_momentum,-0.8774416119193472,0.7727349417563795,-0.6780297928811205,ACCEPT,-0.007818752974256604,1.0,1.0,0.0
2022-09-02,A_7d_momentum,-0.2789314234500158,0.6731011924588257,-0.1877490737384433,ACCEPT,-0.006894600364241943,1.0,1.0,0.0
2022-09-03,A_7d_momentum,-0.20621383471769433,0.7731770445054063,-0.15943980326315324,ACCEPT,0.007796708085036963,0.0,1.0,0.0
2022-09-04,A_7d_momentum,0.36020709994239625,0.5699205854407627,0.2052894412790898,ABSTAIN,-0.008722884940063236,0.0,0.0,1.0
2022-09-05,A_7d_momentum,-0.445036399741296,0.7677072533506452,-0.3416576720864501,ACCEPT,-0.04919669232863699,1.0,1.0,0.0
2022-09-06,A_7d_momentum,-0.7482579571800821,0.7623103973172304,-0.5704048206337275,ACCEPT,0.024029314602578067,0.0,1.0,0.0
2022-09-07,A_7d_momentum,-0.6396342639062269,0.7584398759579207,-0.48512413177547464,ACCEPT,0.0020481649337233954,0.0,1.0,0.0
2022-09-08,A_7d_momentum,-0.6596931513342322,0.7902329651817153,-0.5213112750889204,ACCEPT,0.10612188190716765,0.0,1.0,0.0
2022-09-09,A_7d_momentum,0.8882387158102345,0.7460869255601259,0.6627032926423323,ACCEPT,0.014002365912589188,1.0,1.0,0.0
2022-09-10,A_7d_momentum,0.9530563512303176,0.7463997922602297,0.7113610625706016,ACCEPT,0.004092001431295067,1.0,1.0,0.0
2022-09-11,A_7d_momentum,0.9450946965614587,0.746543691105455,0.7055544832151814,ACCEPT,0.027616624254801714,1.0,1.0,0.0
2022-09-12,A_7d_momentum,0.9886343495250959,0.7442265509971111,0.7357679321443346,ACCEPT,-0.09270006906083372,0.0,1.0,0.0
2022-09-13,A_7d_momentum,0.9136311669088939,0.6175098117309097,0.5641762098694024,ABSTAIN,-0.0027402074343571003,0.0,0.0,1.0
2022-09-14,A_7d_momentum,0.7555415014564834,0.6113085553006379,0.46186898372503765,ABSTAIN,-0.026672422800232853,0.0,0.0,1.0
2022-09-15,A_7d_momentum,0.36639490393762747,0.5181698239769279,0.18985478287940383,ABSTAIN,0.003622774615297697,1.0,0.0,1.0
2022-09-16,A_7d_momentum,-0.9059868244846779,0.7184404811974845,-0.650897610141353,ACCEPT,0.017953757980268437,0.0,1.0,0.0
2022-09-17,A_7d_momentum,-0.8921955277432236,0.6190380858726365,-0.552303011718292,ABSTAIN,-0.035179114785287124,1.0,0.0,1.0
2022-09-18,A_7d_momentum,-0.9736859958123711,0.7210798195229335,-0.7021053221323924,ACCEPT,0.006417415961943007,0.0,1.0,0.0
2022-09-19,A_7d_momentum,-0.9873093008062928,0.7226153670318121,-0.713444872776061,ACCEPT,-0.033428956945789956,1.0,1.0,0.0
2022-09-20,A_7d_momentum,-0.8821470916340926,0.6201213405095494,-0.5470382369907337,ABSTAIN,-0.018177571658806957,1.0,0.0,1.0
2022-09-21,A_7d_momentum,-0.9320150293848517,0.7217900045659895,-0.6727191323152629,ACCEPT,0.04669928789927913,0.0,1.0,0.0
2022-09-22,A_7d_momentum,-0.28399554926385434,0.6129096345160991,-0.17406360830350778,ABSTAIN,-0.005970680514919002,1.0,0.0,1.0
2022-09-23,A_7d_momentum,-0.4465702526444122,0.6129394626335349,-0.27372053068398794,ABSTAIN,-0.01868762076318642,1.0,0.0,1.0
2022-09-24,A_7d_momentum,-0.8284009496418832,0.6145478694373006,-0.5090920386422558,ABSTAIN,-0.007124358610731463,1.0,0.0,1.0
2022-09-25,A_7d_momentum,-0.5620767974887856,0.716823564298055,-0.4029098933851474,ACCEPT,0.022368473265013344,0.0,1.0,0.0
2022-09-26,A_7d_momentum,-0.31758156381916314,0.7222158462355656,-0.22936243786247118,ACCEPT,-0.005832956039052206,1.0,1.0,0.0
2022-09-27,A_7d_momentum,0.2285522010623738,0.6236160462344912,0.14252881998470804,ABSTAIN,0.016544467837213528,1.0,0.0,1.0
2022-09-28,A_7d_momentum,0.7389612232788451,0.6251083615552363,0.46193083953669195,ABSTAIN,0.007532412719634118,1.0,0.0,1.0
2022-09-29,A_7d_momentum,0.16285512406942224,0.6626352302700491,0.10791354263839902,ACCEPT,-0.0072171538473359,0.0,1.0,0.0
2022-09-30,A_7d_momentum,0.13814398897654145,0.6616795422083165,0.09140705138482867,ACCEPT,-0.0061596674907298254,0.0,1.0,0.0
2022-10-01,A_7d_momentum,0.37664008708848484,0.5620119047621571,0.2116762127543841,ABSTAIN,-0.013876706359042923,0.0,0.0,1.0
2022-10-02,A_7d_momentum,0.2518887291586719,0.5663392092734476,0.14265446369661583,ABSTAIN,0.030427924155919772,1.0,0.0,1.0
2022-10-03,A_7d_momentum,0.3945015560644401,0.7958407588595016,0.3139604177495782,ACCEPT,0.036347275524413414,1.0,1.0,0.0
2022-10-04,A_7d_momentum,0.8573806936985449,0.7912172218756153,0.6783743705579505,ACCEPT,-0.008660486125090072,0.0,1.0,0.0
2022-10-05,A_7d_momentum,0.6385112439070674,0.7923220572155997,0.5059065423277391,ACCEPT,-0.01018185214187517,0.0,1.0,0.0
2022-10-06,A_7d_momentum,0.3719926165442228,0.7894995215135954,0.29368799276825425,ACCEPT,-0.02047530303595302,0.0,1.0,0.0
2022-10-07,A_7d_momentum,0.11787453864329214,0.689118175715014,0.0812294870331144,ACCEPT,-0.006665076603316944,0.0,1.0,0.0
2022-10-08,A_7d_momentum,0.10777380896888988,0.6951335921428401,0.07491719496746066,ACCEPT,0.0015377290838616275,1.0,1.0,0.0
2022-10-09,A_7d_momentum,0.3990446890082481,0.697559915732258,0.2783575796379986,ACCEPT,-0.01568110303046133,0.0,1.0,0.0
2022-10-10,A_7d_momentum,-0.45528192080326957,0.8002225355463077,-0.36432685305358564,ACCEPT,-0.00470529894576166,1.0,1.0,0.0
2022-10-11,A_7d_momentum,-0.852200078494511,0.8043989100755489,-0.6855088143072818,ACCEPT,0.005565325579645286,0.0,1.0,0.0
2022-10-12,A_7d_momentum,-0.7596020437623417,0.8177995986207639,-0.621202246500355,ACCEPT,0.011768739552548313,0.0,1.0,0.0
2022-10-13,A_7d_momentum,-0.5181572996969553,0.7170594989704409,-0.37154961370857537,ACCEPT,-0.010176392755898878,1.0,1.0,0.0
2022-10-14,A_7d_momentum,-0.3536127623370783,0.7210687397488417,-0.2549791088975037,ACCEPT,-0.0061515479500473536,1.0,1.0,0.0
2022-10-15,A_7d_momentum,-0.3447016395343704,0.8211714536124299,-0.2830591463990268,ACCEPT,0.010513049302600663,0.0,1.0,0.0
2022-10-16,A_7d_momentum,-0.18137930207257083,0.7239136683842708,-0.13130295593233354,ACCEPT,0.014670058500208416,0.0,1.0,0.0
2022-10-17,A_7d_momentum,0.40333857995316985,0.7205802036185079,0.29063779606985496,ACCEPT,-0.011065647631146036,0.0,1.0,0.0
2022-10-18,A_7d_momentum,0.2886461174136826,0.7214650526502991,0.20824808629716696,ACCEPT,-0.010079479991405349,0.0,1.0,0.0
2022-10-19,A_7d_momentum,-0.01869567581817599,0.8212828162808831,-0.01535443728822598,ACCEPT,-0.004482602172654282,1.0,1.0,0.0
2022-10-20,A_7d_momentum,-0.32715926404557094,0.8237031757780833,-0.2694821247795573,ACCEPT,0.006231244583192241,0.0,1.0,0.0
2022-10-21,A_7d_momentum,-0.013746383377467319,0.8235928043234095,-0.01132142243515301,ACCEPT,0.0018631248583989013,0.0,1.0,0.0
2022-10-22,A_7d_momentum,0.1463686006491066,0.7228152542495184,0.10579745729233021,ACCEPT,0.018680488353712166,1.0,1.0,0.0
2022-10-23,A_7d_momentum,0.300681280806645,0.8295185481021143,0.24942069949621232,ACCEPT,-0.011316781236911488,0.0,1.0,0.0
2022-10-24,A_7d_momentum,-0.20687111774692804,0.6392385221346549,-0.13223998758089048,ABSTAIN,0.03878330120960949,0.0,0.0,1.0
2022-10-25,A_7d_momentum,0.6570779207682034,0.8254036776900755,0.5423545323310232,ACCEPT,0.03356831063305088,1.0,1.0,0.0
2022-10-26,A_7d_momentum,0.9359354835637812,0.8206713601319806,0.7680954462920713,ACCEPT,-0.0233314959115013,0.0,1.0,0.0
2022-10-27,A_7d_momentum,0.859984428118798,0.8197126814514301,0.7049401415797345,ACCEPT,0.015257721000682789,1.0,1.0,0.0
2022-10-28,A_7d_momentum,0.9022701213137241,0.8213965770140782,0.74112158918917,ACCEPT,0.01083375534148523,1.0,1.0,0.0
2022-10-29,A_7d_momentum,0.9324277175392544,0.8232501583277663,0.7676212660933889,ACCEPT,-0.008784170461560437,0.0,1.0,0.0
2022-10-30,A_7d_momentum,0.7976950977271782,0.8247767242270339,0.6579203496353857,ACCEPT,-0.006776156462742766,0.0,1.0,0.0
2022-10-31,A_7d_momentum,0.8303028015022186,0.7244989586340658,0.6015535150393048,ACCEPT,-0.0005123007449325812,0.0,1.0,0.0
2022-11-01,A_7d_momentum,0.3692535233877368,0.7244055213952371,0.2674892911367219,ACCEPT,-0.015902620594443806,0.0,1.0,0.0
2022-11-02,A_7d_momentum,-0.5286544799286204,0.7203347397122194,-0.3808081871970815,ACCEPT,0.0025042468919260763,0.0,1.0,0.0
2022-11-03,A_7d_momentum,-0.07463985687623549,0.7214192858304832,-0.05384663224214329,ACCEPT,0.0463751969796804,0.0,1.0,0.0
2022-11-04,A_7d_momentum,0.4898976800163388,0.808403134844215,0.39603482027811643,ACCEPT,0.006405611254872046,1.0,1.0,0.0
2022-11-05,A_7d_momentum,0.4185759970958293,0.8107824815349274,0.33937408563631305,ACCEPT,-0.01673684363155281,0.0,1.0,0.0
2022-11-06,A_7d_momentum,0.27468414923688617,0.8087873170246301,0.22216105609049427,ACCEPT,-0.015466997985227438,0.0,1.0,0.0
2022-11-07,A_7d_momentum,0.10407546752989297,0.707935382275343,0.07367870589125983,ACCEPT,-0.10006131594948431,0.0,1.0,0.0
2022-11-08,A_7d_momentum,-0.9560616734954199,0.7602886293695629,-0.7268828193346033,ACCEPT,-0.14349022466876316,1.0,1.0,0.0
2022-11-09,A_7d_momentum,-0.9995889510688032,0.7024465615489282,-0.7021578216405806,ACCEPT,0.10742489862358795,0.0,1.0,0.0
2022-11-10,A_7d_momentum,-0.9889388928476357,0.6844444444444444,-0.6768737311046039,ACCEPT,-0.03141443647663533,1.0,1.0,0.0
2022-11-11,A_7d_momentum,-0.9991640107648774,0.6844444444444444,-0.6838722562568493,ACCEPT,-0.013802006476365758,1.0,1.0,0.0
2022-11-12,A_7d_momentum,-0.9995621563170487,0.5866666666666667,-0.5864097983726686,ABSTAIN,-0.026538209918333333,1.0,0.0,1.0
2022-11-13,A_7d_momentum,-0.9996803614598266,0.6888888888888889,-0.6886686934501028,ACCEPT,0.016194463988263186,0.0,1.0,0.0
2022-11-14,A_7d_momentum,-0.9991268058208447,0.6914254340365057,-0.690821685372185,ACCEPT,0.016031463998783302,0.0,1.0,0.0
2022-11-15,A_7d_momentum,-0.9454425506170161,0.5938510025339543,-0.5614520065221739,ABSTAIN,-0.0127437818409466,1.0,0.0,1.0
2022-11-16,A_7d_momentum,0.7587339989300659,0.5942572542086408,0.45088318287892276,ABSTAIN,0.0010845070736082985,1.0,0.0,1.0
2022-11-17,A_7d_momentum,-0.770942917366602,0.5952694838675601,-0.4589187925121682,ABSTAIN,0.0006148167681003791,0.0,0.0,1.0
2022-11-18,A_7d_momentum,-0.3757517394912603,0.6959236429253329,-0.2614945193822885,ACCEPT,0.0008246325823211276,0.0,1.0,0.0
2022-11-19,A_7d_momentum,-0.10395984240453006,0.5956991233675045,-0.06192878698580248,ABSTAIN,-0.025115259939095247,1.0,0.0,1.0
2022-11-20,A_7d_momentum,-0.0751127437472006,0.6952230511368309,-0.05222011088718772,ACCEPT,-0.030969374751391165,1.0,1.0,0.0
2022-11-21,A_7d_momentum,-0.7615967226264957,0.6968383704985707,-0.5307098191720991,ACCEPT,0.025494274188105903,0.0,1.0,0.0
2022-11-22,A_7d_momentum,-0.6767263233982503,0.6919542809515461,-0.46826367650801975,ACCEPT,0.02600021570334854,0.0,1.0,0.0
2022-11-23,A_7d_momentum,-0.07035077618879942,0.48970803882800484,-0.034451340637444865,ABSTAIN,-0.0003757930043709612,1.0,0.0,1.0
2022-11-24,A_7d_momentum,-0.09921130838470994,0.5960293855623235,-0.059132855177372864,ABSTAIN,-0.004975953615638518,1.0,0.0,1.0
2022-11-25,A_7d_momentum,-0.20766445495494118,0.5965967981417168,-0.1238919489139627,ABSTAIN,-0.0034839061881034583,1.0,0.0,1.0
2022-11-26,A_7d_momentum,-0.2875761630719454,0.6965431529021605,-0.2003092073256387,ACCEPT,-0.0011937537130568554,1.0,1.0,0.0
2022-11-27,A_7d_momentum,0.18540313603225125,0.5986419021047014,0.11099008601052358,ABSTAIN,-0.013822428939733733,0.0,0.0,1.0
2022-11-28,A_7d_momentum,0.49660559141895344,0.5151758567153686,0.2558392110089016,ABSTAIN,0.014038085481754337,1.0,0.0,1.0
2022-11-29,A_7d_momentum,0.3052299060032076,0.5724418869807697,0.1747263833554391,ABSTAIN,0.044000289316970864,1.0,0.0,1.0
2022-11-30,A_7d_momentum,0.5860881590115419,0.8136552885242544,0.47687373012118517,ACCEPT,-0.011732697360023692,0.0,1.0,0.0
2022-12-01,A_7d_momentum,0.41101494493785723,0.8157721311764085,0.33529453757731,ACCEPT,0.007162515027905547,1.0,1.0,0.0
2022-12-02,A_7d_momentum,0.595499304261448,0.8166397718442853,0.48630841596549956,ACCEPT,-0.010558102652595158,0.0,1.0,0.0
2022-12-03,A_7d_momentum,0.4924539846450091,0.7202026417850078,0.35466666069888925,ACCEPT,0.013144481522908036,1.0,1.0,0.0
2022-12-04,A_7d_momentum,0.6826948865406542,0.8228773259725595,0.5617741426917134,ACCEPT,-0.00908673304822849,0.0,1.0,0.0
2022-12-05,A_7d_momentum,0.7325419470118962,0.7213613635812012,0.5284274577769295,ACCEPT,0.006755753090715411,1.0,1.0,0.0
2022-12-06,A_7d_momentum,0.6549120050227742,0.8244732656814,0.5399574395150801,ACCEPT,-0.01412428087141393,0.0,1.0,0.0
2022-12-07,A_7d_momentum,-0.35686277570814173,0.7231367027160722,-0.25806057094769086,ACCEPT,0.022871839541696026,0.0,1.0,0.0
2022-12-08,A_7d_momentum,0.30402652799696095,0.820471130677355,0.24944498918157706,ACCEPT,-0.005821360340788395,0.0,1.0,0.0
2022-12-09,A_7d_momentum,0.0520251640164122,0.8179479241874251,0.04255387491273468,ACCEPT,-0.00025843080632004245,0.0,1.0,0.0
2022-12-10,A_7d_momentum,0.2550490436325184,0.8199026956965924,0.20911539840913965,ACCEPT,-0.0014321702613265819,0.0,1.0,0.0
2022-12-11,A_7d_momentum,-0.030687643694444166,0.7248612743584716,-0.022244284515413514,ACCEPT,0.005977723618808328,0.0,1.0,0.0
2022-12-12,A_7d_momentum,0.26631008406843015,0.8280420027509016,0.22051593536478387,ACCEPT,0.033410801008343594,1.0,1.0,0.0
2022-12-13,A_7d_momentum,0.6693897811662061,0.8274932148962322,0.5539155020359092,ACCEPT,0.0019307922256450727,1.0,1.0,0.0
2022-12-14,A_7d_momentum,0.8172643352178284,0.8297807971278002,0.6781502515411714,ACCEPT,-0.02530276169357326,0.0,1.0,0.0
2022-12-15,A_7d_momentum,0.15131212486518128,0.8227033355722012,0.12448498983910204,ACCEPT,-0.04131220425223303,0.0,1.0,0.0
2022-12-16,A_7d_momentum,-0.5131037261433237,0.8116587845629565,-0.41646514671621415,ACCEPT,0.008866650272798315,0.0,1.0,0.0
2022-12-17,A_7d_momentum,-0.3709803568081092,0.8088734398788051,-0.3000761573388418,ACCEPT,-0.0022098857704312413,1.0,1.0,0.0
2022-12-18,A_7d_momentum,-0.38407635503344484,0.8116058863480252,-0.3117186305522378,ACCEPT,-0.01899375344110854,1.0,1.0,0.0
2022-12-19,A_7d_momentum,-0.7120082557237944,0.8101296684381675,-0.5768190121347555,ACCEPT,0.028384068842582266,0.0,1.0,0.0
2022-12-20,A_7d_momentum,-0.7548758857357312,0.7142206847429367,-0.5391479720061048,ACCEPT,-0.005250676176186131,1.0,1.0,0.0
2022-12-21,A_7d_momentum,-0.8077401957771119,0.7168479798186683,-0.5790269275611583,ACCEPT,0.0007615052090579333,0.0,1.0,0.0
2022-12-22,A_7d_momentum,-0.5480835654128754,0.7149278296501644,-0.3918401938875509,ACCEPT,-0.001983838015767403,1.0,1.0,0.0
2022-12-23,A_7d_momentum,0.17766367176182082,0.6153941086733563,0.10933317692750147,ABSTAIN,0.003024520816182319,1.0,0.0,1.0
2022-12-24,A_7d_momentum,0.06263154616353638,0.7163645987223132,0.044867022434799765,ACCEPT,-0.000342451024228807,0.0,1.0,0.0
2022-12-25,A_7d_momentum,0.09992780267638454,0.7167835175514307,0.07162660190356418,ACCEPT,0.004620497716771643,1.0,1.0,0.0
2022-12-26,A_7d_momentum,0.5256426642995492,0.7168124511060596,0.3767872066024795,ACCEPT,-0.011975957353969946,0.0,1.0,0.0
2022-12-27,A_7d_momentum,-0.2200798616417006,0.8148801070963655,-0.17933870122434228,ACCEPT,-0.009846255365429935,1.0,1.0,0.0
2022-12-28,A_7d_momentum,-0.3050724507895121,0.8180612472900775,-0.24956794960670906,ACCEPT,0.0054232979508825885,0.0,1.0,0.0
2022-12-29,A_7d_momentum,-0.21976202051396623,0.8115081151485628,-0.17833866304852852,ACCEPT,-0.002388838052975517,1.0,1.0,0.0
2022-12-30,A_7d_momentum,-0.22738626100047943,0.8137320306052714,-0.18503148389566038,ACCEPT,-0.0033181483870876605,1.0,1.0,0.0
2022-12-31,A_7d_momentum,-0.3420734593093721,0.8159298585211345,-0.27910794925813104,ACCEPT,0.0046885633896178724,0.0,1.0,0.0
2023-01-01,A_7d_momentum,-0.25202875393956914,0.8138359729833596,-0.205110066182193,ACCEPT,0.0038129515588565255,0.0,1.0,0.0
2023-01-02,A_7d_momentum,-0.2668298919883833,0.6212073963944974,-0.16575670248232854,ABSTAIN,-0.000516121662866742,1.0,0.0,1.0
2023-01-03,A_7d_momentum,-0.04461475884844727,0.7235862341228627,-0.03228262534144762,ACCEPT,0.010994150293785143,0.0,1.0,0.0
2023-01-04,A_7d_momentum,0.3586788537360233,0.8266085940278033,0.29648702299423835,ACCEPT,-0.0015715814888571655,0.0,1.0,0.0
2023-01-05,A_7d_momentum,0.22945527838726779,0.843717369882899,0.19359540398665398,ACCEPT,0.006844106816741524,1.0,1.0,0.0
2023-01-06,A_7d_momentum,0.3976694913239477,0.8463029605905589,0.3365488678439985,ACCEPT,0.00018342264818071996,1.0,1.0,0.0
2023-01-07,A_7d_momentum,0.4562940440930472,0.8463966146733101,0.3862057342159492,ACCEPT,0.008025112314249405,1.0,1.0,0.0
2023-01-08,A_7d_momentum,0.5084790775141572,0.8534362655642226,0.4339544850312232,ACCEPT,0.006167530562816603,1.0,1.0,0.0
2023-01-09,A_7d_momentum,0.5433552680895389,0.8650786737698899,0.4700450547047813,ACCEPT,0.014522576515372032,1.0,1.0,0.0
2023-01-10,A_7d_momentum,0.7254217820179045,0.8648022324745113,0.6273463765747221,ACCEPT,0.02800615102017323,1.0,1.0,0.0
2023-01-11,A_7d_momentum,0.8540682622097217,0.8569067908541232,0.7318568937404905,ACCEPT,0.052115795988246116,1.0,1.0,0.0
2023-01-12,A_7d_momentum,0.984146628991498,0.8336786271886201,0.8204620106099402,ACCEPT,0.05511441660269112,1.0,1.0,0.0
2023-01-13,A_7d_momentum,0.9981388731714307,0.8166569191870761,0.8151370170850403,ACCEPT,0.05357847423830919,1.0,1.0,0.0
2023-01-14,A_7d_momentum,0.9998483132264143,0.8076326790741235,0.8075101718787924,ACCEPT,-0.004552757413617381,0.0,1.0,0.0
2023-01-15,A_7d_momentum,0.9997187523459282,0.8064657577681639,0.8062389411657024,ACCEPT,0.013832516023570829,1.0,1.0,0.0
2023-01-16,A_7d_momentum,0.9998061677527719,0.8118628512860339,0.811705486085128,ACCEPT,-0.00038325091993141047,0.0,1.0,0.0
2023-01-17,A_7d_momentum,0.999600437689493,0.813853285500025,0.8135281004008569,ACCEPT,-0.022339524368838015,0.0,1.0,0.0
2023-01-18,A_7d_momentum,0.9957078167403178,0.7049999161280951,0.7019739272900127,ACCEPT,0.019238045679950355,1.0,1.0,0.0
2023-01-19,A_7d_momentum,0.9819744819541467,0.7080250164327313,0.6952624987221075,ACCEPT,0.07539125404137925,1.0,1.0,0.0
2023-01-20,A_7d_momentum,0.9923250153363611,0.7923100899070531,0.7862291221181701,ACCEPT,0.004457126566322689,1.0,1.0,0.0
2023-01-21,A_7d_momentum,0.9375597364360514,0.7922844199391644,0.7428139719405529,ACCEPT,-0.002511630794474806,0.0,1.0,0.0
2023-01-22,A_7d_momentum,0.9427279684426804,0.791359235737563,0.7460364846152249,ACCEPT,0.009419529327844067,1.0,1.0,0.0
2023-01-23,A_7d_momentum,0.931192858933506,0.7946841207904443,0.7400041783879134,ACCEPT,-0.012991945703908492,0.0,1.0,0.0
2023-01-24,A_7d_momentum,0.8840460282740744,0.6886783467694476,0.6088233572198859,ACCEPT,0.021266153759075257,1.0,1.0,0.0
2023-01-25,A_7d_momentum,0.9819092663880897,0.7921465833134402,0.777816070493132,ACCEPT,-0.003680359408276712,0.0,1.0,0.0
2023-01-26,A_7d_momentum,0.9513383942007679,0.7885098303505785,0.7501396758172393,ACCEPT,0.0019950339114214177,1.0,1.0,0.0
2023-01-27,A_7d_momentum,0.3405426865978975,0.788756682040624,0.2686053195741577,ACCEPT,-0.0020641809553220147,0.0,1.0,0.0
2023-01-28,A_7d_momentum,0.21895287344823874,0.6875829349983121,0.150548259351854,ACCEPT,0.03228143207915801,1.0,1.0,0.0
2023-01-29,A_7d_momentum,0.7296284082968564,0.7890300109939054,0.5756987110199343,ACCEPT,-0.03930367092328346,0.0,1.0,0.0
2023-01-30,A_7d_momentum,-0.08204347332460565,0.6761551683117445,-0.05547411851467886,ACCEPT,0.013097316769725253,0.0,1.0,0.0
2023-01-31,A_7d_momentum,0.41716243653128904,0.7770122956520759,0.32414034246899026,ACCEPT,0.025259482888651652,1.0,1.0,0.0
2023-02-01,A_7d_momentum,0.48092912982207947,0.6851786892004801,0.32952239076981993,ACCEPT,-0.01061797692681965,0.0,1.0,0.0
2023-02-02,A_7d_momentum,0.36381621000642206,0.7922414062656639,0.2882302658377319,ACCEPT,-0.0009606745041729203,0.0,1.0,0.0
2023-02-03,A_7d_momentum,0.31055192057684944,0.8000465058949616,0.24845597895647803,ACCEPT,-0.005009723012217249,0.0,1.0,0.0
2023-02-04,A_7d_momentum,0.25539468210568106,0.6999976088403999,0.1787756667845308,ACCEPT,-0.01612309690031044,0.0,1.0,0.0
2023-02-05,A_7d_momentum,-0.5972670032097763,0.6981372216054872,-0.41697432617750885,ACCEPT,-0.008518883333286542,1.0,1.0,0.0
2023-02-06,A_7d_momentum,-0.06996327801129697,0.7996711773243002,-0.055947616896761164,ACCEPT,0.022151986720186922,0.0,1.0,0.0
2023-02-07,A_7d_momentum,0.10762961733437809,0.6997148774075733,0.07531004449854839,ACCEPT,-0.013965290320121615,0.0,1.0,0.0
2023-02-08,A_7d_momentum,-0.579196901865692,0.7988265373648692,-0.46267785556983065,ACCEPT,-0.04883996317743455,1.0,1.0,0.0
2023-02-09,A_7d_momentum,-0.8871435159719887,0.8147725097138272,-0.722820148984846,ACCEPT,-0.007693073387383564,1.0,1.0,0.0
2023-02-10,A_7d_momentum,-0.9110451088121293,0.8148322743536502,-0.7423489580521561,ACCEPT,0.010146854341645195,0.0,1.0,0.0
2023-02-11,A_7d_momentum,-0.8489390726483222,0.8117453275712571,-0.6891223256149516,ACCEPT,-0.003779998514005456,1.0,1.0,0.0
2023-02-12,A_7d_momentum,-0.7687014215102689,0.8147168188724905,-0.6262739767956077,ACCEPT,0.0009132665684197239,0.0,1.0,0.0
2023-02-13,A_7d_momentum,-0.6839817548237367,0.7153751324876089,-0.48930353847613783,ACCEPT,0.018924303145655852,0.0,1.0,0.0
2023-02-14,A_7d_momentum,-0.7148688158686145,0.7137592366211307,-0.5102442202986339,ACCEPT,0.09392266116037784,0.0,1.0,0.0
2023-02-15,A_7d_momentum,0.8315360901494326,0.7697444771621944,0.6400703129535704,ACCEPT,-0.028154173176657027,0.0,1.0,0.0
2023-02-16,A_7d_momentum,0.9294046076965757,0.7660397500480167,0.7119608733733599,ACCEPT,0.03988096453648349,1.0,1.0,0.0
2023-02-17,A_7d_momentum,0.9908659118527489,0.7629989397142337,0.7560296401426247,ACCEPT,0.0030805588480080637,1.0,1.0,0.0
2023-02-18,A_7d_momentum,0.9874742582962269,0.7662911264859763,0.7566927617657196,ACCEPT,-0.012728023845912761,0.0,1.0,0.0
2023-02-19,A_7d_momentum,0.9812825747254998,0.7701548332505931,0.7557395177094299,ACCEPT,0.020614650916729094,1.0,1.0,0.0
2023-02-20,A_7d_momentum,0.9921865853048604,0.7715797623862122,0.7655510897323115,ACCEPT,-0.01581991113645098,0.0,1.0,0.0
2023-02-21,A_7d_momentum,0.9636098718663096,0.6721842857430814,0.6477234134554376,ACCEPT,-0.01012875204423358,0.0,1.0,0.0
2023-02-22,A_7d_momentum,-0.09759751902057005,0.6700106277993926,-0.0653913749906353,ACCEPT,-0.00997780485063493,1.0,1.0,0.0
2023-02-23,A_7d_momentum,0.26763843454471364,0.6694901776736051,0.17918130309562585,ACCEPT,-0.03129201289670536,0.0,1.0,0.0
2023-02-24,A_7d_momentum,-0.8052344980798825,0.6633119613905799,-0.534121674300726,ACCEPT,-0.0009807668166905703,1.0,1.0,0.0
2023-02-25,A_7d_momentum,-0.8305150060294154,0.664390739009468,-0.551786478614336,ACCEPT,0.016648614774302573,0.0,1.0,0.0
2023-02-26,A_7d_momentum,-0.5581138855204545,0.6638854987607952,-0.37052371525407224,ACCEPT,-0.0016273269569350157,1.0,1.0,0.0
2023-02-27,A_7d_momentum,-0.782665145847102,0.5655244958968592,-0.4426163120612241,ABSTAIN,-0.01596393470118429,1.0,0.0,1.0
2023-02-28,A_7d_momentum,-0.783737094672356,0.665272169249779,-0.5213984770941977,ACCEPT,0.02156606219747892,0.0,1.0,0.0
2023-03-01,A_7d_momentum,-0.4205686864502096,0.6747019433174746,-0.28375851004643404,ACCEPT,-0.007235050302163204,1.0,1.0,0.0
2023-03-02,A_7d_momentum,-0.37498993663448943,0.7747484000730519,-0.2905228534510658,ACCEPT,-0.047402129167592566,1.0,1.0,0.0
2023-03-03,A_7d_momentum,-0.6170773309784399,0.7667604663993972,-0.47315050210552373,ACCEPT,-0.0004172164631153219,1.0,1.0,0.0
2023-03-04,A_7d_momentum,-0.6102976559161687,0.7668589854968612,-0.46801224126698554,ACCEPT,0.0036756935285233716,0.0,1.0,0.0
2023-03-05,A_7d_momentum,-0.7422866378025971,0.7668473147138317,-0.5692205149468802,ACCEPT,-0.00025655126328649747,1.0,1.0,0.0
2023-03-06,A_7d_momentum,-0.7303162007968306,0.6680639235716351,-0.48789790655226073,ACCEPT,-0.00936203961743065,1.0,1.0,0.0
2023-03-07,A_7d_momentum,-0.6648522415954197,0.8136883039416148,-0.5409824928355578,ACCEPT,-0.022578517406286358,1.0,1.0,0.0
2023-03-08,A_7d_momentum,-0.9262152184832719,0.8173285218801593,-0.7570221154658414,ACCEPT,-0.06239311158608585,1.0,1.0,0.0
2023-03-09,A_7d_momentum,-0.9900991165880147,0.8139409592554363,-0.8058822247136088,ACCEPT,-0.008632183779056501,1.0,1.0,0.0
2023-03-10,A_7d_momentum,-0.9599752608110783,0.8170513919666562,-0.7843491230992454,ACCEPT,0.022051846825845045,0.0,1.0,0.0
2023-03-11,A_7d_momentum,-0.9120799975510584,0.8118144841590759,-0.7404397527237236,ACCEPT,0.07422977009964415,0.0,1.0,0.0
2023-03-12,A_7d_momentum,-0.23746363389647582,0.6842810274386354,-0.16249185938199243,ACCEPT,0.09175187888693825,0.0,1.0,0.0
2023-03-13,A_7d_momentum,0.9180184524564133,0.7494463029780537,0.6880055352590931,ACCEPT,0.022669294883089997,1.0,1.0,0.0
2023-03-14,A_7d_momentum,0.9790420550718854,0.7482718635535875,0.7325896230459737,ACCEPT,-0.014956444322371198,0.0,1.0,0.0
2023-03-15,A_7d_momentum,0.9851469195430204,0.7478069898053894,0.7366997524195182,ACCEPT,0.027766213062754286,1.0,1.0,0.0
2023-03-16,A_7d_momentum,0.9998004157767969,0.7518854534175119,0.7517353889433539,ACCEPT,0.0946457745317153,1.0,1.0,0.0
2023-03-17,A_7d_momentum,0.9999988152498465,0.7302566306277335,0.7302557654560783,ACCEPT,-0.01670259464889101,0.0,1.0,0.0
2023-03-18,A_7d_momentum,0.9999907003788081,0.7264101642853522,0.7264034089459944,ACCEPT,0.039783493752593824,1.0,1.0,0.0
2023-03-19,A_7d_momentum,0.9999502842001287,0.7239178075067609,0.7238818173539197,ACCEPT,-0.00968089417783835,0.0,1.0,0.0
2023-03-20,A_7d_momentum,0.994541183156207,0.724727616329864,0.7207714610106806,ACCEPT,0.014714466837708162,1.0,1.0,0.0
2023-03-21,A_7d_momentum,0.9922079670239088,0.725056410522249,0.7194067470619333,ACCEPT,-0.030820008681536337,0.0,1.0,0.0
2023-03-22,A_7d_momentum,0.9838430128770164,0.6213090995961453,0.6112706164745778,ABSTAIN,0.03759177902540278,1.0,0.0,1.0
2023-03-23,A_7d_momentum,0.9894431133874646,0.7288235501757628,0.7211294425960117,ACCEPT,-0.02967065403073854,0.0,1.0,0.0
2023-03-24,A_7d_momentum,0.05053716555716875,0.6220458498581112,0.0314364340984291,ABSTAIN,5.17171735541222e-05,1.0,0.0,1.0
2023-03-25,A_7d_momentum,0.3732726662949121,0.7240772478576768,0.27027824491131697,ACCEPT,0.018171608313816145,1.0,1.0,0.0
2023-03-26,A_7d_momentum,-0.031621264171379726,0.6243413265939881,-0.019742462021338163,ABSTAIN,-0.03052194511765327,1.0,0.0,1.0
2023-03-27,A_7d_momentum,-0.42342819641821516,0.622817258383646,-0.2637183884155247,ABSTAIN,0.004725228944394866,0.0,0.0,1.0
2023-03-28,A_7d_momentum,-0.5678210405880929,0.6237489354656474,-0.35417776960181907,ABSTAIN,0.0396180637553154,0.0,0.0,1.0
2023-03-29,A_7d_momentum,0.6425075255666388,0.7396161528964308,0.47520894426660254,ACCEPT,-0.0111074503792854,0.0,1.0,0.0
2023-03-30,A_7d_momentum,-0.2089273202869937,0.5369764414199194,-0.11218904896310962,ABSTAIN,0.015871042968584437,0.0,0.0,1.0
2023-03-31,A_7d_momentum,0.6148507949235971,0.7348271226112291,0.4518090404689337,ACCEPT,-0.0023684272611504964,0.0,1.0,0.0
2023-04-01,A_7d_momentum,0.5827050695893251,0.7450948457766069,0.4341705439589052,ACCEPT,-0.00745226498561502,0.0,1.0,0.0
2023-04-02,A_7d_momentum,0.14540493476253238,0.7673306697582412,0.11157366597748733,ACCEPT,-0.014507018470504951,0.0,1.0,0.0
2023-04-03,A_7d_momentum,0.4456382998392794,0.6642245776080679,0.29600391147672284,ACCEPT,0.0135971982612757,1.0,1.0,0.0
2023-04-04,A_7d_momentum,0.5784174279730889,0.5681239718345195,0.3286128065583784,ABSTAIN,0.000351267384649967,1.0,0.0,1.0
2023-04-05,A_7d_momentum,-0.11968208924875127,0.671849268985423,-0.08040832417242169,ACCEPT,-0.004749940528704033,1.0,1.0,0.0
2023-04-06,A_7d_momentum,0.007546614301327004,0.7088468321160926,0.005349393640697646,ACCEPT,-0.004217681389550476,0.0,1.0,0.0
2023-04-07,A_7d_momentum,-0.36972110579029244,0.7082668401986868,-0.26186119935285485,ACCEPT,0.0007854922772632111,0.0,1.0,0.0
2023-04-08,A_7d_momentum,-0.3150110384488092,0.7146674298669936,-0.22512812922794315,ACCEPT,0.013784839213681899,0.0,1.0,0.0
2023-04-09,A_7d_momentum,0.09457147653088455,0.8120380069306516,0.07679563331462838,ACCEPT,0.04658621825410658,1.0,1.0,0.0
2023-04-10,A_7d_momentum,0.8718130503885851,0.8017092739941828,0.6989406076856864,ACCEPT,0.019629666758571807,1.0,1.0,0.0
2023-04-11,A_7d_momentum,0.8991178659273326,0.8070666109129855,0.7256480088652884,ACCEPT,-0.003175315803583212,0.0,1.0,0.0
2023-04-12,A_7d_momentum,0.8835915573904932,0.8110167709380057,0.7166075717029213,ACCEPT,0.00862713483952482,1.0,1.0,0.0
2023-04-13,A_7d_momentum,0.932789141532923,0.8181669090240382,0.7631772086991777,ACCEPT,0.002849851088919886,1.0,1.0,0.0
2023-04-14,A_7d_momentum,0.9501490162987781,0.8183078239158853,0.7775143739232722,ACCEPT,-0.005484641300179338,0.0,1.0,0.0
2023-04-15,A_7d_momentum,0.9349727541131945,0.818814087915522,0.765568862885059,ACCEPT,-0.00010358775680330279,0.0,1.0,0.0
2023-04-16,A_7d_momentum,0.8851976184312086,0.7252684487944774,0.6420059035961684,ACCEPT,-0.028708571396173888,0.0,1.0,0.0
2023-04-17,A_7d_momentum,-0.13933364853934135,0.7172964181287305,-0.09994352702207697,ACCEPT,0.032348662229154,0.0,1.0,0.0
2023-04-18,A_7d_momentum,0.10707518650078282,0.8205092887352146,0.08785618511694776,ACCEPT,-0.0518092051895368,0.0,1.0,0.0
2023-04-19,A_7d_momentum,-0.7031647766041768,0.7008553751643335,-0.4928168133092651,ACCEPT,-0.020008250880993006,1.0,1.0,0.0
2023-04-20,A_7d_momentum,-0.8888753714122692,0.699732861338721,-0.6219753070118256,ACCEPT,-0.034308522518338824,1.0,1.0,0.0
2023-04-21,A_7d_momentum,-0.9707480442141325,0.793697345548136,-0.7704801458888015,ACCEPT,0.01981858797984626,0.0,1.0,0.0
2023-04-22,A_7d_momentum,-0.9288322861684174,0.7916153081318679,-0.735277856418039,ACCEPT,-0.008128524647254443,1.0,1.0,0.0
2023-04-23,A_7d_momentum,-0.9465037984327059,0.7923470770277115,-0.7499595180837807,ACCEPT,-0.002393679129772508,1.0,1.0,0.0
2023-04-24,A_7d_momentum,-0.8627299247699497,0.6955944772629941,-0.6001101710394954,ACCEPT,0.02841955147295372,0.0,1.0,0.0
2023-04-25,A_7d_momentum,-0.8798450289816211,0.6891451679929458,-0.6063409503052976,ACCEPT,0.004066170397882152,0.0,1.0,0.0
2023-04-26,A_7d_momentum,-0.2706307498831655,0.6892388001200372,-0.1865292133250589,ACCEPT,0.036980508331842854,0.0,1.0,0.0
2023-04-27,A_7d_momentum,0.7010496129714822,0.681170236677503,0.47753413079045637,ACCEPT,-0.00453030993708059,0.0,1.0,0.0
2023-04-28,A_7d_momentum,0.9074510040330295,0.6809297657323358,0.6179103995897837,ACCEPT,-0.0031279011203009244,0.0,1.0,0.0
2023-04-29,A_7d_momentum,0.7734428145182651,0.679198096975939,0.5253208877405199,ACCEPT,0.000694680667924441,1.0,1.0,0.0
2023-04-30,A_7d_momentum,0.838441366301345,0.5920258702726386,0.496378979557134,ABSTAIN,-0.04022160164248023,0.0,0.0,1.0
2023-05-01,A_7d_momentum,0.38968064810544584,0.5868304759618035,0.22867648020082285,ABSTAIN,0.020966033026897257,1.0,0.0,1.0
2023-05-02,A_7d_momentum,0.25755760461701965,0.5840159826618182,0.15041775755243278,ABSTAIN,0.01135862564681589,1.0,0.0,1.0
2023-05-03,A_7d_momentum,0.38903538282323497,0.6859130023243732,0.266844427442697,ACCEPT,-0.005467695268338013,0.0,1.0,0.0
2023-05-04,A_7d_momentum,-0.40099659707706614,0.5859917196092397,-0.2349806854786434,ABSTAIN,0.023803407820215394,0.0,0.0,1.0
2023-05-05,A_7d_momentum,0.13155840047790987,0.7829019396201216,0.10299732690747636,ACCEPT,-0.021323001096775096,0.0,1.0,0.0
2023-05-06,A_7d_momentum,-0.23089407004324394,0.6810628520916899,-0.15725337387471014,ACCEPT,-0.015556145829018653,1.0,1.0,0.0
2023-05-07,A_7d_momentum,-0.5050826226074757,0.6836059710666162,-0.3452774966964567,ACCEPT,-0.026733637409259936,1.0,1.0,0.0
2023-05-08,A_7d_momentum,-0.27554728746737667,0.6891121988956974,-0.1898829971663888,ACCEPT,-0.0012817829272578907,1.0,1.0,0.0
2023-05-09,A_7d_momentum,-0.6122497900848733,0.7984361220179103,-0.4888423481016459,ACCEPT,-0.0013384371045779275,1.0,1.0,0.0
2023-05-10,A_7d_momentum,-0.7418837961476563,0.7996810672240415,-0.5932704258595811,ACCEPT,-0.022481076150133283,1.0,1.0,0.0
2023-05-11,A_7d_momentum,-0.8566083269215411,0.8026223162246007,-0.6875329594510473,ACCEPT,-0.007251596524522896,1.0,1.0,0.0
2023-05-12,A_7d_momentum,-0.9515839521285726,0.8072208006700438,-0.768138359741991,ACCEPT,-0.0007801573211611013,1.0,1.0,0.0
2023-05-13,A_7d_momentum,-0.8990554776959837,0.8074296164749171,-0.7259240195457415,ACCEPT,0.005471927993601522,0.0,1.0,0.0
2023-05-14,A_7d_momentum,-0.7899898453123775,0.8070577818805212,-0.6375674522659435,ACCEPT,0.009730726801279843,0.0,1.0,0.0
2023-05-15,A_7d_momentum,-0.3471737445507016,0.7122470588117752,-0.24727347845290779,ACCEPT,-0.005738415341494774,1.0,1.0,0.0
2023-05-16,A_7d_momentum,-0.4217816386161862,0.7144747690277942,-0.3013523388304642,ACCEPT,0.013394867282656264,0.0,1.0,0.0
2023-05-17,A_7d_momentum,-0.1600451035633443,0.7242791544386888,-0.1159173322809114,ACCEPT,-0.02067950762275983,1.0,1.0,0.0
2023-05-18,A_7d_momentum,-0.1242254851941868,0.8215204712292901,-0.10205377913541554,ACCEPT,0.0021585968530852817,0.0,1.0,0.0
2023-05-19,A_7d_momentum,0.06343918346326191,0.618277005669335,0.03922298839377317,ABSTAIN,0.008905016115201336,1.0,0.0,1.0
2023-05-20,A_7d_momentum,0.2524191648340952,0.6189873873354781,0.15624427935406,ABSTAIN,-0.013850552916312875,0.0,0.0,1.0
2023-05-21,A_7d_momentum,-0.13056002885422652,0.8233121702386652,-0.10749166070239598,ACCEPT,0.0036425134576618667,0.0,1.0,0.0
2023-05-22,A_7d_momentum,-0.2459605193964052,0.8279352217888988,-0.20363937717777547,ACCEPT,0.013945303754316907,0.0,1.0,0.0
2023-05-23,A_7d_momentum,0.13896159264094227,0.7269737216665252,0.10102142617089342,ACCEPT,-0.03272302765106416,0.0,1.0,0.0
2023-05-24,A_7d_momentum,-0.6507882577782835,0.8122441652984522,-0.5285989652251558,ACCEPT,0.005368887301425707,0.0,1.0,0.0
2023-05-25,A_7d_momentum,-0.259296629750427,0.8187173811719666,-0.21229065765598662,ACCEPT,0.009181223884829448,0.0,1.0,0.0
2023-05-26,A_7d_momentum,-0.12638421181588905,0.8172214167042442,-0.10328388462923013,ACCEPT,0.005578834405180588,0.0,1.0,0.0
2023-05-27,A_7d_momentum,-0.19023521825113646,0.6174445023937811,-0.1174596896708453,ABSTAIN,0.0453058267244435,0.0,0.0,1.0
2023-05-28,A_7d_momentum,0.7597447598705075,0.8005095413705071,0.608182929282586,ACCEPT,-0.0120973437068298,0.0,1.0,0.0
2023-05-29,A_7d_momentum,0.5825688655364168,0.7968615579795923,0.4642267338217528,ACCEPT,-0.0015690671469931194,0.0,1.0,0.0
2023-05-30,A_7d_momentum,0.33648813622482476,0.7968543340314321,0.26813202970091055,ACCEPT,-0.01742420455507676,0.0,1.0,0.0
2023-05-31,A_7d_momentum,0.5862889303395838,0.5965088032528943,0.3497265081972847,ABSTAIN,-0.014683709247646393,0.0,0.0,1.0
2023-06-01,A_7d_momentum,0.2539951788625405,0.5927511550365794,0.15055593564449346,ABSTAIN,0.01601855426947596,1.0,0.0,1.0
2023-06-02,A_7d_momentum,0.37732834816280986,0.6906318350217499,0.26059496949740707,ACCEPT,-0.0064023326039167605,0.0,1.0,0.0
2023-06-03,A_7d_momentum,0.15271337050785785,0.5903870264005429,0.09015999270573856,ABSTAIN,0.001622799291266075,1.0,0.0,1.0
2023-06-04,A_7d_momentum,-0.596894535319128,0.5911749076838133,-0.3528690718142581,ABSTAIN,-0.05011119223804861,1.0,0.0,1.0
2023-06-05,A_7d_momentum,-0.8919552271350895,0.7719177615904496,-0.6885160823690193,ACCEPT,0.057402171630208665,0.0,1.0,0.0
2023-06-06,A_7d_momentum,-0.3227166277184202,0.5479303866404436,-0.17682624660105406,ABSTAIN,-0.03277624957004588,1.0,0.0,1.0
2023-06-07,A_7d_momentum,-0.5662144297011126,0.6440058281807174,-0.3646453927275376,ABSTAIN,0.0061572444403654725,0.0,0.0,1.0
2023-06-08,A_7d_momentum,-0.2283806802351728,0.5415569086060334,-0.12368113517350322,ABSTAIN,-0.0010503081775867784,1.0,0.0,1.0
2023-06-09,A_7d_momentum,-0.5113601983307376,0.7443343421078786,-0.38062295680466396,ACCEPT,-0.02375852931180167,1.0,1.0,0.0
2023-06-10,A_7d_momentum,-0.7182731665846835,0.7444507564983647,-0.5347190022364435,ACCEPT,0.0034399794195076883,0.0,1.0,0.0
2023-06-11,A_7d_momentum,-0.7010813911091649,0.7444627873299948,-0.5219290065703192,ACCEPT,-0.001452109670044499,1.0,1.0,0.0
2023-06-12,A_7d_momentum,0.11011211632701837,0.5459555330613723,0.060116319165833154,ABSTAIN,0.0006265231396582749,1.0,0.0,1.0
2023-06-13,A_7d_momentum,-0.7483729558873077,0.6542289431811903,-0.48960724803553685,ACCEPT,-0.030636253390914137,1.0,1.0,0.0
2023-06-14,A_7d_momentum,-0.7292579790761919,0.7492256418110943,-0.5463787774192215,ACCEPT,0.017979087727655774,0.0,1.0,0.0
2023-06-15,A_7d_momentum,-0.6062964311102301,0.7453316182780535,-0.4518919001555962,ACCEPT,0.029365685552642073,0.0,1.0,0.0
2023-06-16,A_7d_momentum,-0.11498014086718704,0.6400555239034023,-0.0735936743012344,ABSTAIN,0.006959002900740696,0.0,0.0,1.0
2023-06-17,A_7d_momentum,0.47008318010234024,0.650772750070236,0.305917323876962,ACCEPT,-0.006580854145875503,0.0,1.0,0.0
2023-06-18,A_7d_momentum,0.2962033266446678,0.6512551273346382,0.19290393521091656,ACCEPT,0.019547852547670663,1.0,1.0,0.0
2023-06-19,A_7d_momentum,0.624521910747214,0.7483715624840248,0.46737443815140123,ACCEPT,0.05498705349618893,1.0,1.0,0.0
2023-06-20,A_7d_momentum,0.9525587660844548,0.7349599281946392,0.700092522322605,ACCEPT,0.06000562340273241,1.0,1.0,0.0
2023-06-21,A_7d_momentum,0.9991851682842079,0.7202126883317722,0.7196258361912036,ACCEPT,-0.0038303689299371557,0.0,1.0,0.0
2023-06-22,A_7d_momentum,0.9977324673564605,0.7203188586108467,0.7186855120851894,ACCEPT,0.02618280743799839,1.0,1.0,0.0
2023-06-23,A_7d_momentum,0.9973800203372666,0.7189907308153016,0.7171069897228717,ACCEPT,-0.0047815994828226405,0.0,1.0,0.0
2023-06-24,A_7d_momentum,0.9954914467801453,0.7162414354498109,0.7130122228198204,ACCEPT,-0.002240147837737516,0.0,1.0,0.0
2023-06-25,A_7d_momentum,0.9963123570730059,0.7312473122676201,0.7285507332886529,ACCEPT,-0.006861189753050945,0.0,1.0,0.0
2023-06-26,A_7d_momentum,0.9878191462497866,0.6449801319061772,0.6371237232476347,ABSTAIN,0.013776598074988877,1.0,0.0,1.0
2023-06-27,A_7d_momentum,0.9311144699252302,0.756911303222576,0.7047710668805041,ACCEPT,-0.01961401038928634,0.0,1.0,0.0
2023-06-28,A_7d_momentum,0.0392435887877897,0.6521934294190419,0.025594410754219223,ACCEPT,0.011935868224670187,1.0,1.0,0.0
2023-06-29,A_7d_momentum,0.3420588789647261,0.7546640016683623,0.2581395224057142,ACCEPT,0.0010477918298796851,1.0,1.0,0.0
2023-06-30,A_7d_momentum,-0.1412313508445492,0.6631844057291675,-0.09366242948016992,ACCEPT,0.0037019798257575953,0.0,1.0,0.0
2023-07-01,A_7d_momentum,0.02708638756602392,0.7632018842255996,0.02067238202725431,ACCEPT,0.0010033124506771962,1.0,1.0,0.0
2023-07-02,A_7d_momentum,0.09193559624186036,0.7657166768398622,0.07039661923760863,ACCEPT,0.01749367929268808,1.0,1.0,0.0
2023-07-03,A_7d_momentum,0.5262317578562992,0.7657144605019457,0.40294326656592666,ACCEPT,-0.012159843310882601,0.0,1.0,0.0
2023-07-04,A_7d_momentum,0.05820933746012117,0.7716097600697994,0.044914892911426085,ACCEPT,-0.0085586975402272,0.0,1.0,0.0
2023-07-05,A_7d_momentum,0.2770298576887327,0.6674696578933267,0.18490902433773537,ACCEPT,-0.019821224171432172,0.0,1.0,0.0
2023-07-06,A_7d_momentum,-0.33825014540296133,0.7653353452848757,-0.2588747918246348,ACCEPT,0.014474667943441766,0.0,1.0,0.0
2023-07-07,A_7d_momentum,-0.08835072566046957,0.7649229868741437,-0.06758150096470444,ACCEPT,-0.0016387902600796256,1.0,1.0,0.0
2023-07-08,A_7d_momentum,-0.19211449518762402,0.767922550836905,-0.14752905319722454,ACCEPT,-0.004004505286051452,1.0,1.0,0.0
2023-07-09,A_7d_momentum,-0.28545823038050017,0.6682967749236025,-0.19077081473868698,ACCEPT,0.008061862007427312,0.0,1.0,0.0
2023-07-10,A_7d_momentum,-0.4432642436733908,0.5852360409945767,-0.25941421108187057,ABSTAIN,0.006788889103658935,0.0,0.0,1.0
2023-07-11,A_7d_momentum,-0.10143240634410208,0.7183220949328777,-0.07286113861917833,ACCEPT,-0.007488490028050299,1.0,1.0,0.0
2023-07-12,A_7d_momentum,-0.08013120699314485,0.6177222346355841,-0.049498828247851984,ABSTAIN,0.03568093437476372,0.0,0.0,1.0
2023-07-13,A_7d_momentum,0.7808871453269346,0.8088306528710829,0.6316054595734207,ACCEPT,-0.036280934592069825,0.0,1.0,0.0
2023-07-14,A_7d_momentum,-0.005403146854868387,0.7951284244626299,-0.004296195645851714,ACCEPT,-0.001261344778969442,1.0,1.0,0.0
2023-07-15,A_7d_momentum,0.002156055471308083,0.5973793676637629,0.0012879830540980187,ABSTAIN,-0.001540603578530031,0.0,0.0,1.0
2023-07-16,A_7d_momentum,0.051591706993165155,0.5978008904001453,0.03084156837777753,ABSTAIN,-0.0034131272874816654,0.0,0.0,1.0
2023-07-17,A_7d_momentum,-0.17480089710385852,0.7996404709583691,-0.13977787168407485,ACCEPT,-0.009597533349379406,1.0,1.0,0.0
2023-07-18,A_7d_momentum,-0.4615338909572486,0.8046643986334231,-0.3713798908160583,ACCEPT,0.0019212301525000086,0.0,1.0,0.0
2023-07-19,A_7d_momentum,-0.3044143153026403,0.8039646844019355,-0.24473835892971849,ACCEPT,-0.0040752996439197275,1.0,1.0,0.0
2023-07-20,A_7d_momentum,-0.7894766827853908,0.8039008235959871,-0.6346609555010035,ACCEPT,0.0039181140710413676,0.0,1.0,0.0
2023-07-21,A_7d_momentum,-0.2733000066150421,0.703879320305147,-0.19237022289558803,ACCEPT,-0.004578641136054662,1.0,1.0,0.0
2023-07-22,A_7d_momentum,-0.33275671965173026,0.8038078547405267,-0.26747246497375216,ACCEPT,0.010504447141318263,0.0,1.0,0.0
2023-07-23,A_7d_momentum,-0.10839785356955713,0.7038375623594451,-0.07629448102139316,ACCEPT,-0.03016908602087709,1.0,1.0,0.0
2023-07-24,A_7d_momentum,-0.5668407562818503,0.799113433030021,-0.4529700627337228,ACCEPT,0.0017299501204297574,0.0,1.0,0.0
2023-07-25,A_7d_momentum,-0.39816224563193175,0.7993371884638126,-0.3182658899758663,ACCEPT,0.004365152978824893,0.0,1.0,0.0
2023-07-26,A_7d_momentum,-0.3572293609578297,0.8023548139840767,-0.28662469746097,ACCEPT,-0.004915119656712763,1.0,1.0,0.0
2023-07-27,A_7d_momentum,-0.3715812086567594,0.7069965324973324,-0.26270662606149664,ACCEPT,0.0037163327075591113,0.0,1.0,0.0
2023-07-28,A_7d_momentum,-0.3749734561889037,0.7066961760975666,-0.26499230762678666,ACCEPT,0.001284885528077373,0.0,1.0,0.0
2023-07-29,A_7d_momentum,-0.2717106172527042,0.7044695913594123,-0.1914118675040262,ACCEPT,-0.002779902682116475,1.0,1.0,0.0
2023-07-30,A_7d_momentum,-0.4914505485353553,0.7076351677201256,-0.34776769133896385,ACCEPT,-0.0015438698273756435,1.0,1.0,0.0
2023-07-31,A_7d_momentum,0.03644781954645076,0.6084489131817236,0.022176636190881546,ABSTAIN,0.015245275282999904,1.0,0.0,1.0
2023-08-01,A_7d_momentum,0.29751916907103515,0.7058294643446924,0.2099977957376867,ACCEPT,-0.01764989082843693,0.0,1.0,0.0
2023-08-02,A_7d_momentum,-0.13744101136059506,0.8194404321864003,-0.11262472174946196,ACCEPT,0.0009166006009861949,0.0,1.0,0.0
2023-08-03,A_7d_momentum,-0.02191296549695846,0.8346428330998537,-0.018289499604000753,ACCEPT,-0.0035843942133476636,1.0,1.0,0.0
2023-08-04,A_7d_momentum,-0.16568927485789373,0.8368309174958488,-0.13865390789855309,ACCEPT,-0.0010994270766331304,1.0,1.0,0.0
2023-08-05,A_7d_momentum,-0.2112293968262515,0.8368214977319298,-0.17676130021715591,ACCEPT,-9.347950838400898e-06,1.0,1.0,0.0
2023-08-06,A_7d_momentum,-0.15814941987447712,0.8368008194127678,-0.13233956414061632,ACCEPT,0.004776645775930843,0.0,1.0,0.0
2023-08-07,A_7d_momentum,-0.03387893098284038,0.6350079892166957,-0.02151339184022468,ABSTAIN,0.020044635853149417,0.0,0.0,1.0
2023-08-08,A_7d_momentum,0.06042003125228547,0.8264964028265506,0.049936938488681706,ACCEPT,-0.006853508270246889,0.0,1.0,0.0
2023-08-09,A_7d_momentum,0.27379870349635715,0.8238670662494848,0.22557373459245633,ACCEPT,-0.004461964714047806,0.0,1.0,0.0
2023-08-10,A_7d_momentum,0.17030735484204812,0.821708812296381,0.13994305427259768,ACCEPT,-0.001083159880198692,0.0,1.0,0.0
2023-08-11,A_7d_momentum,0.2190133761386245,0.719699765775506,0.15762387550867085,ACCEPT,0.0006207965516027425,1.0,1.0,0.0
2023-08-12,A_7d_momentum,0.251904446204968,0.7237305732218896,0.18231094924906413,ACCEPT,-0.004523080645381872,0.0,1.0,0.0
2023-08-13,A_7d_momentum,0.16449935570774257,0.7381186197204741,0.12142003737990624,ACCEPT,0.004286776125049352,1.0,1.0,0.0
2023-08-14,A_7d_momentum,0.15491846431018394,0.8378497052012335,0.12979838965251542,ACCEPT,-0.008096168172366025,0.0,1.0,0.0
2023-08-15,A_7d_momentum,-0.3798539167876845,0.836954863490542,-0.3179205830713842,ACCEPT,-0.016063173634291772,1.0,1.0,0.0
2023-08-16,A_7d_momentum,-0.523860061465733,0.8329714084096751,-0.4363604532086906,ACCEPT,-0.07097917151940503,1.0,1.0,0.0
2023-08-17,A_7d_momentum,-0.9544110080842406,0.7830287695909494,-0.7473312773442605,ACCEPT,-0.02306411031148714,1.0,1.0,0.0
2023-08-18,A_7d_momentum,-0.9792036299104442,0.7807251426381759,-0.7644888936336511,ACCEPT,0.0017907574452629138,0.0,1.0,0.0
2023-08-19,A_7d_momentum,-0.9783331959775706,0.7803370201677399,-0.7634296108803189,ACCEPT,0.00357825614760654,0.0,1.0,0.0
2023-08-20,A_7d_momentum,-0.9711834706549105,0.7797980090369442,-0.7573269368262887,ACCEPT,-0.002498831574187843,1.0,1.0,0.0
2023-08-21,A_7d_momentum,-0.9773007527853027,0.6855794362934523,-0.6700172991837144,ACCEPT,-0.0035401882238949023,1.0,1.0,0.0
2023-08-22,A_7d_momentum,-0.9733302494147996,0.78893612108636,-0.7678953915093314,ACCEPT,0.015365306423789304,0.0,1.0,0.0
2023-08-23,A_7d_momentum,-0.918895002204777,0.6857235347884157,-0.6301079290112688,ACCEPT,-0.01018731988472621,1.0,1.0,0.0
2023-08-24,A_7d_momentum,-0.3598061343668247,0.6877335046151614,-0.24745073377013,ACCEPT,-0.004384352975912553,1.0,1.0,0.0
2023-08-25,A_7d_momentum,-0.001450059651534086,0.6900877311429541,-0.0010006683749491001,ACCEPT,-0.0015051281432193475,1.0,1.0,0.0
2023-08-26,A_7d_momentum,-0.06714399418672751,0.7924220272576286,-0.05320637999162104,ACCEPT,0.0031232321991347956,0.0,1.0,0.0
2023-08-27,A_7d_momentum,-0.07613509152136891,0.7926768389117695,-0.06035052367741697,ACCEPT,0.0006307866874213364,0.0,1.0,0.0
2023-08-28,A_7d_momentum,-0.013772010481389926,0.6980318519825057,-0.00961330198184709,ACCEPT,0.062101924766441385,0.0,1.0,0.0
2023-08-29,A_7d_momentum,0.8624489747614454,0.6648338461507395,0.5733852689994138,ACCEPT,-0.015512708305083889,0.0,1.0,0.0
2023-08-30,A_7d_momentum,0.5750206238053686,0.6638641811946637,0.38173559559259573,ACCEPT,-0.0500340578984273,0.0,1.0,0.0
2023-08-31,A_7d_momentum,-0.17470269466399788,0.749064006764108,-0.1308635004575008,ACCEPT,-0.005042060225742162,1.0,1.0,0.0
2023-09-01,A_7d_momentum,-0.18736877192087872,0.7515452819804096,-0.14081611652759984,ACCEPT,0.0026384615075991658,0.0,1.0,0.0
2023-09-02,A_7d_momentum,-0.10698790052791356,0.7488916556141085,-0.08012234595702673,ACCEPT,0.0038953327054152,0.0,1.0,0.0
2023-09-03,A_7d_momentum,-0.09182824415790795,0.6467154138063013,-0.05938674091968751,ABSTAIN,-0.006051329012069284,1.0,0.0,1.0
2023-09-04,A_7d_momentum,-0.2213077447642742,0.6489674129159718,-0.14362151457793923,ABSTAIN,-0.0012565113521479931,1.0,0.0,1.0
2023-09-05,A_7d_momentum,-0.8863597507399598,0.7495344594870812,-0.6643571766819798,ACCEPT,-0.0010374752516241204,1.0,1.0,0.0
2023-09-06,A_7d_momentum,-0.8114535725588122,0.7820081107470831,-0.6345632752356879,ACCEPT,0.018908652030005024,0.0,1.0,0.0
2023-09-07,A_7d_momentum,0.23370649794757614,0.780782431477425,0.18247392771958235,ACCEPT,-0.012749181613965876,0.0,1.0,0.0
2023-09-08,A_7d_momentum,0.08115965443230999,0.6773218890622843,0.0549712104557344,ACCEPT,-0.0003851113886439439,0.0,1.0,0.0
2023-09-09,A_7d_momentum,0.020777955635678982,0.6772917369075839,0.01407273766187774,ACCEPT,-0.0024502611024840304,0.0,1.0,0.0
2023-09-10,A_7d_momentum,-0.10537717186062254,0.7610414538388411,-0.0801963960742336,ACCEPT,-0.02592003689674205,1.0,1.0,0.0
2023-09-11,A_7d_momentum,-0.46482526850688044,0.7533330094669264,-0.35016821840056034,ACCEPT,0.026654161568650414,0.0,1.0,0.0
2023-09-12,A_7d_momentum,0.041373857775678556,0.5462104341309186,0.022598832817324267,ABSTAIN,0.01528956036711282,1.0,0.0,1.0
2023-09-13,A_7d_momentum,0.3530763890421468,0.6457676268708489,0.22800530185587572,ABSTAIN,0.011870739692642074,1.0,0.0,1.0
2023-09-14,A_7d_momentum,0.22437599558382407,0.7446069559173102,0.16707192705258708,ACCEPT,0.0026006171627044328,1.0,1.0,0.0
2023-09-15,A_7d_momentum,0.4950809934879872,0.7461860804053881,0.36942254601400665,ACCEPT,-0.001518755875352329,0.0,1.0,0.0
2023-09-16,A_7d_momentum,0.4772921234853742,0.7451338059499091,0.35564649652257085,ACCEPT,-0.0012832501161511578,0.0,1.0,0.0
2023-09-17,A_7d_momentum,0.4956153466385854,0.6426728855746769,0.3185185449593135,ABSTAIN,0.008294723552398242,1.0,0.0,1.0
2023-09-18,A_7d_momentum,0.8524560574151652,0.769017113809939,0.65555329692321,ACCEPT,0.017075246134672373,1.0,1.0,0.0
2023-09-19,A_7d_momentum,0.7882006399872018,0.7660350410964714,0.6037893096448611,ACCEPT,-0.00290724465500225,0.0,1.0,0.0
2023-09-20,A_7d_momentum,0.5973969828466548,0.7999409155059722,0.4778822893788586,ACCEPT,-0.02080107760178318,0.0,1.0,0.0
2023-09-21,A_7d_momentum,0.02106645924943467,0.6883309016234698,0.01450069488917745,ACCEPT,0.0004492514240630463,1.0,1.0,0.0
2023-09-22,A_7d_momentum,-0.021887845423755273,0.6903771449827255,-0.01511086823347538,ACCEPT,-6.686879658768241e-06,1.0,1.0,0.0
2023-09-23,A_7d_momentum,0.008362690769556433,0.6926543716044657,0.005792454319909577,ACCEPT,-0.01213588594546644,0.0,1.0,0.0
2023-09-24,A_7d_momentum,-0.20606620466969305,0.6906010590628684,-0.14230953918195582,ACCEPT,0.0015864178176880905,0.0,1.0,0.0
2023-09-25,A_7d_momentum,-0.32812993240736055,0.6882818750909557,-0.22584588515080667,ACCEPT,-0.0030887894396227633,1.0,1.0,0.0
2023-09-26,A_7d_momentum,-0.6233626701668826,0.6901473200027105,-0.43021207620540763,ACCEPT,0.005167086436411061,0.0,1.0,0.0
2023-09-27,A_7d_momentum,-0.5186155267785909,0.5923650819475313,-0.30720972901946214,ABSTAIN,0.02537992888096885,0.0,0.0,1.0
2023-09-28,A_7d_momentum,0.3289983038586773,0.78339729993835,0.2577363829271846,ACCEPT,-0.004064392478456136,0.0,1.0,0.0
2023-09-29,A_7d_momentum,0.24485340329872518,0.782846034053186,0.19168251569683228,ACCEPT,0.0020881352448591795,1.0,1.0,0.0
2023-09-30,A_7d_momentum,0.28429710957671417,0.7825930298281046,0.2224889363550134,ACCEPT,0.037668241913332734,1.0,1.0,0.0
2023-10-01,A_7d_momentum,0.8656377657639736,0.777994479736494,0.6734614032158037,ACCEPT,-0.016186709920936293,0.0,1.0,0.0
2023-10-02,A_7d_momentum,0.733918373720032,0.7790992488429253,0.5717952536772982,ACCEPT,-0.003661597010505724,0.0,1.0,0.0
2023-10-03,A_7d_momentum,0.7283189404191209,0.7809033366389528,0.5687466907106382,ACCEPT,0.013467601347721292,1.0,1.0,0.0
2023-10-04,A_7d_momentum,0.7997558329339727,0.6826028204828961,0.5459155872583776,ACCEPT,-0.01379463216164356,0.0,1.0,0.0
2023-10-05,A_7d_momentum,0.2838729416192193,0.6787260922708366,0.19267197236664002,ACCEPT,0.01935684447622399,1.0,1.0,0.0
2023-10-06,A_7d_momentum,0.64640007193182,0.774456118938599,0.5006084909899485,ACCEPT,0.0007958817661306572,1.0,1.0,0.0
2023-10-07,A_7d_momentum,0.6305370569852031,0.7746356055633783,0.4884364549678832,ACCEPT,-0.001206700034343422,0.0,1.0,0.0
2023-10-08,A_7d_momentum,-0.034763423820496596,0.5749298438370444,-0.019986529828359096,ABSTAIN,-0.012579594744121514,1.0,0.0,1.0
2023-10-09,A_7d_momentum,0.03840541596945534,0.6777948220310218,0.026030992082044346,ACCEPT,-0.006984500217130485,0.0,1.0,0.0
2023-10-10,A_7d_momentum,-0.028398497618114346,0.6748924710707614,-0.019165932232186326,ACCEPT,-0.018900326735168282,1.0,1.0,0.0
2023-10-11,A_7d_momentum,-0.5825110010703284,0.6782719241514038,-0.3951008575353321,ACCEPT,-0.0043359541366684295,1.0,1.0,0.0
2023-10-12,A_7d_momentum,-0.4469043646315029,0.7801383679008316,-0.3486472416313788,ACCEPT,0.003945769916393171,0.0,1.0,0.0
2023-10-13,A_7d_momentum,-0.6503613173075836,0.7777463730062637,-0.505816155679549,ACCEPT,-2.4866332556272575e-05,1.0,1.0,0.0
2023-10-14,A_7d_momentum,-0.6593654616069903,0.7825226098233913,-0.5159683818441071,ACCEPT,0.011091823470242623,0.0,1.0,0.0
2023-10-15,A_7d_momentum,-0.50438568355423,0.6811227228971652,-0.34354855017280506,ACCEPT,0.05006744695824206,0.0,1.0,0.0
2023-10-16,A_7d_momentum,0.5905494149619971,0.7498982821043555,0.44285199177773377,ACCEPT,-0.0036367703063566736,0.0,1.0,0.0
2023-10-17,A_7d_momentum,0.634087175263519,0.7491866930303586,0.4750496739286372,ACCEPT,-0.0030759792019486865,0.0,1.0,0.0
2023-10-18,A_7d_momentum,0.7942625854157889,0.7524594690145238,0.5976504032800674,ACCEPT,0.013818840741083749,1.0,1.0,0.0
2023-10-19,A_7d_momentum,0.8990604695130086,0.7538287611992095,0.6777376399761709,ACCEPT,0.033535830870205396,1.0,1.0,0.0
2023-10-20,A_7d_momentum,0.9704530135492451,0.743633793278281,0.7216616556639642,ACCEPT,0.007932597562652743,1.0,1.0,0.0
2023-10-21,A_7d_momentum,0.9791231015832532,0.7591353924185194,0.7432869999464408,ACCEPT,0.002523007395046406,1.0,1.0,0.0
2023-10-22,A_7d_momentum,0.9696913196729484,0.764319131853288,0.7411536276180971,ACCEPT,0.10309890521346299,1.0,1.0,0.0
2023-10-23,A_7d_momentum,0.9966993236780182,0.6977777777777777,0.6954746391886615,ACCEPT,0.02464145540134477,1.0,1.0,0.0
2023-10-24,A_7d_momentum,0.999114593171768,0.7,0.6993802152202375,ACCEPT,0.017736456610143003,1.0,1.0,0.0
2023-10-25,A_7d_momentum,0.9996729714682392,0.7,0.6997710800277674,ACCEPT,-0.010033147199696724,0.0,1.0,0.0
2023-10-26,A_7d_momentum,0.9989714664806846,0.7,0.6992800265364791,ACCEPT,-0.007226928505637331,0.0,1.0,0.0
2023-10-27,A_7d_momentum,0.993303739346766,0.7,0.6953126175427361,ACCEPT,0.005301518539129857,1.0,1.0,0.0
2023-10-28,A_7d_momentum,0.9924585932686023,0.6,0.5954751559611614,ABSTAIN,0.013168432293093613,1.0,0.0,1.0
2023-10-29,A_7d_momentum,0.9953452230292976,0.7,0.6967416561205083,ACCEPT,-0.0010457086417764438,0.0,1.0,0.0
2023-10-30,A_7d_momentum,0.694202951196189,0.6977777777777777,0.48439939261245185,ACCEPT,0.004794395311462418,1.0,1.0,0.0
2023-10-31,A_7d_momentum,0.4235800518075101,0.7,0.29650603626525707,ACCEPT,0.022195613001625203,1.0,1.0,0.0
2023-11-01,A_7d_momentum,0.4942407415076066,0.7022222222222222,0.3470668318142304,ACCEPT,-0.014081557224217889,0.0,1.0,0.0
2023-11-02,A_7d_momentum,0.4281689909327221,0.7,0.2997182936529054,ACCEPT,-0.005893770145759425,0.0,1.0,0.0
2023-11-03,A_7d_momentum,0.4503381015403582,0.6977777777777777,0.31423591974149434,ACCEPT,0.010073356782761111,1.0,1.0,0.0
2023-11-04,A_7d_momentum,0.5243789812852329,0.5977777777777777,0.3134621021460614,ABSTAIN,-0.0009360829177728069,0.0,0.0,1.0
2023-11-05,A_7d_momentum,0.28749137606594194,0.7031806578612618,0.20215837495148847,ACCEPT,-0.0003419285416157436,0.0,1.0,0.0
2023-11-06,A_7d_momentum,0.30055373234200694,0.7038670630451795,0.2115498728708354,ACCEPT,0.011593090279608864,1.0,1.0,0.0
2023-11-07,A_7d_momentum,0.4198844361878794,0.7077618383307329,0.29717818044279687,ACCEPT,0.005973294692089626,1.0,1.0,0.0
2023-11-08,A_7d_momentum,0.12243032051721237,0.709795760983677,0.08690052251899023,ACCEPT,0.029107827327892632,1.0,1.0,0.0
2023-11-09,A_7d_momentum,0.7635037400798013,0.7135090553328839,0.5447668323274627,ACCEPT,0.01691989303173269,1.0,1.0,0.0
2023-11-10,A_7d_momentum,0.9026962295020842,0.7133185320552724,0.6439099493202559,ACCEPT,-0.0047145338500075296,0.0,1.0,0.0
2023-11-11,A_7d_momentum,0.824919336793566,0.7118427542400003,0.5872128527289665,ACCEPT,-0.002249209321512735,0.0,1.0,0.0
2023-11-12,A_7d_momentum,0.8158217039940886,0.8078544978888357,0.6590652330469587,ACCEPT,-0.014901395821212304,0.0,1.0,0.0
2023-11-13,A_7d_momentum,0.6838129305436789,0.7080006023651866,0.4841399667300281,ACCEPT,-0.026428838121854925,0.0,1.0,0.0
2023-11-14,A_7d_momentum,0.05303634441316037,0.6958395812956607,0.03690478768990597,ACCEPT,0.06592844558740318,1.0,1.0,0.0
2023-11-15,A_7d_momentum,0.8477874031573487,0.7493765734795084,0.6353120192171445,ACCEPT,-0.04555929205565723,0.0,1.0,0.0
2023-11-16,A_7d_momentum,-0.285294871244792,0.6239930231802844,-0.17802200920586775,ABSTAIN,0.012222842746045792,0.0,0.0,1.0
2023-11-17,A_7d_momentum,-0.36657385657975616,0.523342263697096,-0.19184359191462422,ABSTAIN,-0.000300039994658885,1.0,0.0,1.0
2023-11-18,A_7d_momentum,-0.28898320420140705,0.6262981918175311,-0.1809896582569776,ABSTAIN,0.021889527372586093,0.0,0.0,1.0
2023-11-19,A_7d_momentum,0.17731598182128053,0.7212703850259974,0.12789276647949777,ACCEPT,0.0024182537251242753,1.0,1.0,0.0
2023-11-20,A_7d_momentum,0.48842804397137357,0.7212447309938292,0.35227615318397554,ACCEPT,-0.04437779006078835,0.0,1.0,0.0
2023-11-21,A_7d_momentum,0.15418543775897525,0.6056450533158092,0.09338164767205595,ABSTAIN,0.045192824521265385,1.0,0.0,1.0
2023-11-22,A_7d_momentum,-0.23233913798044012,0.49777777777777776,-0.11565325979470796,ABSTAIN,-0.003812712499291715,1.0,0.0,1.0
2023-11-23,A_7d_momentum,0.556517670593292,0.5977777777777777,0.33267389642132345,ABSTAIN,0.011549062275727495,1.0,0.0,1.0
2023-11-24,A_7d_momentum,0.5469671093360768,0.6977777777777777,0.3816614940700625,ACCEPT,0.0020283973558654633,1.0,1.0,0.0
2023-11-25,A_7d_momentum,0.5797302740975427,0.7000180496215919,0.40582165578035273,ACCEPT,-0.008404730932136117,0.0,1.0,0.0
2023-11-26,A_7d_momentum,0.04948229839873443,0.7,0.034637608879114094,ACCEPT,-0.006002091789647501,0.0,1.0,0.0
2023-11-27,A_7d_momentum,-0.11833682237750001,0.6,-0.0710020934265,ABSTAIN,0.01548599794884531,0.0,0.0,1.0
2023-11-28,A_7d_momentum,0.8098296086502713,0.7,0.5668807260551899,ACCEPT,0.0007244373065387055,1.0,1.0,0.0
2023-11-29,A_7d_momentum,0.2238371907950025,0.6056912956989918,0.1355762381182475,ABSTAIN,-0.0038497596002547985,0.0,0.0,1.0
2023-11-30,A_7d_momentum,0.22312251496617433,0.705135016397631,0.157331498249354,ACCEPT,0.025879947957747618,1.0,1.0,0.0
2023-12-01,A_7d_momentum,0.47266795782549537,0.7031276210792665,0.33234589674623566,ACCEPT,0.020356874575942596,1.0,1.0,0.0
2023-12-02,A_7d_momentum,0.710761141334262,0.7044444444444444,0.5006917373399135,ACCEPT,0.012717964611113297,1.0,1.0,0.0
2023-12-03,A_7d_momentum,0.8701474055871083,0.7055627122107141,0.6139435635091565,ACCEPT,0.05006972516793251,1.0,1.0,0.0
2023-12-04,A_7d_momentum,0.987566304716056,0.7044444444444444,0.695685596877755,ACCEPT,0.05003682455553493,1.0,1.0,0.0
2023-12-05,A_7d_momentum,0.9973042022613058,0.7123627043856151,0.7104423186180022,ACCEPT,-0.007581629055975703,0.0,1.0,0.0
2023-12-06,A_7d_momentum,0.9960334153256821,0.7347895931632967,0.7318749880242069,ACCEPT,-0.010372985662227885,0.0,1.0,0.0
2023-12-07,A_7d_momentum,0.9946350879744549,0.7314806668616747,0.7275563374355747,ACCEPT,0.02018673414826888,1.0,1.0,0.0
2023-12-08,A_7d_momentum,0.9930833627962898,0.7334357570737207,0.7283628480298132,ACCEPT,-0.009976252913108663,0.0,1.0,0.0
2023-12-09,A_7d_momentum,0.9733848655496724,0.6318057676277394,0.6149901721758347,ABSTAIN,0.0012284421841561866,1.0,0.0,1.0
2023-12-10,A_7d_momentum,0.956381192844339,0.7316774110351942,0.6997625151430967,ACCEPT,-0.05792335792051162,0.0,1.0,0.0
2023-12-11,A_7d_momentum,-0.33705726426211474,0.6184424778882143,-0.2084505297004849,ABSTAIN,0.005004157345118276,0.0,0.0,1.0
2023-12-12,A_7d_momentum,-0.8316490438182462,0.628685539989906,-0.5228457281949631,ABSTAIN,0.03475299863154757,0.0,0.0,1.0
2023-12-13,A_7d_momentum,-0.37240319738751654,0.620519287211226,-0.23108336659808323,ABSTAIN,0.0031062756659134827,0.0,0.0,1.0
2023-12-14,A_7d_momentum,-0.12349430950390838,0.5183311310803105,-0.06401094512714277,ABSTAIN,-0.025432678020983368,1.0,0.0,1.0
2023-12-15,A_7d_momentum,-0.7669637097801532,0.5125773460608779,-0.3931282228841163,ABSTAIN,0.007401888090740938,0.0,0.0,1.0
2023-12-16,A_7d_momentum,-0.5912766173353976,0.614191386115547,-0.36315700517893973,ABSTAIN,-0.02072563201266564,1.0,0.0,1.0
2023-12-17,A_7d_momentum,-0.801669513891938,0.6091622372848133,-0.4883467946454417,ABSTAIN,0.030433584522719714,0.0,0.0,1.0
2023-12-18,A_7d_momentum,0.5843539053594943,0.7028885725149722,0.41073568238168406,ACCEPT,-0.008282083715112631,0.0,1.0,0.0
2023-12-19,A_7d_momentum,0.37635153681321737,0.6014380476011251,0.2263521335126244,ABSTAIN,0.032687613405284255,1.0,0.0,1.0
2023-12-20,A_7d_momentum,0.3408835661955099,0.6022222222222222,0.20528765875329597,ABSTAIN,0.0049688697318006625,1.0,0.0,1.0
2023-12-21,A_7d_momentum,0.37384709779040404,0.7022222222222222,0.26252373978170596,ACCEPT,0.002934864092908329,1.0,1.0,0.0
2023-12-22,A_7d_momentum,0.7558576188119552,0.6033626081160436,0.4560562242507636,ABSTAIN,-0.005872083923035065,0.0,0.0,1.0
2023-12-23,A_7d_momentum,0.6106476223912508,0.702830691494043,0.4291818907044361,ACCEPT,-0.01653939964043194,0.0,1.0,0.0
2023-12-24,A_7d_momentum,0.663188932028474,0.5171557745226967,0.3429719857980655,ABSTAIN,0.013879063861056418,1.0,0.0,1.0
2023-12-25,A_7d_momentum,0.43361895494213737,0.6368289175198804,0.2761410896919031,ABSTAIN,-0.025055253200995553,0.0,0.0,1.0
2023-12-26,A_7d_momentum,0.11767880685921699,0.6318995999500551,0.07436119097693901,ABSTAIN,0.021694364920222586,1.0,0.0,1.0
2023-12-27,A_7d_momentum,-0.09564430884597325,0.5306996562717228,-0.050758401828904495,ABSTAIN,-0.01876027694786908,1.0,0.0,1.0
2023-12-28,A_7d_momentum,-0.5123483182062526,0.7337849592354837,-0.3759534897893437,ACCEPT,-0.012396896798793966,1.0,1.0,0.0
2023-12-29,A_7d_momentum,-0.697797909563344,0.6333766883020467,-0.4419689290633219,ABSTAIN,0.0013658151137276864,0.0,0.0,1.0
2023-12-30,A_7d_momentum,-0.6191748659364172,0.7311473842824254,-0.4527080836428329,ACCEPT,0.002568622223877659,0.0,1.0,0.0
2023-12-31,A_7d_momentum,-0.33561152987264864,0.6633845837111201,-0.22263951503321916,ACCEPT,0.0450049945064126,0.0,1.0,0.0
2024-01-01,A_7d_momentum,0.2488060277193453,0.7450736841743729,0.18537882371764375,ACCEPT,0.017900939051301412,1.0,1.0,0.0
2024-01-02,A_7d_momentum,0.8166044978822583,0.7527696587915954,0.6147150892385097,ACCEPT,-0.04692812036242189,0.0,1.0,0.0
2024-01-03,A_7d_momentum,-0.26713452706616636,0.6310528383083893,-0.16857600151527352,ABSTAIN,0.03108057856532498,0.0,0.0,1.0
2024-01-04,A_7d_momentum,0.6219589198222384,0.7274796388953758,0.45246245040003996,ACCEPT,-0.0003900067727314882,0.0,1.0,0.0
2024-01-05,A_7d_momentum,0.7531519261112678,0.6253703334376542,0.4709988711614151,ABSTAIN,-0.003928567037593367,0.0,0.0,1.0
2024-01-06,A_7d_momentum,0.7010046015309913,0.7298809469599482,0.5116499023887211,ACCEPT,-0.0010479313368322307,0.0,1.0,0.0
2024-01-07,A_7d_momentum,0.6606643187849973,0.6346443253138565,0.4192868608542432,ABSTAIN,0.06889378335779228,1.0,0.0,1.0
2024-01-08,A_7d_momentum,0.8536191412975694,0.7022375605092663,0.5994434233888198,ACCEPT,-0.017687130611972357,0.0,1.0,0.0
2024-01-09,A_7d_momentum,0.4821014683321703,0.7024751156545823,0.3386642847238853,ACCEPT,0.010577584004972662,1.0,1.0,0.0
2024-01-10,A_7d_momentum,0.9429683825912767,0.7020783769869683,0.6620377115997101,ACCEPT,-0.005558733892443213,0.0,1.0,0.0
2024-01-11,A_7d_momentum,0.757701452751452,0.6014901963487834,0.4557499955892293,ABSTAIN,-0.07581464687080208,0.0,0.0,1.0
2024-01-12,A_7d_momentum,-0.5320821573212228,0.5955555555555556,-0.3168844848046394,ABSTAIN,-0.0002516769882185965,1.0,0.0,1.0
2024-01-13,A_7d_momentum,-0.47878478162898036,0.5977777777777777,-0.2862069027959905,ABSTAIN,-0.0244177193838242,1.0,0.0,1.0
2024-01-14,A_7d_momentum,-0.7518054176998705,0.7,-0.5262637923899093,ACCEPT,0.01712351907901466,0.0,1.0,0.0
2024-01-15,A_7d_momentum,-0.9561037432284247,0.7,-0.6692726202598973,ACCEPT,0.015124600939588229,0.0,1.0,0.0
2024-01-16,A_7d_momentum,-0.8601191968182289,0.6,-0.5160715180909373,ABSTAIN,-0.009553782672285682,1.0,0.0,1.0
2024-01-17,A_7d_momentum,-0.931079752348819,0.6,-0.5586478514092914,ABSTAIN,-0.034639725632667706,1.0,0.0,1.0
2024-01-18,A_7d_momentum,-0.9758664942792097,0.7,-0.6831065459954467,ACCEPT,0.00863620644230223,0.0,1.0,0.0
2024-01-19,A_7d_momentum,-0.5199531789164801,0.6977777777777777,-0.36281177373283274,ACCEPT,0.0011336255217606617,0.0,1.0,0.0
2024-01-20,A_7d_momentum,-0.5000411972629065,0.6955555555555555,-0.34780643276286605,ACCEPT,-0.0028752933279206916,1.0,1.0,0.0
2024-01-21,A_7d_momentum,-0.11928897779190482,0.5955555555555556,-0.07104321344051222,ABSTAIN,-0.049064374667218136,1.0,0.0,1.0
2024-01-22,A_7d_momentum,-0.8882418360121425,0.6955555555555555,-0.6178215437151123,ACCEPT,0.008560013431039293,0.0,1.0,0.0
2024-01-23,A_7d_momentum,-0.91106016884726,0.6933333333333334,-0.6316683837341003,ACCEPT,0.005810521700930993,0.0,1.0,0.0
2024-01-24,A_7d_momentum,-0.8475159007010612,0.6933333333333334,-0.5876110244860692,ACCEPT,-0.0035747525934159974,1.0,1.0,0.0
2024-01-25,A_7d_momentum,-0.5674893709155934,0.5955555555555556,-0.33797144756750896,ABSTAIN,0.04715459322091098,0.0,0.0,1.0
2024-01-26,A_7d_momentum,0.09508546315082615,0.5933333333333334,0.05641737480282352,ABSTAIN,0.007250269707417489,1.0,0.0,1.0
2024-01-27,A_7d_momentum,0.214754712984156,0.5933333333333334,0.12742112970393257,ABSTAIN,-0.002005242826170095,0.0,0.0,1.0
2024-01-28,A_7d_momentum,0.23151738326846893,0.7024884668214264,0.1626382916147753,ACCEPT,0.029799801358818767,1.0,1.0,0.0
2024-01-29,A_7d_momentum,0.9574210945356401,0.6955716585129275,0.6659549786214175,ACCEPT,-0.007753530092744043,0.0,1.0,0.0
2024-01-30,A_7d_momentum,0.915347699454284,0.5945772076682921,0.5442448791871233,ABSTAIN,-0.00861423582021903,0.0,0.0,1.0
2024-01-31,A_7d_momentum,0.8483835409163739,0.594434667260141,0.504308587853605,ABSTAIN,0.011581441842771323,1.0,0.0,1.0
2024-02-01,A_7d_momentum,0.917594350338417,0.6392222035913961,0.5865466826263385,ABSTAIN,0.0025556346111748063,1.0,0.0,1.0
2024-02-02,A_7d_momentum,0.574861661821083,0.7391909557378985,0.42493254121860297,ACCEPT,-0.0044831659668692625,0.0,1.0,0.0
2024-02-03,A_7d_momentum,0.39198840895820525,0.7449527987852258,0.2920128623447827,ACCEPT,-0.009505619472114146,0.0,1.0,0.0
2024-02-04,A_7d_momentum,0.25497431288691486,0.6464052662969175,0.16481673862053978,ABSTAIN,0.0017632602500394778,1.0,0.0,1.0
2024-02-05,A_7d_momentum,-0.28294195954877416,0.6485936849406113,-0.18351436816805683,ABSTAIN,0.009986338686479135,0.0,0.0,1.0
2024-02-06,A_7d_momentum,0.061414800074464024,0.7463263337616334,0.04583548257827842,ACCEPT,0.028630850081180936,1.0,1.0,0.0
2024-02-07,A_7d_momentum,0.6724360384166117,0.7528224414535004,0.5062249401621134,ACCEPT,0.022188248784866804,1.0,1.0,0.0
2024-02-08,A_7d_momentum,0.7752809303489298,0.7497387585487131,0.5812581622462979,ACCEPT,0.040741037427910465,1.0,1.0,0.0
2024-02-09,A_7d_momentum,0.9502696866596704,0.7402304256613627,0.7034185346491775,ACCEPT,0.013236801662479536,1.0,1.0,0.0
2024-02-10,A_7d_momentum,0.9768303830661687,0.7429351814609961,0.7257216578998784,ACCEPT,0.010940478338881565,1.0,1.0,0.0
2024-02-11,A_7d_momentum,0.9906782936498546,0.7797631996533496,0.7724944760835313,ACCEPT,0.034461993507690414,1.0,1.0,0.0
2024-02-12,A_7d_momentum,0.9978719157224242,0.7755908250958596,0.7739403024551411,ACCEPT,-0.004319233922406296,0.0,1.0,0.0
2024-02-13,A_7d_momentum,0.995872244657801,0.7709871156705888,0.7678046694851128,ACCEPT,0.041900916949929146,1.0,1.0,0.0
2024-02-14,A_7d_momentum,0.997722925207209,0.7663177204144593,0.7645727576500345,ACCEPT,0.0021583350882306007,1.0,1.0,0.0
2024-02-15,A_7d_momentum,0.9943152714136678,0.78094236081122,0.7765029154484387,ACCEPT,0.004267512618200353,1.0,1.0,0.0
2024-02-16,A_7d_momentum,0.9719576483672941,0.7805840933271646,0.7586946797031874,ACCEPT,-0.009532306269177337,0.0,1.0,0.0
2024-02-17,A_7d_momentum,0.9259637187183063,0.6777556086166966,0.6275771037369053,ACCEPT,0.008895163192163213,1.0,1.0,0.0
2024-02-18,A_7d_momentum,0.9194647351121142,0.7822587376892529,0.7192593230385858,ACCEPT,-0.006588364620277343,0.0,1.0,0.0
2024-02-19,A_7d_momentum,0.6224396076045454,0.6827141166731868,0.4249483068881422,ACCEPT,0.009767068832988945,1.0,1.0,0.0
2024-02-20,A_7d_momentum,0.7707769900243114,0.7868462636143019,0.6064829946805075,ACCEPT,-0.008524364120598982,0.0,1.0,0.0
2024-02-21,A_7d_momentum,0.004817701894990812,0.6805814084233442,0.0032788383410566613,ACCEPT,-0.010305082651198116,0.0,1.0,0.0
2024-02-22,A_7d_momentum,-0.23924553300410892,0.6744940335753096,-0.16136968457081627,ACCEPT,-0.011168964874795462,1.0,1.0,0.0
2024-02-23,A_7d_momentum,-0.49875027979406933,0.6720135184874569,-0.33516693037101614,ACCEPT,0.016540904827679226,0.0,1.0,0.0
2024-02-24,A_7d_momentum,-0.035559604369200484,0.6753055351610036,-0.024013597658656495,ACCEPT,0.003143945229742817,0.0,1.0,0.0
2024-02-25,A_7d_momentum,-0.14828070675021468,0.5755380285278194,-0.08534118563173028,ABSTAIN,0.053914352844811164,0.0,0.0,1.0
2024-02-26,A_7d_momentum,0.7855105308966946,0.7558831192554233,0.5937541503021772,ACCEPT,0.04700762695380023,1.0,1.0,0.0
2024-02-27,A_7d_momentum,0.9504372650275955,0.7469430111795431,0.7099224726769616,ACCEPT,0.09493531994124749,1.0,1.0,0.0
2024-02-28,A_7d_momentum,0.999466945278988,0.7,0.6996268616952916,ACCEPT,-0.020900898468654838,0.0,1.0,0.0
2024-02-29,A_7d_momentum,0.9991068105027533,0.6977777777777777,0.6971545299952545,ACCEPT,0.020298739001094468,1.0,1.0,0.0
2024-03-01,A_7d_momentum,0.9998042658802209,0.6977777777777777,0.697641198858643,ACCEPT,-0.006578811548619723,0.0,1.0,0.0
2024-03-02,A_7d_momentum,0.9994004018835676,0.5955555555555556,0.5951984615662137,ABSTAIN,0.01833832389535761,1.0,0.0,1.0
2024-03-03,A_7d_momentum,0.9997106397462217,0.695644191185157,0.6954428994054562,ACCEPT,0.08173591649219114,1.0,1.0,0.0
2024-03-04,A_7d_momentum,0.9999202847128973,0.6955555555555555,0.6955001091447485,ACCEPT,-0.06628402455760396,0.0,1.0,0.0
2024-03-05,A_7d_momentum,0.9820769645495661,0.6955555555555555,0.6830890886755869,ACCEPT,0.03613733749494208,1.0,1.0,0.0
2024-03-06,A_7d_momentum,0.8185992833166561,0.6977777777777777,0.5712003888031778,ACCEPT,0.012384196927533564,1.0,1.0,0.0
2024-03-07,A_7d_momentum,0.9537435899595181,0.5977777777777777,0.5701267237758008,ABSTAIN,0.020539401213709896,1.0,0.0,1.0
2024-03-08,A_7d_momentum,0.9542075345918559,0.7,0.6679452742142991,ACCEPT,0.0029105240064184468,1.0,1.0,0.0
2024-03-09,A_7d_momentum,0.9696125615980428,0.7,0.6787287931186299,ACCEPT,0.007604594828588107,1.0,1.0,0.0
2024-03-10,A_7d_momentum,0.9520265355619184,0.7022222222222222,0.6685341894168138,ACCEPT,0.04497430707429584,1.0,1.0,0.0
2024-03-11,A_7d_momentum,0.8041817767568348,0.7044444444444444,0.5665013849598147,ACCEPT,-0.008909905479502545,0.0,1.0,0.0
2024-03-12,A_7d_momentum,0.9839161577200034,0.7044444444444444,0.6931142711049801,ACCEPT,0.022414410239567806,1.0,1.0,0.0
2024-03-13,A_7d_momentum,0.9710704585483968,0.7066666666666667,0.686223124040867,ACCEPT,-0.0230819028918976,0.0,1.0,0.0
2024-03-14,A_7d_momentum,0.8707433378743169,0.6044444444444445,0.5263159731151427,ABSTAIN,-0.027911980219644583,0.0,0.0,1.0
2024-03-15,A_7d_momentum,0.31238433906531676,0.6044444444444445,0.18881897827948035,ABSTAIN,-0.05891115205258901,0.0,0.0,1.0
2024-03-16,A_7d_momentum,-0.7303988425128942,0.6022222222222222,-0.43986241404665405,ABSTAIN,0.04708722796395115,0.0,0.0,1.0
2024-03-17,A_7d_momentum,-0.1803206618873838,0.6022222222222222,-0.10859310971440224,ABSTAIN,-0.0123120859035869,1.0,0.0,1.0
2024-03-18,A_7d_momentum,-0.8534549040075855,0.7044444444444444,-0.6012115657120102,ACCEPT,-0.08343356981432348,1.0,1.0,0.0
2024-03-19,A_7d_momentum,-0.9905900331238867,0.7044444444444444,-0.6978156455561602,ACCEPT,0.09692504638897836,0.0,1.0,0.0
2024-03-20,A_7d_momentum,-0.8885034161495551,0.6022222222222222,-0.5350765017256209,ABSTAIN,-0.03566706353999505,1.0,0.0,1.0
2024-03-21,A_7d_momentum,-0.9294313684316364,0.7022222222222222,-0.6526673609431046,ACCEPT,-0.02615044343853401,1.0,1.0,0.0
2024-03-22,A_7d_momentum,-0.9247623064420655,0.6044444444444445,-0.5589674385605373,ABSTAIN,0.004444134671348854,0.0,0.0,1.0
2024-03-23,A_7d_momentum,-0.3658748912950945,0.7044444444444444,-0.2577385345345443,ACCEPT,0.04951388799118828,0.0,1.0,0.0
2024-03-24,A_7d_momentum,-0.3258610291973158,0.6022222222222222,-0.19624075313882797,ABSTAIN,0.04052464020923141,0.0,0.0,1.0
2024-03-25,A_7d_momentum,0.6129450349379701,0.6022222222222222,0.369129121040422,ABSTAIN,0.00041486463910467286,1.0,0.0,1.0
2024-03-26,A_7d_momentum,0.9892119792045704,0.6022222222222222,0.5957254363654191,ABSTAIN,-0.007608353371227561,0.0,0.0,1.0
2024-03-27,A_7d_momentum,0.42518905832626896,0.6,0.2551134349957614,ABSTAIN,0.018567460837021654,1.0,0.0,1.0
2024-03-28,A_7d_momentum,0.9223210417347912,0.6,0.5533926250408747,ABSTAIN,-0.01204502883045766,0.0,0.0,1.0
2024-03-29,A_7d_momentum,0.9576920677738611,0.6,0.5746152406643166,ABSTAIN,-0.0035414711944022903,0.0,0.0,1.0
2024-03-30,A_7d_momentum,0.9405764826665128,0.7,0.6584035378665589,ACCEPT,0.02424203264779501,1.0,1.0,0.0
2024-03-31,A_7d_momentum,0.8394954637309282,0.7022222222222222,0.5895123700866073,ACCEPT,-0.022871394296192005,0.0,1.0,0.0
2024-04-01,A_7d_momentum,-0.07324436094125943,0.6,-0.04394661656475565,ABSTAIN,-0.061047985989492126,1.0,0.0,1.0
2024-04-02,A_7d_momentum,-0.8611079174675281,0.6022222222222222,-0.5185783236304448,ABSTAIN,0.008156830210526378,0.0,0.0,1.0
2024-04-03,A_7d_momentum,-0.7618074079186447,0.7022222222222222,-0.5349580908939816,ACCEPT,0.038314642609167615,0.0,1.0,0.0
2024-04-04,A_7d_momentum,-0.5595383129928393,0.6022222222222222,-0.33696640626902097,ABSTAIN,-0.009797320875087778,1.0,0.0,1.0
2024-04-05,A_7d_momentum,-0.5285254404714472,0.5044444444444445,-0.2666117221933745,ABSTAIN,0.015602971156545964,0.0,0.0,1.0
2024-04-06,A_7d_momentum,-0.2118867524543079,0.5093821566019143,-0.10793133092055132,ABSTAIN,0.006770270726916605,0.0,0.0,1.0
2024-04-07,A_7d_momentum,-0.5024967195155793,0.5077047961601229,-0.2551199945527876,ABSTAIN,0.03270935878474601,0.0,0.0,1.0
2024-04-08,A_7d_momentum,0.5031825026266415,0.7323740525861258,0.36851780863910233,ACCEPT,-0.03479403115822832,0.0,1.0,0.0
2024-04-09,A_7d_momentum,0.8104211165677723,0.658766806964644,0.5338785312580728,ACCEPT,0.0209558550176423,1.0,1.0,0.0
2024-04-10,A_7d_momentum,0.8845901342711562,0.7662308712615788,0.677800269291985,ACCEPT,-0.007469744331340511,0.0,1.0,0.0
2024-04-11,A_7d_momentum,0.42437153385370013,0.5700335583496091,0.24190601550490629,ABSTAIN,-0.04088948430588779,0.0,0.0,1.0
2024-04-12,A_7d_momentum,-0.18698264154426406,0.7584549972440068,-0.1418179188771319,ACCEPT,-0.05021729270691988,1.0,1.0,0.0
2024-04-13,A_7d_momentum,-0.9001723287803829,0.7578774386281611,-0.6822202988600236,ACCEPT,0.03004089104268326,0.0,1.0,0.0
2024-04-14,A_7d_momentum,-0.7798135700824207,0.7614752238347934,-0.5938087128279206,ACCEPT,-0.03517737178558533,1.0,1.0,0.0
2024-04-15,A_7d_momentum,-0.9797360435236033,0.7592561437489875,-0.7438706102976212,ACCEPT,0.006080330797783695,0.0,1.0,0.0
2024-04-16,A_7d_momentum,-0.9122878249871513,0.7566193547195147,-0.690254625460248,ACCEPT,-0.03972884891052719,1.0,1.0,0.0
2024-04-17,A_7d_momentum,-0.9898300593687779,0.7538946213825154,-0.7462275578408576,ACCEPT,0.03649124077498622,0.0,1.0,0.0
2024-04-18,A_7d_momentum,-0.9535213063170278,0.6465581631291728,-0.6165069843168668,ABSTAIN,0.005208661031110617,0.0,0.0,1.0
2024-04-19,A_7d_momentum,-0.7606555015330853,0.6462003918457564,-0.49153588315031005,ABSTAIN,0.018026421268684478,0.0,0.0,1.0
2024-04-20,A_7d_momentum,0.3518714784585234,0.6452809521647102,0.22705596265932027,ABSTAIN,-0.0010431180502996629,0.0,0.0,1.0
2024-04-21,A_7d_momentum,-0.2421563408708957,0.6445859485356933,-0.15609057467419896,ABSTAIN,0.029433758205850147,0.0,0.0,1.0
2024-04-22,A_7d_momentum,0.7916096534726612,0.6565100285290075,0.5196996761851745,ACCEPT,-0.006439574982440521,0.0,1.0,0.0
2024-04-23,A_7d_momentum,0.6714928658366611,0.6564818849017728,0.44082290226254456,ACCEPT,-0.03208044676017341,0.0,1.0,0.0
2024-04-24,A_7d_momentum,0.7527335596723385,0.5569811370132751,0.41925839393434905,ABSTAIN,0.0031863484195515657,1.0,0.0,1.0
2024-04-25,A_7d_momentum,0.29599182780417155,0.5593023066955802,0.16554891205391412,ABSTAIN,-0.011265004482557628,0.0,0.0,1.0
2024-04-26,A_7d_momentum,-0.027638656088650643,0.7583456892782676,-0.02095965570227276,ACCEPT,-0.005272966802647994,1.0,1.0,0.0
2024-04-27,A_7d_momentum,-0.4500391630258382,0.761087922866104,-0.34251937179573516,ACCEPT,-0.004823625063903991,1.0,1.0,0.0
2024-04-28,A_7d_momentum,-0.506940899944325,0.7680307509376798,-0.38934620006526316,ACCEPT,0.011533090916022948,0.0,1.0,0.0
2024-04-29,A_7d_momentum,-0.714671317506841,0.5712221448346908,-0.40823608283809204,ABSTAIN,-0.050191249309274655,1.0,0.0,1.0
2024-04-30,A_7d_momentum,-0.9399811390263201,0.7669234570035619,-0.7208935846602111,ACCEPT,-0.03929695449375714,1.0,1.0,0.0
2024-05-01,A_7d_momentum,-0.9539593332195779,0.7622416186176967,-0.7271475062487498,ACCEPT,0.014924669552331737,0.0,1.0,0.0
2024-05-02,A_7d_momentum,-0.9304795634994503,0.7629707647660504,-0.7099287041623563,ACCEPT,0.06370405294167747,0.0,1.0,0.0
2024-05-03,A_7d_momentum,-0.26502175697474245,0.6525032017155339,-0.17292754495029558,ACCEPT,0.015926845790239064,0.0,1.0,0.0
2024-05-04,A_7d_momentum,0.14786369525064108,0.6555144769717152,0.09692679285532907,ACCEPT,0.002185896653241981,1.0,1.0,0.0
2024-05-05,A_7d_momentum,0.28293975903872726,0.6612090076297548,0.1870823172929988,ACCEPT,-0.013574390387488533,0.0,1.0,0.0
2024-05-06,A_7d_momentum,-0.20961575389689616,0.6604489626785499,-0.13844050722228726,ACCEPT,-0.01309542885757653,1.0,1.0,0.0
2024-05-07,A_7d_momentum,0.5080089975427352,0.5673987540325256,0.2882436722430603,ABSTAIN,-0.018398626419713127,0.0,0.0,1.0
2024-05-08,A_7d_momentum,0.7646381713548369,0.5703299930810118,0.4360960829782817,ABSTAIN,0.03043115176709965,1.0,0.0,1.0
2024-05-09,A_7d_momentum,0.8688203344722347,0.5655172044820094,0.49133284674786254,ABSTAIN,-0.035799920573900024,0.0,0.0,1.0
2024-05-10,A_7d_momentum,-0.5829363825148348,0.7594654443171461,-0.4427200387552589,ACCEPT,1.5356984674586016e-05,0.0,1.0,0.0
2024-05-11,A_7d_momentum,-0.7485701770231336,0.7572180167634271,-0.5668308248537047,ACCEPT,0.010768936188532141,0.0,1.0,0.0
2024-05-12,A_7d_momentum,-0.6677731556393842,0.7593190021381825,-0.5070528461947624,ACCEPT,0.023646747788683697,0.0,1.0,0.0
2024-05-13,A_7d_momentum,-0.0822998000004005,0.6558313739450431,-0.05397479090966492,ACCEPT,-0.02144084393922019,1.0,1.0,0.0
2024-05-14,A_7d_momentum,-0.24577566509149865,0.5584145547675999,-0.13724470859477997,ABSTAIN,0.07659609250545496,0.0,0.0,1.0
2024-05-15,A_7d_momentum,0.9302590688436888,0.7297774617771962,0.6788821020559652,ACCEPT,-0.01563225228621834,0.0,1.0,0.0
2024-05-16,A_7d_momentum,0.5992840922270674,0.7270097884980863,0.4356854011402679,ACCEPT,0.02790508695432159,1.0,1.0,0.0
2024-05-17,A_7d_momentum,0.9679773037424333,0.7268299381558997,0.7035548838154273,ACCEPT,-0.0016564833198177142,0.0,1.0,0.0
2024-05-18,A_7d_momentum,0.965568298180084,0.7247767081915483,0.6998214126890766,ACCEPT,-0.009895869986810912,0.0,1.0,0.0
2024-05-19,A_7d_momentum,0.9173499519569075,0.7244171193882244,0.664544009667549,ACCEPT,0.07800174241430358,1.0,1.0,0.0
2024-05-20,A_7d_momentum,0.9913154697460618,0.7159940197746352,0.7097759480482635,ACCEPT,-0.018358253231772315,0.0,1.0,0.0
2024-05-21,A_7d_momentum,0.9924692377629901,0.7222367285847633,0.7167977355029556,ACCEPT,-0.01446030042296964,0.0,1.0,0.0
2024-05-22,A_7d_momentum,0.6970873500519007,0.7201771451720312,0.5020263776959143,ACCEPT,-0.017255976976508713,0.0,1.0,0.0
2024-05-23,A_7d_momentum,0.6789700427545935,0.6291141597004113,0.4271496679093084,ABSTAIN,0.008781729788116976,1.0,0.0,1.0
2024-05-24,A_7d_momentum,0.4134182685129347,0.6318348638850932,0.261212075413481,ABSTAIN,0.010796524727518797,1.0,0.0,1.0
2024-05-25,A_7d_momentum,0.600983674250177,0.7338864193236541,0.4410537567674357,ACCEPT,-0.010796814497022966,0.0,1.0,0.0
2024-05-26,A_7d_momentum,0.5888177622287505,0.7342781936364605,0.4323560428303898,ACCEPT,0.012791671360530277,1.0,1.0,0.0
2024-05-27,A_7d_momentum,-0.5189205930040784,0.5354498776091531,-0.27785596801290297,ABSTAIN,-0.015827408107827234,1.0,0.0,1.0
2024-05-28,A_7d_momentum,-0.4813808086934389,0.6359566612718314,-0.3061373318970136,ABSTAIN,-0.01051485738366742,1.0,0.0,1.0
2024-05-29,A_7d_momentum,-0.4192767880794644,0.6399666904484992,-0.2683231784490916,ABSTAIN,0.011644282841286824,0.0,0.0,1.0
2024-05-30,A_7d_momentum,0.12750259931064523,0.6449987908931559,0.0822390223911007,ABSTAIN,-0.012778150001159894,0.0,0.0,1.0
2024-05-31,A_7d_momentum,-0.2931267094412082,0.6435644886590272,-0.1886459408738344,ABSTAIN,0.0031933460054698326,0.0,0.0,1.0
2024-06-01,A_7d_momentum,-0.4220233770351808,0.5414489680287281,-0.22850412197969747,ABSTAIN,0.0006596674454519835,0.0,0.0,1.0
2024-06-02,A_7d_momentum,-0.22007434980774349,0.640796033512538,-0.1410227704346528,ABSTAIN,0.015544720172089965,0.0,0.0,1.0
2024-06-03,A_7d_momentum,-0.1683585652567277,0.6435210099784958,-0.10834227395253991,ABSTAIN,0.025622992224831664,0.0,0.0,1.0
2024-06-04,A_7d_momentum,0.5818164193881379,0.7655924582418323,0.44543426276482534,ACCEPT,0.007298724608017615,1.0,1.0,0.0
2024-06-05,A_7d_momentum,0.776794825678119,0.7677325249016909,0.596370652848431,ACCEPT,-0.004581363662391591,0.0,1.0,0.0
2024-06-06,A_7d_momentum,0.6042558208284272,0.7685421725404139,0.4643960813096705,ACCEPT,-0.01999201273457618,0.0,1.0,0.0
2024-06-07,A_7d_momentum,0.49944404638312256,0.6634561673296906,0.3313592328089787,ACCEPT,-0.0005308786729295578,0.0,1.0,0.0
2024-06-08,A_7d_momentum,0.44004069834709697,0.6620460841367073,0.2913272212014776,ACCEPT,0.00493781012787653,1.0,1.0,0.0
2024-06-09,A_7d_momentum,0.5078341296995388,0.7056703096849541,0.3583634675736627,ACCEPT,-0.0019485261992140401,0.0,1.0,0.0
2024-06-10,A_7d_momentum,0.20280324226555033,0.8087406875241527,0.16401523358196848,ACCEPT,-0.03136496113771259,0.0,1.0,0.0
2024-06-11,A_7d_momentum,-0.7245023465311506,0.7992889482285185,-0.579086718547977,ACCEPT,0.013502581655740586,0.0,1.0,0.0
2024-06-12,A_7d_momentum,-0.6637724286161202,0.7000997481554018,-0.4647069101066451,ACCEPT,-0.021757960505889518,1.0,1.0,0.0
2024-06-13,A_7d_momentum,-0.8113079121933859,0.7989784466435704,-0.6482175354339097,ACCEPT,-0.011164543099157487,1.0,1.0,0.0
2024-06-14,A_7d_momentum,-0.7446687491508847,0.801813104458015,-0.5970851615495376,ACCEPT,0.0027253941690672523,0.0,1.0,0.0
2024-06-15,A_7d_momentum,-0.7157372729551436,0.8023143319654154,-0.5742462720137541,ACCEPT,0.006768999939568809,0.0,1.0,0.0
2024-06-16,A_7d_momentum,-0.6983352091977509,0.8013537802292827,-0.5596135597578247,ACCEPT,-0.0022321747830370553,1.0,1.0,0.0
2024-06-17,A_7d_momentum,-0.7011109272261719,0.7032292813535469,-0.49304173350237973,ACCEPT,-0.02029695827328193,1.0,1.0,0.0
2024-06-18,A_7d_momentum,-0.5722683769787263,0.802940092918956,-0.45949722378587865,ACCEPT,-0.0027701435671353414,1.0,1.0,0.0
2024-06-19,A_7d_momentum,-0.7449707025521507,0.8046685047497367,-0.599454461305,ACCEPT,-0.00202647819256907,1.0,1.0,0.0
2024-06-20,A_7d_momentum,-0.5208790096864868,0.8057178867732587,-0.4196815349491439,ACCEPT,-0.011298352821403679,1.0,1.0,0.0
2024-06-21,A_7d_momentum,-0.5227915582735989,0.8074579538917368,-0.42213220195547285,ACCEPT,0.0024397531859308152,0.0,1.0,0.0
2024-06-22,A_7d_momentum,-0.5267999836509943,0.8073196817128576,-0.42529599512745936,ACCEPT,-0.01668075089399379,1.0,1.0,0.0
2024-06-23,A_7d_momentum,-0.7770594228082727,0.8112464838510594,-0.6303867244965449,ACCEPT,-0.04595356431233677,1.0,1.0,0.0
2024-06-24,A_7d_momentum,-0.9534860147704339,0.8057013523469678,-0.7682249715444596,ACCEPT,0.025336630415439876,0.0,1.0,0.0
2024-06-25,A_7d_momentum,-0.7716024897368757,0.7985199629969171,-0.6161399915530191,ACCEPT,-0.016072632592061153,1.0,1.0,0.0
2024-06-26,A_7d_momentum,-0.8557910861086419,0.7979311041312265,-0.6828623262443301,ACCEPT,0.013048951973404943,0.0,1.0,0.0
2024-06-27,A_7d_momentum,-0.7593073357902428,0.6962999017912643,-0.5287056233401326,ACCEPT,-0.020853310881755127,1.0,1.0,0.0
2024-06-28,A_7d_momentum,-0.826898517411614,0.7971284620384915,-0.6591443434462287,ACCEPT,0.009403861104374522,0.0,1.0,0.0
2024-06-29,A_7d_momentum,-0.7808289178663379,0.6939599391586377,-0.5418639883358288,ACCEPT,0.029413551620566913,0.0,1.0,0.0
2024-06-30,A_7d_momentum,-0.15774037018836023,0.6851142651681532,-0.10807017780895088,ACCEPT,0.002771094932125795,0.0,1.0,0.0
2024-07-01,A_7d_momentum,0.6932776272419275,0.6877962599228653,0.4768337591051961,ACCEPT,-0.013093697885290578,0.0,1.0,0.0
2024-07-02,A_7d_momentum,0.07248049130968097,0.6894173918706327,0.04996931128022231,ACCEPT,-0.02990687070088416,0.0,1.0,0.0
2024-07-03,A_7d_momentum,-0.20660037796935785,0.78691741679051,-0.16257743573959005,ACCEPT,-0.05311634426354228,1.0,1.0,0.0
2024-07-04,A_7d_momentum,-0.9055427426692467,0.772369843898726,-0.6994139067990703,ACCEPT,-0.005534237213954074,1.0,1.0,0.0
2024-07-05,A_7d_momentum,-0.8375123471002452,0.7751985869566074,-0.6492383880308218,ACCEPT,0.02896391234041995,0.0,1.0,0.0
2024-07-06,A_7d_momentum,-0.6904041361571549,0.7685556744940498,-0.530614016537744,ACCEPT,-0.042097439142912196,1.0,1.0,0.0
2024-07-07,A_7d_momentum,-0.9747219084983846,0.7641149404433516,-0.7447995730610731,ACCEPT,0.015326802715911692,0.0,1.0,0.0
2024-07-08,A_7d_momentum,-0.9607824290052195,0.6621547199872082,-0.6361866202465809,ACCEPT,0.02299844211812685,0.0,1.0,0.0
2024-07-09,A_7d_momentum,-0.8607156812438018,0.7555222466369131,-0.6502898452089384,ACCEPT,-0.004598069730556098,1.0,1.0,0.0
2024-07-10,A_7d_momentum,-0.6685588926453406,0.6578007977495766,-0.4397785729246786,ACCEPT,-0.006885432015347748,1.0,1.0,0.0
2024-07-11,A_7d_momentum,0.12818723629884277,0.6601948554698944,0.0846285539413997,ACCEPT,0.009670444019596935,1.0,1.0,0.0
2024-07-12,A_7d_momentum,0.4108662961445272,0.5593564389336935,0.22982070828927903,ABSTAIN,0.023013827240820017,1.0,0.0,1.0
2024-07-13,A_7d_momentum,0.3081283147551397,0.6586995302383405,0.20296397618234202,ACCEPT,0.026266900915231206,1.0,1.0,0.0
2024-07-14,A_7d_momentum,0.943453687854601,0.6652761022231019,0.62765719208392,ACCEPT,0.06715755212726138,1.0,1.0,0.0
2024-07-15,A_7d_momentum,0.9937154553262356,0.7490094072486273,0.7443022241677035,ACCEPT,0.003499237870556282,1.0,1.0,0.0
2024-07-16,A_7d_momentum,0.9850315360360589,0.7507563620915497,0.7395186925398828,ACCEPT,-0.01502916014346345,0.0,1.0,0.0
2024-07-17,A_7d_momentum,0.9761484695420556,0.7496902932408613,0.7318090323776016,ACCEPT,-0.0022571629283560934,0.0,1.0,0.0
2024-07-18,A_7d_momentum,0.9805648869183851,0.6522055535038237,0.6395298648190196,ACCEPT,0.042768734230136385,1.0,1.0,0.0
2024-07-19,A_7d_momentum,0.9954653728199399,0.7476487217994177,0.7442584135844088,ACCEPT,0.0067979482134701286,1.0,1.0,0.0
2024-07-20,A_7d_momentum,0.9906082370974724,0.7526988324713384,0.7456296634997582,ACCEPT,0.014753144342986024,1.0,1.0,0.0
2024-07-21,A_7d_momentum,0.9844263759413588,0.7544110068351777,0.7426620934290257,ACCEPT,-0.00835268752223095,0.0,1.0,0.0
2024-07-22,A_7d_momentum,0.6842629948867097,0.7550777347356219,0.5166717521424692,ACCEPT,-0.02452573786440093,0.0,1.0,0.0
2024-07-23,A_7d_momentum,0.2497670119325499,0.6566771016529824,0.16401627748439276,ACCEPT,-0.008426492953570563,0.0,1.0,0.0
2024-07-24,A_7d_momentum,0.37217294371373066,0.670797966503974,0.24965285383096852,ACCEPT,0.00619673448871394,1.0,1.0,0.0
2024-07-25,A_7d_momentum,0.5107293254117006,0.6739113575811396,0.3441862930446988,ACCEPT,0.032455548053117234,1.0,1.0,0.0
2024-07-26,A_7d_momentum,0.34551067241697614,0.7730616608651443,0.26710105426530034,ACCEPT,-0.0014537411892032726,0.0,1.0,0.0
2024-07-27,A_7d_momentum,0.191085946760942,0.7849104578157012,0.1499853579542777,ACCEPT,0.006525726007755361,1.0,1.0,0.0
2024-07-28,A_7d_momentum,0.02973064096986988,0.7872572416248167,0.02340566240167753,ACCEPT,-0.021037797689324123,0.0,1.0,0.0
2024-07-29,A_7d_momentum,-0.22268569843605854,0.6811613121365008,-0.15168488254073875,ACCEPT,-0.009262185475442442,1.0,1.0,0.0
2024-07-30,A_7d_momentum,0.08273277267807681,0.6803986810759939,0.056291269411923486,ACCEPT,-0.023893373992326827,0.0,1.0,0.0
2024-07-31,A_7d_momentum,-0.22634862321734758,0.6761568025056066,-0.15304716132618806,ACCEPT,0.011424614182306447,0.0,1.0,0.0
2024-08-01,A_7d_momentum,-0.12693226311488204,0.6760738921737114,-0.08581558916649593,ACCEPT,-0.06032105869640059,1.0,1.0,0.0
2024-08-02,A_7d_momentum,-0.9573663417867587,0.7587852363574283,-0.7264354459333122,ACCEPT,-0.011967302150066583,1.0,1.0,0.0
2024-08-03,A_7d_momentum,-0.9706716437245266,0.7609567091170424,-0.738639099641846,ACCEPT,-0.04223983565450573,1.0,1.0,0.0
2024-08-04,A_7d_momentum,-0.9947586339477187,0.7800005547168947,-0.775912286288641,ACCEPT,-0.07098647891315102,1.0,1.0,0.0
2024-08-05,A_7d_momentum,-0.99907594263375,0.759832846186344,-0.7591307170477067,ACCEPT,0.03783671505322772,0.0,1.0,0.0
2024-08-06,A_7d_momentum,-0.9957119602005755,0.7506874114377915,-0.7474684339406193,ACCEPT,-0.017968550940289485,1.0,1.0,0.0
2024-08-07,A_7d_momentum,-0.9947362268063524,0.7502147267694237,-0.7462657666011752,ACCEPT,0.12144256099404904,0.0,1.0,0.0
2024-08-08,A_7d_momentum,-0.8062175159757692,0.5990022199914862,-0.48292608186550723,ABSTAIN,-0.013450358103773374,1.0,0.0,1.0
2024-08-09,A_7d_momentum,-0.1724678731802644,0.6012678332746187,-0.1036993844165793,ABSTAIN,0.001079157301276501,0.0,0.0,1.0
2024-08-10,A_7d_momentum,0.08735696714963674,0.6023735724136081,0.05262152837714489,ABSTAIN,-0.036529632368097475,0.0,0.0,1.0
2024-08-11,A_7d_momentum,0.2044220509212831,0.4992906076634356,0.1020660100242932,ABSTAIN,0.010814659848586317,1.0,0.0,1.0
2024-08-12,A_7d_momentum,0.9630708682680602,0.49962798279059134,0.48117715519715426,ABSTAIN,0.021144992390795814,1.0,0.0,1.0
2024-08-13,A_7d_momentum,0.9264900559042579,0.5000968617021038,0.46333476935592605,ABSTAIN,-0.0308911115194338,0.0,0.0,1.0
2024-08-14,A_7d_momentum,0.8736628228401248,0.6,0.5241976937040749,ABSTAIN,-0.020041310813293967,0.0,0.0,1.0
2024-08-15,A_7d_momentum,-0.872870461084345,0.7009200817830128,-0.6118124349692151,ACCEPT,0.023175912946963972,0.0,1.0,0.0
2024-08-16,A_7d_momentum,-0.573305140882344,0.6981386909250336,-0.40024650055619154,ACCEPT,0.00993082725079053,0.0,1.0,0.0
2024-08-17,A_7d_momentum,-0.4473310851032537,0.5978288585483493,-0.2674274320004727,ABSTAIN,-0.016728732324455264,1.0,0.0,1.0
2024-08-18,A_7d_momentum,-0.0800469010842635,0.4981802375594756,-0.039877784198058236,ABSTAIN,0.01726094125025579,0.0,0.0,1.0
2024-08-19,A_7d_momentum,0.046781978399599,0.6977777777777777,0.03264342492772019,ACCEPT,-0.008079210921579816,0.0,1.0,0.0
2024-08-20,A_7d_momentum,-0.4830115169769444,0.5980895491447078,-0.288884140420442,ABSTAIN,0.03664287570061453,0.0,0.0,1.0
2024-08-21,A_7d_momentum,0.6805354566469538,0.6977777777777777,0.47486251863809664,ACCEPT,-0.012967304646127387,0.0,1.0,0.0
2024-08-22,A_7d_momentum,0.7532721416199551,0.6028999138340956,0.4541477092762956,ABSTAIN,0.061482671821355916,1.0,0.0,1.0
2024-08-23,A_7d_momentum,0.9431656283694986,0.6955555555555555,0.6560240926214511,ACCEPT,0.0013205019089592707,1.0,1.0,0.0
2024-08-24,A_7d_momentum,0.91866387173857,0.701422460918276,0.6443714736715792,ACCEPT,0.0024081210374646833,1.0,1.0,0.0
2024-08-25,A_7d_momentum,0.96405611828169,0.7220244339414961,0.6960720730901733,ACCEPT,-0.022583597070127692,0.0,1.0,0.0
2024-08-26,A_7d_momentum,0.8139699006173741,0.6196919352777177,0.5044105829713921,ABSTAIN,-0.05369739018896724,0.0,0.0,1.0
2024-08-27,A_7d_momentum,0.16499752154726652,0.5072898421331723,0.08370156665807753,ABSTAIN,-0.00800797843742207,0.0,0.0,1.0
2024-08-28,A_7d_momentum,-0.6057013801360179,0.6640155169586209,-0.40219511505356814,ACCEPT,0.006108236397788236,0.0,1.0,0.0
2024-08-29,A_7d_momentum,-0.31775651686966966,0.6644454891526198,-0.21113188428290033,ACCEPT,-0.004524521990973862,1.0,1.0,0.0
2024-08-30,A_7d_momentum,-0.9141742074622669,0.6666311073361015,-0.609416964218674,ACCEPT,-0.002530098940268344,1.0,1.0,0.0
2024-08-31,A_7d_momentum,-0.9251017549592541,0.7753323608076373,-0.7172613276598468,ACCEPT,-0.027885585694078285,1.0,1.0,0.0
2024-09-01,A_7d_momentum,-0.9746989541189531,0.7744080223672832,-0.7548146894627178,ACCEPT,0.031172733823612075,0.0,1.0,0.0
2024-09-02,A_7d_momentum,-0.8332019633148532,0.7717135635312835,-0.6429932562509671,ACCEPT,-0.02844504270361159,1.0,1.0,0.0
2024-09-03,A_7d_momentum,-0.6023295520693405,0.7724008906707438,-0.4652398824956687,ACCEPT,0.00941156177702851,0.0,1.0,0.0
2024-09-04,A_7d_momentum,-0.34329917202902466,0.6739228057497954,-0.23135714122538195,ACCEPT,-0.031240343288065575,1.0,1.0,0.0
2024-09-05,A_7d_momentum,-0.7957736318751926,0.7743559492938207,-0.6162120461337062,ACCEPT,-0.03938239218868078,1.0,1.0,0.0
2024-09-06,A_7d_momentum,-0.9412895576430219,0.7711833635557774,-0.7259068471430755,ACCEPT,0.003539165966313096,0.0,1.0,0.0
2024-09-07,A_7d_momentum,-0.9272198768690358,0.7694533161853542,-0.7134524090898554,ACCEPT,0.012964221602682846,0.0,1.0,0.0
2024-09-08,A_7d_momentum,-0.6996440638117652,0.7702115253507587,-0.5388739215910633,ACCEPT,0.039713831911113884,0.0,1.0,0.0
2024-09-09,A_7d_momentum,-0.6094984579269033,0.6621713776397857,-0.4035924335547825,ACCEPT,0.011034389872275785,0.0,1.0,0.0
2024-09-10,A_7d_momentum,0.0756634424150474,0.6681889216706809,0.05055747399720218,ACCEPT,-0.005300015516934153,0.0,1.0,0.0
2024-09-11,A_7d_momentum,-0.2134513878312601,0.6664472907671886,-0.14225409913063974,ACCEPT,0.013669279499548104,0.0,1.0,0.0
2024-09-12,A_7d_momentum,0.6045726124151657,0.683916877538473,0.41347741332825755,ACCEPT,0.04205082955798245,1.0,1.0,0.0
2024-09-13,A_7d_momentum,0.9853665686182098,0.7748938673872082,0.7635545111506274,ACCEPT,-0.00934732588201681,0.0,1.0,0.0
2024-09-14,A_7d_momentum,0.974098227056864,0.774822966842177,0.7547536782839039,ACCEPT,-0.013703582981947293,0.0,1.0,0.0
2024-09-15,A_7d_momentum,0.9191008026791236,0.7739659100411282,0.7113526891650793,ACCEPT,-0.016733367188517922,0.0,1.0,0.0
2024-09-16,A_7d_momentum,0.3896848009413152,0.5848675633145983,0.22791399998728132,ABSTAIN,0.0363626062794542,1.0,0.0,1.0
2024-09-17,A_7d_momentum,0.7272056966748621,0.7780012393766751,0.5657669332948212,ACCEPT,0.02223798894564699,1.0,1.0,0.0
2024-09-18,A_7d_momentum,0.9055112492575584,0.7758616937397174,0.7025514915493367,ACCEPT,0.020937291974474137,1.0,1.0,0.0
2024-09-19,A_7d_momentum,0.9297010732098241,0.7742453512691974,0.71981673400269,ACCEPT,0.004012038411551844,1.0,1.0,0.0
2024-09-20,A_7d_momentum,0.6991569972199422,0.7766208382976585,0.5429798932826252,ACCEPT,0.003194394254405042,1.0,1.0,0.0
2024-09-21,A_7d_momentum,0.810954163027552,0.781931131445365,0.6341103062464627,ACCEPT,0.004004601863112578,1.0,1.0,0.0
2024-09-22,A_7d_momentum,0.9067932670473153,0.7857284030917573,0.7124932256514445,ACCEPT,-0.005010473135318549,0.0,1.0,0.0
2024-09-23,A_7d_momentum,0.9431273884447375,0.7909163602353704,0.7459348813070021,ACCEPT,0.01535087678718594,1.0,1.0,0.0
2024-09-24,A_7d_momentum,0.8678574666818925,0.7903136937423626,0.6858796401352558,ACCEPT,-0.018021597802944433,0.0,1.0,0.0
2024-09-25,A_7d_momentum,0.44984061362101646,0.6951086680578393,0.3126881097724259,ACCEPT,0.032273891570151925,1.0,1.0,0.0
2024-09-26,A_7d_momentum,0.611906038807617,0.8059304158687934,0.4931536883288488,ACCEPT,0.00935309904070647,1.0,1.0,0.0
2024-09-27,A_7d_momentum,0.6762353258956083,0.8078554519842346,0.5463003948491029,ACCEPT,0.0014741358273548943,1.0,1.0,0.0
2024-09-28,A_7d_momentum,0.6563869827815796,0.8095945895746355,0.5314073499271863,ACCEPT,-0.003829909793174213,0.0,1.0,0.0
2024-09-29,A_7d_momentum,0.5540711245226864,0.8153569998696196,0.451765769805204,ACCEPT,-0.035130555094979754,0.0,1.0,0.0
2024-09-30,A_7d_momentum,-9.498885055267123e-05,0.7031371752284266,-6.679019205580041e-05,ACCEPT,-0.039357521968434894,1.0,1.0,0.0
2024-10-01,A_7d_momentum,-0.7923503317794928,0.69363778334582,-0.5496041277688525,ACCEPT,-0.0033568819965540397,1.0,1.0,0.0
2024-10-02,A_7d_momentum,-0.6613069551849416,0.7940474837172815,-0.5251091237293399,ACCEPT,0.0020882627636797935,0.0,1.0,0.0
2024-10-03,A_7d_momentum,-0.8756299540560487,0.799400365738854,-0.6999789055243012,ACCEPT,0.021528753876634443,0.0,1.0,0.0
2024-10-04,A_7d_momentum,-0.811644141930215,0.6914686771668773,-0.5612265011507309,ACCEPT,0.0003620681473552878,0.0,1.0,0.0
2024-10-05,A_7d_momentum,-0.8186730454399685,0.6910660356839057,-0.565757136033469,ACCEPT,0.011741093613744757,0.0,1.0,0.0
2024-10-06,A_7d_momentum,-0.6953197614393419,0.6935102735722931,-0.4822113979760196,ACCEPT,-0.009269383518558882,1.0,1.0,0.0
2024-10-07,A_7d_momentum,-0.33204793105199126,0.7033010388476053,-0.23352965485606347,ACCEPT,-0.001682150134457161,1.0,1.0,0.0
2024-10-08,A_7d_momentum,0.4017339523896605,0.7068952693235111,0.28398383047088765,ACCEPT,-0.024944762232405493,0.0,1.0,0.0
2024-10-09,A_7d_momentum,-0.016716656557376485,0.8036116860179953,-0.013433700560657093,ACCEPT,-0.005077433013489285,1.0,1.0,0.0
2024-10-10,A_7d_momentum,-0.15827212650752986,0.8038309321621157,-0.12722403098582802,ACCEPT,0.036011743668549645,0.0,1.0,0.0
2024-10-11,A_7d_momentum,0.12108133745698238,0.6907851269798013,0.08364118707010575,ACCEPT,0.011977460447594401,1.0,1.0,0.0
2024-10-12,A_7d_momentum,0.3410806192442389,0.6897950048287342,0.23527570739856743,ACCEPT,-0.005406426515387475,0.0,1.0,0.0
2024-10-13,A_7d_momentum,0.010321956007104335,0.6875434022416274,0.007096792750912917,ACCEPT,0.050830232433260125,1.0,1.0,0.0
2024-10-14,A_7d_momentum,0.8408848633570676,0.7717221030481021,0.6489294351712321,ACCEPT,0.015064992457922477,1.0,1.0,0.0
2024-10-15,A_7d_momentum,0.9186378334475621,0.775611145187374,0.7125057420127118,ACCEPT,0.008526251733136592,1.0,1.0,0.0
2024-10-16,A_7d_momentum,0.9809080236423136,0.7834720824132506,0.7685140519389094,ACCEPT,-0.0031485616380424464,0.0,1.0,0.0
2024-10-17,A_7d_momentum,0.982477045297434,0.7814845456810683,0.7677906273863435,ACCEPT,0.015118035686984221,1.0,1.0,0.0
2024-10-18,A_7d_momentum,0.9573587572161737,0.7802676394614589,0.7469960576108198,ACCEPT,-0.0008192879217548965,0.0,1.0,0.0
2024-10-19,A_7d_momentum,0.9269345561644273,0.7782295955979288,0.7213679047895879,ACCEPT,0.009346740674458287,1.0,1.0,0.0
2024-10-20,A_7d_momentum,0.9608680912520436,0.7907352087086141,0.7597922306776325,ACCEPT,-0.023678423698328066,0.0,1.0,0.0
2024-10-21,A_7d_momentum,0.38015727830911117,0.6996064663006686,0.26596049011631706,ACCEPT,-9.567341618454961e-05,0.0,1.0,0.0
2024-10-22,A_7d_momentum,0.09526263133721359,0.6999818253369812,0.06668211056982667,ACCEPT,-0.01379441121005398,0.0,1.0,0.0
2024-10-23,A_7d_momentum,-0.3356672813116556,0.6949799555304412,-0.2332820322389985,ACCEPT,0.02602442034118191,0.0,1.0,0.0
2024-10-24,A_7d_momentum,0.22211662759463197,0.7914092551285944,0.17578515479634307,ACCEPT,-0.022280180844656217,0.0,1.0,0.0
2024-10-25,A_7d_momentum,-0.47713273556163716,0.6861411470893436,-0.3273804024921382,ACCEPT,0.00558625096700216,0.0,1.0,0.0
2024-10-26,A_7d_momentum,-0.37512860102260215,0.58438673977063,-0.21922018014631592,ABSTAIN,0.01364777618155344,0.0,0.0,1.0
2024-10-27,A_7d_momentum,-0.30119628178293595,0.6850046059632116,-0.20632084032030448,ACCEPT,0.029125296867722028,0.0,1.0,0.0
2024-10-28,A_7d_momentum,0.6375535957880516,0.7789639551436751,0.4966312705911326,ACCEPT,0.04023493905417541,1.0,1.0,0.0
2024-10-29,A_7d_momentum,0.9203246001343486,0.7812667218058297,0.7190189833442235,ACCEPT,-0.005238593875544262,0.0,1.0,0.0
2024-10-30,A_7d_momentum,0.9445290792053973,0.7812327521556202,0.7378970520386463,ACCEPT,-0.029366396164960396,0.0,1.0,0.0
2024-10-31,A_7d_momentum,0.5389887400802597,0.7749150012061211,0.4176704601693801,ACCEPT,-0.010435331387529279,0.0,1.0,0.0
2024-11-01,A_7d_momentum,0.6922829198456273,0.6712116497465054,0.4646683607209112,ACCEPT,-0.0027804900426771084,0.0,1.0,0.0
2024-11-02,A_7d_momentum,0.5907580217970835,0.6693208988587087,0.3954066901572165,ACCEPT,-0.00791112711687536,0.0,1.0,0.0
2024-11-03,A_7d_momentum,0.2345691300163258,0.5826711852332458,0.13667667300574388,ABSTAIN,-0.013523338185854272,0.0,0.0,1.0
2024-11-04,A_7d_momentum,-0.5368494754674364,0.6823643177553478,-0.36632692606465356,ACCEPT,0.02282879023690776,0.0,1.0,0.0
2024-11-05,A_7d_momentum,-0.7279449569782172,0.5768611449076034,-0.41992316131217045,ABSTAIN,0.09053568676993895,0.0,0.0,1.0
2024-11-06,A_7d_momentum,0.722204060968283,0.7297719293299476,0.527044250942747,ACCEPT,0.003513808689745934,1.0,1.0,0.0
2024-11-07,A_7d_momentum,0.9247167943388277,0.7302014055143504,0.6752295029289365,ACCEPT,0.008439738809541852,1.0,1.0,0.0
2024-11-08,A_7d_momentum,0.9662885701420344,0.7326177623489115,0.7079201700407864,ACCEPT,0.0030490452928257916,1.0,1.0,0.0
2024-11-09,A_7d_momentum,0.9738441934003379,0.7348632493746646,0.7156423083468216,ACCEPT,0.048129393514959595,1.0,1.0,0.0
2024-11-10,A_7d_momentum,0.9978349929825342,0.7312785640471101,0.7296953408242258,ACCEPT,0.10223522760015435,1.0,1.0,0.0
2024-11-11,A_7d_momentum,0.9999910980100826,0.6940003091089981,0.6939941311252438,ACCEPT,-0.008406532091926988,0.0,1.0,0.0
2024-11-12,A_7d_momentum,0.9999560045101715,0.6951610318994822,0.6951304479493741,ACCEPT,0.029882636380625716,1.0,1.0,0.0
2024-11-13,A_7d_momentum,0.9992612786885507,0.6969548864691757,0.6964400310414223,ACCEPT,-0.03680261786927608,0.0,1.0,0.0
2024-11-14,A_7d_momentum,0.9949492513216331,0.5916499747286476,0.5886616994007311,ABSTAIN,0.04373133907381366,1.0,0.0,1.0
2024-11-15,A_7d_momentum,0.9989874497282633,0.6909087433843655,0.6902091635485064,ACCEPT,-0.005573223886622736,0.0,1.0,0.0
2024-11-16,A_7d_momentum,0.9984760815516907,0.5877225177220377,0.5868268765347943,ABSTAIN,-0.007869224693816235,0.0,0.0,1.0
2024-11-17,A_7d_momentum,0.9812115433378613,0.6876144718250442,0.6746952571209,ACCEPT,0.007755383808848215,1.0,1.0,0.0
2024-11-18,A_7d_momentum,0.392824360621429,0.5928199250430648,0.2328741080186854,ABSTAIN,0.019892819836786257,1.0,0.0,1.0
2024-11-19,A_7d_momentum,0.760655351708197,0.6960315620456993,0.5294401326278771,ACCEPT,0.02161166598491282,1.0,1.0,0.0
2024-11-20,A_7d_momentum,0.6800116346004529,0.7057813614037349,0.47993953723868676,ACCEPT,0.044151545428309014,1.0,1.0,0.0
2024-11-21,A_7d_momentum,0.9885769080907701,0.7057456557004588,0.6976838582108528,ACCEPT,0.005004201495724558,1.0,1.0,0.0
2024-11-22,A_7d_momentum,0.9404532541873959,0.7068699270454635,0.6647781231771133,ACCEPT,-0.012327389984975179,0.0,1.0,0.0
2024-11-23,A_7d_momentum,0.9208038688797078,0.7035907907591867,0.6478691222391921,ACCEPT,0.002419161787646784,1.0,1.0,0.0
2024-11-24,A_7d_momentum,0.9486604810964674,0.6090756721562617,0.5778060201719134,ABSTAIN,-0.05011051933125821,0.0,0.0,1.0
2024-11-25,A_7d_momentum,0.5119755872677066,0.5939225571573231,0.3040738499921586,ABSTAIN,-0.011997304040733403,0.0,0.0,1.0
2024-11-26,A_7d_momentum,-0.07748225319900916,0.6157192342799188,-0.04770731360997671,ABSTAIN,0.04323745271515378,0.0,0.0,1.0
2024-11-27,A_7d_momentum,0.3311192048392217,0.6116710295025977,0.20253602491208825,ABSTAIN,-0.0032310787967048116,0.0,0.0,1.0
2024-11-28,A_7d_momentum,-0.5220188790008425,0.5085307726480746,-0.2654626638751802,ABSTAIN,0.018912786163713058,0.0,0.0,1.0
2024-11-29,A_7d_momentum,-0.3007452502296335,0.5064610952348666,-0.1523157688179842,ABSTAIN,-0.010388394458550332,1.0,0.0,1.0
2024-11-30,A_7d_momentum,-0.26519118352396986,0.5103045471785448,-0.1353282668239418,ABSTAIN,0.008613193542348574,0.0,0.0,1.0
2024-12-01,A_7d_momentum,-0.1486710505725452,0.5540244860339547,-0.08236740238158244,ABSTAIN,-0.01454037255458307,1.0,0.0,1.0
2024-12-02,A_7d_momentum,0.5324385208085736,0.6529062458470328,0.34763243576547304,ACCEPT,0.0014276215513644441,1.0,1.0,0.0
2024-12-03,A_7d_momentum,0.7030804052842744,0.6589172061811122,0.46327177637059813,ACCEPT,0.02881567529768403,1.0,1.0,0.0
2024-12-04,A_7d_momentum,0.5261537903508331,0.7657548957029037,0.40290484085378964,ACCEPT,-0.022020788503929523,0.0,1.0,0.0
2024-12-05,A_7d_momentum,0.19427416137111467,0.6684288688771568,0.1298584579373524,ACCEPT,0.03444474217316973,1.0,1.0,0.0
2024-12-06,A_7d_momentum,0.46576460192916286,0.7655846758806095,0.35658224180459924,ACCEPT,2.627082989481444e-05,1.0,1.0,0.0
2024-12-07,A_7d_momentum,0.617180927962106,0.7686999105121727,0.47442692409429055,ACCEPT,0.013136868131795154,1.0,1.0,0.0
2024-12-08,A_7d_momentum,0.6714455145603416,0.7706123497532424,0.5174242057066198,ACCEPT,-0.03756861480096407,0.0,1.0,0.0
2024-12-09,A_7d_momentum,0.31582564035915994,0.6616680668822668,0.20897174092829937,ACCEPT,-0.007772430783165474,0.0,1.0,0.0
2024-12-10,A_7d_momentum,0.13934790868139357,0.6632359745893279,0.09242054602128874,ACCEPT,0.04652269534294651,1.0,1.0,0.0
2024-12-11,A_7d_momentum,0.4517493340199215,0.664271616336468,0.30008426028833624,ACCEPT,-0.011169293200355757,0.0,1.0,0.0
2024-12-12,A_7d_momentum,0.6133132567519698,0.7612585331243105,0.4668899501806981,ACCEPT,0.014156490833941326,1.0,1.0,0.0
2024-12-13,A_7d_momentum,0.2985742206039512,0.763651409199881,0.2280066243149635,ACCEPT,-0.0008504799301751742,0.0,1.0,0.0
2024-12-14,A_7d_momentum,0.2822719488083798,0.7636040113490932,0.2155439924014047,ACCEPT,0.02886101293644905,1.0,1.0,0.0
2024-12-15,A_7d_momentum,0.5406384754161067,0.7795730622085865,0.42146719182791587,ACCEPT,0.016596788984881483,1.0,1.0,0.0
2024-12-16,A_7d_momentum,0.943026169971411,0.7811516024032564,0.7366464037813734,ACCEPT,0.001045771070669721,1.0,1.0,0.0
2024-12-17,A_7d_momentum,0.9609471809857248,0.7900266028598346,0.7591738369218869,ACCEPT,-0.057462106019896764,0.0,1.0,0.0
2024-12-18,A_7d_momentum,-0.22001765665040002,0.664592508025393,-0.14622208624315913,ACCEPT,-0.025495268879325628,1.0,1.0,0.0
2024-12-19,A_7d_momentum,-0.47009321928387576,0.6622216619097031,-0.3113059129266507,ACCEPT,0.002717960528709318,0.0,1.0,0.0
2024-12-20,A_7d_momentum,-0.6230732142941259,0.7606595928453985,-0.47394661749784356,ACCEPT,-0.005433973434635808,1.0,1.0,0.0
2024-12-21,A_7d_momentum,-0.6742045746270904,0.7608126330142282,-0.5129433576122744,ACCEPT,-0.021802983021374844,1.0,1.0,0.0
2024-12-22,A_7d_momentum,-0.9428334597861282,0.7615471685714673,-0.7180121517345663,ACCEPT,-0.004402456102765462,1.0,1.0,0.0
2024-12-23,A_7d_momentum,-0.9726753685431595,0.761465865436212,-0.7406590912962033,ACCEPT,0.04213760595334648,0.0,1.0,0.0
2024-12-24,A_7d_momentum,-0.8867554252890308,0.5562876750725896,-0.4932911138920404,ABSTAIN,0.0063146152104343045,0.0,0.0,1.0
2024-12-25,A_7d_momentum,-0.14732707789217228,0.6567834703720685,-0.09676198949779696,ACCEPT,-0.03528406928650052,1.0,1.0,0.0
2024-12-26,A_7d_momentum,-0.33443575163886047,0.6564961859176994,-0.21955579538543088,ACCEPT,-0.017022260795415023,1.0,1.0,0.0
2024-12-27,A_7d_momentum,-0.6259331196150404,0.7553299787891334,-0.4727860499622446,ACCEPT,0.010609799867287384,0.0,1.0,0.0
2024-12-28,A_7d_momentum,-0.40023140046551886,0.7557297306846942,-0.3024667684853646,ACCEPT,-0.017167251608511402,1.0,1.0,0.0
2024-12-29,A_7d_momentum,-0.3195557889868142,0.7636359409892016,-0.24402428562149261,ACCEPT,-0.00948373223930199,1.0,1.0,0.0
2024-12-30,A_7d_momentum,-0.4066050728097359,0.7635033879631279,-0.3104443506532277,ACCEPT,0.008484077565384274,0.0,1.0,0.0
2024-12-31,A_7d_momentum,-0.7869834906978972,0.7750227091604742,-0.6099300770252511,ACCEPT,0.010602195613021781,0.0,1.0,0.0
2025-01-01,A_7d_momentum,-0.7542645988645024,0.6742279900427788,-0.5085463044528362,ACCEPT,0.026129247147606893,0.0,1.0,0.0
2025-01-02,A_7d_momentum,0.22398898190241973,0.6709011825823741,0.1502744728437554,ACCEPT,0.012597729955682757,1.0,1.0,0.0
2025-01-03,A_7d_momentum,0.6844167896048302,0.771886326531434,0.5282919615445097,ACCEPT,0.0013128146911018934,1.0,1.0,0.0
2025-01-04,A_7d_momentum,0.5687580818545387,0.7799467316520076,0.44360100704311245,ACCEPT,0.0008014800420892421,1.0,1.0,0.0
2025-01-05,A_7d_momentum,0.771143130041011,0.7823388239616117,0.6032952094623607,ACCEPT,0.03827621924594227,1.0,1.0,0.0
2025-01-06,A_7d_momentum,0.9665386442815006,0.7720771096793287,0.7462423628702378,ACCEPT,-0.05050430525956884,0.0,1.0,0.0
2025-01-07,A_7d_momentum,0.6338579487508562,0.5764910918685537,0.36541346096494287,ABSTAIN,-0.019388436629511285,0.0,0.0,1.0
2025-01-08,A_7d_momentum,0.13136255653304466,0.5758771571290603,0.07564869560945522,ABSTAIN,-0.026929603222076492,0.0,0.0,1.0
2025-01-09,A_7d_momentum,-0.7205852036740409,0.7721136771801327,-0.5563736913303585,ACCEPT,0.023976181025154863,0.0,1.0,0.0
2025-01-10,A_7d_momentum,-0.6007603730998032,0.6660231021827228,-0.4001202873603809,ACCEPT,-0.001424047578467369,1.0,1.0,0.0
2025-01-11,A_7d_momentum,-0.6334179295249407,0.770923571502888,-0.4883168124833319,ACCEPT,-0.0008264678561502592,1.0,1.0,0.0
2025-01-12,A_7d_momentum,-0.6517996922940391,0.5710386791804928,-0.3722028353778397,ABSTAIN,0.00029724205673309356,0.0,0.0,1.0
2025-01-13,A_7d_momentum,-0.9017533375846769,0.6804385072205108,-0.6135876949072309,ACCEPT,0.021345722040169157,0.0,1.0,0.0
2025-01-14,A_7d_momentum,-0.08002771441562637,0.5752026514137697,-0.046032153518452246,ABSTAIN,0.041129999632577796,0.0,0.0,1.0
2025-01-15,A_7d_momentum,0.8174726797345522,0.7730666325216027,0.6319608517008009,ACCEPT,-0.0074383335632930425,0.0,1.0,0.0
2025-01-16,A_7d_momentum,0.917467340913666,0.7726885431673878,0.7089165030542377,ACCEPT,0.04716598568833419,1.0,1.0,0.0
2025-01-17,A_7d_momentum,0.9681143875464292,0.7637746449261735,0.7394212225961939,ACCEPT,-0.000516635042589142,0.0,1.0,0.0
2025-01-18,A_7d_momentum,0.9693483316612462,0.7643574052464687,0.7409285755685835,ACCEPT,-0.03178356737719257,0.0,1.0,0.0
2025-01-19,A_7d_momentum,0.8847545571858343,0.75762312570553,0.6703105130973439,ACCEPT,0.009170622908047932,1.0,1.0,0.0
2025-01-20,A_7d_momentum,0.9196963866045333,0.5598129553550379,0.5148579522144333,ABSTAIN,0.040479676535688514,1.0,0.0,1.0
2025-01-21,A_7d_momentum,0.9634197358125454,0.7553682448647561,0.7277366749087893,ACCEPT,-0.023488299826845638,0.0,1.0,0.0
2025-01-22,A_7d_momentum,0.5556753019062386,0.7534277049445472,0.41866116740958575,ACCEPT,0.002962783076025932,1.0,1.0,0.0
2025-01-23,A_7d_momentum,0.6872374001882998,0.7560944922435211,0.51961641314613,ACCEPT,0.008265785680243276,1.0,1.0,0.0
2025-01-24,A_7d_momentum,0.06832880883489727,0.6582134952582698,0.04497494409005187,ACCEPT,-0.0010001569662844156,0.0,1.0,0.0
2025-01-25,A_7d_momentum,0.05865948147499474,0.7581433587022893,0.04447229630518723,ACCEPT,-0.019406534499448846,0.0,1.0,0.0
2025-01-26,A_7d_momentum,0.30510978186710985,0.6627850539927173,0.2022222032484986,ACCEPT,-0.005792734886665207,0.0,1.0,0.0
2025-01-27,A_7d_momentum,0.013922989665678244,0.676251874824679,0.009415447864579542,ACCEPT,-0.007397669160641884,0.0,1.0,0.0
2025-01-28,A_7d_momentum,-0.7196943104411845,0.6787567690370221,-0.48849738484938593,ACCEPT,0.023395602825692086,0.0,1.0,0.0
2025-01-29,A_7d_momentum,0.009674399518023851,0.7829859573779854,0.007574918968677026,ACCEPT,0.009952379879751394,1.0,1.0,0.0
2025-01-30,A_7d_momentum,0.14802551373887482,0.7873368637088607,0.11654594373605857,ACCEPT,-0.022249243050878498,0.0,1.0,0.0
2025-01-31,A_7d_momentum,-0.4306458733675911,0.6827743377923594,-0.29403395101156926,ACCEPT,-0.017080384621634526,1.0,1.0,0.0
2025-02-01,A_7d_momentum,-0.6499432598135688,0.7823378668110565,-0.5084752234307717,ACCEPT,-0.02947596219670423,1.0,1.0,0.0
2025-02-02,A_7d_momentum,-0.7498508768309533,0.7782188795371981,-0.5835481091873701,ACCEPT,0.03804365081173988,0.0,1.0,0.0
2025-02-03,A_7d_momentum,-0.1328723210385503,0.7728323076887716,-0.10268802249618614,ACCEPT,-0.034846278405663456,1.0,1.0,0.0
2025-02-04,A_7d_momentum,-0.5934857053770193,0.7746510387959429,-0.4597443181808509,ACCEPT,-0.012836943218062724,1.0,1.0,0.0
2025-02-05,A_7d_momentum,-0.8779912739124045,0.7732199235845687,-0.6788803457224676,ACCEPT,-0.00022924323774897726,1.0,1.0,0.0
2025-02-06,A_7d_momentum,-0.9145704219840776,0.7883323085214612,-0.7209854120681548,ACCEPT,-0.0006647556256734743,1.0,1.0,0.0
2025-02-07,A_7d_momentum,-0.8169533726171753,0.7882176553913536,-0.6439370719283687,ACCEPT,-0.00048309597099249757,1.0,1.0,0.0
2025-02-08,A_7d_momentum,-0.6800738992209154,0.7936143413756537,-0.5397163996169795,ACCEPT,0.00018283765004545316,0.0,1.0,0.0
2025-02-09,A_7d_momentum,-0.23870614813881136,0.7921660058788508,-0.18909489594984746,ACCEPT,0.009714611676219231,0.0,1.0,0.0
2025-02-10,A_7d_momentum,-0.654182181626463,0.7052359462799502,-0.46135278989882095,ACCEPT,-0.017345724709743937,1.0,1.0,0.0
2025-02-11,A_7d_momentum,-0.408756122125238,0.8060795321153132,-0.3294899436719817,ACCEPT,0.02233406885677658,0.0,1.0,0.0
2025-02-12,A_7d_momentum,0.25708410556638744,0.6986153614290239,0.17960290532791912,ACCEPT,-0.012892487184132717,0.0,1.0,0.0
2025-02-13,A_7d_momentum,0.006329611935494938,0.5961451496340981,0.0037733674544114036,ABSTAIN,0.009160278803397981,1.0,0.0,1.0
2025-02-14,A_7d_momentum,0.2002791264908093,0.6968032780744609,0.13955515186868553,ACCEPT,0.0007320640697474623,1.0,1.0,0.0
2025-02-15,A_7d_momentum,0.22373557971180852,0.6011450595989116,0.13449753840025216,ABSTAIN,-0.014401672980240199,0.0,0.0,1.0
2025-02-16,A_7d_momentum,-0.06726865930742605,0.7978178516224561,-0.05366813725017359,ACCEPT,-0.004176223623530095,1.0,1.0,0.0
2025-02-17,A_7d_momentum,-0.3288937904957875,0.7979639608097984,-0.2624453917497666,ACCEPT,-0.0024415545387781457,1.0,1.0,0.0
2025-02-18,A_7d_momentum,-0.04339589112233411,0.8035916057315441,-0.03487257382914773,ACCEPT,0.011472343504350446,0.0,1.0,0.0
2025-02-19,A_7d_momentum,-0.2500354115742037,0.600417876065154,-0.15012573075846,ABSTAIN,0.017574558032842136,0.0,0.0,1.0
2025-02-20,A_7d_momentum,0.33988665103746835,0.7976779494529064,0.2711200868459833,ACCEPT,-0.02245807176184722,0.0,1.0,0.0
2025-02-21,A_7d_momentum,-0.27637476152297674,0.6955849984772374,-0.19224213807310664,ACCEPT,0.0047043783073406065,0.0,1.0,0.0
2025-02-22,A_7d_momentum,-0.20264655260245898,0.7001068692335299,-0.14187424350347538,ACCEPT,-0.0031460239332733453,1.0,1.0,0.0
2025-02-23,A_7d_momentum,0.02056182057610769,0.6172141604834321,0.01269104682489327,ABSTAIN,-0.05043681513571874,0.0,0.0,1.0
2025-02-24,A_7d_momentum,-0.7208837934188427,0.8040391147921951,-0.5796187671285259,ACCEPT,-0.029337712021491935,1.0,1.0,0.0
2025-02-25,A_7d_momentum,-0.8904720032130728,0.8007376621411204,-0.7130344700549562,ACCEPT,-0.04946290046952739,1.0,1.0,0.0
2025-02-26,A_7d_momentum,-0.9877174944640702,0.7863385226729491,-0.7766803154151037,ACCEPT,0.004234922709094535,0.0,1.0,0.0
2025-02-27,A_7d_momentum,-0.9922107459487901,0.7856914717095773,-0.7795715212305624,ACCEPT,-0.003910297790814532,1.0,1.0,0.0
2025-02-28,A_7d_momentum,-0.9850767963033006,0.7859226973568672,-0.7741942128543512,ACCEPT,0.019661575342751147,0.0,1.0,0.0
2025-03-01,A_7d_momentum,-0.9749596493636306,0.6810483930214777,-0.6639947024598839,ACCEPT,0.09550452979612856,0.0,1.0,0.0
2025-03-02,A_7d_momentum,-0.39759840256324147,0.6192504150380721,-0.24621297580576176,ABSTAIN,-0.08682040111941614,1.0,0.0,1.0
2025-03-03,A_7d_momentum,-0.8245901035344587,0.6022222222222222,-0.496586484572974,ABSTAIN,0.013437685575495406,0.0,0.0,1.0
2025-03-04,A_7d_momentum,-0.328575922961221,0.6,-0.1971455537767326,ABSTAIN,0.03899657851208138,0.0,0.0,1.0
2025-03-05,A_7d_momentum,0.9030051219294613,0.5,0.4515025609647306,ABSTAIN,-0.007303133084179958,0.0,0.0,1.0
2025-03-06,A_7d_momentum,0.8458482734770918,0.5977777777777777,0.505629301256306,ABSTAIN,-0.0357824911826653,0.0,0.0,1.0
2025-03-07,A_7d_momentum,0.509246125217521,0.4955555555555555,0.25235974649668264,ABSTAIN,-0.006779571257010009,0.0,0.0,1.0
2025-03-08,A_7d_momentum,0.02851184667509853,0.4933333333333333,0.014065844359715274,ABSTAIN,-0.0644603432710168,0.0,0.0,1.0
2025-03-09,A_7d_momentum,-0.9939152157989475,0.6933333333333334,-0.6891145496206036,ACCEPT,-0.02567012890361897,1.0,1.0,0.0
2025-03-10,A_7d_momentum,-0.9414528641132047,0.6955555555555555,-0.654832769927629,ACCEPT,0.05513944554449135,0.0,1.0,0.0
2025-03-11,A_7d_momentum,-0.7614857596742738,0.6933333333333334,-0.5279634600408298,ACCEPT,0.010380466895202334,0.0,1.0,0.0
2025-03-12,A_7d_momentum,-0.9092274116651989,0.5933333333333334,-0.5394749309213515,ABSTAIN,-0.0317197970748182,1.0,0.0,1.0
2025-03-13,A_7d_momentum,-0.9624039187091691,0.5933333333333334,-0.5710263251007737,ABSTAIN,0.03580259620308812,0.0,0.0,1.0
2025-03-14,A_7d_momentum,-0.5645548308703761,0.5933333333333334,-0.33496919964975647,ABSTAIN,0.004454112352525463,0.0,0.0,1.0
2025-03-15,A_7d_momentum,-0.3973680005078164,0.5911111111111111,-0.23488864030017592,ABSTAIN,-0.020907717157540473,1.0,0.0,1.0
2025-03-16,A_7d_momentum,0.4549886915201205,0.5911111111111111,0.268948870987449,ABSTAIN,0.018115835083536647,1.0,0.0,1.0
2025-03-17,A_7d_momentum,0.8878818852036452,0.5911111111111111,0.5248368476981548,ABSTAIN,-0.016142449028442418,0.0,0.0,1.0
2025-03-18,A_7d_momentum,-0.034672820679567715,0.6911111111111111,-0.023962771625212355,ACCEPT,0.049997601050550955,0.0,1.0,0.0
2025-03-19,A_7d_momentum,0.634047261235746,0.5888888888888889,0.3733833871721615,ABSTAIN,-0.030937253791171848,0.0,0.0,1.0
2025-03-20,A_7d_momentum,0.6439679808476744,0.5888888888888889,0.37922558872140827,ABSTAIN,-0.0014727011460912154,0.0,0.0,1.0
2025-03-21,A_7d_momentum,0.017657190057232684,0.5866666666666667,0.010358884833576507,ABSTAIN,-0.0025077306278807887,0.0,0.0,1.0
2025-03-22,A_7d_momentum,-0.12049451808773537,0.6863210419731743,-0.08269792320603005,ACCEPT,0.026503933905394295,0.0,1.0,0.0
2025-03-23,A_7d_momentum,0.6866215809729098,0.7110457787455047,0.48821937674635224,ACCEPT,0.016786352378946434,1.0,1.0,0.0
2025-03-24,A_7d_momentum,0.6719666079886966,0.7128181020102065,0.47898996212073913,ACCEPT,-0.0003109860024155253,0.0,1.0,0.0
2025-03-25,A_7d_momentum,0.8175047706357772,0.7201036066658113,0.58868813380133,ACCEPT,-0.00652577110204744,0.0,1.0,0.0
2025-03-26,A_7d_momentum,0.010743162846302978,0.7179232020218721,0.007712765870460243,ACCEPT,0.003178549412391707,1.0,1.0,0.0
2025-03-27,A_7d_momentum,0.6139401978001358,0.6240230336363854,0.38311282470256325,ABSTAIN,-0.032393289916566204,0.0,0.0,1.0
2025-03-28,A_7d_momentum,0.07361582127464344,0.6190867838204398,0.04557458203121932,ABSTAIN,-0.020812056603918605,0.0,0.0,1.0
2025-03-29,A_7d_momentum,-0.2863731967463396,0.7362365608342731,-0.21083841748764173,ACCEPT,-0.0031848691098436133,1.0,1.0,0.0
2025-03-30,A_7d_momentum,-0.6985869211441682,0.740384173669409,-0.5172227003475816,ACCEPT,0.0026038970780313253,0.0,1.0,0.0
2025-03-31,A_7d_momentum,-0.8115124159869931,0.7578363496651144,-0.6149936070395007,ACCEPT,0.0317418810684309,0.0,1.0,0.0
2025-04-01,A_7d_momentum,-0.48267283662386323,0.5523016728644802,-0.2665810151136036,ABSTAIN,-0.031507420800550134,1.0,0.0,1.0
2025-04-02,A_7d_momentum,-0.7682895379439117,0.6546099571457992,-0.5029299815090299,ACCEPT,0.007481504135517403,0.0,1.0,0.0
2025-04-03,A_7d_momentum,-0.7327831553465459,0.6600633379468539,-0.4836832955092691,ACCEPT,0.008916382019940938,0.0,1.0,0.0
2025-04-04,A_7d_momentum,-0.1201809331719384,0.7574381009999389,-0.09102961779815358,ACCEPT,-0.004043325726492686,1.0,1.0,0.0
2025-04-05,A_7d_momentum,0.21620359078327459,0.6603136307541941,0.14276217801219807,ACCEPT,-0.06335339642726368,0.0,1.0,0.0
2025-04-06,A_7d_momentum,-0.7619319186582547,0.7366409254849459,-0.5612702337169373,ACCEPT,0.013051950296130821,0.0,1.0,0.0
2025-04-07,A_7d_momentum,-0.665607948398911,0.7363012491837224,-0.49008796387273285,ACCEPT,-0.03739976334343409,1.0,1.0,0.0
2025-04-08,A_7d_momentum,-0.969822733580532,0.7491697291766537,-0.7265618346658891,ACCEPT,0.0826253916648998,0.0,1.0,0.0
2025-04-09,A_7d_momentum,0.021392486976636992,0.613380635883636,0.013121737264862,ABSTAIN,-0.0356990599146636,0.0,0.0,1.0
2025-04-10,A_7d_momentum,-0.6840675378958316,0.6078158190927567,-0.4157870708609203,ABSTAIN,0.04745546227457886,0.0,0.0,1.0
2025-04-11,A_7d_momentum,-0.10433004858265908,0.5950200062972515,-0.06207846616464636,ABSTAIN,0.022567917271733462,0.0,0.0,1.0
2025-04-12,A_7d_momentum,0.40270779983186006,0.6936397266229134,0.2793341281842863,ACCEPT,-0.01878516957885823,0.0,1.0,0.0
2025-04-13,A_7d_momentum,0.8851014690330925,0.6935868352251434,0.613894726759788,ACCEPT,0.010245734631468162,1.0,1.0,0.0
2025-04-14,A_7d_momentum,0.8715683659897747,0.6952138630304129,0.605926410614856,ACCEPT,-0.01033089354397465,0.0,1.0,0.0
2025-04-15,A_7d_momentum,0.9595061262427788,0.49497588453560304,0.4749323935543494,ABSTAIN,0.004360934564412222,1.0,0.0,1.0
2025-04-16,A_7d_momentum,0.3395657425492012,0.697145109884479,0.23672659690246756,ACCEPT,0.01025637449930672,1.0,1.0,0.0
2025-04-17,A_7d_momentum,0.8676733907456039,0.7012256403164134,0.6084348290110997,ACCEPT,-0.005241078764249063,0.0,1.0,0.0
2025-04-18,A_7d_momentum,0.24568677408648115,0.7032196797914378,0.1727717746020866,ACCEPT,0.007254038339443714,1.0,1.0,0.0
2025-04-19,A_7d_momentum,-0.05240894108237912,0.5054243721506319,-0.026488756141640923,ABSTAIN,0.0013036230231544543,0.0,0.0,1.0
2025-04-20,A_7d_momentum,0.34163004652695983,0.7032006926574454,0.24023448535035347,ACCEPT,0.027527099529631727,1.0,1.0,0.0
2025-04-21,A_7d_momentum,0.6069937584202694,0.704260612257364,0.4274817959414574,ACCEPT,0.06767662701452015,1.0,1.0,0.0
2025-04-22,A_7d_momentum,0.9814694298977117,0.6944593746797387,0.6815906465540446,ACCEPT,0.0027527134594511615,1.0,1.0,0.0
2025-04-23,A_7d_momentum,0.9801090312119644,0.6943966231711456,0.6805844016131309,ACCEPT,0.0026114175645013393,1.0,1.0,0.0
2025-04-24,A_7d_momentum,0.9722346319424929,0.6943625057803684,0.6750832752420436,ACCEPT,0.008267742531563593,1.0,1.0,0.0
2025-04-25,A_7d_momentum,0.9846826198427644,0.6970503890072485,0.6863734032100755,ACCEPT,-0.0007767095032226168,0.0,1.0,0.0
2025-04-26,A_7d_momentum,0.9781675241013181,0.7201092125530915,0.7043874455256073,ACCEPT,-0.00942540809771053,0.0,1.0,0.0
2025-04-27,A_7d_momentum,0.9650597127484228,0.6184499339082767,0.5968411155668026,ABSTAIN,0.013054325526514532,1.0,0.0,1.0
2025-04-28,A_7d_momentum,0.9359988483359278,0.7319136621206576,0.6850703448262668,ACCEPT,-0.007306486319308303,0.0,1.0,0.0
2025-04-29,A_7d_momentum,0.17847905181258622,0.6613270831875179,0.11803303074529152,ACCEPT,-0.0008217291810309613,0.0,1.0,0.0
2025-04-30,A_7d_momentum,0.10805206865184475,0.7713648805574645,0.08334757102961718,ACCEPT,0.02425526614507767,1.0,1.0,0.0
2025-05-01,A_7d_momentum,0.4949284470159731,0.783199576574343,0.3876277501375073,ACCEPT,0.0043291974532626565,1.0,1.0,0.0
2025-05-02,A_7d_momentum,0.43197511665884636,0.7850476951115517,0.339121069678571,ACCEPT,-0.010507405827035687,0.0,1.0,0.0
2025-05-03,A_7d_momentum,0.2571507074949444,0.7856849692379062,0.2020394457076712,ACCEPT,-0.016433317174712747,0.0,1.0,0.0
2025-05-04,A_7d_momentum,0.1191336850380155,0.6816627539377691,0.08120899582976844,ACCEPT,0.0045811763897039,1.0,1.0,0.0
2025-05-05,A_7d_momentum,-0.04854012392391137,0.6837677619807885,-0.033190171901723006,ACCEPT,0.02168299794413664,0.0,1.0,0.0
2025-05-06,A_7d_momentum,0.48847858047304327,0.7798356151642796,0.3809329942977697,ACCEPT,0.0023743581586117557,1.0,1.0,0.0
2025-05-07,A_7d_momentum,0.5368665153861963,0.7797436778445295,0.4186182712188094,ACCEPT,0.06399043746457878,1.0,1.0,0.0
2025-05-08,A_7d_momentum,0.8851122376081019,0.7591701433295355,0.6719507842876685,ACCEPT,-0.002621130818400763,0.0,1.0,0.0
2025-05-09,A_7d_momentum,0.8485092906380994,0.7559502338186013,0.6414307966551268,ACCEPT,0.016756941758927724,1.0,1.0,0.0
2025-05-10,A_7d_momentum,0.9504432878720109,0.7584095966804076,0.7208253106226123,ACCEPT,-0.005635047193781384,0.0,1.0,0.0
2025-05-11,A_7d_momentum,0.9690265155126653,0.75891784336707,0.7354115133183785,ACCEPT,-0.01242389281274392,0.0,1.0,0.0
2025-05-12,A_7d_momentum,0.9357069511564791,0.6807060233129134,0.6369413577079773,ACCEPT,0.013197358248725033,1.0,1.0,0.0
2025-05-13,A_7d_momentum,0.9090695048905043,0.6824568912202142,0.6204007482106729,ACCEPT,-0.006051642240404331,0.0,1.0,0.0
2025-05-14,A_7d_momentum,0.8719654247979808,0.6814846895617115,0.5942310868269978,ACCEPT,0.00198211052629782,1.0,1.0,0.0
2025-05-15,A_7d_momentum,0.0971687230599751,0.7815106797716922,0.07593839481114845,ACCEPT,-0.0024613470244020386,0.0,1.0,0.0
2025-05-16,A_7d_momentum,0.10035700527324776,0.6783483521223084,0.06807700915103743,ACCEPT,-0.0028814878109744146,0.0,1.0,0.0
2025-05-17,A_7d_momentum,-0.2798731240754541,0.6795112019557683,-0.1901769229356277,ACCEPT,0.03154266519659865,0.0,1.0,0.0
2025-05-18,A_7d_momentum,0.42146548587727334,0.7723159910801903,0.3255045344314003,ACCEPT,-0.007889709931436006,0.0,1.0,0.0
2025-05-19,A_7d_momentum,0.49552777038033885,0.7699717771085395,0.3815423979663818,ACCEPT,0.011220046530480143,1.0,1.0,0.0
2025-05-20,A_7d_momentum,0.46468440408634304,0.7723718399277205,0.3589091481698851,ACCEPT,0.027034018449719976,1.0,1.0,0.0
2025-05-21,A_7d_momentum,0.8292604041653249,0.7737706301525304,0.6416573454915455,ACCEPT,0.018191448638679386,1.0,1.0,0.0
2025-05-22,A_7d_momentum,0.9101661123270086,0.7750717574351884,0.7054440482392477,ACCEPT,-0.03927066820202352,0.0,1.0,0.0
2025-05-23,A_7d_momentum,0.6255594540600036,0.7620413241244375,0.47670215469044536,ACCEPT,0.004691674073487251,1.0,1.0,0.0
2025-05-24,A_7d_momentum,0.7121651179004713,0.6646008741447769,0.4733055598920713,ACCEPT,0.011543009819045436,1.0,1.0,0.0
2025-05-25,A_7d_momentum,0.45144663199109236,0.6667258042474324,0.3009911187890557,ACCEPT,0.003714175371671846,1.0,1.0,0.0
2025-05-26,A_7d_momentum,0.6206916331829141,0.7682351186019252,0.47683711043349863,ACCEPT,-0.004072780217708405,0.0,1.0,0.0
2025-05-27,A_7d_momentum,0.39075021783162317,0.7653643701545707,0.29906629435846155,ACCEPT,-0.010939184653144474,0.0,1.0,0.0
2025-05-28,A_7d_momentum,-0.32930317667301173,0.692454990794727,-0.2280276281717847,ACCEPT,-0.020041963379443528,1.0,1.0,0.0
2025-05-29,A_7d_momentum,-0.7932765399403863,0.6882709291277225,-0.5459891811999945,ACCEPT,-0.015554336978341854,1.0,1.0,0.0
2025-05-30,A_7d_momentum,-0.54634732359447,0.690492459675355,-0.37724870730579274,ACCEPT,0.006149348357177731,0.0,1.0,0.0
2025-05-31,A_7d_momentum,-0.5263129951305435,0.6904572435437641,-0.36339661985909766,ACCEPT,0.009690618169351017,0.0,1.0,0.0
2025-06-01,A_7d_momentum,-0.551535548592293,0.689146461776005,-0.38008877185606665,ACCEPT,0.0021715582000447764,0.0,1.0,0.0
2025-06-02,A_7d_momentum,-0.571918915918646,0.5904385419133589,-0.33768297080767423,ABSTAIN,-0.004241178746647534,1.0,0.0,1.0
2025-06-03,A_7d_momentum,-0.5741164018423794,0.6928634450070801,-0.39778426801558014,ACCEPT,-0.0066439151364365845,1.0,1.0,0.0
2025-06-04,A_7d_momentum,-0.5150836447084859,0.7945911680405381,-0.40928091488749335,ACCEPT,-0.030134359325224014,1.0,1.0,0.0
2025-06-05,A_7d_momentum,-0.6467749749695308,0.7889999972539412,-0.5103054534748778,ACCEPT,0.027707252931573167,0.0,1.0,0.0
2025-06-06,A_7d_momentum,0.07519984634876464,0.5828323262094439,0.04382890137804325,ABSTAIN,0.011737496074678777,1.0,0.0,1.0
2025-06-07,A_7d_momentum,0.18469619409949706,0.6919496104562036,0.12780045955989036,ACCEPT,0.0016855786016509722,1.0,1.0,0.0
2025-06-08,A_7d_momentum,0.02678848926242323,0.6924502954939256,0.01854969730560082,ACCEPT,0.04253991795791734,1.0,1.0,0.0
2025-06-09,A_7d_momentum,0.6823465762672707,0.7818069786346781,0.5334633151732319,ACCEPT,-0.0003342625487465778,0.0,1.0,0.0
2025-06-10,A_7d_momentum,0.7236346335697839,0.786932641468478,0.5694517136531442,ACCEPT,-0.014244955298426398,0.0,1.0,0.0
2025-06-11,A_7d_momentum,0.6382365328196381,0.7859151624595645,0.501599768378575,ACCEPT,-0.025371753999169577,0.0,1.0,0.0
2025-06-12,A_7d_momentum,0.6947670286907831,0.6931074160488717,0.481548180011821,ACCEPT,0.0015285141831733462,1.0,1.0,0.0
2025-06-13,A_7d_momentum,0.3147602050820697,0.695528752800928,0.21892477287209625,ACCEPT,-0.0058304915798971235,0.0,1.0,0.0
2025-06-14,A_7d_momentum,-0.02711410289695149,0.6944856548410222,-0.018830355505816212,ACCEPT,0.0007548627203146641,0.0,1.0,0.0
2025-06-15,A_7d_momentum,-0.0456468022684397,0.7924599286498144,-0.03617326166873991,ACCEPT,0.011792615001237072,0.0,1.0,0.0
2025-06-16,A_7d_momentum,-0.5609272456024543,0.591057380184957,-0.3315401882601506,ABSTAIN,-0.020559056941174436,1.0,0.0,1.0
2025-06-17,A_7d_momentum,-0.7722933249508922,0.7909042328847378,-0.6108100597322889,ACCEPT,0.0026979724986506692,0.0,1.0,0.0
2025-06-18,A_7d_momentum,-0.6042819207877281,0.693939211999134,-0.41933491993675914,ACCEPT,-0.0018977187896134229,1.0,1.0,0.0
2025-06-19,A_7d_momentum,-0.2307852506027936,0.6982630105792931,-0.16114880388320327,ACCEPT,-0.013131746055793259,1.0,1.0,0.0
2025-06-20,A_7d_momentum,-0.4810398245561773,0.7993156422666093,-0.38450265632093794,ACCEPT,-0.010184874363913243,1.0,1.0,0.0
2025-06-21,A_7d_momentum,-0.5438723156804325,0.8017986118850924,-0.43607606775530156,ACCEPT,-0.012422235919953284,1.0,1.0,0.0
2025-06-22,A_7d_momentum,-0.6988013592507464,0.8009725669574548,-0.5597207185124289,ACCEPT,0.04545759771084712,0.0,1.0,0.0
2025-06-23,A_7d_momentum,-0.22439669118463304,0.6839646675250026,-0.15347940827980822,ACCEPT,0.004431419225533917,0.0,1.0,0.0
2025-06-24,A_7d_momentum,0.26937988413454445,0.68423098456683,0.18431806334387793,ACCEPT,0.012406215749838134,1.0,1.0,0.0
2025-06-25,A_7d_momentum,0.44022644066138095,0.6911502864454462,0.3042626305639727,ACCEPT,-0.003737454466123835,0.0,1.0,0.0
2025-06-26,A_7d_momentum,0.40930495813306567,0.7961062388791662,0.3258502307739095,ACCEPT,0.0012007263229245613,1.0,1.0,0.0
2025-06-27,A_7d_momentum,0.624015210675835,0.7992618014363342,0.4987515214084415,ACCEPT,0.002234353778444831,1.0,1.0,0.0
2025-06-28,A_7d_momentum,0.7580749111275498,0.6992517255927233,0.5300851897344895,ACCEPT,0.009856422495764683,1.0,1.0,0.0
2025-06-29,A_7d_momentum,0.8986620987892286,0.8168444228464138,0.7340671234194344,ACCEPT,-0.011535062936840146,0.0,1.0,0.0
2025-06-30,A_7d_momentum,0.2867807693160546,0.8157758538207659,0.23394882694818056,ACCEPT,-0.013413452013053329,0.0,1.0,0.0
2025-07-01,A_7d_momentum,-0.06541627675187514,0.7137558497593907,-0.046691250201130116,ACCEPT,0.02990624847553991,0.0,1.0,0.0
2025-07-02,A_7d_momentum,0.2720436412011719,0.8114534070316869,0.22075073951399674,ACCEPT,0.007244728772290987,1.0,1.0,0.0
2025-07-03,A_7d_momentum,0.4641699904761881,0.8133769116719999,0.37754515334434346,ACCEPT,-0.014716556343200904,0.0,1.0,0.0
2025-07-04,A_7d_momentum,0.17484381710000285,0.8091966814897832,0.1414830365763289,ACCEPT,0.0018220480395592098,1.0,1.0,0.0
2025-07-05,A_7d_momentum,0.16678564773646745,0.7114200349792651,0.11865465134671706,ACCEPT,0.009247710575546852,1.0,1.0,0.0
2025-07-06,A_7d_momentum,0.15494349719311143,0.7140756715563854,0.11064138181146596,ACCEPT,-0.008534295352390808,0.0,1.0,0.0
2025-07-07,A_7d_momentum,0.2140304587813323,0.8155161848485595,0.174545303186739,ACCEPT,0.006005750382996888,1.0,1.0,0.0
2025-07-08,A_7d_momentum,0.5478715829364701,0.8175835864158136,0.4479308136725081,ACCEPT,0.021810695604753683,1.0,1.0,0.0
2025-07-09,A_7d_momentum,0.42459847279877583,0.8165056868926361,0.3466870676861287,ACCEPT,0.041864660687494615,1.0,1.0,0.0
2025-07-10,A_7d_momentum,0.8198261483027101,0.8092333551942915,0.6634306646670148,ACCEPT,0.013189291760499877,1.0,1.0,0.0
2025-07-11,A_7d_momentum,0.9419970736443811,0.8134471344651768,0.7662648202306039,ACCEPT,-0.0006957770402219454,0.0,1.0,0.0
2025-07-12,A_7d_momentum,0.9355105572721159,0.8162934243008629,0.763651116265264,ACCEPT,0.014313342548076147,1.0,1.0,0.0
2025-07-13,A_7d_momentum,0.9478047630664748,0.8299128031905506,0.7865953077938537,ACCEPT,0.006158578325259345,1.0,1.0,0.0
2025-07-14,A_7d_momentum,0.9723097163841128,0.8321669464334787,0.8091240076709688,ACCEPT,-0.01729262210051885,0.0,1.0,0.0
2025-07-15,A_7d_momentum,0.9246759160978438,0.8252113607160506,0.7630530709444624,ACCEPT,0.00816219450392297,1.0,1.0,0.0
2025-07-16,A_7d_momentum,0.8696324436347583,0.7258718430660074,0.6312417046511578,ACCEPT,0.004643278306736054,1.0,1.0,0.0
2025-07-17,A_7d_momentum,0.5149799463425575,0.7282639845669133,0.37504134769548614,ACCEPT,-0.01078563897020779,0.0,1.0,0.0
2025-07-18,A_7d_momentum,0.08256295908405688,0.8236465143942874,0.0680026934676616,ACCEPT,-0.0005360022928398989,0.0,1.0,0.0
2025-07-19,A_7d_momentum,0.08575116564043944,0.7236579568532068,0.062054513325141315,ACCEPT,-0.00541960002562214,0.0,1.0,0.0
2025-07-20,A_7d_momentum,-0.29569887257164046,0.7229703314036195,-0.21378151189879557,ACCEPT,0.0011828564931994912,0.0,1.0,0.0
2025-07-21,A_7d_momentum,-0.38182787266702045,0.723981435006973,-0.2764362911791292,ACCEPT,0.02176332622218302,0.0,1.0,0.0
2025-07-22,A_7d_momentum,0.35982239835280655,0.8252508211466263,0.2969437297076021,ACCEPT,-0.010337504434577038,0.0,1.0,0.0
2025-07-23,A_7d_momentum,0.0027713137350355087,0.8207927219135888,0.002274674143856309,ACCEPT,-0.0032584822936673197,0.0,1.0,0.0
2025-07-24,A_7d_momentum,-0.1533362865151779,0.6217951031705689,-0.09534375209349694,ABSTAIN,-0.006185093838706357,1.0,0.0,1.0
2025-07-25,A_7d_momentum,-0.062179628549429454,0.7228814969596505,-0.04494850296620659,ACCEPT,0.002647868724685587,0.0,1.0,0.0
2025-07-26,A_7d_momentum,0.0012532851618037028,0.7231403084199909,0.0009063010184449279,ACCEPT,0.012727075099638885,1.0,1.0,0.0
2025-07-27,A_7d_momentum,0.3506523159181251,0.8242189695559735,0.2890142904984528,ACCEPT,-0.012758768211219684,0.0,1.0,0.0
2025-07-28,A_7d_momentum,0.08239780771628794,0.7210857028721708,0.05941588109222546,ACCEPT,-1.9742508661990676e-05,0.0,1.0,0.0
2025-07-29,A_7d_momentum,-0.3324298155549848,0.7244954997960174,-0.24084390536760658,ACCEPT,-0.0007713643170961237,1.0,1.0,0.0
2025-07-30,A_7d_momentum,-0.15433323857215117,0.8442909068588794,-0.1303021499525493,ACCEPT,-0.017592832754910526,1.0,1.0,0.0
2025-07-31,A_7d_momentum,-0.4144425568689347,0.8422792975067224,-0.34907638565645616,ACCEPT,-0.021062154747402473,1.0,1.0,0.0
2025-08-01,A_7d_momentum,-0.6253573516068999,0.839174629208564,-0.5247840236575698,ACCEPT,-0.006999393518263508,1.0,1.0,0.0
2025-08-02,A_7d_momentum,-0.7254859785719215,0.8447504922265078,-0.6128546375020604,ACCEPT,0.015025363723748075,0.0,1.0,0.0
2025-08-03,A_7d_momentum,-0.7043234052460867,0.8394165056994549,-0.5912206917140113,ACCEPT,0.007478798363486527,0.0,1.0,0.0
2025-08-04,A_7d_momentum,-0.4492818266344266,0.741502080071424,-0.33314340898771627,ACCEPT,-0.008085706753543476,1.0,1.0,0.0
2025-08-05,A_7d_momentum,-0.5657297939198395,0.7421831819603427,-0.4198751385811954,ACCEPT,0.007767158415357134,0.0,1.0,0.0
2025-08-06,A_7d_momentum,-0.44287142958455883,0.7392809965635486,-0.3274064318127961,ACCEPT,0.021463456180234486,0.0,1.0,0.0
2025-08-07,A_7d_momentum,0.29167974714592276,0.7340455404165833,0.21410621762230125,ACCEPT,-0.0068782400705657,0.0,1.0,0.0
2025-08-08,A_7d_momentum,0.5331497351163739,0.7312913064035278,0.3898877663019478,ACCEPT,-0.0016142706587778388,0.0,1.0,0.0
2025-08-09,A_7d_momentum,0.6083018550850152,0.7315861747679255,0.44502522726587923,ACCEPT,0.02408918266480664,1.0,1.0,0.0
2025-08-10,A_7d_momentum,0.7119467696349451,0.7271656316768874,0.5177032224619142,ACCEPT,-0.004822128356753663,0.0,1.0,0.0
2025-08-11,A_7d_momentum,0.5622027287910379,0.8300514867584949,0.46665721089268397,ACCEPT,0.012140515376580119,1.0,1.0,0.0
2025-08-12,A_7d_momentum,0.7844513301964955,0.8318418956509974,0.6525394815565994,ACCEPT,0.026388279596092357,1.0,1.0,0.0
2025-08-13,A_7d_momentum,0.894883101541079,0.8249689377723398,0.7382507617087608,ACCEPT,-0.040411222672351976,0.0,1.0,0.0
2025-08-14,A_7d_momentum,0.14579654510505355,0.7084598072912954,0.1032909922488629,ACCEPT,-0.008121240187970669,0.0,1.0,0.0
2025-08-15,A_7d_momentum,0.12103078199283476,0.7079035271027098,0.08567811746072686,ACCEPT,0.0007921746665282559,1.0,1.0,0.0
2025-08-16,A_7d_momentum,0.1685043350081858,0.7116545436528877,0.11991687563378377,ACCEPT,-0.00032588834829794244,0.0,1.0,0.0
2025-08-17,A_7d_momentum,-0.3011141494908904,0.7130453276291477,-0.2147080373775041,ACCEPT,-0.01022323279139703,1.0,1.0,0.0
2025-08-18,A_7d_momentum,-0.39490951387455014,0.7121546607362916,-0.2812366508748641,ACCEPT,-0.029428514056440758,1.0,1.0,0.0
2025-08-19,A_7d_momentum,-0.8402021405429171,0.805248335257766,-0.6765713749521954,ACCEPT,0.012794003430595335,0.0,1.0,0.0
2025-08-20,A_7d_momentum,-0.8996866384679963,0.8036105082001689,-0.7229976367601681,ACCEPT,-0.01623902974513114,1.0,1.0,0.0
2025-08-21,A_7d_momentum,-0.7631910651483644,0.8073380156221942,-0.6161531600774692,ACCEPT,0.03962900798880531,0.0,1.0,0.0
2025-08-22,A_7d_momentum,-0.08907723696809025,0.5934598306881953,-0.052863761969255095,ABSTAIN,-0.012832252765613172,1.0,0.0,1.0
2025-08-23,A_7d_momentum,-0.3455407259460676,0.6933411695022758,-0.23957761103811187,ACCEPT,-0.016605933647771742,1.0,1.0,0.0
2025-08-24,A_7d_momentum,-0.5916553947451505,0.6916430806298665,-0.40921435989281557,ACCEPT,-0.029385900493979156,1.0,1.0,0.0
2025-08-25,A_7d_momentum,-0.7834539109986058,0.7883296062411353,-0.6176199131656085,ACCEPT,0.015240086898922645,0.0,1.0,0.0
2025-08-26,A_7d_momentum,-0.1803185432290214,0.7869542084008401,-0.1419024364467872,ACCEPT,-0.005193022862549412,1.0,1.0,0.0
2025-08-27,A_7d_momentum,-0.4886385115863144,0.7908039215941873,-0.3864172512044042,ACCEPT,0.01189280397942638,0.0,1.0,0.0
2025-08-28,A_7d_momentum,0.022372092991093228,0.6873258437899873,0.015376917692451213,ACCEPT,-0.036731759955323295,0.0,1.0,0.0
2025-08-29,A_7d_momentum,-0.895349868518139,0.7791289084473152,-0.6975929657369848,ACCEPT,0.003664157476186425,0.0,1.0,0.0
2025-08-30,A_7d_momentum,-0.8138249342355756,0.7832589629698745,-0.6374356740283832,ACCEPT,-0.00525107534173741,1.0,1.0,0.0
2025-08-31,A_7d_momentum,-0.7261167425021087,0.7802639071386909,-0.566562686543514,ACCEPT,0.009367272930950854,0.0,1.0,0.0
2025-09-01,A_7d_momentum,-0.1573669863358747,0.6778340165479353,-0.10666869642009,ACCEPT,0.017848801737061493,0.0,1.0,0.0
2025-09-02,A_7d_momentum,-0.10728780878360582,0.6790715687883769,-0.07285610062255062,ACCEPT,0.004699840343410866,0.0,1.0,0.0
2025-09-03,A_7d_momentum,0.08987357465153128,0.6868649780831546,0.06173101088327879,ACCEPT,-0.008947195185422974,0.0,1.0,0.0
2025-09-04,A_7d_momentum,-0.3127950070508884,0.6843078768598323,-0.21404808716734972,ACCEPT,-0.0006558419928113235,1.0,1.0,0.0
2025-09-05,A_7d_momentum,0.39124584515904176,0.5840710031366465,0.2285153532550866,ABSTAIN,-0.0038525555367432407,0.0,0.0,1.0
2025-09-06,A_7d_momentum,0.25465998930745776,0.5818721005609718,0.14817954290716506,ABSTAIN,0.008554542812086785,1.0,0.0,1.0
2025-09-07,A_7d_momentum,0.494178058101762,0.6812047357709511,0.33663643349301253,ACCEPT,0.008130177859939192,1.0,1.0,0.0
2025-09-08,A_7d_momentum,0.4749147074447171,0.7894763591195566,0.37493393412578463,ACCEPT,-0.004826232823193166,0.0,1.0,0.0
2025-09-09,A_7d_momentum,0.059275609377438074,0.6909246771018835,0.04095498126912378,ACCEPT,0.02174124101370767,1.0,1.0,0.0
2025-09-10,A_7d_momentum,0.37959419545624773,0.7894143978828797,0.29965712324592997,ACCEPT,0.013620945043858246,1.0,1.0,0.0
2025-09-11,A_7d_momentum,0.6983755727250799,0.801976008208003,0.5600804540440374,ACCEPT,0.005142859655061782,1.0,1.0,0.0
2025-09-12,A_7d_momentum,0.7553024164980044,0.8055850026139814,0.6084602991688913,ACCEPT,-0.0013011908618274504,0.0,1.0,0.0
2025-09-13,A_7d_momentum,0.7774670027543106,0.8089170536114213,0.6289063171481197,ACCEPT,-0.004681752350561785,0.0,1.0,0.0
2025-09-14,A_7d_momentum,0.6427344661255103,0.71978768521649,0.46263235358133753,ACCEPT,0.0003224981011604733,1.0,1.0,0.0
2025-09-15,A_7d_momentum,0.5384832666834045,0.7212357101245673,0.38837336123660204,ACCEPT,0.012112382641498831,1.0,1.0,0.0
2025-09-16,A_7d_momentum,0.7409934997436062,0.8225499510637471,0.609504166952658,ACCEPT,-0.0032066883445814875,0.0,1.0,0.0
2025-09-17,A_7d_momentum,0.4145359007783132,0.8206957480717473,0.34020785119185337,ACCEPT,0.005741425944741474,1.0,1.0,0.0
2025-09-18,A_7d_momentum,0.27491642650519593,0.8446282131849314,0.23220217009427016,ACCEPT,-0.012364506846338497,0.0,1.0,0.0
2025-09-19,A_7d_momentum,-0.07097660085661665,0.7371270421569629,-0.05231877185179319,ACCEPT,0.0002861257573012477,0.0,1.0,0.0
2025-09-20,A_7d_momentum,-0.0394010447550488,0.7361263061675902,-0.029004145534677978,ACCEPT,-0.003593675600818802,1.0,1.0,0.0
2025-09-21,A_7d_momentum,-0.017598834800992568,0.7380850729087235,-0.01298943726719918,ACCEPT,-0.02218083931492132,1.0,1.0,0.0
2025-09-22,A_7d_momentum,-0.4358745428297754,0.7341789353251135,-0.3200099077900851,ACCEPT,-0.00651013327573835,1.0,1.0,0.0
2025-09-23,A_7d_momentum,-0.6786053787085277,0.7336306651919206,-0.4978457153847523,ACCEPT,0.011731809832655538,0.0,1.0,0.0
2025-09-24,A_7d_momentum,-0.4923670710121272,0.8327366568233145,-0.4100121086445263,ACCEPT,,,1.0,0.0
2021-01-01,B_RSI14_mean_reversion,,,,UNAVAILABLE,0.09372577639540935,,,
2021-01-02,B_RSI14_mean_reversion,,,,UNAVAILABLE,0.020380066800975483,,,
2021-01-03,B_RSI14_mean_reversion,,,,UNAVAILABLE,-0.024712000360334718,,,
2021-01-04,B_RSI14_mean_reversion,,,,UNAVAILABLE,0.06319658000613337,,,
2021-01-05,B_RSI14_mean_reversion,,,,UNAVAILABLE,0.08331071417326141,,,
2021-01-06,B_RSI14_mean_reversion,,,,UNAVAILABLE,0.0691574669750421,,,
2021-01-07,B_RSI14_mean_reversion,,,,UNAVAILABLE,0.0362338992996023,,,
2021-01-08,B_RSI14_mean_reversion,,,,UNAVAILABLE,-0.013311135341493308,,,
2021-01-09,B_RSI14_mean_reversion,,,,UNAVAILABLE,-0.047152573214749416,,,
2021-01-10,B_RSI14_mean_reversion,,,,UNAVAILABLE,-0.07273315912449108,,,
2021-01-11,B_RSI14_mean_reversion,,,,UNAVAILABLE,-0.046214502171538774,,,
2021-01-12,B_RSI14_mean_reversion,,,,UNAVAILABLE,0.10003249550509552,,,
2021-01-13,B_RSI14_mean_reversion,,,,UNAVAILABLE,0.050138030111625875,,,
2021-01-14,B_RSI14_mean_reversion,,,,UNAVAILABLE,-0.06027358971670127,,,
2021-01-15,B_RSI14_mean_reversion,-0.27051402757823195,,,UNAVAILABLE,-0.017575563040677422,1.0,,
2021-01-16,B_RSI14_mean_reversion,-0.15924016981036046,,,UNAVAILABLE,-0.010693288117263444,1.0,,
2021-01-17,B_RSI14_mean_reversion,-0.11955302997031382,,,UNAVAILABLE,0.023435790428599335,0.0,,
2021-01-18,B_RSI14_mean_reversion,-0.1848508631181072,,,UNAVAILABLE,-0.015295342507474663,1.0,,
2021-01-19,B_RSI14_mean_reversion,-0.08750779956243476,,,UNAVAILABLE,-0.014473454791977813,1.0,,
2021-01-20,B_RSI14_mean_reversion,0.0595728895803542,,,UNAVAILABLE,-0.1328368400602007,0.0,,
2021-01-21,B_RSI14_mean_reversion,0.3620171343559227,,,UNAVAILABLE,0.07072224005462169,1.0,,
2021-01-22,B_RSI14_mean_reversion,0.31988469664714214,,,UNAVAILABLE,-0.02842289017956734,0.0,,
2021-01-23,B_RSI14_mean_reversion,0.33073914610226096,,,UNAVAILABLE,0.006914643868341619,1.0,,
2021-01-24,B_RSI14_mean_reversion,0.26290529882226776,,,UNAVAILABLE,0.0023851084933719235,1.0,,
2021-01-25,B_RSI14_mean_reversion,0.1571513259653618,,,UNAVAILABLE,0.006286058316783416,1.0,,
2021-01-26,B_RSI14_mean_reversion,0.07150247644847894,,,UNAVAILABLE,-0.06562212475675022,0.0,,
2021-01-27,B_RSI14_mean_reversion,0.38962294311402784,,,UNAVAILABLE,0.09968113394222766,1.0,,
2021-01-28,B_RSI14_mean_reversion,0.3038284246418337,,,UNAVAILABLE,0.02540747568580648,1.0,,
2021-01-29,B_RSI14_mean_reversion,0.1448704002223019,,,UNAVAILABLE,-0.0013656239986477026,0.0,,
2021-01-30,B_RSI14_mean_reversion,0.11416246759867832,0.6666666666666666,0.07610831173245221,ACCEPT,-0.03370820328466961,0.0,1.0,0.0
2021-01-31,B_RSI14_mean_reversion,0.15308281748459707,0.564516129032258,0.0864177195477564,ABSTAIN,0.012768370405776608,1.0,0.0,1.0
2021-02-01,B_RSI14_mean_reversion,0.18118116881214946,0.56875,0.10304678976191001,ABSTAIN,0.05883361479570781,1.0,0.0,1.0
2021-02-02,B_RSI14_mean_reversion,0.030270932837398023,0.6727272727272727,0.020364082090613217,ACCEPT,0.055245981743407446,1.0,1.0,0.0
2021-02-03,B_RSI14_mean_reversion,-0.09658721172462804,0.776470588235294,-0.07499712910382883,ACCEPT,-0.014571470120209207,1.0,1.0,0.0
2021-02-04,B_RSI14_mean_reversion,-0.3873910032267412,0.78,-0.30216498251685814,ACCEPT,0.032991388091470286,0.0,1.0,0.0
2021-02-05,B_RSI14_mean_reversion,-0.3475397916982598,0.7777777777777777,-0.27030872687642427,ACCEPT,0.029406828078771152,0.0,1.0,0.0
2021-02-06,B_RSI14_mean_reversion,-0.48088265821973863,0.7756756756756756,-0.37300898083531075,ACCEPT,-0.009233693380855112,1.0,1.0,0.0
2021-02-07,B_RSI14_mean_reversion,-0.4377301010796668,0.7789473684210526,-0.34096871031468784,ACCEPT,0.18746473766529936,0.0,1.0,0.0
2021-02-08,B_RSI14_mean_reversion,-0.6194625938828284,0.7769230769230768,-0.48127478447819744,ACCEPT,0.006161523959955284,0.0,1.0,0.0
2021-02-09,B_RSI14_mean_reversion,-0.6208413260408403,0.7749999999999999,-0.48115202768165116,ACCEPT,-0.03362488605290981,1.0,1.0,0.0
2021-02-10,B_RSI14_mean_reversion,-0.6634828347715594,0.7780487804878049,-0.5162220104686036,ACCEPT,0.0665910372634968,0.0,1.0,0.0
2021-02-11,B_RSI14_mean_reversion,-0.6628279973798573,0.7761904761904761,-0.5144807789186511,ACCEPT,-0.008442623839676311,1.0,1.0,0.0
2021-02-12,B_RSI14_mean_reversion,-0.6178855256812759,0.7790697674418604,-0.48137593279820323,ACCEPT,-0.008406213773231364,1.0,1.0,0.0
2021-02-13,B_RSI14_mean_reversion,-0.5916025916620038,0.7818181818181817,-0.46252566257211203,ACCEPT,0.03421623595697554,0.0,1.0,0.0
2021-02-14,B_RSI14_mean_reversion,-0.7043069338355094,0.78,-0.5493594083916973,ACCEPT,-0.01585126109458379,1.0,1.0,0.0
2021-02-15,B_RSI14_mean_reversion,-0.6402647562739009,0.7826086956521738,-0.5010767657795746,ACCEPT,0.026171883752032166,0.0,1.0,0.0
2021-02-16,B_RSI14_mean_reversion,-0.6284033111674348,0.7808510638297872,-0.4906893940392522,ACCEPT,0.05994196027730325,0.0,1.0,0.0
2021-02-17,B_RSI14_mean_reversion,-0.6445147670277578,0.7791666666666666,-0.5021844226424612,ACCEPT,-0.008997504596578998,1.0,1.0,0.0
2021-02-18,B_RSI14_mean_reversion,-0.6500806629421553,0.7816326530612244,-0.5081242732792765,ACCEPT,0.08143096900475189,0.0,1.0,0.0
2021-02-19,B_RSI14_mean_reversion,-0.6908156606330553,0.78,-0.5388362152937832,ACCEPT,0.0037823185014820293,0.0,1.0,0.0
2021-02-20,B_RSI14_mean_reversion,-0.6794551969427357,0.7784313725490195,-0.5289092415416982,ACCEPT,0.025676258785917394,0.0,1.0,0.0
2021-02-21,B_RSI14_mean_reversion,-0.7208680796206537,0.7769230769230768,-0.5600590464745078,ACCEPT,-0.05791845963531039,1.0,1.0,0.0
2021-02-22,B_RSI14_mean_reversion,-0.3659183890861422,0.6792452830188679,-0.24854833975662488,ACCEPT,-0.09930198541853996,1.0,1.0,0.0
2021-02-23,B_RSI14_mean_reversion,-0.08681948540181068,0.6814814814814815,-0.0591658715330858,ACCEPT,0.018042326886684945,0.0,1.0,0.0
2021-02-24,B_RSI14_mean_reversion,-0.18196063921337824,0.6799999999999999,-0.1237332346650972,ACCEPT,-0.052539242009451814,1.0,1.0,0.0
2021-02-25,B_RSI14_mean_reversion,0.03145047487636404,0.7821428571428571,0.024598764278299018,ACCEPT,-0.016012490351298148,0.0,1.0,0.0
2021-02-26,B_RSI14_mean_reversion,0.044335994665345026,0.7807017543859649,0.03461318881768164,ACCEPT,-0.003265200081699504,0.0,1.0,0.0
2021-02-27,B_RSI14_mean_reversion,0.035230148151860874,0.7793103448275862,0.027455218904553647,ACCEPT,-0.022747754528746222,0.0,1.0,0.0
2021-02-28,B_RSI14_mean_reversion,0.14054126262097213,0.7779661016949152,0.109336338208519,ACCEPT,0.09955017057586457,1.0,1.0,0.0
2021-03-01,B_RSI14_mean_reversion,-0.0577642734613373,0.5800000000000001,-0.03350327860757564,ABSTAIN,-0.025231161886280384,1.0,0.0,1.0
2021-03-02,B_RSI14_mean_reversion,0.028123779640271067,0.6819672131147541,0.01917949562352912,ACCEPT,0.04463205996986197,1.0,1.0,0.0
2021-03-03,B_RSI14_mean_reversion,0.05672043853814017,0.6838709677419355,0.03878946119382489,ACCEPT,-0.039120359814156846,0.0,1.0,0.0
2021-03-04,B_RSI14_mean_reversion,0.10428037672487606,0.5825396825396826,0.0607474575524278,ABSTAIN,0.007539701660092213,1.0,0.0,1.0
2021-03-05,B_RSI14_mean_reversion,0.26706684359498595,0.684375,0.1827738710853185,ACCEPT,-0.0003049805235605385,0.0,1.0,0.0
2021-03-06,B_RSI14_mean_reversion,0.27784397879399647,0.583076923076923,0.16200441225065332,ABSTAIN,0.046906498146797926,1.0,0.0,1.0
2021-03-07,B_RSI14_mean_reversion,0.23701046723272143,0.6848484848484848,0.16231625937756072,ACCEPT,0.020306565464276005,1.0,1.0,0.0
2021-03-08,B_RSI14_mean_reversion,0.08026638838989754,0.6865671641791045,0.05510826665575055,ACCEPT,0.049335220420617,1.0,1.0,0.0
2021-03-09,B_RSI14_mean_reversion,-0.27746397886107105,0.788235294117647,-0.21870690098460893,ACCEPT,0.021604243798385436,0.0,1.0,0.0
2021-03-10,B_RSI14_mean_reversion,-0.2874658487954974,0.7869565217391303,-0.2262231244868914,ACCEPT,0.032076714848716215,0.0,1.0,0.0
2021-03-11,B_RSI14_mean_reversion,-0.507356158718734,0.7857142857142857,-0.39863698185043384,ACCEPT,-0.008183206626845796,1.0,1.0,0.0
2021-03-12,B_RSI14_mean_reversion,-0.5276940178941115,0.7873239436619718,-0.41546613521522296,ACCEPT,0.06821652767950437,0.0,1.0,0.0
2021-03-13,B_RSI14_mean_reversion,-0.6122118114418896,0.7861111111111111,-0.4812665073279299,ACCEPT,-0.031689610370558396,1.0,1.0,0.0
2021-03-14,B_RSI14_mean_reversion,-0.55589428619697,0.7876712328767123,-0.4378619377578873,ACCEPT,-0.05725100456855314,1.0,1.0,0.0
2021-03-15,B_RSI14_mean_reversion,-0.2573981470608074,0.6891891891891891,-0.1773960202716375,ACCEPT,0.01605702194966918,0.0,1.0,0.0
2021-03-16,B_RSI14_mean_reversion,-0.3506743994815889,0.688,-0.24126398684333314,ACCEPT,0.036369962842253134,0.0,1.0,0.0
2021-03-17,B_RSI14_mean_reversion,-0.3481442747265606,0.6868421052631579,-0.2391201465885061,ACCEPT,-0.017189693893861602,1.0,1.0,0.0
2021-03-18,B_RSI14_mean_reversion,-0.404789086557324,0.7883116883116883,-0.3190999682341502,ACCEPT,0.008429650137686817,0.0,1.0,0.0
2021-03-19,B_RSI14_mean_reversion,-0.40792338185461746,0.7871794871794872,-0.32110891853683987,ACCEPT,-0.0005657190459794625,1.0,1.0,0.0
2021-03-20,B_RSI14_mean_reversion,-0.4068214929920441,0.6886075949367089,-0.28014036985781265,ACCEPT,-0.013551247955811196,1.0,1.0,0.0
2021-03-21,B_RSI14_mean_reversion,-0.2923739163781198,0.6800257532654987,-0.19882179272021488,ACCEPT,-0.05205318540083803,1.0,1.0,0.0
2021-03-22,B_RSI14_mean_reversion,-0.09688783894312436,0.6749918530967651,-0.06539850195076044,ACCEPT,0.0038474981233158623,0.0,1.0,0.0
2021-03-23,B_RSI14_mean_reversion,0.004019129019129082,0.7777547641119236,0.0031258967422081257,ACCEPT,-0.035891807492523076,0.0,1.0,0.0
2021-03-24,B_RSI14_mean_reversion,0.14720117109962516,0.7773523246814567,0.11442717255012647,ACCEPT,-0.020277031922222966,0.0,1.0,0.0
2021-03-25,B_RSI14_mean_reversion,0.2871661226765198,0.774759730396635,0.2224847477839075,ACCEPT,0.06639992475218648,1.0,1.0,0.0
2021-03-26,B_RSI14_mean_reversion,0.09067256881377972,0.6667312976607769,0.06045423946744744,ACCEPT,0.015165759461888806,1.0,1.0,0.0
2021-03-27,B_RSI14_mean_reversion,0.249379652376103,0.6718776722007763,0.16755262033269488,ACCEPT,-0.0004067213991215679,0.0,1.0,0.0
2021-03-28,B_RSI14_mean_reversion,0.17444532412394295,0.6713625516447423,0.11711605792634447,ACCEPT,0.03216137854506651,1.0,1.0,0.0
2021-03-29,B_RSI14_mean_reversion,-0.10461448950413825,0.7758040550804114,-0.0811603451774776,ACCEPT,0.020216245195582738,0.0,1.0,0.0
2021-03-30,B_RSI14_mean_reversion,-0.11811967327606653,0.7748814726366275,-0.09152874637551572,ACCEPT,1.9359634988669328e-05,0.0,1.0,0.0
2021-03-31,B_RSI14_mean_reversion,-0.003029800278093546,0.7761347626259741,-0.002351533319642245,ACCEPT,0.0030037350775407035,0.0,1.0,0.0
2021-04-01,B_RSI14_mean_reversion,-0.08253061962799535,0.7763630189492882,-0.06407372101014584,ACCEPT,0.004881969011259368,0.0,1.0,0.0
2021-04-02,B_RSI14_mean_reversion,-0.07017012307725622,0.789033011259522,-0.05536654351209875,ACCEPT,-0.029981350293480258,1.0,1.0,0.0
2021-04-03,B_RSI14_mean_reversion,0.042923839755597014,0.59154976286601,0.025391587228722028,ABSTAIN,0.0200448971410081,1.0,0.0,1.0
2021-04-04,B_RSI14_mean_reversion,-0.07308636975747902,0.7031280760348722,-0.05138907855194949,ACCEPT,0.005094138552963257,0.0,1.0,0.0
2021-04-05,B_RSI14_mean_reversion,-0.3188198871520666,0.7036986370849911,-0.22435312006449995,ACCEPT,-0.014655445594718208,1.0,1.0,0.0
2021-04-06,B_RSI14_mean_reversion,-0.23239040844190015,0.6092822404547051,-0.14159134871566495,ABSTAIN,-0.036833390122360865,1.0,0.0,1.0
2021-04-07,B_RSI14_mean_reversion,-0.21774328445047034,0.708045148283155,-0.15417207612639447,ACCEPT,0.04058980823677527,0.0,1.0,0.0
2021-04-08,B_RSI14_mean_reversion,-0.4075210708151084,0.7029145738993959,-0.2864524998470275,ACCEPT,-0.0013536328475677317,1.0,1.0,0.0
2021-04-09,B_RSI14_mean_reversion,-0.24109605397416373,0.6051248541322848,-0.14589321449298528,ABSTAIN,0.026581343719059625,0.0,0.0,1.0
2021-04-10,B_RSI14_mean_reversion,-0.280823162930443,0.8038334262914031,-0.22573504524036694,ACCEPT,0.006885903949730876,0.0,1.0,0.0
2021-04-11,B_RSI14_mean_reversion,-0.3040716361370272,0.813889498467626,-0.24748071143379555,ACCEPT,-0.005174186540237491,1.0,1.0,0.0
2021-04-12,B_RSI14_mean_reversion,-0.17142051080014867,0.8155777328017753,-0.1398067515541075,ACCEPT,0.06027376479221824,0.0,1.0,0.0
2021-04-13,B_RSI14_mean_reversion,-0.306834297519149,0.8121854882788764,-0.24920636375129604,ACCEPT,-0.00620063437737306,1.0,1.0,0.0
2021-04-14,B_RSI14_mean_reversion,-0.27323338606003206,0.8164078181295508,-0.22306987255341998,ACCEPT,0.003237480473297971,0.0,1.0,0.0
2021-04-15,B_RSI14_mean_reversion,-0.2745265328701707,0.8282288730623807,-0.2273708009447841,ACCEPT,-0.027501379378466195,1.0,1.0,0.0
2021-04-16,B_RSI14_mean_reversion,-0.13012631485063522,0.7240421844711711,-0.09421694126163732,ACCEPT,-0.014437688523377457,1.0,1.0,0.0
2021-04-17,B_RSI14_mean_reversion,-0.19338225555648195,0.7226052200945569,-0.13973902733877347,ACCEPT,-0.0736215468265391,1.0,1.0,0.0
2021-04-18,B_RSI14_mean_reversion,0.13214252576623636,0.8086442916622452,0.10685629914669818,ACCEPT,-0.008750468945115109,0.0,1.0,0.0
2021-04-19,B_RSI14_mean_reversion,0.1715509347903216,0.807553809865605,0.13853661097593017,ACCEPT,0.013436976092944253,1.0,1.0,0.0
2021-04-20,B_RSI14_mean_reversion,0.08901308780453476,0.806605529822262,0.07179844884969229,ACCEPT,-0.045454287638402646,0.0,1.0,0.0
2021-04-21,B_RSI14_mean_reversion,0.10855922917404229,0.8009838508715074,0.08695418943146688,ACCEPT,-0.0397694659817468,0.0,1.0,0.0
2021-04-22,B_RSI14_mean_reversion,0.33464685362748753,0.7955634581256305,0.26623280812274563,ACCEPT,-0.012917150838772984,0.0,1.0,0.0
2021-04-23,B_RSI14_mean_reversion,0.3540720844568446,0.7970874947354145,0.2822264307554524,ACCEPT,-0.02040928977310741,0.0,1.0,0.0
2021-04-24,B_RSI14_mean_reversion,0.49473731401076576,0.7963689236601321,0.39399342225325834,ACCEPT,-0.02091099195802515,0.0,1.0,0.0
2021-04-25,B_RSI14_mean_reversion,0.5510294441512759,0.7941790521116661,0.4376160416416785,ACCEPT,0.10238907033660749,1.0,1.0,0.0
2021-04-26,B_RSI14_mean_reversion,0.2345595595790846,0.6639314147372752,0.15573146023149384,ACCEPT,0.018721407731506323,1.0,1.0,0.0
2021-04-27,B_RSI14_mean_reversion,0.37756319993007337,0.6680556116575195,0.2522332144686555,ACCEPT,-0.003787066282106566,0.0,1.0,0.0
2021-04-28,B_RSI14_mean_reversion,0.37237789678344113,0.6699718635197208,0.24948271344155631,ACCEPT,-0.02315733013830157,0.0,1.0,0.0
2021-04-29,B_RSI14_mean_reversion,0.41858262439420796,0.5667628194798324,0.23723706838692898,ABSTAIN,0.07833176806484676,1.0,0.0,1.0
2021-04-30,B_RSI14_mean_reversion,0.14834727964019095,0.6560673431340689,0.09732580561470683,ACCEPT,0.0013484807439372304,1.0,1.0,0.0
2021-05-01,B_RSI14_mean_reversion,0.11442800865053498,0.658397631798451,0.0753391299069249,ACCEPT,-0.020698824187899145,0.0,1.0,0.0
2021-05-02,B_RSI14_mean_reversion,-0.019131689710446126,0.7553284309602124,-0.014450709170608913,ACCEPT,0.010051280367532334,0.0,1.0,0.0
2021-05-03,B_RSI14_mean_reversion,-0.06782109631089994,0.6616512581175211,-0.04487391370101652,ACCEPT,-0.06760024652955021,1.0,1.0,0.0
2021-05-04,B_RSI14_mean_reversion,0.12617761165724076,0.7530891567247497,0.0950229911604944,ACCEPT,0.07669599321369813,1.0,1.0,0.0
2021-05-05,B_RSI14_mean_reversion,-0.1332289400631241,0.7390913877586449,-0.09846836220086772,ACCEPT,-0.01789307689659958,1.0,1.0,0.0
2021-05-06,B_RSI14_mean_reversion,-0.18325322725843207,0.6419487051927594,-0.11763917196094495,ABSTAIN,0.017020319573156195,0.0,0.0,1.0
2021-05-07,B_RSI14_mean_reversion,-0.2448299452697421,0.5413664726613249,-0.1325427238725455,ABSTAIN,0.02523475916996243,0.0,0.0,1.0
2021-05-08,B_RSI14_mean_reversion,-0.33685004107753175,0.7491237034925453,-0.2523423502936166,ACCEPT,-0.009718099130935132,1.0,1.0,0.0
2021-05-09,B_RSI14_mean_reversion,-0.3617509206151647,0.7512097391870763,-0.2717508147260026,ACCEPT,-0.04074231762821234,1.0,1.0,0.0
2021-05-10,B_RSI14_mean_reversion,-0.08038865590544546,0.6498548233097383,-0.05224095577954061,ABSTAIN,0.01512317249631967,0.0,0.0,1.0
2021-05-11,B_RSI14_mean_reversion,-0.07363937456276445,0.6518889996561795,-0.04800469821902723,ACCEPT,-0.1332174549686006,1.0,1.0,0.0
2021-05-12,B_RSI14_mean_reversion,0.18886510248487384,0.7225199957413538,0.1364588130430614,ACCEPT,0.011508648851976444,1.0,1.0,0.0
2021-05-13,B_RSI14_mean_reversion,0.13084443504776444,0.7224960419136276,0.09453458642843454,ACCEPT,0.00330563837155351,1.0,1.0,0.0
2021-05-14,B_RSI14_mean_reversion,0.3109443928766231,0.7232287469050933,0.22488392361732518,ACCEPT,-0.06255641898138342,0.0,1.0,0.0
2021-05-15,B_RSI14_mean_reversion,0.3903828017197728,0.7171579223917337,0.2799661190188164,ACCEPT,-0.0065040138312105755,0.0,1.0,0.0
2021-05-16,B_RSI14_mean_reversion,0.37056039327581003,0.7352593329981257,0.2724579875954952,ACCEPT,-0.06282381595309616,0.0,1.0,0.0
2021-05-17,B_RSI14_mean_reversion,0.4583626662277433,0.7310310651010894,0.3350773480950423,ACCEPT,-0.014426855146374762,0.0,1.0,0.0
2021-05-18,B_RSI14_mean_reversion,0.39233983018664587,0.7310742325048656,0.2868295402347914,ACCEPT,-0.13766122609163733,0.0,1.0,0.0
2021-05-19,B_RSI14_mean_reversion,0.7194328944607097,0.7023636898602668,0.505303542360276,ACCEPT,0.10216344466291027,1.0,1.0,0.0
2021-05-20,B_RSI14_mean_reversion,0.5014307949012493,0.6977777777777777,0.34988726577553836,ACCEPT,-0.08528232829817228,0.0,1.0,0.0
2021-05-21,B_RSI14_mean_reversion,0.5957733506095341,0.6977777777777777,0.41571740464754153,ACCEPT,0.006217486259949112,1.0,1.0,0.0
2021-05-22,B_RSI14_mean_reversion,0.655560226135261,0.6,0.3933361356811566,ABSTAIN,-0.0736893688644572,0.0,0.0,1.0
2021-05-23,B_RSI14_mean_reversion,0.6773846037942173,0.6977777777777777,0.47266392353640935,ACCEPT,0.11318183957815453,1.0,1.0,0.0
2021-05-24,B_RSI14_mean_reversion,0.4738800755768975,0.5977777777777777,0.28327497851152317,ABSTAIN,-0.007847826326095597,0.0,0.0,1.0
2021-05-25,B_RSI14_mean_reversion,0.5132801627281682,0.5977777777777777,0.30682747505306057,ABSTAIN,0.023227211885217036,1.0,0.0,1.0
2021-05-26,B_RSI14_mean_reversion,0.3399256675051569,0.5977777777777777,0.20320001013086045,ABSTAIN,-0.021815700174415475,0.0,0.0,1.0
2021-05-27,B_RSI14_mean_reversion,0.38512548237700883,0.6977777777777777,0.2687320032586239,ACCEPT,-0.07126897282320166,0.0,1.0,0.0
2021-05-28,B_RSI14_mean_reversion,0.4451340196883254,0.6977777777777777,0.31060462707140923,ACCEPT,-0.03029724398312339,0.0,1.0,0.0
2021-05-29,B_RSI14_mean_reversion,0.4072018082518977,0.6977777777777777,0.2841363728691019,ACCEPT,0.03068120125307594,1.0,1.0,0.0
2021-05-30,B_RSI14_mean_reversion,0.3524355176420215,0.49777777777777776,0.17543456878180627,ABSTAIN,0.04637929771620186,1.0,0.0,1.0
2021-05-31,B_RSI14_mean_reversion,0.21163688981209192,0.5977777777777777,0.12651182968767272,ABSTAIN,-0.017355481635803582,0.0,0.0,1.0
2021-06-01,B_RSI14_mean_reversion,0.21216950914631866,0.5955555555555556,0.12635872989158534,ABSTAIN,0.02426756732611457,1.0,0.0,1.0
2021-06-02,B_RSI14_mean_reversion,-0.023549537774007378,0.49777777777777776,-0.011722436580839228,ABSTAIN,0.043475133082156336,0.0,0.0,1.0
2021-06-03,B_RSI14_mean_reversion,0.07098323987507114,0.5955555555555556,0.042274462858931265,ABSTAIN,-0.05902658087058821,0.0,0.0,1.0
2021-06-04,B_RSI14_mean_reversion,0.019527925921312316,0.5955555555555556,0.011629964770914892,ABSTAIN,-0.03638625350557034,0.0,0.0,1.0
2021-06-05,B_RSI14_mean_reversion,0.08972036387748673,0.4933333333333333,0.044262046179560116,ABSTAIN,0.008731498936251025,1.0,0.0,1.0
2021-06-06,B_RSI14_mean_reversion,-0.05551964600912058,0.5933333333333334,-0.03294165663207821,ABSTAIN,-0.06418068028941804,1.0,0.0,1.0
2021-06-07,B_RSI14_mean_reversion,0.28535188322407634,0.6933333333333334,0.19784397236869294,ACCEPT,-0.0026243254847995168,0.0,1.0,0.0
2021-06-08,B_RSI14_mean_reversion,0.2767000562400716,0.7144538244378597,0.19768941340289,ACCEPT,0.11569117681725527,1.0,1.0,0.0
2021-06-09,B_RSI14_mean_reversion,0.09372299869116446,0.6117971126511648,0.057339459988263314,ABSTAIN,-0.01720501684509279,0.0,0.0,1.0
2021-06-10,B_RSI14_mean_reversion,0.08426865743593809,0.6199703447139031,0.05224406859913635,ABSTAIN,0.01721406171757467,1.0,0.0,1.0
2021-06-11,B_RSI14_mean_reversion,-0.08860035755706704,0.7217791479164701,-0.06394989058263444,ACCEPT,-0.047727642256857994,1.0,1.0,0.0
2021-06-12,B_RSI14_mean_reversion,-0.04883894664123375,0.6270329223722233,-0.030623627438033877,ABSTAIN,0.09972131894675185,0.0,0.0,1.0
2021-06-13,B_RSI14_mean_reversion,-0.15790043256859307,0.7295042041640625,-0.1151890293981127,ACCEPT,0.028661855288592664,0.0,1.0,0.0
2021-06-14,B_RSI14_mean_reversion,-0.13660777969339763,0.7285098191919319,-0.09952010888464838,ACCEPT,0.004669320789865594,0.0,1.0,0.0
2021-06-15,B_RSI14_mean_reversion,-0.18009465771458863,0.7291707971633913,-0.1313197651306147,ACCEPT,-0.05096256237308472,1.0,1.0,0.0
2021-06-16,B_RSI14_mean_reversion,-0.035355216129831175,0.6253962223742069,-0.022111018608820043,ABSTAIN,-0.007655308506355651,1.0,0.0,1.0
2021-06-17,B_RSI14_mean_reversion,0.05637570408392989,0.5367671107709966,0.03026062379881172,ABSTAIN,-0.0595545108824469,0.0,0.0,1.0
2021-06-18,B_RSI14_mean_reversion,0.054155512165706486,0.729602738267665,0.039512009968387295,ACCEPT,-0.004788717174578294,0.0,1.0,0.0
2021-06-19,B_RSI14_mean_reversion,-0.0033162460791601235,0.6286913663091641,-0.0020848952785245864,ABSTAIN,0.002314299179515533,0.0,0.0,1.0
2021-06-20,B_RSI14_mean_reversion,0.008615482435224777,0.7301853352055921,0.006290898929922495,ACCEPT,-0.11265533282181261,0.0,1.0,0.0
2021-06-21,B_RSI14_mean_reversion,0.09073046482415009,0.710722442014751,0.06448417752495342,ACCEPT,0.02616961270137308,1.0,1.0,0.0
2021-06-22,B_RSI14_mean_reversion,0.04496325126746072,0.7127520070230557,0.032047647583164585,ACCEPT,0.0374509295196066,1.0,1.0,0.0
2021-06-23,B_RSI14_mean_reversion,0.19214614824323917,0.7158461401995663,0.13754707857413642,ACCEPT,0.027856637741157764,1.0,1.0,0.0
2021-06-24,B_RSI14_mean_reversion,0.10654907964195928,0.6190582750994241,0.06596008945658248,ABSTAIN,-0.0872604012088013,0.0,0.0,1.0
2021-06-25,B_RSI14_mean_reversion,0.26446126698848715,0.7074789944761041,0.18710079124689138,ACCEPT,0.017336806155961115,1.0,1.0,0.0
2021-06-26,B_RSI14_mean_reversion,0.165766715083427,0.7092453085307369,0.11756926498347194,ACCEPT,0.07653470332064805,1.0,1.0,0.0
2021-06-27,B_RSI14_mean_reversion,0.23137531552066007,0.706463490246988,0.1634582129597236,ACCEPT,-0.006213875976586625,0.0,1.0,0.0
2021-06-28,B_RSI14_mean_reversion,0.31573170076428597,0.6063754339192697,0.19145194705301294,ABSTAIN,0.04162825758718758,1.0,0.0,1.0
2021-06-29,B_RSI14_mean_reversion,0.2319646762448305,0.6266505064951129,0.1453607818577979,ABSTAIN,-0.02305527321430456,0.0,0.0,1.0
2021-06-30,B_RSI14_mean_reversion,0.18034114206354843,0.6262707039528699,0.11294237399180299,ABSTAIN,-0.04191448950075438,0.0,0.0,1.0
2021-07-01,B_RSI14_mean_reversion,0.22971645740453553,0.7243210740447386,0.16638847115300562,ACCEPT,0.00967855812266083,1.0,1.0,0.0
2021-07-02,B_RSI14_mean_reversion,0.10759936003984748,0.5274113340334113,0.05674912201975729,ABSTAIN,0.022760094790705843,1.0,0.0,1.0
2021-07-03,B_RSI14_mean_reversion,0.052144938050269755,0.5447557565461996,0.02840625517762941,ABSTAIN,0.017861561294527206,1.0,0.0,1.0
2021-07-04,B_RSI14_mean_reversion,0.021948076629888787,0.648095925777681,0.01422445904248726,ABSTAIN,-0.043691535402215154,0.0,0.0,1.0
2021-07-05,B_RSI14_mean_reversion,-0.127545324891844,0.6435410294627839,-0.08208064968406253,ABSTAIN,0.014496276584600176,0.0,0.0,1.0
2021-07-06,B_RSI14_mean_reversion,-0.1088830098032851,0.644205934280805,-0.07014308105763133,ABSTAIN,-0.011095808977648836,1.0,0.0,1.0
2021-07-07,B_RSI14_mean_reversion,-0.008792593546404248,0.6463385455998139,-0.005682992124833231,ABSTAIN,-0.028886355129662422,1.0,0.0,1.0
2021-07-08,B_RSI14_mean_reversion,0.11833080432744851,0.751019099627388,0.08886869412418501,ACCEPT,0.02800225791699673,1.0,1.0,0.0
2021-07-09,B_RSI14_mean_reversion,-0.16641016432349062,0.6514324456946283,-0.10840498033369649,ACCEPT,-0.008210311003178261,1.0,1.0,0.0
2021-07-10,B_RSI14_mean_reversion,-0.10497274923828784,0.6535833851998005,-0.06860844480088994,ACCEPT,0.021469475378479208,0.0,1.0,0.0
2021-07-11,B_RSI14_mean_reversion,0.037336502975814055,0.6777712301546048,0.025305607551588557,ACCEPT,-0.031668630428790756,0.0,1.0,0.0
2021-07-12,B_RSI14_mean_reversion,0.10801966640252487,0.7761294512831628,0.08383724441278192,ACCEPT,-0.013687548281983153,0.0,1.0,0.0
2021-07-13,B_RSI14_mean_reversion,0.29161096181521257,0.7765973645152233,0.2264643044094435,ACCEPT,0.003679352094793975,1.0,1.0,0.0
2021-07-14,B_RSI14_mean_reversion,0.21858188281243385,0.7807518099099274,0.17065820061932738,ACCEPT,-0.031734999531688124,0.0,1.0,0.0
2021-07-15,B_RSI14_mean_reversion,0.18425432034083797,0.795442932965668,0.1465637969835119,ACCEPT,-0.011302175908234458,0.0,1.0,0.0
2021-07-16,B_RSI14_mean_reversion,0.2537259353123581,0.7936634890698804,0.2013730110875249,ACCEPT,0.003549453661488622,1.0,1.0,0.0
2021-07-17,B_RSI14_mean_reversion,0.3446849533600215,0.8132006546914652,0.2802980297346666,ACCEPT,0.008363987433579023,1.0,1.0,0.0
2021-07-18,B_RSI14_mean_reversion,0.3993716418353992,0.7148523240241882,0.2854917463153908,ACCEPT,-0.030788575922789052,0.0,1.0,0.0
2021-07-19,B_RSI14_mean_reversion,0.3580390321255601,0.8183477988518559,0.29300045384300105,ACCEPT,-0.03278895069501786,0.0,1.0,0.0
2021-07-20,B_RSI14_mean_reversion,0.508968345089221,0.8164176837102445,0.4155307573795782,ACCEPT,0.07727442675168827,1.0,1.0,0.0
2021-07-21,B_RSI14_mean_reversion,0.16422981028096303,0.7007167098486069,0.11507857231913733,ACCEPT,0.006303573302191001,1.0,1.0,0.0
2021-07-22,B_RSI14_mean_reversion,0.057299893454217425,0.7031416276892523,0.04028994034981917,ACCEPT,0.03925482537500802,1.0,1.0,0.0
2021-07-23,B_RSI14_mean_reversion,0.021231254932912405,0.702156368799364,0.01490766086874736,ACCEPT,0.021169199000986128,1.0,1.0,0.0
2021-07-24,B_RSI14_mean_reversion,-0.07262591185279078,0.8039793882568291,-0.05838973618300113,ACCEPT,0.030844758309330533,0.0,1.0,0.0
2021-07-25,B_RSI14_mean_reversion,-0.10121395481703076,0.8049772525322857,-0.08147493126654032,ACCEPT,0.05621887171744144,0.0,1.0,0.0
2021-07-26,B_RSI14_mean_reversion,-0.35229414800071596,0.7950978934907165,-0.28010833496447596,ACCEPT,0.055424286615063156,0.0,1.0,0.0
2021-07-27,B_RSI14_mean_reversion,-0.49719598149337657,0.789415233094469,-0.39249408162422716,ACCEPT,0.014945713184850051,0.0,1.0,0.0
2021-07-28,B_RSI14_mean_reversion,-0.514082441038561,0.793242323215488,-0.4077919498537173,ACCEPT,0.00031292265067750513,0.0,1.0,0.0
2021-07-29,B_RSI14_mean_reversion,-0.6365718689555127,0.7917117989467906,-0.5039814595296895,ACCEPT,0.055666404612466414,0.0,1.0,0.0
2021-07-30,B_RSI14_mean_reversion,-0.7310252387713624,0.7849286895738367,-0.5738026827142065,ACCEPT,-0.014427457617713135,1.0,1.0,0.0
2021-07-31,B_RSI14_mean_reversion,-0.6600803155807858,0.7856956471838934,-0.5186222307435941,ACCEPT,-0.039669750474507826,1.0,1.0,0.0
2021-08-01,B_RSI14_mean_reversion,-0.49034235488003275,0.6860194325726553,-0.33638438406113963,ACCEPT,-0.019335866368471732,1.0,1.0,0.0
2021-08-02,B_RSI14_mean_reversion,-0.5089830100512106,0.6852589420579731,-0.34878515899317525,ACCEPT,-0.02675797936526192,1.0,1.0,0.0
2021-08-03,B_RSI14_mean_reversion,-0.5054661305265787,0.6821304459305253,-0.3447938370188723,ACCEPT,0.041792893187100555,0.0,1.0,0.0
2021-08-04,B_RSI14_mean_reversion,-0.4832829971096069,0.6817238182005292,-0.3294655300609565,ACCEPT,0.02822946527400849,0.0,1.0,0.0
2021-08-05,B_RSI14_mean_reversion,-0.5117009385092479,0.7825897821958148,-0.4004519260173463,ACCEPT,0.04763803587748594,0.0,1.0,0.0
2021-08-06,B_RSI14_mean_reversion,-0.5307417058243934,0.7802146705021755,-0.4140924651315417,ACCEPT,0.04062220829002827,0.0,1.0,0.0
2021-08-07,B_RSI14_mean_reversion,-0.5569287785364583,0.7762042253734571,-0.43229047113207725,ACCEPT,-0.017005273846830926,1.0,1.0,0.0
2021-08-08,B_RSI14_mean_reversion,-0.4660044931153112,0.778801453350774,-0.36292497650619515,ACCEPT,0.058616336068955555,0.0,1.0,0.0
2021-08-09,B_RSI14_mean_reversion,-0.4825577292245993,0.782418398152626,-0.37756204551607964,ACCEPT,-0.016830892309838696,1.0,1.0,0.0
2021-08-10,B_RSI14_mean_reversion,-0.3546685850333759,0.7873305550302829,-0.27924141390613294,ACCEPT,0.00018877838873909702,0.0,1.0,0.0
2021-08-11,B_RSI14_mean_reversion,-0.3324270775314983,0.7846137786750426,-0.26082686543589023,ACCEPT,-0.02555943636254754,1.0,1.0,0.0
2021-08-12,B_RSI14_mean_reversion,-0.24566002489848898,0.6813397271856209,-0.16737793434474932,ACCEPT,0.07574073458615982,0.0,1.0,0.0
2021-08-13,B_RSI14_mean_reversion,-0.29053096806628104,0.772303524223235,-0.224378090533577,ACCEPT,-0.01457055076832292,1.0,1.0,0.0
2021-08-14,B_RSI14_mean_reversion,-0.2846867679618433,0.7727442471589588,-0.21999006218479178,ACCEPT,-0.0010603958689597848,1.0,1.0,0.0
2021-08-15,B_RSI14_mean_reversion,-0.4014736771144527,0.7788900862305592,-0.3127038669869758,ACCEPT,-0.02215910567498447,1.0,1.0,0.0
2021-08-16,B_RSI14_mean_reversion,-0.3803500063120475,0.6836083024098184,-0.2600104221365425,ACCEPT,-0.028456465011732934,1.0,1.0,0.0
2021-08-17,B_RSI14_mean_reversion,-0.3605588800526658,0.6827734905515259,-0.24618004508290758,ACCEPT,0.002367765389513554,0.0,1.0,0.0
2021-08-18,B_RSI14_mean_reversion,-0.30340772989753134,0.6806009026645987,-0.2064995748436766,ACCEPT,0.04277544261522093,0.0,1.0,0.0
2021-08-19,B_RSI14_mean_reversion,-0.3351158796899847,0.7834089630127996,-0.262532783797053,ACCEPT,0.056115872471717454,0.0,1.0,0.0
2021-08-20,B_RSI14_mean_reversion,-0.3598637788859429,0.7764438289599811,-0.2794140103822095,ACCEPT,-0.008789842693618932,1.0,1.0,0.0
2021-08-21,B_RSI14_mean_reversion,-0.25860564602002156,0.783938041908895,-0.20273080376752053,ACCEPT,0.00850947690403503,0.0,1.0,0.0
2021-08-22,B_RSI14_mean_reversion,-0.3352013246618711,0.7841335163128982,-0.2628425933798544,ACCEPT,0.004551674225862445,0.0,1.0,0.0
2021-08-23,B_RSI14_mean_reversion,-0.2250187291999488,0.7881265347133379,-0.17734323128995463,ACCEPT,-0.037137725293038826,1.0,1.0,0.0
2021-08-24,B_RSI14_mean_reversion,-0.1395898254837975,0.6842027880937316,-0.09550774778553167,ACCEPT,0.02630002081428562,0.0,1.0,0.0
2021-08-25,B_RSI14_mean_reversion,-0.20479968030008464,0.6842382510027736,-0.1401317750544571,ACCEPT,-0.04122830434622349,1.0,1.0,0.0
2021-08-26,B_RSI14_mean_reversion,-0.1453607241496762,0.6816842562661565,-0.09909011713228195,ACCEPT,0.04508626296557394,0.0,1.0,0.0
2021-08-27,B_RSI14_mean_reversion,-0.07885830025549367,0.5808003466459944,-0.04580092812430464,ABSTAIN,-0.003185280633781984,1.0,0.0,1.0
2021-08-28,B_RSI14_mean_reversion,-0.11643805075089432,0.6819527547783012,-0.07940524947058802,ACCEPT,-0.0014839825657210204,1.0,1.0,0.0
2021-08-29,B_RSI14_mean_reversion,-0.11481110669490818,0.5898687202018312,-0.0677234805710814,ABSTAIN,-0.0363476092875793,1.0,0.0,1.0
2021-08-30,B_RSI14_mean_reversion,-0.06460366451295499,0.688900927421732,-0.04450552439781713,ACCEPT,0.0023738850726162664,0.0,1.0,0.0
2021-08-31,B_RSI14_mean_reversion,-0.16406323744954876,0.6866890415383976,-0.11266042727591717,ACCEPT,0.03562556399047523,0.0,1.0,0.0
2021-09-01,B_RSI14_mean_reversion,-0.24317189490877666,0.5862466092510531,-0.14255869885542374,ABSTAIN,0.009840830417728652,0.0,0.0,1.0
2021-09-02,B_RSI14_mean_reversion,-0.17169651669320574,0.8015020205129694,-0.13761510504464317,ACCEPT,0.014143210068944922,0.0,1.0,0.0
2021-09-03,B_RSI14_mean_reversion,-0.051678878843069924,0.8020321469058338,-0.04144812214819384,ACCEPT,-0.0016141808032423821,1.0,1.0,0.0
2021-09-04,B_RSI14_mean_reversion,-0.08039585934940575,0.8020154074672027,-0.06447871789478957,ACCEPT,0.03621581213694158,0.0,1.0,0.0
2021-09-05,B_RSI14_mean_reversion,-0.16984124905466416,0.7989718285208396,-0.13569837331546836,ACCEPT,0.017006125728580734,0.0,1.0,0.0
2021-09-06,B_RSI14_mean_reversion,-0.20619064203453774,0.8028474038042648,-0.16553962164616312,ACCEPT,-0.1106216071695616,1.0,1.0,0.0
2021-09-07,B_RSI14_mean_reversion,0.04721440239471164,0.7655650349291003,0.036145695618464015,ACCEPT,-0.015375366885328479,0.0,1.0,0.0
2021-09-08,B_RSI14_mean_reversion,0.15576864761702808,0.7689725096555031,0.11978180788370979,ACCEPT,0.006509485739778498,1.0,1.0,0.0
2021-09-09,B_RSI14_mean_reversion,0.032977189786996916,0.7770614553118991,0.025625303087980517,ACCEPT,-0.032495484247323514,0.0,1.0,0.0
2021-09-10,B_RSI14_mean_reversion,0.2594077160796482,0.7727011321683607,0.2004446359079528,ACCEPT,0.0070748487352050304,1.0,1.0,0.0
2021-09-11,B_RSI14_mean_reversion,0.22768458359647822,0.7750072890311819,0.1764572118873001,ACCEPT,0.019066033632592516,1.0,1.0,0.0
2021-09-12,B_RSI14_mean_reversion,0.16231937202773167,0.7761125289060596,0.12597809831488635,ACCEPT,-0.023884438158555232,0.0,1.0,0.0
2021-09-13,B_RSI14_mean_reversion,0.12779477771236586,0.6779877779567324,0.08664329737568148,ACCEPT,0.0473592610325122,1.0,1.0,0.0
2021-09-14,B_RSI14_mean_reversion,0.00403520318567331,0.6738870458940052,0.002719271154375466,ACCEPT,0.023015462091804384,1.0,1.0,0.0
2021-09-15,B_RSI14_mean_reversion,0.037698704585965005,0.676921124748779,0.025519049509903382,ACCEPT,-0.008157286726135138,0.0,1.0,0.0
2021-09-16,B_RSI14_mean_reversion,0.08723828151461603,0.6818569010781138,0.05948402428893619,ACCEPT,-0.010795386730801604,0.0,1.0,0.0
2021-09-17,B_RSI14_mean_reversion,0.15740282254981025,0.6816132342310588,0.1072878469552736,ACCEPT,0.021385589090024082,1.0,1.0,0.0
2021-09-18,B_RSI14_mean_reversion,0.09030691559889831,0.6825727320276392,0.06164103810132945,ACCEPT,-0.021089044077959085,0.0,1.0,0.0
2021-09-19,B_RSI14_mean_reversion,0.25442101516961557,0.5849183886733791,0.14881553023765687,ABSTAIN,-0.09344895316951951,0.0,0.0,1.0
2021-09-20,B_RSI14_mean_reversion,0.46185072593675924,0.7620931148637584,0.3519732583312329,ACCEPT,-0.050185206746199196,0.0,1.0,0.0
2021-09-21,B_RSI14_mean_reversion,0.3490806604337149,0.7594358226055846,0.265104358512179,ACCEPT,0.07079311406361999,1.0,1.0,0.0
2021-09-22,B_RSI14_mean_reversion,0.12785424914832888,0.7470546215658913,0.09551410771309601,ACCEPT,0.0303064775724482,1.0,1.0,0.0
2021-09-23,B_RSI14_mean_reversion,0.07226482507154146,0.6474788589225159,0.04678994647755688,ABSTAIN,-0.04578111561282838,0.0,0.0,1.0
2021-09-24,B_RSI14_mean_reversion,0.09617786246788967,0.6420183553862973,0.06174795308620401,ABSTAIN,-0.002874812528084303,0.0,0.0,1.0
2021-09-25,B_RSI14_mean_reversion,0.117992138741876,0.743642212149769,0.08774393507029113,ACCEPT,0.011516492054097771,1.0,1.0,0.0
2021-09-26,B_RSI14_mean_reversion,0.13797834557995445,0.7463832472238188,0.10298472562053665,ACCEPT,-0.02251426719942695,0.0,1.0,0.0
2021-09-27,B_RSI14_mean_reversion,0.13263798758043394,0.7677347744981898,0.10183079548495814,ACCEPT,-0.02844007873591181,0.0,1.0,0.0
2021-09-28,B_RSI14_mean_reversion,0.30854252361317663,0.5666475378087492,0.1748348613147044,ABSTAIN,0.012911568502261384,1.0,0.0,1.0
2021-09-29,B_RSI14_mean_reversion,0.3465392102187903,0.7684151476746013,0.26628597839531143,ACCEPT,0.05356827518164842,1.0,1.0,0.0
2021-09-30,B_RSI14_mean_reversion,0.19090289489172235,0.6630454067773384,0.12657728759845352,ACCEPT,0.09878873042688929,1.0,1.0,0.0
2021-10-01,B_RSI14_mean_reversion,-0.034356449346941105,0.7428546641817948,-0.02552184864210078,ACCEPT,-0.008426411013467638,1.0,1.0,0.0
2021-10-02,B_RSI14_mean_reversion,0.023503833301589054,0.6430681080966503,0.015114565614271918,ABSTAIN,0.010237887379882071,1.0,0.0,1.0
2021-10-03,B_RSI14_mean_reversion,-0.03983828344909185,0.7467225886984433,-0.029748146146408215,ACCEPT,0.018940873580984396,0.0,1.0,0.0
2021-10-04,B_RSI14_mean_reversion,-0.3121245254117895,0.7501627647008279,-0.2341441969138418,ACCEPT,0.048905889117254686,0.0,1.0,0.0
2021-10-05,B_RSI14_mean_reversion,-0.5320899766685753,0.744500567303263,-0.39614128948613425,ACCEPT,0.0746704982911468,0.0,1.0,0.0
2021-10-06,B_RSI14_mean_reversion,-0.5533035581180553,0.7334797162900906,-0.40583693683072886,ACCEPT,-0.02809653406297008,1.0,1.0,0.0
2021-10-07,B_RSI14_mean_reversion,-0.413733933757577,0.7316672866461372,-0.30271558470583904,ACCEPT,0.0030082765538104184,0.0,1.0,0.0
2021-10-08,B_RSI14_mean_reversion,-0.5664815044964877,0.7298011567918983,-0.41341885728275163,ACCEPT,0.01853649985027972,0.0,1.0,0.0
2021-10-09,B_RSI14_mean_reversion,-0.5970155475604517,0.6311497101984643,-0.3768061898267566,ABSTAIN,-0.003577422040362044,1.0,0.0,1.0
2021-10-10,B_RSI14_mean_reversion,-0.5716874189825364,0.755361005968332,-0.431830383902088,ACCEPT,0.04953684064585273,0.0,1.0,0.0
2021-10-11,B_RSI14_mean_reversion,-0.6941942466167055,0.762619823758265,-0.5294062940088334,ACCEPT,-0.025114999851183484,1.0,1.0,0.0
2021-10-12,B_RSI14_mean_reversion,-0.6756921518310517,0.7658742288819035,-0.5174952057451607,ACCEPT,0.02426861834211813,0.0,1.0,0.0
2021-10-13,B_RSI14_mean_reversion,-0.687378540694526,0.7662858404257139,-0.5267284427467056,ACCEPT,-0.001386283921372633,1.0,1.0,0.0
2021-10-14,B_RSI14_mean_reversion,-0.6476351537689925,0.676868499286972,-0.4383638346171053,ACCEPT,0.07453440740995654,0.0,1.0,0.0
2021-10-15,B_RSI14_mean_reversion,-0.6467284681214639,0.7673931187110542,-0.4962949761109528,ACCEPT,-0.01139348166745524,1.0,1.0,0.0
2021-10-16,B_RSI14_mean_reversion,-0.6236411102332008,0.7653486051915724,-0.4773028538571039,ACCEPT,0.01086243756414218,0.0,1.0,0.0
2021-10-17,B_RSI14_mean_reversion,-0.6266962867580739,0.7693502426324607,-0.48214894027418626,ACCEPT,0.007675599893030238,0.0,1.0,0.0
2021-10-18,B_RSI14_mean_reversion,-0.6188163024553495,0.7750043522007135,-0.4795853276156489,ACCEPT,0.036047967727284025,0.0,1.0,0.0
2021-10-19,B_RSI14_mean_reversion,-0.6157597673483036,0.7724850123321596,-0.47566519147370206,ACCEPT,0.026934175102288238,0.0,1.0,0.0
2021-10-20,B_RSI14_mean_reversion,-0.5720180506196675,0.7728174457461011,-0.4420655288005554,ACCEPT,-0.057319313661295834,1.0,1.0,0.0
2021-10-21,B_RSI14_mean_reversion,-0.4037960134501574,0.7756503091672062,-0.31320450267309996,ACCEPT,-0.024399647264276236,1.0,1.0,0.0
2021-10-22,B_RSI14_mean_reversion,-0.3033253260685893,0.6731280478416137,-0.20417678459747046,ACCEPT,0.011555863919028075,0.0,1.0,0.0
2021-10-23,B_RSI14_mean_reversion,-0.29379984292818734,0.673140485580089,-0.1977685689320339,ACCEPT,-0.007537937512081094,1.0,1.0,0.0
2021-10-24,B_RSI14_mean_reversion,-0.27824482198557077,0.6744750313324228,-0.18766918502680224,ACCEPT,0.0346128236844363,0.0,1.0,0.0
2021-10-25,B_RSI14_mean_reversion,-0.2579911007711492,0.7768099285887795,-0.20041004856657701,ACCEPT,-0.04244985266320056,1.0,1.0,0.0
2021-10-26,B_RSI14_mean_reversion,-0.18989188061291443,0.6844218286220568,-0.1299661481695722,ACCEPT,-0.03116779376295975,1.0,1.0,0.0
2021-10-27,B_RSI14_mean_reversion,-0.046436044878950325,0.6860507530140201,-0.0318574835561967,ACCEPT,0.03658793903693369,0.0,1.0,0.0
2021-10-28,B_RSI14_mean_reversion,-0.130223640045391,0.6833919629627967,-0.08899378899478042,ACCEPT,0.02648913766352501,0.0,1.0,0.0
2021-10-29,B_RSI14_mean_reversion,-0.027955902469540207,0.7804767094858802,-0.021818930770134932,ACCEPT,-0.005449845794435637,1.0,1.0,0.0
2021-10-30,B_RSI14_mean_reversion,-0.044659893720014734,0.7803626611141103,-0.03485091350842404,ACCEPT,-0.009208042570786446,1.0,1.0,0.0
2021-10-31,B_RSI14_mean_reversion,0.010558418780427275,0.685252543782053,0.007235183327603992,ACCEPT,-0.005129747739996526,0.0,1.0,0.0
2021-11-01,B_RSI14_mean_reversion,0.04629858113368399,0.7852468692074295,0.036355815883971514,ACCEPT,0.03642353446805324,1.0,1.0,0.0
2021-11-02,B_RSI14_mean_reversion,0.04695891221385878,0.6856983735031977,0.032199649726522415,ACCEPT,-0.004054563588107407,0.0,1.0,0.0
2021-11-03,B_RSI14_mean_reversion,0.1468898048376215,0.6855772018763463,0.10070430138473915,ACCEPT,-0.024103783966732184,0.0,1.0,0.0
2021-11-04,B_RSI14_mean_reversion,0.041386422656279225,0.6990634031770359,0.028931733467421734,ACCEPT,-0.005313959884109654,0.0,1.0,0.0
2021-11-05,B_RSI14_mean_reversion,-0.025312438759584808,0.6994105836687922,-0.01770378756692177,ACCEPT,0.006573419146120196,0.0,1.0,0.0
2021-11-06,B_RSI14_mean_reversion,-0.00795721969835057,0.6974205196844936,-0.005549528297267343,ACCEPT,0.029247220896912562,0.0,1.0,0.0
2021-11-07,B_RSI14_mean_reversion,-0.1319496383734756,0.7949676187661011,-0.10489568981481005,ACCEPT,0.06695154718111462,0.0,1.0,0.0
2021-11-08,B_RSI14_mean_reversion,-0.22311008777798208,0.7834646385302007,-0.17479886427341806,ACCEPT,-0.008806096371717143,1.0,1.0,0.0
2021-11-09,B_RSI14_mean_reversion,-0.36289106920332925,0.78715272354139,-0.28565069347224764,ACCEPT,-0.029513867421399387,1.0,1.0,0.0
2021-11-10,B_RSI14_mean_reversion,-0.35580348187572297,0.7948742954400224,-0.2828190419710721,ACCEPT,-0.0006965054346836919,1.0,1.0,0.0
2021-11-11,B_RSI14_mean_reversion,-0.26698271455949724,0.6995009757440442,-0.18675466934116197,ACCEPT,-0.01222509636324598,1.0,1.0,0.0
2021-11-12,B_RSI14_mean_reversion,-0.12520693967736946,0.6989595365882264,-0.08751458453452417,ACCEPT,0.0048878705639170406,0.0,1.0,0.0
2021-11-13,B_RSI14_mean_reversion,-0.16787441270712491,0.697077122521963,-0.1170214125549471,ACCEPT,0.015469517787564335,0.0,1.0,0.0
2021-11-14,B_RSI14_mean_reversion,-0.2625207238629626,0.7976887687616945,-0.20940983299267543,ACCEPT,-0.02915932332393234,1.0,1.0,0.0
2021-11-15,B_RSI14_mean_reversion,-0.14679616665075984,0.7011873492033234,-0.10293161496705559,ACCEPT,-0.05344145330150951,1.0,1.0,0.0
2021-11-16,B_RSI14_mean_reversion,0.1650661690924811,0.7951699024450136,0.13125564957424032,ACCEPT,0.003436857419438999,1.0,1.0,0.0
2021-11-17,B_RSI14_mean_reversion,0.1405011774855069,0.8011631762015593,0.11256436961434771,ACCEPT,-0.05674983989800575,0.0,1.0,0.0
2021-11-18,B_RSI14_mean_reversion,0.2207829508683241,0.7925988529609798,0.17499231361157405,ACCEPT,0.020677857806173483,1.0,1.0,0.0
2021-11-19,B_RSI14_mean_reversion,0.14127319372352487,0.7904798658611016,0.11167361522434137,ACCEPT,0.027144333086984274,1.0,1.0,0.0
2021-11-20,B_RSI14_mean_reversion,0.08151110939467145,0.7899677038425432,0.06439114392616696,ACCEPT,-0.01619370466132397,0.0,1.0,0.0
2021-11-21,B_RSI14_mean_reversion,0.21258851855391525,0.6871734923246244,0.14608519472281217,ACCEPT,-0.041565940596482776,0.0,1.0,0.0
2021-11-22,B_RSI14_mean_reversion,0.5689122711877233,0.7844404167430657,0.4462777791007417,ACCEPT,0.022735855747423095,1.0,1.0,0.0
2021-11-23,B_RSI14_mean_reversion,0.45849715113688805,0.7840789553745722,0.3594979673056285,ACCEPT,-0.02238438701660228,0.0,1.0,0.0
2021-11-24,B_RSI14_mean_reversion,0.4397014983028745,0.7816633231038348,0.3436985343371601,ACCEPT,0.017666069374003168,1.0,1.0,0.0
2021-11-25,B_RSI14_mean_reversion,0.3695581602064695,0.6805786269807614,0.25151338526285527,ACCEPT,-0.06468677053655503,0.0,1.0,0.0
2021-11-26,B_RSI14_mean_reversion,0.4470570205920387,0.767334555558262,0.34304230020519283,ACCEPT,0.02324655494514305,1.0,1.0,0.0
2021-11-27,B_RSI14_mean_reversion,0.3922750881870954,0.7682255327368261,0.30135573860191683,ACCEPT,0.044392510044424904,1.0,1.0,0.0
2021-11-28,B_RSI14_mean_reversion,0.3155153192230895,0.7753834097507203,0.24464534404778612,ACCEPT,0.009748898117819094,1.0,1.0,0.0
2021-11-29,B_RSI14_mean_reversion,0.23287809035201845,0.6752900367453161,0.15726025419099357,ACCEPT,-0.013858989986877734,0.0,1.0,0.0
2021-11-30,B_RSI14_mean_reversion,0.1427898790610075,0.6764735559896227,0.09659357724772792,ACCEPT,0.003936508510805847,1.0,1.0,0.0
2021-12-01,B_RSI14_mean_reversion,0.14187865977183903,0.5783688208370905,0.08205819315418529,ABSTAIN,-0.013140205787574133,0.0,0.0,1.0
2021-12-02,B_RSI14_mean_reversion,0.02387874404869507,0.777877716280338,0.01857474288824163,ACCEPT,-0.05098586481791345,0.0,1.0,0.0
2021-12-03,B_RSI14_mean_reversion,0.21380437764205085,0.5699031916448538,0.1218477972058464,ABSTAIN,-0.08204639683653359,0.0,0.0,1.0
2021-12-04,B_RSI14_mean_reversion,0.4379564589687698,0.7546498024219734,0.33050375523020925,ACCEPT,0.003417522933012007,1.0,1.0,0.0
2021-12-05,B_RSI14_mean_reversion,0.40406881611219203,0.7561054072280922,0.30551861675468206,ACCEPT,0.02458589579002135,1.0,1.0,0.0
2021-12-06,B_RSI14_mean_reversion,0.2600914313141746,0.7578730210308641,0.197116278794315,ACCEPT,0.002322159783127109,1.0,1.0,0.0
2021-12-07,B_RSI14_mean_reversion,0.3305788557563261,0.6599691053518595,0.21817183168174395,ACCEPT,-0.00385184874717448,0.0,1.0,0.0
2021-12-08,B_RSI14_mean_reversion,0.2933979357622942,0.6643682221710547,0.19492426497105272,ACCEPT,-0.05608726213196957,0.0,1.0,0.0
2021-12-09,B_RSI14_mean_reversion,0.4461382104599301,0.7565053775743629,0.33750595535433997,ACCEPT,-0.00899511908452133,0.0,1.0,0.0
2021-12-10,B_RSI14_mean_reversion,0.3467003639598801,0.7582664616928438,0.26289125824747944,ACCEPT,0.044857216044006165,1.0,1.0,0.0
2021-12-11,B_RSI14_mean_reversion,0.28515355119701097,0.5453816753311103,0.15551752147844136,ABSTAIN,0.014906619570362878,1.0,0.0,1.0
2021-12-12,B_RSI14_mean_reversion,0.41036112916449297,0.649263533453083,0.26643251671313567,ABSTAIN,-0.0670851717099511,0.0,0.0,1.0
2021-12-13,B_RSI14_mean_reversion,0.5472506971749929,0.7376480967749497,0.4036784352298978,ACCEPT,-0.00267125345649466,0.0,1.0,0.0
2021-12-14,B_RSI14_mean_reversion,0.5315890858355266,0.7355947784180675,0.39103415580464723,ACCEPT,0.04900151967252708,1.0,1.0,0.0
2021-12-15,B_RSI14_mean_reversion,0.3856113737256626,0.7293535657679044,0.28124703042747207,ACCEPT,-0.025181582897818466,0.0,1.0,0.0
2021-12-16,B_RSI14_mean_reversion,0.39894208300574036,0.6373819542244206,0.2542784844885598,ABSTAIN,-0.030699007215741814,0.0,0.0,1.0
2021-12-17,B_RSI14_mean_reversion,0.3577643511838673,0.7348958843258988,0.2629195492435496,ACCEPT,0.013995731563123393,1.0,1.0,0.0
2021-12-18,B_RSI14_mean_reversion,0.13898464087599435,0.7439239682988015,0.10339400557305353,ACCEPT,-0.0030259427628138713,0.0,1.0,0.0
2021-12-19,B_RSI14_mean_reversion,0.15754385388949602,0.7449271140195308,0.1173586884094169,ACCEPT,0.003709543768351198,1.0,1.0,0.0
2021-12-20,B_RSI14_mean_reversion,0.2335085096984274,0.6444463483773303,0.15048370639018396,ABSTAIN,0.04386356169401262,1.0,0.0,1.0
2021-12-21,B_RSI14_mean_reversion,0.09910392467338652,0.635271523436058,0.06295790120575459,ABSTAIN,-0.006295931447672265,0.0,0.0,1.0
2021-12-22,B_RSI14_mean_reversion,0.10477949316662119,0.6330737436273604,0.0663331459943703,ABSTAIN,0.04433669194360079,1.0,0.0,1.0
2021-12-23,B_RSI14_mean_reversion,-0.18063590137944815,0.734338641213385,-0.13264792237333897,ACCEPT,0.0007414904357732066,0.0,1.0,0.0
2021-12-24,B_RSI14_mean_reversion,-0.21253354922369938,0.7574907973499914,-0.16099220766508368,ACCEPT,-0.007719775485643066,1.0,1.0,0.0
2021-12-25,B_RSI14_mean_reversion,-0.07062794410187066,0.7559985339628398,-0.053394622197823614,ACCEPT,0.0075284019171428795,0.0,1.0,0.0
2021-12-26,B_RSI14_mean_reversion,-0.0481955075905897,0.7577579752964971,-0.03652053025023221,ACCEPT,-0.003328070621613999,1.0,1.0,0.0
2021-12-27,B_RSI14_mean_reversion,-0.33749639416824695,0.6599282955107728,-0.22272342014448313,ACCEPT,-0.06025942562091624,1.0,1.0,0.0
2021-12-28,B_RSI14_mean_reversion,-0.06736706075739918,0.6463742609920722,-0.04354433411227192,ABSTAIN,-0.02404227880624954,1.0,0.0,1.0
2021-12-29,B_RSI14_mean_reversion,0.18365543704531576,0.7547418947009294,0.13861245252770887,ACCEPT,0.01579112126431248,1.0,1.0,0.0
2021-12-30,B_RSI14_mean_reversion,0.03791259337285581,0.7535555047770028,0.02856924343648761,ACCEPT,-0.018476352917798256,0.0,1.0,0.0
2021-12-31,B_RSI14_mean_reversion,-0.008506247397647541,0.657729227980015,-0.0055948075338617285,ACCEPT,0.029809396471367267,0.0,1.0,0.0
2022-01-01,B_RSI14_mean_reversion,-0.0644870496566844,0.5517730602623991,-0.03558221673636205,ABSTAIN,-0.007163274962024402,1.0,0.0,1.0
2022-01-02,B_RSI14_mean_reversion,-0.048366183340339576,0.564426879867996,-0.027299173953911314,ABSTAIN,-0.0187368774698079,1.0,0.0,1.0
2022-01-03,B_RSI14_mean_reversion,0.030351420203144103,0.6623211497222721,0.020102387524650198,ACCEPT,-0.012065555013512697,0.0,1.0,0.0
2022-01-04,B_RSI14_mean_reversion,0.244821574674303,0.7739300339565293,0.18947476960097429,ACCEPT,-0.050734060615097554,0.0,1.0,0.0
2022-01-05,B_RSI14_mean_reversion,0.3505331471377846,0.759770820449524,0.26632485679562834,ACCEPT,-0.009366159015892994,0.0,1.0,0.0
2022-01-06,B_RSI14_mean_reversion,0.6009562860039094,0.7627713489392669,0.4583922369287338,ACCEPT,-0.03714070469186992,0.0,1.0,0.0
2022-01-07,B_RSI14_mean_reversion,0.6500725406552479,0.7589847865980036,0.49339516854244536,ACCEPT,0.004235994902819673,1.0,1.0,0.0
2022-01-08,B_RSI14_mean_reversion,0.6195937184362498,0.7585410225967053,0.469987252777128,ACCEPT,0.004256970472081845,1.0,1.0,0.0
2022-01-09,B_RSI14_mean_reversion,0.6432440156149752,0.7607122898385574,0.4893236280434166,ACCEPT,-0.0021554853640055605,0.0,1.0,0.0
2022-01-10,B_RSI14_mean_reversion,0.6412011857813027,0.6717552453696356,0.4307302598858203,ACCEPT,0.021869109453241498,1.0,1.0,0.0
2022-01-11,B_RSI14_mean_reversion,0.41774451158208337,0.6694712595748121,0.279667944349322,ACCEPT,0.028389418684672707,1.0,1.0,0.0
2022-01-12,B_RSI14_mean_reversion,0.21355091453631417,0.67704657333518,0.1445839149194054,ACCEPT,-0.030888714484173407,0.0,1.0,0.0
2022-01-13,B_RSI14_mean_reversion,0.37257659480354166,0.6744190287572782,0.25127274520509857,ACCEPT,0.011930269358978673,1.0,1.0,0.0
2022-01-14,B_RSI14_mean_reversion,0.2684184626853714,0.6722148968763434,0.18043488921375356,ACCEPT,0.001802778677309158,1.0,1.0,0.0
2022-01-15,B_RSI14_mean_reversion,0.4236519331704406,0.5752153192831423,0.24369108200355544,ABSTAIN,-0.0014711291913973579,0.0,0.0,1.0
2022-01-16,B_RSI14_mean_reversion,0.40819115843261244,0.6751052138007393,0.27557197928522026,ACCEPT,-0.020024366790964976,0.0,1.0,0.0
2022-01-17,B_RSI14_mean_reversion,0.4068307908698688,0.5909424893871159,0.2404136003159694,ABSTAIN,0.0029604828561313745,1.0,0.0,1.0
2022-01-18,B_RSI14_mean_reversion,0.35550604045263867,0.7950564481472187,0.2826473698171563,ACCEPT,-0.014897823244158781,0.0,1.0,0.0
2022-01-19,B_RSI14_mean_reversion,0.22226192645686665,0.7950511559249934,0.1767096015476477,ACCEPT,-0.02548634039729203,0.0,1.0,0.0
2022-01-20,B_RSI14_mean_reversion,0.2797966112150233,0.7913778107581942,0.22142482964090676,ACCEPT,-0.10381165615712484,0.0,1.0,0.0
2022-01-21,B_RSI14_mean_reversion,0.4440897545951341,0.7513966027559604,0.33368753292151193,ACCEPT,-0.039143484680769114,0.0,1.0,0.0
2022-01-22,B_RSI14_mean_reversion,0.5263365318764,0.7463529838376639,0.3928328410687188,ACCEPT,0.03558509252717301,1.0,1.0,0.0
2022-01-23,B_RSI14_mean_reversion,0.4081587149961632,0.7380684985051701,0.30124908992901783,ACCEPT,0.010406744495611076,1.0,1.0,0.0
2022-01-24,B_RSI14_mean_reversion,0.3666418771168247,0.6360520225215294,0.2332033074812464,ABSTAIN,0.008175727030871549,1.0,0.0,1.0
2022-01-25,B_RSI14_mean_reversion,0.42899483057046894,0.6422557384504362,0.27552439169945625,ABSTAIN,-0.002757016878562668,0.0,0.0,1.0
2022-01-26,B_RSI14_mean_reversion,0.5738964392605286,0.6421668540524649,0.36853727095184513,ABSTAIN,0.007763821260712289,1.0,0.0,1.0
2022-01-27,B_RSI14_mean_reversion,0.4828144086167279,0.6477810998286546,0.31275804862686546,ABSTAIN,0.017397102127314046,1.0,0.0,1.0
2022-01-28,B_RSI14_mean_reversion,0.4649201930291389,0.6459203083948464,0.3003013944603729,ABSTAIN,0.00936493083845824,1.0,0.0,1.0
2022-01-29,B_RSI14_mean_reversion,0.43037111518709226,0.6454079430691814,0.27776493620929094,ABSTAIN,-0.005783656346668664,0.0,0.0,1.0
2022-01-30,B_RSI14_mean_reversion,0.43791069136551075,0.6454199807671918,0.28263630999887557,ABSTAIN,0.01491453610450133,1.0,0.0,1.0
2022-01-31,B_RSI14_mean_reversion,0.32566913446846596,0.6468582063801127,0.21066175219563563,ABSTAIN,0.00676006528835682,1.0,0.0,1.0
2022-02-01,B_RSI14_mean_reversion,0.31036977996376547,0.6536204522943074,0.20286403595840105,ACCEPT,-0.046209029430310355,0.0,1.0,0.0
2022-02-02,B_RSI14_mean_reversion,0.3725102892656355,0.549082700343829,0.204538955535836,ABSTAIN,0.005456046132945147,1.0,0.0,1.0
2022-02-03,B_RSI14_mean_reversion,0.29381755563548895,0.5522130916898618,0.16224990079023133,ABSTAIN,0.116978066100073,1.0,0.0,1.0
2022-02-04,B_RSI14_mean_reversion,-0.41602565073334064,0.7088888888888889,-0.2949159612976348,ACCEPT,-0.001438787435204647,1.0,1.0,0.0
2022-02-05,B_RSI14_mean_reversion,-0.5960405216063662,0.7111111111111111,-0.42385103758674936,ACCEPT,0.023437312952531153,0.0,1.0,0.0
2022-02-06,B_RSI14_mean_reversion,-0.5854300059522456,0.7111111111111111,-0.4163057820104858,ACCEPT,0.033665872045371525,0.0,1.0,0.0
2022-02-07,B_RSI14_mean_reversion,-0.6231924807878301,0.7088888888888889,-0.4417742252695951,ACCEPT,0.0063448528050995545,0.0,1.0,0.0
2022-02-08,B_RSI14_mean_reversion,-0.622488076114658,0.7066666666666667,-0.4398915737876916,ACCEPT,0.004994545046617338,0.0,1.0,0.0
2022-02-09,B_RSI14_mean_reversion,-0.643858267055237,0.7045275676823678,-0.4536158988206105,ACCEPT,-0.01744935921313273,1.0,1.0,0.0
2022-02-10,B_RSI14_mean_reversion,-0.5304717684068865,0.6459229482087302,-0.34264388859087486,ABSTAIN,-0.026561982607033352,1.0,0.0,1.0
2022-02-11,B_RSI14_mean_reversion,-0.3661832353198682,0.6524814194069449,-0.23892775714453493,ACCEPT,-0.0038546734323026133,1.0,1.0,0.0
2022-02-12,B_RSI14_mean_reversion,-0.33019102022149466,0.6569200180215955,-0.21690909095447328,ACCEPT,-0.001111462077505676,1.0,1.0,0.0
2022-02-13,B_RSI14_mean_reversion,-0.34902525935001166,0.6566187518110637,-0.22917653014493744,ACCEPT,0.009228086961576842,0.0,1.0,0.0
2022-02-14,B_RSI14_mean_reversion,-0.33953932427029826,0.5543862881182238,-0.18823594565238058,ABSTAIN,0.04668769779745485,0.0,0.0,1.0
2022-02-15,B_RSI14_mean_reversion,-0.4221602653463444,0.7468455020374001,-0.3152884953128326,ACCEPT,-0.013759752216496501,1.0,1.0,0.0
2022-02-16,B_RSI14_mean_reversion,-0.5546072405765062,0.5469242178942172,-0.3033281312907756,ABSTAIN,-0.07788223029977337,1.0,0.0,1.0
2022-02-17,B_RSI14_mean_reversion,-0.21333276520324732,0.6212116061746501,-0.13252478972158876,ABSTAIN,-0.012507647384577658,1.0,0.0,1.0
2022-02-18,B_RSI14_mean_reversion,0.1222822395782218,0.7204352382926171,0.08809643440949112,ACCEPT,0.0022777282826873524,1.0,1.0,0.0
2022-02-19,B_RSI14_mean_reversion,0.10944299348461783,0.7229342446383223,0.07912008782575902,ACCEPT,-0.04214073972532317,0.0,1.0,0.0
2022-02-20,B_RSI14_mean_reversion,0.31171356668954475,0.7169416616844325,0.2234804424719834,ACCEPT,-0.03528620868790788,0.0,1.0,0.0
2022-02-21,B_RSI14_mean_reversion,0.5326874673768179,0.7109164002891071,0.3786962567866486,ACCEPT,0.03265642371222732,1.0,1.0,0.0
2022-02-22,B_RSI14_mean_reversion,0.42783665116375036,0.716891398531196,0.30671241519568443,ACCEPT,-0.025843815613622922,0.0,1.0,0.0
2022-02-23,B_RSI14_mean_reversion,0.48899416617029745,0.7122305170308237,0.3482765677965275,ACCEPT,0.027778400368163814,1.0,1.0,0.0
2022-02-24,B_RSI14_mean_reversion,0.35683116516402125,0.6633798090727993,0.23671459021773292,ACCEPT,0.022998939789759643,1.0,1.0,0.0
2022-02-25,B_RSI14_mean_reversion,0.22196726385204926,0.6604956424833031,0.14660841054822013,ACCEPT,-0.002781397053842838,0.0,1.0,0.0
2022-02-26,B_RSI14_mean_reversion,0.21901454817379318,0.661276988985881,0.14482928096046915,ACCEPT,-0.03568234201898368,0.0,1.0,0.0
2022-02-27,B_RSI14_mean_reversion,0.286166165627599,0.7617058637554239,0.21797444636694802,ACCEPT,0.1454118392886461,1.0,1.0,0.0
2022-02-28,B_RSI14_mean_reversion,-0.029183077999967395,0.7066666666666667,-0.020622708453310292,ACCEPT,0.026888524570001016,0.0,1.0,0.0
2022-03-01,B_RSI14_mean_reversion,0.01105628277454045,0.6044444444444445,0.006682908699277783,ABSTAIN,-0.009706302725009275,0.0,0.0,1.0
2022-03-02,B_RSI14_mean_reversion,0.0019093925831303693,0.6044444444444445,0.0011541217391365787,ABSTAIN,-0.03351981142193561,0.0,0.0,1.0
2022-03-03,B_RSI14_mean_reversion,-0.10742460683861693,0.6044444444444445,-0.06493220680023068,ABSTAIN,-0.07806935036049167,1.0,0.0,1.0
2022-03-04,B_RSI14_mean_reversion,0.04332079566017327,0.7066666666666667,0.030613362266522445,ACCEPT,0.00671938064683042,1.0,1.0,0.0
2022-03-05,B_RSI14_mean_reversion,0.03470085116854875,0.5066666666666666,0.017581764592064696,ABSTAIN,-0.024887994408395286,0.0,0.0,1.0
2022-03-06,B_RSI14_mean_reversion,0.0005673480224021433,0.5044444444444445,0.0002861955579673034,ABSTAIN,-0.009316643885282638,0.0,0.0,1.0
2022-03-07,B_RSI14_mean_reversion,-0.05170143378814885,0.6022222222222222,-0.031135752347974086,ABSTAIN,0.017740259990833174,0.0,0.0,1.0
2022-03-08,B_RSI14_mean_reversion,-0.024325488760848373,0.6022222222222222,-0.014649349898199798,ABSTAIN,0.08378639716414904,0.0,0.0,1.0
2022-03-09,B_RSI14_mean_reversion,-0.22523647626845203,0.5022222222222221,-0.11311876363704478,ABSTAIN,-0.060630954045771346,1.0,0.0,1.0
2022-03-10,B_RSI14_mean_reversion,-0.049509824000156896,0.5044444444444445,-0.02497495566230137,ABSTAIN,-0.016291319622939393,1.0,0.0,1.0
2022-03-11,B_RSI14_mean_reversion,0.018990447182415125,0.6044444444444445,0.011478670296926476,ABSTAIN,0.002810649293818468,1.0,0.0,1.0
2022-03-12,B_RSI14_mean_reversion,0.009110834179845427,0.7044444444444444,0.006418076522246667,ACCEPT,-0.027101257933814904,0.0,1.0,0.0
2022-03-13,B_RSI14_mean_reversion,-0.0064354639369426534,0.6044444444444445,-0.0038898804241075595,ABSTAIN,0.0480080837903738,0.0,0.0,1.0
2022-03-14,B_RSI14_mean_reversion,0.1951644441369858,0.6044444444444445,0.1179660640116892,ABSTAIN,-0.008268101563720931,0.0,0.0,1.0
2022-03-15,B_RSI14_mean_reversion,0.29101282392978306,0.6022222222222222,0.17525438952215824,ABSTAIN,0.04588714481344902,1.0,0.0,1.0
2022-03-16,B_RSI14_mean_reversion,0.14938836508349623,0.6044444444444445,0.09029696733935773,ABSTAIN,-0.00467993171076464,0.0,0.0,1.0
2022-03-17,B_RSI14_mean_reversion,0.08657532011151631,0.6044444444444445,0.05232997126740541,ABSTAIN,0.020750884742987363,1.0,0.0,1.0
2022-03-18,B_RSI14_mean_reversion,-0.17916720641741535,0.7044444444444444,-0.12621334318737926,ACCEPT,0.009317830622209256,0.0,1.0,0.0
2022-03-19,B_RSI14_mean_reversion,-0.18609374238729687,0.7044444444444444,-0.1310927029706069,ACCEPT,-0.022346848712323064,1.0,1.0,0.0
2022-03-20,B_RSI14_mean_reversion,-0.18908958029634163,0.7458144898348156,-0.14102574886179542,ACCEPT,-0.004117262624553253,1.0,1.0,0.0
2022-03-21,B_RSI14_mean_reversion,-0.20423751477715313,0.648420892516632,-0.13243187161718045,ABSTAIN,0.031180014163224357,0.0,0.0,1.0
2022-03-22,B_RSI14_mean_reversion,-0.23558568242076078,0.7452130471516349,-0.1755615242620725,ACCEPT,0.012610091153007819,0.0,1.0,0.0
2022-03-23,B_RSI14_mean_reversion,-0.07187681645014266,0.7459195956688511,-0.05361432586445464,ACCEPT,0.024898646221148013,0.0,1.0,0.0
2022-03-24,B_RSI14_mean_reversion,-0.40447751028213647,0.7663900096159593,-0.30998752299456583,ACCEPT,0.008821397620525806,0.0,1.0,0.0
2022-03-25,B_RSI14_mean_reversion,-0.508176142890741,0.7641468224615405,-0.3883211848407215,ACCEPT,0.003429583093865096,0.0,1.0,0.0
2022-03-26,B_RSI14_mean_reversion,-0.5101062839357917,0.7677580642300388,-0.39163821310612196,ACCEPT,0.052126312256127294,0.0,1.0,0.0
2022-03-27,B_RSI14_mean_reversion,-0.7330797090577577,0.7602797240560264,-0.5573456389135041,ACCEPT,0.0065678873583499,0.0,1.0,0.0
2022-03-28,B_RSI14_mean_reversion,-0.6955189337085338,0.7581771708230343,-0.5273265774129897,ACCEPT,0.0071661546110000085,0.0,1.0,0.0
2022-03-29,B_RSI14_mean_reversion,-0.7568849126370981,0.7774296889822149,-0.5884248022267901,ACCEPT,-0.008491735032190584,1.0,1.0,0.0
2022-03-30,B_RSI14_mean_reversion,-0.6340177886981178,0.7974106837534266,-0.5055725583976016,ACCEPT,-0.03238210822970233,1.0,1.0,0.0
2022-03-31,B_RSI14_mean_reversion,-0.430056982143642,0.694461833121385,-0.29865816016612434,ACCEPT,0.016315115388267687,0.0,1.0,0.0
2022-04-01,B_RSI14_mean_reversion,-0.42429227284648563,0.6943447012491728,-0.2946050914319256,ACCEPT,-0.008917040798352427,1.0,1.0,0.0
2022-04-02,B_RSI14_mean_reversion,-0.3475629651611723,0.6991844104272991,-0.24301060688257814,ACCEPT,0.012745379989237415,0.0,1.0,0.0
2022-04-03,B_RSI14_mean_reversion,-0.5091240973512114,0.6047665616910974,-0.3079012298291757,ABSTAIN,0.003640395949819908,0.0,0.0,1.0
2022-04-04,B_RSI14_mean_reversion,-0.5423104695899349,0.6061611286030223,-0.32872752629986995,ABSTAIN,-0.02287907280900814,1.0,0.0,1.0
2022-04-05,B_RSI14_mean_reversion,-0.3193973400952871,0.709333581933604,-0.2265592593098555,ACCEPT,-0.05156849392240015,1.0,1.0,0.0
2022-04-06,B_RSI14_mean_reversion,-0.026535061640306026,0.6946948319178147,-0.018433770186141247,ACCEPT,0.006876459247305178,0.0,1.0,0.0
2022-04-07,B_RSI14_mean_reversion,0.041349193504500906,0.7959626887333527,0.032912415238798225,ACCEPT,-0.02795577079433975,0.0,1.0,0.0
2022-04-08,B_RSI14_mean_reversion,0.17345137107100173,0.7897910509880326,0.13699034065348167,ACCEPT,0.011693070951357853,1.0,1.0,0.0
2022-04-09,B_RSI14_mean_reversion,0.14058767010489803,0.7919982357568365,0.11134518669224339,ACCEPT,-0.013427680050824398,0.0,1.0,0.0
2022-04-10,B_RSI14_mean_reversion,0.44016084435833336,0.7910150267428411,0.34817384207125857,ACCEPT,-0.06363225953812457,0.0,1.0,0.0
2022-04-11,B_RSI14_mean_reversion,0.5915412087945472,0.7751670854614813,0.4585432747516307,ACCEPT,0.015315083892861292,1.0,1.0,0.0
2022-04-12,B_RSI14_mean_reversion,0.5590990932006414,0.7747651134714704,0.43317047238539114,ACCEPT,0.025906300465151855,1.0,1.0,0.0
2022-04-13,B_RSI14_mean_reversion,0.4284167762053346,0.776738407737052,0.33276776459757257,ACCEPT,-0.029908006531745968,0.0,1.0,0.0
2022-04-14,B_RSI14_mean_reversion,0.4159927079928738,0.672298313499337,0.2796711960116312,ACCEPT,0.015473675726454417,1.0,1.0,0.0
2022-04-15,B_RSI14_mean_reversion,0.42925875121554813,0.6708644469669391,0.2879744347399376,ACCEPT,-0.0031805042860567623,0.0,1.0,0.0
2022-04-16,B_RSI14_mean_reversion,0.41686059883541987,0.7858449910964428,0.32758781358027833,ACCEPT,-0.017502542356175654,0.0,1.0,0.0
2022-04-17,B_RSI14_mean_reversion,0.5109862580292855,0.7863477882835234,0.4018129138446025,ACCEPT,0.027929174608607443,1.0,1.0,0.0
2022-04-18,B_RSI14_mean_reversion,0.4104065970658809,0.6813932053734119,0.27964826668111487,ACCEPT,0.016571096753378534,1.0,1.0,0.0
2022-04-19,B_RSI14_mean_reversion,0.29513423725535376,0.6811856065157995,0.20104119440836601,ACCEPT,-0.003093074404708074,0.0,1.0,0.0
2022-04-20,B_RSI14_mean_reversion,0.15916021883495218,0.6845515006355842,0.10895336664495449,ACCEPT,-0.020471984048854197,0.0,1.0,0.0
2022-04-21,B_RSI14_mean_reversion,0.24675358320218138,0.5856953498439739,0.14452242623885575,ABSTAIN,-0.019420038833716236,0.0,0.0,1.0
2022-04-22,B_RSI14_mean_reversion,0.21896741612270673,0.784947996070994,0.1718780344903621,ACCEPT,-0.0063811726165236005,0.0,1.0,0.0
2022-04-23,B_RSI14_mean_reversion,0.28925963845631086,0.7846200675844752,0.2269589170750515,ACCEPT,-0.0004416040475622163,0.0,1.0,0.0
2022-04-24,B_RSI14_mean_reversion,0.25272225516827407,0.7827673590111377,0.19782273224140873,ACCEPT,0.025057850055308917,1.0,1.0,0.0
2022-04-25,B_RSI14_mean_reversion,-0.10246520021577013,0.5792136968126491,-0.05934924741162447,ABSTAIN,-0.057858267871623625,1.0,0.0,1.0
2022-04-26,B_RSI14_mean_reversion,0.18481330224428136,0.7786265447351713,0.1439005429475617,ACCEPT,0.029478882606909007,1.0,1.0,0.0
2022-04-27,B_RSI14_mean_reversion,0.17571908672101016,0.7739280985603555,0.1359939386667536,ACCEPT,0.013575224570606004,1.0,1.0,0.0
2022-04-28,B_RSI14_mean_reversion,0.015759099593153962,0.7751702187574722,0.012215984679045947,ACCEPT,-0.02926557389929385,0.0,1.0,0.0
2022-04-29,B_RSI14_mean_reversion,0.17986679853784934,0.6711530980838666,0.12071815908110427,ACCEPT,-0.023179313474195662,0.0,1.0,0.0
2022-04-30,B_RSI14_mean_reversion,0.23415284240203277,0.7700407655064925,0.1803072340087824,ACCEPT,0.019997911964443782,1.0,1.0,0.0
2022-05-01,B_RSI14_mean_reversion,0.10740135073709581,0.7841917351312804,0.08422325158996638,ACCEPT,0.001565786170879102,1.0,1.0,0.0
2022-05-02,B_RSI14_mean_reversion,0.21731006255023871,0.7855099897805521,0.17069922501304916,ACCEPT,-0.020215120218891713,0.0,1.0,0.0
2022-05-03,B_RSI14_mean_reversion,0.35160306058804736,0.6881419090593013,0.2419528013441521,ACCEPT,0.051599856624237495,1.0,1.0,0.0
2022-05-04,B_RSI14_mean_reversion,0.13417169403732784,0.6780976039668846,0.09098150424688994,ACCEPT,-0.07867402068901796,0.0,1.0,0.0
2022-05-05,B_RSI14_mean_reversion,0.26762559518629486,0.7529917604068287,0.20151986804925345,ACCEPT,-0.014606061408683924,0.0,1.0,0.0
2022-05-06,B_RSI14_mean_reversion,0.2548689170830849,0.7504298891758372,0.19126125320102505,ACCEPT,-0.014954355270636377,0.0,1.0,0.0
2022-05-07,B_RSI14_mean_reversion,0.26923652495082323,0.7506432684292329,0.20210058506961467,ACCEPT,-0.040636848764922684,0.0,1.0,0.0
2022-05-08,B_RSI14_mean_reversion,0.3334267431953444,0.7509038659469913,0.25037143047549876,ACCEPT,-0.11046369999353145,0.0,1.0,0.0
2022-05-09,B_RSI14_mean_reversion,0.5348410603365628,0.7202975559018205,0.3852447085563643,ACCEPT,0.02396125848050934,1.0,1.0,0.0
2022-05-10,B_RSI14_mean_reversion,0.40810976727798276,0.7184213561332847,0.2931947724590876,ACCEPT,-0.06725839173272163,0.0,1.0,0.0
2022-05-11,B_RSI14_mean_reversion,0.5616646951065281,0.7081246646243264,0.3977286238536347,ACCEPT,0.003849706798608521,1.0,1.0,0.0
2022-05-12,B_RSI14_mean_reversion,0.5983691196155095,0.7071116637576106,0.42311378371249964,ACCEPT,0.008102229834508146,1.0,1.0,0.0
2022-05-13,B_RSI14_mean_reversion,0.5487318146326384,0.7058450927804304,0.3873196586109486,ACCEPT,0.027939733537411415,1.0,1.0,0.0
2022-05-14,B_RSI14_mean_reversion,0.4499748357397138,0.6015062736574679,0.2706626866854265,ABSTAIN,0.03999325713567892,1.0,0.0,1.0
2022-05-15,B_RSI14_mean_reversion,0.4124410651176336,0.600033283752207,0.24747836665679154,ABSTAIN,-0.046069001557128786,0.0,0.0,1.0
2022-05-16,B_RSI14_mean_reversion,0.46216742802254884,0.6026593706505616,0.27852953130725805,ABSTAIN,0.018850785235190015,1.0,0.0,1.0
2022-05-17,B_RSI14_mean_reversion,0.39516084589572814,0.6047774833304209,0.23898438189153876,ABSTAIN,-0.05605711989808215,0.0,0.0,1.0
2022-05-18,B_RSI14_mean_reversion,0.6001125747513325,0.6995663429809074,0.4198185592956461,ACCEPT,0.05550304428240649,1.0,1.0,0.0
2022-05-19,B_RSI14_mean_reversion,0.3734621713103616,0.5876385434758673,0.21946076639215573,ABSTAIN,-0.036734890846488066,0.0,0.0,1.0
2022-05-20,B_RSI14_mean_reversion,0.3943920935386066,0.6844641672920044,0.2699472558904527,ACCEPT,0.007927413013061102,1.0,1.0,0.0
2022-05-21,B_RSI14_mean_reversion,0.3562856320025827,0.588308523219575,0.20960587400779238,ABSTAIN,0.030289794482822652,1.0,0.0,1.0
2022-05-22,B_RSI14_mean_reversion,0.22660345869796358,0.5888888888888889,0.133444259011023,ABSTAIN,-0.04039123144227663,0.0,0.0,1.0
2022-05-23,B_RSI14_mean_reversion,0.08589701902483739,0.6866666666666666,0.05898261973038834,ACCEPT,0.019130468401079792,1.0,1.0,0.0
2022-05-24,B_RSI14_mean_reversion,0.09923826437227405,0.5934174997434921,0.05888972272267854,ABSTAIN,-0.003143576713387941,0.0,0.0,1.0
2022-05-25,B_RSI14_mean_reversion,-0.05311963390435252,0.603113947331131,-0.03203719208483863,ABSTAIN,-0.009983529917456657,1.0,0.0,1.0
2022-05-26,B_RSI14_mean_reversion,-0.0183374162928034,0.5031826816708567,-0.009227070305127674,ABSTAIN,-0.02185551924250806,1.0,0.0,1.0
2022-05-27,B_RSI14_mean_reversion,0.052981187259359075,0.7050700611121475,0.03735544893875044,ACCEPT,0.006543557286537771,1.0,1.0,0.0
2022-05-28,B_RSI14_mean_reversion,0.10955217142740238,0.7095005565890335,0.0777273266032792,ACCEPT,0.02190035821988534,1.0,1.0,0.0
2022-05-29,B_RSI14_mean_reversion,0.1664532130998704,0.6423102028543549,0.10691459707193693,ABSTAIN,0.07744470968730455,1.0,0.0,1.0
2022-05-30,B_RSI14_mean_reversion,-0.15519264520977316,0.7271102137067581,-0.11284215742419525,ACCEPT,0.0020777630413166825,0.0,1.0,0.0
2022-05-31,B_RSI14_mean_reversion,-0.11871402304561286,0.743285476478101,-0.08823840918409061,ACCEPT,-0.06269536357891181,1.0,1.0,0.0
2022-06-01,B_RSI14_mean_reversion,-0.09143913797070838,0.7312292004225331,-0.06686296774564678,ACCEPT,0.02243049790035867,0.0,1.0,0.0
2022-06-02,B_RSI14_mean_reversion,-0.014086455248580876,0.6278560945650484,-0.008844266778639318,ABSTAIN,-0.02504629358369581,1.0,0.0,1.0
2022-06-03,B_RSI14_mean_reversion,-0.047866616696747,0.6278941346486264,-0.03005516786936145,ABSTAIN,0.004326748833952898,0.0,0.0,1.0
2022-06-04,B_RSI14_mean_reversion,-0.038457414382238965,0.7330484864371196,-0.028191149405185387,ACCEPT,0.00247203631266113,0.0,1.0,0.0
2022-06-05,B_RSI14_mean_reversion,0.04343817746601445,0.5397562956920758,0.02344602976067096,ABSTAIN,0.048952630028413324,1.0,0.0,1.0
2022-06-06,B_RSI14_mean_reversion,-0.23085973737998458,0.5356051922832759,-0.1236496740298732,ABSTAIN,-0.006859698773187373,1.0,0.0,1.0
2022-06-07,B_RSI14_mean_reversion,-0.15790073213203656,0.5491748065997916,-0.08671510403057667,ABSTAIN,-0.03020730515832104,1.0,0.0,1.0
2022-06-08,B_RSI14_mean_reversion,-0.06301373586598132,0.7552950214141557,-0.04759396098028231,ACCEPT,-0.003387708269364409,1.0,1.0,0.0
2022-06-09,B_RSI14_mean_reversion,-0.08319548334182243,0.6604616584731382,-0.05494742690541438,ACCEPT,-0.03414563715680452,1.0,1.0,0.0
2022-06-10,B_RSI14_mean_reversion,-0.04327486160158671,0.6561323763442831,-0.02839403777861906,ACCEPT,-0.024858994495164377,1.0,1.0,0.0
2022-06-11,B_RSI14_mean_reversion,0.040989167297240385,0.7600351808524426,0.031153209179749123,ACCEPT,-0.056351073137826724,0.0,1.0,0.0
2022-06-12,B_RSI14_mean_reversion,0.22276635163659875,0.7548773486704031,0.1681612728964144,ACCEPT,-0.15974726027617203,0.0,1.0,0.0
2022-06-13,B_RSI14_mean_reversion,0.6580382280649357,0.7,0.46062675964545496,ACCEPT,-0.012477914053041661,0.0,1.0,0.0
2022-06-14,B_RSI14_mean_reversion,0.6724368422199225,0.6977777777777777,0.46921148546012365,ACCEPT,0.01648355417709846,1.0,1.0,0.0
2022-06-15,B_RSI14_mean_reversion,0.572252497104196,0.7,0.4005767479729372,ACCEPT,-0.09707194434960298,0.0,1.0,0.0
2022-06-16,B_RSI14_mean_reversion,0.7127551723914235,0.6977777777777777,0.4973447202909044,ACCEPT,0.004407495444594733,1.0,1.0,0.0
2022-06-17,B_RSI14_mean_reversion,0.6850746941346813,0.7,0.47955228589427684,ACCEPT,-0.07101780974085614,0.0,1.0,0.0
2022-06-18,B_RSI14_mean_reversion,0.7306359508757402,0.6977777777777777,0.5098215301666276,ACCEPT,0.0807475952890373,1.0,1.0,0.0
2022-06-19,B_RSI14_mean_reversion,0.5750827450534897,0.5977777777777777,0.34377168537641933,ABSTAIN,0.002251010260589048,1.0,0.0,1.0
2022-06-20,B_RSI14_mean_reversion,0.7254910576213828,0.6,0.43529463457282963,ABSTAIN,0.0053914098304885805,1.0,0.0,1.0
2022-06-21,B_RSI14_mean_reversion,0.708485417355298,0.6022222222222222,0.42666566245174614,ABSTAIN,-0.034937106663198714,0.0,0.0,1.0
2022-06-22,B_RSI14_mean_reversion,0.7041191254783479,0.7022222222222222,0.49444809700257314,ACCEPT,0.05497803800296652,1.0,1.0,0.0
2022-06-23,B_RSI14_mean_reversion,0.581524348810872,0.6044444444444445,0.35149916194790487,ABSTAIN,0.006913598955313738,1.0,0.0,1.0
2022-06-24,B_RSI14_mean_reversion,0.5363829990484581,0.6066666666666667,0.3254056860893979,ABSTAIN,0.012748964915301864,1.0,0.0,1.0
2022-06-25,B_RSI14_mean_reversion,0.4834418650755407,0.6088888888888889,0.29436238006821813,ABSTAIN,-0.02209261947079333,0.0,0.0,1.0
2022-06-26,B_RSI14_mean_reversion,0.4390318547291707,0.5088888888888888,0.22341843273995574,ABSTAIN,-0.013877981325425726,0.0,0.0,1.0
2022-06-27,B_RSI14_mean_reversion,0.19293749704241278,0.5088888888888888,0.09818374849491672,ABSTAIN,-0.02193553187871977,0.0,0.0,1.0
2022-06-28,B_RSI14_mean_reversion,0.20813333966475156,0.7066666666666667,0.1470808933630911,ACCEPT,-0.008708372798288844,0.0,1.0,0.0
2022-06-29,B_RSI14_mean_reversion,0.2723457560450944,0.5044444444444445,0.13738330360496986,ABSTAIN,-0.01588223750298734,0.0,0.0,1.0
2022-06-30,B_RSI14_mean_reversion,0.08298543936462678,0.7044444444444444,0.05845863173019264,ACCEPT,-0.02604834458398897,0.0,1.0,0.0
2022-07-01,B_RSI14_mean_reversion,0.1577860126719382,0.7022222222222222,0.11080084445407215,ACCEPT,-0.0014069651515379311,0.0,1.0,0.0
2022-07-02,B_RSI14_mean_reversion,-0.03627525818071703,0.6022222222222222,-0.021845766593276254,ABSTAIN,0.002848954556089245,0.0,0.0,1.0
2022-07-03,B_RSI14_mean_reversion,0.2666455507805276,0.752317852792586,0.200602208219903,ACCEPT,0.04841073013105235,1.0,1.0,0.0
2022-07-04,B_RSI14_mean_reversion,0.06577490990514889,0.6446508979910023,0.0424018547356315,ABSTAIN,-0.0020338071321012174,0.0,0.0,1.0
2022-07-05,B_RSI14_mean_reversion,0.09413491445315188,0.6435593443965678,0.06058140383029742,ABSTAIN,0.017737930428710857,1.0,0.0,1.0
2022-07-06,B_RSI14_mean_reversion,-0.10868556294516864,0.7706869231992955,-0.08376254210239538,ACCEPT,0.053013857820514154,0.0,1.0,0.0
2022-07-07,B_RSI14_mean_reversion,-0.10704170699229323,0.7627934832442613,-0.08165071652906296,ACCEPT,0.004322538045727464,0.0,1.0,0.0
2022-07-08,B_RSI14_mean_reversion,-0.09789670091900192,0.7790620311744074,-0.07626760266323111,ACCEPT,-0.006392223420980114,1.0,1.0,0.0
2022-07-09,B_RSI14_mean_reversion,-0.018081789119803203,0.8023509069667197,-0.014507939899855065,ACCEPT,-0.03388990349346599,1.0,1.0,0.0
2022-07-10,B_RSI14_mean_reversion,0.03192082067056717,0.5994086095212527,0.019133614732921928,ABSTAIN,-0.04265931997884009,0.0,0.0,1.0
2022-07-11,B_RSI14_mean_reversion,0.13131846908228625,0.7904367900168007,0.10379894917132283,ACCEPT,-0.03237979740682695,0.0,1.0,0.0
2022-07-12,B_RSI14_mean_reversion,0.1590099101821774,0.7888276893678987,0.1254314200356041,ACCEPT,0.04596171114078618,1.0,1.0,0.0
2022-07-13,B_RSI14_mean_reversion,-0.01605918577182024,0.694599480695518,-0.01115470209749919,ACCEPT,0.017704551212910147,0.0,1.0,0.0
2022-07-14,B_RSI14_mean_reversion,-0.11603555831102938,0.591237000670967,-0.0686045154669941,ABSTAIN,0.012951348577769028,0.0,0.0,1.0
2022-07-15,B_RSI14_mean_reversion,-0.24040949838724956,0.5912153192324946,-0.14213377833554164,ABSTAIN,0.01698899533192111,0.0,0.0,1.0
2022-07-16,B_RSI14_mean_reversion,-0.28460612403934704,0.5919050014165677,-0.16845978825267355,ABSTAIN,-0.01939436147960416,1.0,0.0,1.0
2022-07-17,B_RSI14_mean_reversion,-0.20584442020826899,0.5911791561722199,-0.12169093064148431,ABSTAIN,0.08211740099467768,0.0,0.0,1.0
2022-07-18,B_RSI14_mean_reversion,-0.28275521145026006,0.769326901536485,-0.21753119071832222,ACCEPT,0.0401919693193753,0.0,1.0,0.0
2022-07-19,B_RSI14_mean_reversion,-0.36209120391134747,0.7665648837277369,-0.27756640162513835,ACCEPT,-0.006742410894342465,1.0,1.0,0.0
2022-07-20,B_RSI14_mean_reversion,-0.31075989263652787,0.7699253615379106,-0.23926192268966098,ACCEPT,-0.0028884421706671937,1.0,1.0,0.0
2022-07-21,B_RSI14_mean_reversion,-0.20058329487202842,0.7756767270583643,-0.15558779366891778,ACCEPT,-0.01941107679491816,1.0,1.0,0.0
2022-07-22,B_RSI14_mean_reversion,-0.12345917139663327,0.6756011030864036,-0.08340915238169881,ACCEPT,-0.010983941711781742,1.0,1.0,0.0
2022-07-23,B_RSI14_mean_reversion,-0.10808199452090292,0.6767128949321128,-0.07314047940227697,ACCEPT,0.006395837363315726,0.0,1.0,0.0
2022-07-24,B_RSI14_mean_reversion,-0.23342214760201485,0.6800500961976598,-0.15873875393141454,ACCEPT,-0.05517510011323534,1.0,1.0,0.0
2022-07-25,B_RSI14_mean_reversion,-0.1772336789426484,0.6687789506822889,-0.11853015382882608,ACCEPT,-0.005708686992848544,1.0,1.0,0.0
2022-07-26,B_RSI14_mean_reversion,-0.26156539788253924,0.6692415906989482,-0.17505044295071384,ACCEPT,0.0796052030234431,0.0,1.0,0.0
2022-07-27,B_RSI14_mean_reversion,-0.33449296231934766,0.5570543931289065,-0.1863307741306944,ABSTAIN,0.0398306162434614,0.0,0.0,1.0
2022-07-28,B_RSI14_mean_reversion,-0.3770703178688262,0.7535209395008386,-0.2841303801783978,ACCEPT,-0.0016462880701044735,1.0,1.0,0.0
2022-07-29,B_RSI14_mean_reversion,-0.351050653583448,0.7559929544286822,-0.2653918207566707,ACCEPT,-0.006235163651508224,1.0,1.0,0.0
2022-07-30,B_RSI14_mean_reversion,-0.29889852228784264,0.7601064040736594,-0.2271946809591426,ACCEPT,-0.013497960448739299,1.0,1.0,0.0
2022-07-31,B_RSI14_mean_reversion,-0.3134922867462558,0.6662136259425069,-0.20885283305823116,ACCEPT,-0.0009725914343493569,1.0,1.0,0.0
2022-08-01,B_RSI14_mean_reversion,-0.12796278012418086,0.6733870428179966,-0.08616847809859166,ACCEPT,-0.014415336683737068,1.0,1.0,0.0
2022-08-02,B_RSI14_mean_reversion,0.06963258342260843,0.5761648090207365,0.04011984412930769,ABSTAIN,-0.0057275961266136655,0.0,0.0,1.0
2022-08-03,B_RSI14_mean_reversion,0.06550479392069278,0.7761110809602317,0.050838996417866086,ACCEPT,-0.009434736504108754,0.0,1.0,0.0
2022-08-04,B_RSI14_mean_reversion,0.08851294749670074,0.7756227012429383,0.0686526514323654,ACCEPT,0.029091011085651708,1.0,1.0,0.0
2022-08-05,B_RSI14_mean_reversion,-0.09207029479026048,0.5764686061204541,-0.053075634502840766,ABSTAIN,-0.014085221654344782,1.0,0.0,1.0
2022-08-06,B_RSI14_mean_reversion,-0.07849232887064432,0.5794273113430272,-0.045480599078570105,ABSTAIN,0.009346662498644243,0.0,0.0,1.0
2022-08-07,B_RSI14_mean_reversion,-0.08872464062368138,0.6003198402250757,-0.053263162083235664,ABSTAIN,0.02733856978257987,0.0,0.0,1.0
2022-08-08,B_RSI14_mean_reversion,-0.423960991689016,0.8012362936985272,-0.3396929336536593,ACCEPT,-0.02709709734425869,1.0,1.0,0.0
2022-08-09,B_RSI14_mean_reversion,-0.30564020773101047,0.8007305088165777,-0.24473543905125653,ACCEPT,0.033815983988709775,0.0,1.0,0.0
2022-08-10,B_RSI14_mean_reversion,-0.18872256964678655,0.7946307806702068,-0.14996476284851346,ACCEPT,0.00041284726535173455,0.0,1.0,0.0
2022-08-11,B_RSI14_mean_reversion,-0.02533323754726723,0.7941525183922516,-0.02011845439719142,ACCEPT,0.018586602023192844,0.0,1.0,0.0
2022-08-12,B_RSI14_mean_reversion,-0.12227973689201192,0.7919261144146107,-0.09683651690853193,ACCEPT,0.0008708010561344626,0.0,1.0,0.0
2022-08-13,B_RSI14_mean_reversion,-0.16115399450966805,0.789673404401005,-0.12725902347727044,ACCEPT,-0.004288162539464846,1.0,1.0,0.0
2022-08-14,B_RSI14_mean_reversion,-0.2159112468654736,0.805972554707286,-0.17401853922620125,ACCEPT,-0.007498615226969818,1.0,1.0,0.0
2022-08-15,B_RSI14_mean_reversion,-0.17469186537869802,0.7057718488201961,-0.1232926008021725,ACCEPT,-0.010510085263709001,1.0,1.0,0.0
2022-08-16,B_RSI14_mean_reversion,-0.19560942523331165,0.7342501599576934,-0.14362625176679156,ACCEPT,-0.02291530796119967,1.0,1.0,0.0
2022-08-17,B_RSI14_mean_reversion,-0.09706063351079962,0.7401061581096111,-0.07183517257136288,ACCEPT,-0.005281958173694035,1.0,1.0,0.0
2022-08-18,B_RSI14_mean_reversion,-0.11751144256389168,0.7422185574154986,-0.0872191733795859,ACCEPT,-0.10059931398792521,1.0,1.0,0.0
2022-08-19,B_RSI14_mean_reversion,0.36389253161311613,0.7982172002583364,0.2904652777791397,ACCEPT,0.013819043648011897,1.0,1.0,0.0
2022-08-20,B_RSI14_mean_reversion,0.27249215269369825,0.7971350260023314,0.21721303922292243,ACCEPT,0.01738918520335342,1.0,1.0,0.0
2022-08-21,B_RSI14_mean_reversion,0.24352825768650674,0.7977060183625901,0.19426395679788214,ACCEPT,-0.006279006699941081,0.0,1.0,0.0
2022-08-22,B_RSI14_mean_reversion,0.38611167248444106,0.6958999089363422,0.26869507772118134,ACCEPT,0.006036741981122917,1.0,1.0,0.0
2022-08-23,B_RSI14_mean_reversion,0.28569333706186884,0.6978626822710654,0.19937471850896737,ACCEPT,-0.006181150878381003,0.0,1.0,0.0
2022-08-24,B_RSI14_mean_reversion,0.5027846714387769,0.795767213036929,0.40009955674852354,ACCEPT,0.009623023027591993,1.0,1.0,0.0
2022-08-25,B_RSI14_mean_reversion,0.4469256526506058,0.6989829332340881,0.31239340362727963,ACCEPT,-0.06207539958496022,0.0,1.0,0.0
2022-08-26,B_RSI14_mean_reversion,0.6715985314907837,0.7852491937116626,0.5273722053510745,ACCEPT,-0.010773990107132536,0.0,1.0,0.0
2022-08-27,B_RSI14_mean_reversion,0.6884399013863896,0.7837928253587275,0.539594255397322,ACCEPT,-0.021201944769558057,0.0,1.0,0.0
2022-08-28,B_RSI14_mean_reversion,0.7033608501245354,0.7853138886945487,0.5523590443668025,ACCEPT,0.03472427641744291,1.0,1.0,0.0
2022-08-29,B_RSI14_mean_reversion,0.5343340808265938,0.6826149488544581,0.36474443125463923,ACCEPT,-0.024691382971281484,0.0,1.0,0.0
2022-08-30,B_RSI14_mean_reversion,0.5498416788012526,0.7853204621335711,0.43180192129649825,ACCEPT,0.012777568511970205,1.0,1.0,0.0
2022-08-31,B_RSI14_mean_reversion,0.46040074012091253,0.686207870063728,0.31593061125413535,ACCEPT,0.0038592451457939436,1.0,1.0,0.0
2022-09-01,B_RSI14_mean_reversion,0.43508840152396855,0.788290497311935,0.34297605241198403,ACCEPT,-0.007818752974256604,0.0,1.0,0.0
2022-09-02,B_RSI14_mean_reversion,0.1847310258648237,0.6886567480143813,0.12721626752943005,ACCEPT,-0.006894600364241943,0.0,1.0,0.0
2022-09-03,B_RSI14_mean_reversion,0.2800553719028596,0.7887326000609618,0.2208888016419821,ACCEPT,0.007796708085036963,1.0,1.0,0.0
2022-09-04,B_RSI14_mean_reversion,0.34010387623454447,0.5876983632185405,0.19987849138732286,ABSTAIN,-0.008722884940063236,0.0,0.0,1.0
2022-09-05,B_RSI14_mean_reversion,0.3457306694893504,0.7854850311284229,0.27156626568589287,ACCEPT,-0.04919669232863699,0.0,1.0,0.0
2022-09-06,B_RSI14_mean_reversion,0.4950663894524419,0.7778659528727859,0.38509528876671345,ACCEPT,0.024029314602578067,1.0,1.0,0.0
2022-09-07,B_RSI14_mean_reversion,0.36577628396299616,0.7739954315134763,0.283109172743335,ACCEPT,0.0020481649337233954,1.0,1.0,0.0
2022-09-08,B_RSI14_mean_reversion,0.4064427503329381,0.808010742959493,0.32841010866701703,ACCEPT,0.10612188190716765,1.0,1.0,0.0
2022-09-09,B_RSI14_mean_reversion,-0.17801101024861127,0.7660869255601259,-0.13637190755721068,ACCEPT,0.014002365912589188,0.0,1.0,0.0
2022-09-10,B_RSI14_mean_reversion,-0.25689694129922686,0.7663997922602297,-0.19688576244401587,ACCEPT,0.004092001431295067,0.0,1.0,0.0
2022-09-11,B_RSI14_mean_reversion,-0.3561870963988599,0.766543691105455,-0.2730329715977166,ACCEPT,0.027616624254801714,0.0,1.0,0.0
2022-09-12,B_RSI14_mean_reversion,-0.34755116739986364,0.764226550997111,-0.26560782995701737,ACCEPT,-0.09270006906083372,1.0,1.0,0.0
2022-09-13,B_RSI14_mean_reversion,-0.0663384320629018,0.6375098117309097,-0.042291401334944266,ABSTAIN,-0.0027402074343571003,1.0,0.0,1.0
2022-09-14,B_RSI14_mean_reversion,-0.026072486831210426,0.6357529997450824,-0.016575661713756185,ABSTAIN,-0.026672422800232853,1.0,0.0,1.0
2022-09-15,B_RSI14_mean_reversion,0.054601174768025944,0.5426142684213724,0.029627376501699894,ABSTAIN,0.003622774615297697,1.0,0.0,1.0
2022-09-16,B_RSI14_mean_reversion,0.025559817212876083,0.7451071478641512,0.01904480250341514,ACCEPT,0.017953757980268437,1.0,1.0,0.0
2022-09-17,B_RSI14_mean_reversion,-0.03725242612303916,0.6457047525393032,-0.024054068591265673,ABSTAIN,-0.035179114785287124,1.0,0.0,1.0
2022-09-18,B_RSI14_mean_reversion,0.06684426742678695,0.7455242639673779,0.049834023273793916,ACCEPT,0.006417415961943007,1.0,1.0,0.0
2022-09-19,B_RSI14_mean_reversion,0.03179814406638386,0.7470598114762566,0.02375511551152757,ACCEPT,-0.033428956945789956,0.0,1.0,0.0
2022-09-20,B_RSI14_mean_reversion,-0.006546506965080852,0.6445657849539939,-0.004219654400654127,ABSTAIN,-0.018177571658806957,1.0,0.0,1.0
2022-09-21,B_RSI14_mean_reversion,0.09280573029521762,0.7440122267882118,0.06904859805565107,ACCEPT,0.04669928789927913,1.0,1.0,0.0
2022-09-22,B_RSI14_mean_reversion,-0.009479028288473898,0.6373540789605435,-0.006041497344241219,ABSTAIN,-0.005970680514919002,1.0,0.0,1.0
2022-09-23,B_RSI14_mean_reversion,0.30211679636267746,0.6373839070779793,0.1925643840595256,ABSTAIN,-0.01868762076318642,0.0,0.0,1.0
2022-09-24,B_RSI14_mean_reversion,0.3943195190528377,0.6367700916595228,0.2510908762904144,ABSTAIN,-0.007124358610731463,0.0,0.0,1.0
2022-09-25,B_RSI14_mean_reversion,0.4236484151929318,0.7368235642980551,0.3121541352916783,ACCEPT,0.022368473265013344,1.0,1.0,0.0
2022-09-26,B_RSI14_mean_reversion,0.4613342569586774,0.7444380684577878,0.34343478316372655,ACCEPT,-0.005832956039052206,0.0,1.0,0.0
2022-09-27,B_RSI14_mean_reversion,0.24398625705667698,0.6458382684567134,0.15757566178471885,ABSTAIN,0.016544467837213528,1.0,0.0,1.0
2022-09-28,B_RSI14_mean_reversion,0.1589899398940797,0.6473305837774586,0.10291905060637765,ABSTAIN,0.007532412719634118,1.0,0.0,1.0
2022-09-29,B_RSI14_mean_reversion,0.027103228364669718,0.6870796747144936,0.018622077328509908,ACCEPT,-0.0072171538473359,0.0,1.0,0.0
2022-09-30,B_RSI14_mean_reversion,0.07102139633176663,0.6883462088749832,0.048887308913979195,ACCEPT,-0.0061596674907298254,0.0,1.0,0.0
2022-10-01,B_RSI14_mean_reversion,0.17870866950585323,0.5886785714288238,0.1052019642666515,ABSTAIN,-0.013876706359042923,0.0,0.0,1.0
2022-10-02,B_RSI14_mean_reversion,0.09104758439963845,0.5907836537178921,0.05378942457380655,ABSTAIN,0.030427924155919772,1.0,0.0,1.0
2022-10-03,B_RSI14_mean_reversion,-0.017355181148089684,0.8225074255261683,-0.014274765365655535,ACCEPT,0.036347275524413414,0.0,1.0,0.0
2022-10-04,B_RSI14_mean_reversion,-0.3117925100396195,0.8134394440978375,-0.2536243260404975,ACCEPT,-0.008660486125090072,1.0,1.0,0.0
2022-10-05,B_RSI14_mean_reversion,-0.3608713849207979,0.8189887238822664,-0.2955495950219104,ACCEPT,-0.01018185214187517,1.0,1.0,0.0
2022-10-06,B_RSI14_mean_reversion,-0.14223886680149803,0.8206106326247065,-0.11672272646979866,ACCEPT,-0.02047530303595302,1.0,1.0,0.0
2022-10-07,B_RSI14_mean_reversion,-0.06074732984263278,0.7202292868261251,-0.04375200604915079,ACCEPT,-0.006665076603316944,1.0,1.0,0.0
2022-10-08,B_RSI14_mean_reversion,-0.12385012668341659,0.7262447032539512,-0.08994549850116214,ACCEPT,0.0015377290838616275,0.0,1.0,0.0
2022-10-09,B_RSI14_mean_reversion,-0.1710447179257453,0.7264488046211468,-0.12425523087391892,ACCEPT,-0.01568110303046133,1.0,1.0,0.0
2022-10-10,B_RSI14_mean_reversion,0.022234726997691467,0.8335558688796411,0.018533887181862323,ACCEPT,-0.00470529894576166,0.0,1.0,0.0
2022-10-11,B_RSI14_mean_reversion,0.016291987898056987,0.8332877989644378,0.013575914736327166,ACCEPT,0.005565325579645286,1.0,1.0,0.0
2022-10-12,B_RSI14_mean_reversion,0.07875442914763298,0.848910709731875,0.06685547834224577,ACCEPT,0.011768739552548313,1.0,1.0,0.0
2022-10-13,B_RSI14_mean_reversion,0.054353864285901776,0.7503928323037742,0.040786750168152794,ACCEPT,-0.010176392755898878,0.0,1.0,0.0
2022-10-14,B_RSI14_mean_reversion,0.0692494441690782,0.7521798508599528,0.052088036587231865,ACCEPT,-0.0061515479500473536,0.0,1.0,0.0
2022-10-15,B_RSI14_mean_reversion,0.06881142994114157,0.8500603425013188,0.05849386770377231,ACCEPT,0.010513049302600663,1.0,1.0,0.0
2022-10-16,B_RSI14_mean_reversion,-0.06426985031666675,0.7550247794953819,-0.04852532956354252,ACCEPT,0.014670058500208416,0.0,1.0,0.0
2022-10-17,B_RSI14_mean_reversion,0.022840588801403498,0.7539135369518413,0.017219829089328727,ACCEPT,-0.011065647631146036,0.0,1.0,0.0
2022-10-18,B_RSI14_mean_reversion,0.37246122395366543,0.7525761637614102,0.280305439072929,ACCEPT,-0.010079479991405349,0.0,1.0,0.0
2022-10-19,B_RSI14_mean_reversion,0.3768037711726683,0.8501717051697719,0.3203479046522679,ACCEPT,-0.004482602172654282,0.0,1.0,0.0
2022-10-20,B_RSI14_mean_reversion,0.34806235798088975,0.8481476202225278,0.2952082606105332,ACCEPT,0.006231244583192241,1.0,1.0,0.0
2022-10-21,B_RSI14_mean_reversion,0.16271970594102697,0.848037248767854,0.13799237174654275,ACCEPT,0.0018631248583989013,1.0,1.0,0.0
2022-10-22,B_RSI14_mean_reversion,0.09445103489792657,0.7517041431384073,0.07099923425648169,ACCEPT,0.018680488353712166,1.0,1.0,0.0
2022-10-23,B_RSI14_mean_reversion,-0.04756365137965261,0.856185214768781,-0.0407232950716753,ACCEPT,-0.011316781236911488,1.0,1.0,0.0
2022-10-24,B_RSI14_mean_reversion,-0.08324457300639793,0.6681274110235438,-0.055617981044525026,ACCEPT,0.03878330120960949,0.0,1.0,0.0
2022-10-25,B_RSI14_mean_reversion,-0.3356292188779787,0.8542925665789645,-0.28672554681416146,ACCEPT,0.03356831063305088,0.0,1.0,0.0
2022-10-26,B_RSI14_mean_reversion,-0.43826158759404904,0.8473380267986472,-0.371355708853584,ACCEPT,-0.0233314959115013,1.0,1.0,0.0
2022-10-27,B_RSI14_mean_reversion,-0.22919444005138145,0.8463793481180968,-0.19398544076298044,ACCEPT,0.015257721000682789,0.0,1.0,0.0
2022-10-28,B_RSI14_mean_reversion,-0.3479135234147165,0.8436187992363005,-0.2935063888611936,ACCEPT,0.01083375534148523,0.0,1.0,0.0
2022-10-29,B_RSI14_mean_reversion,-0.4211833225817213,0.841027936105544,-0.35422694051298065,ACCEPT,-0.008784170461560437,1.0,1.0,0.0
2022-10-30,B_RSI14_mean_reversion,-0.3303663985195524,0.8425545020048116,-0.2783516963837646,ACCEPT,-0.006776156462742766,1.0,1.0,0.0
2022-10-31,B_RSI14_mean_reversion,-0.23645849827096485,0.7422767364118436,-0.17551764239341733,ACCEPT,-0.0005123007449325812,1.0,1.0,0.0
2022-11-01,B_RSI14_mean_reversion,-0.3036004569162685,0.7444055213952371,-0.22600185642658707,ACCEPT,-0.015902620594443806,1.0,1.0,0.0
2022-11-02,B_RSI14_mean_reversion,-0.26009088319258594,0.7447791841566638,-0.1937102757907603,ACCEPT,0.0025042468919260763,0.0,1.0,0.0
2022-11-03,B_RSI14_mean_reversion,-0.2975208729840037,0.7436415080527055,-0.22124887066298196,ACCEPT,0.0463751969796804,0.0,1.0,0.0
2022-11-04,B_RSI14_mean_reversion,-0.4197343796962204,0.8306253570664373,-0.3486420190082326,ACCEPT,0.006405611254872046,0.0,1.0,0.0
2022-11-05,B_RSI14_mean_reversion,-0.43178047732465985,0.8307824815349274,-0.3587156564301164,ACCEPT,-0.01673684363155281,1.0,1.0,0.0
2022-11-06,B_RSI14_mean_reversion,-0.28311168108758666,0.8310095392468524,-0.23526850765599722,ACCEPT,-0.015466997985227438,1.0,1.0,0.0
2022-11-07,B_RSI14_mean_reversion,-0.2563632924121589,0.7301576044975653,-0.18718560746877078,ACCEPT,-0.10006131594948431,1.0,1.0,0.0
2022-11-08,B_RSI14_mean_reversion,0.25011799678847624,0.7869552960362296,0.19683168220666405,ACCEPT,-0.14349022466876316,0.0,1.0,0.0
2022-11-09,B_RSI14_mean_reversion,0.5962043540784998,0.7291132282155948,0.4347004812783685,ACCEPT,0.10742489862358795,1.0,1.0,0.0
2022-11-10,B_RSI14_mean_reversion,0.286442692433335,0.7155555555555555,0.20496565991896412,ACCEPT,-0.03141443647663533,0.0,1.0,0.0
2022-11-11,B_RSI14_mean_reversion,0.36842350935707713,0.7155555555555555,0.26362748891773075,ACCEPT,-0.013802006476365758,0.0,1.0,0.0
2022-11-12,B_RSI14_mean_reversion,0.4153169069513433,0.6133333333333333,0.25472770293015723,ABSTAIN,-0.026538209918333333,0.0,0.0,1.0
2022-11-13,B_RSI14_mean_reversion,0.4307828634358205,0.7111111111111111,0.30633448066547236,ACCEPT,0.016194463988263186,1.0,1.0,0.0
2022-11-14,B_RSI14_mean_reversion,0.3852303259846005,0.713647656258728,0.2749187192586959,ACCEPT,0.016031463998783302,1.0,1.0,0.0
2022-11-15,B_RSI14_mean_reversion,0.34885001083333406,0.6160732247561765,0.21491715113031923,ABSTAIN,-0.0127437818409466,0.0,0.0,1.0
2022-11-16,B_RSI14_mean_reversion,0.34179732554958975,0.6142572542086409,0.2099514866879479,ABSTAIN,0.0010845070736082985,1.0,0.0,1.0
2022-11-17,B_RSI14_mean_reversion,0.3460693272707246,0.6152694838675601,0.21292589637225245,ABSTAIN,0.0006148167681003791,1.0,0.0,1.0
2022-11-18,B_RSI14_mean_reversion,0.4809424455374037,0.715923642925333,0.3443180676465566,ACCEPT,0.0008246325823211276,1.0,1.0,0.0
2022-11-19,B_RSI14_mean_reversion,0.5006818944664826,0.6156991233675045,0.30826940350899473,ABSTAIN,-0.025115259939095247,0.0,0.0,1.0
2022-11-20,B_RSI14_mean_reversion,0.5041312990838742,0.7152230511368309,0.3605663259043428,ACCEPT,-0.030969374751391165,0.0,1.0,0.0
2022-11-21,B_RSI14_mean_reversion,0.5136992045280409,0.7123939260541262,0.3659561931246126,ACCEPT,0.025494274188105903,1.0,1.0,0.0
2022-11-22,B_RSI14_mean_reversion,0.3047895467657682,0.7119542809515461,0.21699622260917012,ACCEPT,0.02600021570334854,1.0,1.0,0.0
2022-11-23,B_RSI14_mean_reversion,-0.13330504739855897,0.5097080388280049,-0.06794665427539373,ABSTAIN,-0.0003757930043709612,1.0,0.0,1.0
2022-11-24,B_RSI14_mean_reversion,0.2601541865943322,0.6182516077845458,0.16084074413382662,ABSTAIN,-0.004975953615638518,0.0,0.0,1.0
2022-11-25,B_RSI14_mean_reversion,0.15500603777686933,0.6188190203639391,0.09592068444757802,ABSTAIN,-0.0034839061881034583,0.0,0.0,1.0
2022-11-26,B_RSI14_mean_reversion,0.10705081622103535,0.7187653751243828,0.07694442007848383,ACCEPT,-0.0011937537130568554,0.0,1.0,0.0
2022-11-27,B_RSI14_mean_reversion,-0.03377193140957317,0.6164196798824791,-0.020817683148502138,ABSTAIN,-0.013822428939733733,1.0,0.0,1.0
2022-11-28,B_RSI14_mean_reversion,0.15043610190858714,0.5373980789375908,0.08084407216853437,ABSTAIN,0.014038085481754337,1.0,0.0,1.0
2022-11-29,B_RSI14_mean_reversion,0.16741389851232924,0.5924418869807697,0.09918300594145141,ABSTAIN,0.044000289316970864,1.0,0.0,1.0
2022-11-30,B_RSI14_mean_reversion,-0.159240514847734,0.8314330663020322,-0.13239782953936577,ACCEPT,-0.011732697360023692,1.0,1.0,0.0
2022-12-01,B_RSI14_mean_reversion,-0.08427787805041746,0.8379943533986307,-0.07062438592266823,ACCEPT,0.007162515027905547,0.0,1.0,0.0
2022-12-02,B_RSI14_mean_reversion,-0.11399174446693024,0.8388619940665074,-0.09562334207064886,ACCEPT,-0.010558102652595158,1.0,1.0,0.0
2022-12-03,B_RSI14_mean_reversion,-0.054701308746668925,0.74242486400723,-0.04061161170726318,ACCEPT,0.013144481522908036,0.0,1.0,0.0
2022-12-04,B_RSI14_mean_reversion,-0.246791187519254,0.8428773259725595,-0.2080146962098213,ACCEPT,-0.00908673304822849,1.0,1.0,0.0
2022-12-05,B_RSI14_mean_reversion,-0.38944144990073765,0.7458058080256456,-0.2904476952218986,ACCEPT,0.006755753090715411,0.0,1.0,0.0
2022-12-06,B_RSI14_mean_reversion,-0.32580903425116786,0.8444732656814,-0.2751370191425868,ACCEPT,-0.01412428087141393,1.0,1.0,0.0
2022-12-07,B_RSI14_mean_reversion,-0.09195271007804237,0.7431367027160722,-0.06833343377320335,ACCEPT,0.022871839541696026,0.0,1.0,0.0
2022-12-08,B_RSI14_mean_reversion,-0.2124255066536945,0.8382489084551328,-0.17806544908048796,ACCEPT,-0.005821360340788395,1.0,1.0,0.0
2022-12-09,B_RSI14_mean_reversion,-0.20522156370214603,0.8401701464096474,-0.1724210312220488,ACCEPT,-0.00025843080632004245,1.0,1.0,0.0
2022-12-10,B_RSI14_mean_reversion,-0.22710962372816396,0.846569362363259,-0.19226404934611144,ACCEPT,-0.0014321702613265819,1.0,1.0,0.0
2022-12-11,B_RSI14_mean_reversion,-0.22506748065554547,0.7559723854695827,-0.17014480024280185,ACCEPT,0.005977723618808328,0.0,1.0,0.0
2022-12-12,B_RSI14_mean_reversion,-0.3525670792029234,0.8569308916397904,-0.30212562154419775,ACCEPT,0.033410801008343594,0.0,1.0,0.0
2022-12-13,B_RSI14_mean_reversion,-0.42387199413199056,0.8519376593406767,-0.36111251454087306,ACCEPT,0.0019307922256450727,0.0,1.0,0.0
2022-12-14,B_RSI14_mean_reversion,-0.2626754270863147,0.8497807971278002,-0.22321653381529385,ACCEPT,-0.02530276169357326,1.0,1.0,0.0
2022-12-15,B_RSI14_mean_reversion,-0.14661394567251307,0.8449255577944235,-0.12387786982778941,ACCEPT,-0.04131220425223303,1.0,1.0,0.0
2022-12-16,B_RSI14_mean_reversion,0.13334049576629384,0.8338810067851787,0.11119010685483197,ACCEPT,0.008866650272798315,1.0,1.0,0.0
2022-12-17,B_RSI14_mean_reversion,0.03453925598400204,0.8333178843232496,0.028782179722687717,ACCEPT,-0.0022098857704312413,0.0,1.0,0.0
2022-12-18,B_RSI14_mean_reversion,0.12052642987096447,0.8316058863480252,0.10023048854120652,ACCEPT,-0.01899375344110854,0.0,1.0,0.0
2022-12-19,B_RSI14_mean_reversion,0.1644921093376189,0.8301296684381675,0.13654978018513236,ACCEPT,0.028384068842582266,1.0,1.0,0.0
2022-12-20,B_RSI14_mean_reversion,0.05081423695758161,0.7364429069651589,0.03742178438025781,ACCEPT,-0.005250676176186131,0.0,1.0,0.0
2022-12-21,B_RSI14_mean_reversion,0.008860340599570691,0.7346257575964461,0.006509034425522168,ACCEPT,0.0007615052090579333,1.0,1.0,0.0
2022-12-22,B_RSI14_mean_reversion,0.13088196501765353,0.7349278296501645,0.09618879849077286,ACCEPT,-0.001983838015767403,0.0,1.0,0.0
2022-12-23,B_RSI14_mean_reversion,0.11157579238167599,0.6353941086733563,0.07089460114987847,ABSTAIN,0.003024520816182319,1.0,0.0,1.0
2022-12-24,B_RSI14_mean_reversion,0.09183286541061647,0.7385868209445354,0.06782654412185461,ACCEPT,-0.000342451024228807,0.0,1.0,0.0
2022-12-25,B_RSI14_mean_reversion,0.08622948797989849,0.7367835175514307,0.06353246547048842,ACCEPT,0.004620497716771643,1.0,1.0,0.0
2022-12-26,B_RSI14_mean_reversion,0.09502546643131965,0.7390346733282819,0.07022711454193793,ACCEPT,-0.011975957353969946,0.0,1.0,0.0
2022-12-27,B_RSI14_mean_reversion,0.40245561732434937,0.8371023293185877,0.33689653470956304,ACCEPT,-0.009846255365429935,0.0,1.0,0.0
2022-12-28,B_RSI14_mean_reversion,0.4552619796521205,0.8380612472900775,0.381537422511006,ACCEPT,0.0054232979508825885,1.0,1.0,0.0
2022-12-29,B_RSI14_mean_reversion,0.2993820266547539,0.8337303373707851,0.24960387808561732,ACCEPT,-0.002388838052975517,0.0,1.0,0.0
2022-12-30,B_RSI14_mean_reversion,0.025866763886450882,0.8337320306052715,0.021565949580237796,ACCEPT,-0.0033181483870876605,0.0,1.0,0.0
2022-12-31,B_RSI14_mean_reversion,0.15067529259905954,0.8337076362989123,0.12561914204140892,ACCEPT,0.0046885633896178724,1.0,1.0,0.0
2023-01-01,B_RSI14_mean_reversion,0.07893079243996055,0.8338359729833597,0.06581533411252212,ACCEPT,0.0038129515588565255,1.0,1.0,0.0
2023-01-02,B_RSI14_mean_reversion,-0.1741255175675657,0.6456518408389419,-0.1124244609545323,ABSTAIN,-0.000516121662866742,1.0,0.0,1.0
2023-01-03,B_RSI14_mean_reversion,0.2332605699685139,0.745808456345085,0.17396770561439204,ACCEPT,0.010994150293785143,1.0,1.0,0.0
2023-01-04,B_RSI14_mean_reversion,-0.04289752624265319,0.8488308162500255,-0.0364127422156582,ACCEPT,-0.0015715814888571655,1.0,1.0,0.0
2023-01-05,B_RSI14_mean_reversion,-0.005925813306111678,0.8659395921051213,-0.005131396357185447,ACCEPT,0.006844106816741524,0.0,1.0,0.0
2023-01-06,B_RSI14_mean_reversion,-0.13352579567363493,0.8640807383683367,-0.11537706811689412,ACCEPT,0.00018342264818071996,0.0,1.0,0.0
2023-01-07,B_RSI14_mean_reversion,-0.09640462961176055,0.8641743924510878,-0.08331041222421533,ACCEPT,0.008025112314249405,0.0,1.0,0.0
2023-01-08,B_RSI14_mean_reversion,-0.20036124046835624,0.8667695988975559,-0.17366703203537387,ACCEPT,0.006167530562816603,0.0,1.0,0.0
2023-01-09,B_RSI14_mean_reversion,-0.21771851596903602,0.8784120071032232,-0.1912465585958961,ACCEPT,0.014522576515372032,0.0,1.0,0.0
2023-01-10,B_RSI14_mean_reversion,-0.5530987152951147,0.8736911213634001,-0.4832374367908447,ACCEPT,0.02800615102017323,0.0,1.0,0.0
2023-01-11,B_RSI14_mean_reversion,-0.8417278165622065,0.8613512352985676,-0.7250232945810227,ACCEPT,0.052115795988246116,0.0,1.0,0.0
2023-01-12,B_RSI14_mean_reversion,-0.8954948446322137,0.8381230716330645,-0.7505348898147248,ACCEPT,0.05511441660269112,0.0,1.0,0.0
2023-01-13,B_RSI14_mean_reversion,-0.9482679827145504,0.8211013636315204,-0.7786241336950284,ACCEPT,0.05357847423830919,0.0,1.0,0.0
2023-01-14,B_RSI14_mean_reversion,-0.9843898754289659,0.8076326790741235,-0.7950254323461384,ACCEPT,-0.004552757413617381,1.0,1.0,0.0
2023-01-15,B_RSI14_mean_reversion,-0.9421666137698375,0.8086879799903861,-0.7619188157039122,ACCEPT,0.013832516023570829,0.0,1.0,0.0
2023-01-16,B_RSI14_mean_reversion,-0.9449158911991037,0.8118628512860339,-0.7671421096543881,ACCEPT,-0.00038325091993141047,1.0,1.0,0.0
2023-01-17,B_RSI14_mean_reversion,-0.9451209692200792,0.8160755077222472,-0.7712900748152185,ACCEPT,-0.022339524368838015,1.0,1.0,0.0
2023-01-18,B_RSI14_mean_reversion,-0.7603563664596273,0.7116665827947618,-0.5411202170245646,ACCEPT,0.019238045679950355,0.0,1.0,0.0
2023-01-19,B_RSI14_mean_reversion,-0.7866454969302796,0.7102472386549535,-0.5587127919950848,ACCEPT,0.07539125404137925,0.0,1.0,0.0
2023-01-20,B_RSI14_mean_reversion,-0.8323898498539265,0.7900878676848309,-0.6576611215535854,ACCEPT,0.004457126566322689,0.0,1.0,0.0
2023-01-21,B_RSI14_mean_reversion,-0.8347438263861511,0.78783997549472,-0.657644555724434,ACCEPT,-0.002511630794474806,1.0,1.0,0.0
2023-01-22,B_RSI14_mean_reversion,-0.8162632014643072,0.7869147912931185,-0.642329586820538,ACCEPT,0.009419529327844067,0.0,1.0,0.0
2023-01-23,B_RSI14_mean_reversion,-0.8191118562388072,0.7880174541237775,-0.6454744395959066,ACCEPT,-0.012991945703908492,1.0,1.0,0.0
2023-01-24,B_RSI14_mean_reversion,-0.735858774662513,0.6864561245472254,-0.5051347626688987,ACCEPT,0.021266153759075257,0.0,1.0,0.0
2023-01-25,B_RSI14_mean_reversion,-0.7355883773977792,0.7854799166467735,-0.577789897364743,ACCEPT,-0.003680359408276712,1.0,1.0,0.0
2023-01-26,B_RSI14_mean_reversion,-0.6718722468973766,0.7862876081283563,-0.5282848219807627,ACCEPT,0.0019950339114214177,0.0,1.0,0.0
2023-01-27,B_RSI14_mean_reversion,-0.609175664164174,0.7865344598184018,-0.4791376519478847,ACCEPT,-0.0020641809553220147,1.0,1.0,0.0
2023-01-28,B_RSI14_mean_reversion,-0.49119144809670556,0.6853607127760899,-0.3366433209770779,ACCEPT,0.03228143207915801,0.0,1.0,0.0
2023-01-29,B_RSI14_mean_reversion,-0.5989679831403828,0.7823633443272386,-0.468610594434651,ACCEPT,-0.03930367092328346,1.0,1.0,0.0
2023-01-30,B_RSI14_mean_reversion,-0.3050121837407238,0.6694885016450778,-0.20420214987607033,ACCEPT,0.013097316769725253,0.0,1.0,0.0
2023-01-31,B_RSI14_mean_reversion,-0.3428926013026745,0.768123406763187,-0.2633838330665016,ACCEPT,0.025259482888651652,0.0,1.0,0.0
2023-02-01,B_RSI14_mean_reversion,-0.5161870467749811,0.674067578089369,-0.34794495246071533,ACCEPT,-0.01061797692681965,1.0,1.0,0.0
2023-02-02,B_RSI14_mean_reversion,-0.4159887721593154,0.7833525173767749,-0.3258658518714734,ACCEPT,-0.0009606745041729203,1.0,1.0,0.0
2023-02-03,B_RSI14_mean_reversion,-0.18548080114459936,0.7956020614505172,-0.1475689077501367,ACCEPT,-0.005009723012217249,1.0,1.0,0.0
2023-02-04,B_RSI14_mean_reversion,-0.13250334104427366,0.6955531643959554,-0.09216311815638102,ACCEPT,-0.01612309690031044,1.0,1.0,0.0
2023-02-05,B_RSI14_mean_reversion,-0.05225827165207434,0.6936927771610427,-0.03625118559196364,ACCEPT,-0.008518883333286542,1.0,1.0,0.0
2023-02-06,B_RSI14_mean_reversion,0.03888326655511065,0.7930045106576334,0.03083460576730585,ACCEPT,0.022151986720186922,1.0,1.0,0.0
2023-02-07,B_RSI14_mean_reversion,-0.13388002380681654,0.6974926551853511,-0.09338033328129448,ACCEPT,-0.013965290320121615,1.0,1.0,0.0
2023-02-08,B_RSI14_mean_reversion,0.039369786967451005,0.796604315142647,0.031362142184518216,ACCEPT,-0.04883996317743455,0.0,1.0,0.0
2023-02-09,B_RSI14_mean_reversion,0.21797604148543911,0.812550287491605,0.17711649517527556,ACCEPT,-0.007693073387383564,0.0,1.0,0.0
2023-02-10,B_RSI14_mean_reversion,0.25088120416991755,0.812610052131428,0.20386858839931213,ACCEPT,0.010146854341645195,1.0,1.0,0.0
2023-02-11,B_RSI14_mean_reversion,0.19791539644050132,0.8139675497934793,0.16109671030707995,ACCEPT,-0.003779998514005456,0.0,1.0,0.0
2023-02-12,B_RSI14_mean_reversion,0.3818922444577791,0.8124945966502682,0.31028538512458886,ACCEPT,0.0009132665684197239,1.0,1.0,0.0
2023-02-13,B_RSI14_mean_reversion,0.24074532214539118,0.7131529102653866,0.17168822712076376,ACCEPT,0.018924303145655852,1.0,1.0,0.0
2023-02-14,B_RSI14_mean_reversion,0.20872612355498546,0.715981458843353,0.1494440344416164,ACCEPT,0.09392266116037784,1.0,1.0,0.0
2023-02-15,B_RSI14_mean_reversion,-0.09894580670222225,0.7741889216066389,-0.07660274738829238,ACCEPT,-0.028154173176657027,1.0,1.0,0.0
2023-02-16,B_RSI14_mean_reversion,-0.023929513354204488,0.7704841944924612,-0.018437311821310837,ACCEPT,0.03988096453648349,0.0,1.0,0.0
2023-02-17,B_RSI14_mean_reversion,-0.15386348689036836,0.7629989397142337,-0.11739767735808596,ACCEPT,0.0030805588480080637,0.0,1.0,0.0
2023-02-18,B_RSI14_mean_reversion,-0.1815324445907811,0.7662911264859763,-0.13910670145922274,ACCEPT,-0.012728023845912761,1.0,1.0,0.0
2023-02-19,B_RSI14_mean_reversion,-0.19186732853809774,0.7745992776950376,-0.14862029409888697,ACCEPT,0.020614650916729094,0.0,1.0,0.0
2023-02-20,B_RSI14_mean_reversion,-0.2774774869164803,0.7715797623862122,-0.21409601342254114,ACCEPT,-0.01581991113645098,1.0,1.0,0.0
2023-02-21,B_RSI14_mean_reversion,-0.15956817124243827,0.6721842857430814,-0.10725921721392807,ACCEPT,-0.01012875204423358,1.0,1.0,0.0
2023-02-22,B_RSI14_mean_reversion,-0.17191444534321562,0.6722328500216148,-0.11556653755295497,ACCEPT,-0.00997780485063493,1.0,1.0,0.0
2023-02-23,B_RSI14_mean_reversion,-0.33315255704694297,0.6739346221180496,-0.22452304264109346,ACCEPT,-0.03129201289670536,1.0,1.0,0.0
2023-02-24,B_RSI14_mean_reversion,-0.22193245873765804,0.6722008502794689,-0.14918318746806689,ACCEPT,-0.0009807668166905703,1.0,1.0,0.0
2023-02-25,B_RSI14_mean_reversion,-0.19259176384625293,0.6755018501205792,-0.13009609279612952,ACCEPT,0.016648614774302573,0.0,1.0,0.0
2023-02-26,B_RSI14_mean_reversion,-0.2505468234010884,0.6727743876496841,-0.1685614856912408,ACCEPT,-0.0016273269569350157,1.0,1.0,0.0
2023-02-27,B_RSI14_mean_reversion,-0.24168690446237207,0.5744133847857481,-0.13882819285062087,ABSTAIN,-0.01596393470118429,1.0,0.0,1.0
2023-02-28,B_RSI14_mean_reversion,-0.13127977810512106,0.674161058138668,-0.08850371411955796,ACCEPT,0.02156606219747892,0.0,1.0,0.0
2023-03-01,B_RSI14_mean_reversion,0.12089462759972847,0.6813686099841413,0.0823738043621774,ACCEPT,-0.007235050302163204,0.0,1.0,0.0
2023-03-02,B_RSI14_mean_reversion,0.02986017964968468,0.7814150667397186,0.023333194273818345,ACCEPT,-0.047402129167592566,0.0,1.0,0.0
2023-03-03,B_RSI14_mean_reversion,0.42964095008163156,0.7689826886216194,0.33038645293572,ACCEPT,-0.0004172164631153219,0.0,1.0,0.0
2023-03-04,B_RSI14_mean_reversion,0.45206941703904363,0.7690812077190834,0.34767809322924964,ACCEPT,0.0036756935285233716,1.0,1.0,0.0
2023-03-05,B_RSI14_mean_reversion,0.39178250382978463,0.769069536936054,0.30130798880002024,ACCEPT,-0.00025655126328649747,0.0,1.0,0.0
2023-03-06,B_RSI14_mean_reversion,0.5536473027175626,0.6702861457938574,0.37110211666772003,ACCEPT,-0.00936203961743065,0.0,1.0,0.0
2023-03-07,B_RSI14_mean_reversion,0.5339902122191518,0.8114660817193926,0.433314945185982,ACCEPT,-0.022578517406286358,0.0,1.0,0.0
2023-03-08,B_RSI14_mean_reversion,0.5608791709655264,0.8128840774357148,0.4559297474432205,ACCEPT,-0.06239311158608585,0.0,1.0,0.0
2023-03-09,B_RSI14_mean_reversion,0.6494936936879548,0.8050520703665474,0.5228762427935042,ACCEPT,-0.008632183779056501,0.0,1.0,0.0
2023-03-10,B_RSI14_mean_reversion,0.6088395503289121,0.8037180586333228,0.4893353414095385,ACCEPT,0.022051846825845045,1.0,1.0,0.0
2023-03-11,B_RSI14_mean_reversion,0.47375357498926574,0.7984811508257426,0.3782832997652386,ACCEPT,0.07422977009964415,1.0,1.0,0.0
2023-03-12,B_RSI14_mean_reversion,0.21452151350326956,0.6731699163275242,0.14440942929544984,ACCEPT,0.09175187888693825,1.0,1.0,0.0
2023-03-13,B_RSI14_mean_reversion,-0.07929142785262144,0.742779636311387,-0.05889605794298074,ACCEPT,0.022669294883089997,0.0,1.0,0.0
2023-03-14,B_RSI14_mean_reversion,-0.18414915058702888,0.7416051968869208,-0.13656596707765278,ACCEPT,-0.014956444322371198,1.0,1.0,0.0
2023-03-15,B_RSI14_mean_reversion,-0.08528541284152254,0.7411403231387227,-0.06320845843238539,ACCEPT,0.027766213062754286,0.0,1.0,0.0
2023-03-16,B_RSI14_mean_reversion,-0.17412962570460822,0.7407743423064007,-0.12899075895739087,ACCEPT,0.0946457745317153,0.0,1.0,0.0
2023-03-17,B_RSI14_mean_reversion,-0.490589227316666,0.7147010750721778,-0.3506246481820502,ACCEPT,-0.01670259464889101,1.0,1.0,0.0
2023-03-18,B_RSI14_mean_reversion,-0.4284588406539109,0.715299053174241,-0.30647620304387546,ACCEPT,0.039783493752593824,0.0,1.0,0.0
2023-03-19,B_RSI14_mean_reversion,-0.4766202914162895,0.7128066963956498,-0.33973813535957714,ACCEPT,-0.00968089417783835,1.0,1.0,0.0
2023-03-20,B_RSI14_mean_reversion,-0.44398652373301756,0.7136165052187529,-0.3168361114305789,ACCEPT,0.014714466837708162,0.0,1.0,0.0
2023-03-21,B_RSI14_mean_reversion,-0.48738939227042066,0.7139452994111378,-0.34796936559431796,ACCEPT,-0.030820008681536337,1.0,1.0,0.0
2023-03-22,B_RSI14_mean_reversion,-0.4440581571286458,0.6101979884850341,-0.2709633942502709,ABSTAIN,0.03759177902540278,0.0,0.0,1.0
2023-03-23,B_RSI14_mean_reversion,-0.6502402595654121,0.7177124390646517,-0.4666855226707241,ACCEPT,-0.02967065403073854,1.0,1.0,0.0
2023-03-24,B_RSI14_mean_reversion,-0.5653351158744954,0.6131569609692222,-0.34663916157878866,ABSTAIN,5.17171735541222e-05,0.0,0.0,1.0
2023-03-25,B_RSI14_mean_reversion,-0.549879538135093,0.7129661367465656,-0.3920454899801631,ACCEPT,0.018171608313816145,0.0,1.0,0.0
2023-03-26,B_RSI14_mean_reversion,-0.5093049534116798,0.6110079932606547,-0.3111893975417817,ABSTAIN,-0.03052194511765327,1.0,0.0,1.0
2023-03-27,B_RSI14_mean_reversion,-0.286539716885097,0.6094839250503126,-0.17464135132993425,ABSTAIN,0.004725228944394866,0.0,0.0,1.0
2023-03-28,B_RSI14_mean_reversion,-0.2560910961801505,0.6126378243545362,-0.15689109200037568,ABSTAIN,0.0396180637553154,0.0,0.0,1.0
2023-03-29,B_RSI14_mean_reversion,-0.3762361402457299,0.7262828195630975,-0.27325384475920567,ACCEPT,-0.0111074503792854,1.0,1.0,0.0
2023-03-30,B_RSI14_mean_reversion,-0.2923322163527641,0.5280875525310306,-0.1543770046597029,ABSTAIN,0.015871042968584437,0.0,0.0,1.0
2023-03-31,B_RSI14_mean_reversion,-0.1275109236307027,0.7281604559445624,-0.09284841228884476,ACCEPT,-0.0023684272611504964,1.0,1.0,0.0
2023-04-01,B_RSI14_mean_reversion,-0.1834022818702114,0.7384281791099402,-0.1354294130460282,ACCEPT,-0.00745226498561502,1.0,1.0,0.0
2023-04-02,B_RSI14_mean_reversion,-0.022886611593797995,0.7606640030915744,-0.01740902159214042,ACCEPT,-0.014507018470504951,1.0,1.0,0.0
2023-04-03,B_RSI14_mean_reversion,-0.0032117746146442983,0.6597801331636234,-0.00211906508294156,ACCEPT,0.0135971982612757,0.0,1.0,0.0
2023-04-04,B_RSI14_mean_reversion,0.0010843424351217835,0.5592350829456305,0.0006064023316467976,ABSTAIN,0.000351267384649967,1.0,0.0,1.0
2023-04-05,B_RSI14_mean_reversion,-0.13890767432800943,0.6607381578743119,-0.09178160085009379,ACCEPT,-0.004749940528704033,1.0,1.0,0.0
2023-04-06,B_RSI14_mean_reversion,0.05392827394926471,0.6999579432272036,0.03774752371532051,ACCEPT,-0.004217681389550476,0.0,1.0,0.0
2023-04-07,B_RSI14_mean_reversion,-0.09298687558253761,0.7016001735320201,-0.06523960804490875,ACCEPT,0.0007854922772632111,0.0,1.0,0.0
2023-04-08,B_RSI14_mean_reversion,-0.09696892936279923,0.7102229854225491,-0.06886956250527555,ACCEPT,0.013784839213681899,0.0,1.0,0.0
2023-04-09,B_RSI14_mean_reversion,-0.07431118873477956,0.8098157847084294,-0.060178373617871705,ACCEPT,0.04658621825410658,0.0,1.0,0.0
2023-04-10,B_RSI14_mean_reversion,-0.5002544616318904,0.7994870517719606,-0.3999469646658494,ACCEPT,0.019629666758571807,0.0,1.0,0.0
2023-04-11,B_RSI14_mean_reversion,-0.5416609466132707,0.8048443886907632,-0.43595277345461797,ACCEPT,-0.003175315803583212,1.0,1.0,0.0
2023-04-12,B_RSI14_mean_reversion,-0.3985195372999834,0.813238993160228,-0.3240916272685184,ACCEPT,0.00862713483952482,0.0,1.0,0.0
2023-04-13,B_RSI14_mean_reversion,-0.5329760614960531,0.8203891312462605,-0.4372477680658005,ACCEPT,0.002849851088919886,0.0,1.0,0.0
2023-04-14,B_RSI14_mean_reversion,-0.49196395147446426,0.8205300461381075,-0.40367120380162785,ACCEPT,-0.005484641300179338,1.0,1.0,0.0
2023-04-15,B_RSI14_mean_reversion,-0.45635680895087744,0.8210363101377443,-0.3746855105272639,ACCEPT,-0.00010358775680330279,1.0,1.0,0.0
2023-04-16,B_RSI14_mean_reversion,-0.5328519997639236,0.7319351154611441,-0.39001308997090894,ACCEPT,-0.028708571396173888,1.0,1.0,0.0
2023-04-17,B_RSI14_mean_reversion,-0.3733476808264439,0.7239630847953972,-0.27028993871231966,ACCEPT,0.032348662229154,0.0,1.0,0.0
2023-04-18,B_RSI14_mean_reversion,-0.44526624853087526,0.8249537331796589,-0.3673240539844474,ACCEPT,-0.0518092051895368,1.0,1.0,0.0
2023-04-19,B_RSI14_mean_reversion,-0.09809710330562553,0.7097442640532223,-0.06962385639140412,ACCEPT,-0.020008250880993006,1.0,1.0,0.0
2023-04-20,B_RSI14_mean_reversion,-0.028774298308724154,0.7108439724498321,-0.020454036514229963,ACCEPT,-0.034308522518338824,1.0,1.0,0.0
2023-04-21,B_RSI14_mean_reversion,0.08250414181906308,0.8070306788814693,0.0665833735827715,ACCEPT,0.01981858797984626,1.0,1.0,0.0
2023-04-22,B_RSI14_mean_reversion,0.015540326320995348,0.8049486414652012,0.012509164560011114,ACCEPT,-0.008128524647254443,0.0,1.0,0.0
2023-04-23,B_RSI14_mean_reversion,0.09017029710869849,0.8056804103610448,0.07264844197691353,ACCEPT,-0.002393679129772508,0.0,1.0,0.0
2023-04-24,B_RSI14_mean_reversion,0.305200630488124,0.7044833661518829,0.2150087675179506,ACCEPT,0.02841955147295372,1.0,1.0,0.0
2023-04-25,B_RSI14_mean_reversion,0.26876809403587887,0.7024785013262791,0.18880380790264464,ACCEPT,0.004066170397882152,1.0,1.0,0.0
2023-04-26,B_RSI14_mean_reversion,0.23869503428973743,0.7025721334533706,0.16770047948566627,ACCEPT,0.036980508331842854,1.0,1.0,0.0
2023-04-27,B_RSI14_mean_reversion,0.11592603821712785,0.6989480144552808,0.08102627423552851,ACCEPT,-0.00453030993708059,0.0,1.0,0.0
2023-04-28,B_RSI14_mean_reversion,0.14267093465051148,0.6964853212878913,0.09936821175850523,ACCEPT,-0.0031279011203009244,0.0,1.0,0.0
2023-04-29,B_RSI14_mean_reversion,0.13453975529385417,0.6969758747537168,0.09377096363508501,ACCEPT,0.000694680667924441,1.0,1.0,0.0
2023-04-30,B_RSI14_mean_reversion,0.13130648275415907,0.6075814258281942,0.07977938001225716,ABSTAIN,-0.04022160164248023,0.0,0.0,1.0
2023-05-01,B_RSI14_mean_reversion,0.163518587385156,0.602386031517359,0.09850131293426861,ABSTAIN,0.020966033026897257,1.0,0.0,1.0
2023-05-02,B_RSI14_mean_reversion,0.2169684752144481,0.601793760439596,0.130570274596148,ABSTAIN,0.01135862564681589,1.0,0.0,1.0
2023-05-03,B_RSI14_mean_reversion,-0.027553032363339724,0.7014685578799288,-0.01932758587713092,ACCEPT,-0.005467695268338013,1.0,1.0,0.0
2023-05-04,B_RSI14_mean_reversion,-0.09633005147908577,0.6015472751647952,-0.0579470799837285,ABSTAIN,0.023803407820215394,0.0,0.0,1.0
2023-05-05,B_RSI14_mean_reversion,-0.37851277884700724,0.7962352729534549,-0.3013852257816175,ACCEPT,-0.021323001096775096,1.0,1.0,0.0
2023-05-06,B_RSI14_mean_reversion,-0.17959368971337328,0.6943961854250232,-0.12470917306337163,ACCEPT,-0.015556145829018653,1.0,1.0,0.0
2023-05-07,B_RSI14_mean_reversion,-0.13758578885921038,0.6969393043999496,-0.09588894398285641,ACCEPT,-0.026733637409259936,1.0,1.0,0.0
2023-05-08,B_RSI14_mean_reversion,-0.024232287490509492,0.7002233100068086,-0.01696801255564114,ACCEPT,-0.0012817829272578907,1.0,1.0,0.0
2023-05-09,B_RSI14_mean_reversion,0.10423406878318332,0.8073250109067992,0.08415077071724353,ACCEPT,-0.0013384371045779275,0.0,1.0,0.0
2023-05-10,B_RSI14_mean_reversion,0.13030743076849746,0.8085699561129305,0.10536267357767272,ACCEPT,-0.022481076150133283,0.0,1.0,0.0
2023-05-11,B_RSI14_mean_reversion,0.4326098313225677,0.8115112051134896,0.3510677255605204,ACCEPT,-0.007251596524522896,0.0,1.0,0.0
2023-05-12,B_RSI14_mean_reversion,0.43872420204325324,0.8116652451144882,0.3560971869890954,ACCEPT,-0.0007801573211611013,0.0,1.0,0.0
2023-05-13,B_RSI14_mean_reversion,0.4317561537787705,0.8118740609193615,0.35053162189529474,ACCEPT,0.005471927993601522,1.0,1.0,0.0
2023-05-14,B_RSI14_mean_reversion,0.400774940510226,0.8115022263249657,0.3252297564793041,ACCEPT,0.009730726801279843,1.0,1.0,0.0
2023-05-15,B_RSI14_mean_reversion,0.18273777900602511,0.7166915032562197,0.130966613537531,ACCEPT,-0.005738415341494774,0.0,1.0,0.0
2023-05-16,B_RSI14_mean_reversion,0.36644758267460104,0.7144747690277942,0.26181755199222906,ACCEPT,0.013394867282656264,1.0,1.0,0.0
2023-05-17,B_RSI14_mean_reversion,0.3554550429007071,0.7242791544386888,0.257448677913092,ACCEPT,-0.02067950762275983,0.0,1.0,0.0
2023-05-18,B_RSI14_mean_reversion,0.40879202109685736,0.8215204712292901,0.3358310138062641,ACCEPT,0.0021585968530852817,1.0,1.0,0.0
2023-05-19,B_RSI14_mean_reversion,0.6147100822498734,0.6227214501137794,0.38279315381820184,ABSTAIN,0.008905016115201336,1.0,0.0,1.0
2023-05-20,B_RSI14_mean_reversion,0.45381976122029416,0.6212096095577003,0.2819171966772277,ABSTAIN,-0.013850552916312875,0.0,0.0,1.0
2023-05-21,B_RSI14_mean_reversion,0.4433037963731124,0.8277566146831097,0.36694764976197813,ACCEPT,0.0036425134576618667,1.0,1.0,0.0
2023-05-22,B_RSI14_mean_reversion,0.26557854372181866,0.8323796662333433,0.22106217958190477,ACCEPT,0.013945303754316907,1.0,1.0,0.0
2023-05-23,B_RSI14_mean_reversion,0.12326550944084345,0.7314181661109697,0.09015863285995614,ACCEPT,-0.03272302765106416,0.0,1.0,0.0
2023-05-24,B_RSI14_mean_reversion,0.2946941703586626,0.8166886097428967,0.2406733722895525,ACCEPT,0.005368887301425707,1.0,1.0,0.0
2023-05-25,B_RSI14_mean_reversion,0.13494247814732319,0.823161825616411,0.1110794966649532,ACCEPT,0.009181223884829448,1.0,1.0,0.0
2023-05-26,B_RSI14_mean_reversion,0.021780178935204474,0.8238880833709108,0.0179444298784011,ACCEPT,0.005578834405180588,1.0,1.0,0.0
2023-05-27,B_RSI14_mean_reversion,-0.020742746960984847,0.62633339128267,-0.012991875048591936,ABSTAIN,0.0453058267244435,0.0,0.0,1.0
2023-05-28,B_RSI14_mean_reversion,-0.2249890808594695,0.809398430259396,-0.18210580887315891,ACCEPT,-0.0120973437068298,1.0,1.0,0.0
2023-05-29,B_RSI14_mean_reversion,-0.1061517923332525,0.8079726690907034,-0.08576774698026009,ACCEPT,-0.0015690671469931194,1.0,1.0,0.0
2023-05-30,B_RSI14_mean_reversion,-0.13055955847596365,0.8101876673647654,-0.10577774413381467,ACCEPT,-0.01742420455507676,1.0,1.0,0.0
2023-05-31,B_RSI14_mean_reversion,0.03432311371060976,0.6142865810306721,0.021084228171617456,ABSTAIN,-0.014683709247646393,0.0,0.0,1.0
2023-06-01,B_RSI14_mean_reversion,0.0024218616210507095,0.6127511550365794,0.0014839985056375848,ABSTAIN,0.01601855426947596,1.0,0.0,1.0
2023-06-02,B_RSI14_mean_reversion,-0.06627053085127912,0.7128540572439721,-0.047241216793046145,ACCEPT,-0.0064023326039167605,1.0,1.0,0.0
2023-06-03,B_RSI14_mean_reversion,0.010161508285335685,0.6126092486227651,0.006225033955553496,ABSTAIN,0.001622799291266075,1.0,0.0,1.0
2023-06-04,B_RSI14_mean_reversion,-0.07265099217518639,0.6156193521282578,-0.04472535673436337,ABSTAIN,-0.05011119223804861,1.0,0.0,1.0
2023-06-05,B_RSI14_mean_reversion,0.17351038296984228,0.7985844282571162,0.13856268998064478,ACCEPT,0.057402171630208665,1.0,1.0,0.0
2023-06-06,B_RSI14_mean_reversion,-0.001766062383611029,0.5790414977515547,-0.0010226234077288108,ABSTAIN,-0.03277624957004588,1.0,0.0,1.0
2023-06-07,B_RSI14_mean_reversion,-0.0015117988451801524,0.6773391615140507,-0.0010240005621722345,ACCEPT,0.0061572444403654725,0.0,1.0,0.0
2023-06-08,B_RSI14_mean_reversion,-0.004316435349732899,0.577112464161589,-0.002491068641078544,ABSTAIN,-0.0010503081775867784,1.0,0.0,1.0
2023-06-09,B_RSI14_mean_reversion,0.03318026874593628,0.777667675441212,0.02580322246616696,ACCEPT,-0.02375852931180167,0.0,1.0,0.0
2023-06-10,B_RSI14_mean_reversion,0.1324259830193496,0.7733396453872535,0.10241026274824228,ACCEPT,0.0034399794195076883,1.0,1.0,0.0
2023-06-11,B_RSI14_mean_reversion,0.32744139434408454,0.7733516762188837,0.2532273511794463,ACCEPT,-0.001452109670044499,0.0,1.0,0.0
2023-06-12,B_RSI14_mean_reversion,0.29493409698067014,0.5748444219502613,0.16954122049227563,ABSTAIN,0.0006265231396582749,1.0,0.0,1.0
2023-06-13,B_RSI14_mean_reversion,0.28662439973635484,0.6808956098478569,0.19516129545576125,ACCEPT,-0.030636253390914137,0.0,1.0,0.0
2023-06-14,B_RSI14_mean_reversion,0.3206174112999577,0.7758923084777609,0.24876458339168792,ACCEPT,0.017979087727655774,1.0,1.0,0.0
2023-06-15,B_RSI14_mean_reversion,0.18881440312108735,0.7764427293891646,0.14660357050732306,ACCEPT,0.029365685552642073,1.0,1.0,0.0
2023-06-16,B_RSI14_mean_reversion,0.1334926702294571,0.6711666350145133,0.08959582627700682,ACCEPT,0.006959002900740696,1.0,1.0,0.0
2023-06-17,B_RSI14_mean_reversion,0.08161024640646644,0.6863283056257916,0.05601142213785346,ACCEPT,-0.006580854145875503,0.0,1.0,0.0
2023-06-18,B_RSI14_mean_reversion,0.11109072460450249,0.6845884606679715,0.07605142815148591,ACCEPT,0.019547852547670663,1.0,1.0,0.0
2023-06-19,B_RSI14_mean_reversion,-0.17587665644891345,0.7839271180395804,-0.1378744804204341,ACCEPT,0.05498705349618893,0.0,1.0,0.0
2023-06-20,B_RSI14_mean_reversion,-0.1755807232483018,0.7660710393057503,-0.13450730714088185,ACCEPT,0.06000562340273241,0.0,1.0,0.0
2023-06-21,B_RSI14_mean_reversion,-0.5253280399877253,0.7513237994428833,-0.39469145895746066,ACCEPT,-0.0038303689299371557,1.0,1.0,0.0
2023-06-22,B_RSI14_mean_reversion,-0.4890604879770734,0.7514299697219577,-0.36749470767281817,ACCEPT,0.02618280743799839,0.0,1.0,0.0
2023-06-23,B_RSI14_mean_reversion,-0.5462965166170102,0.7501018419264127,-0.4097780233524025,ACCEPT,-0.0047815994828226405,1.0,1.0,0.0
2023-06-24,B_RSI14_mean_reversion,-0.649411732304109,0.7517969910053665,-0.48822578626981167,ACCEPT,-0.002240147837737516,1.0,1.0,0.0
2023-06-25,B_RSI14_mean_reversion,-0.6294402828263571,0.7690250900453979,-0.48405537017874,ACCEPT,-0.006861189753050945,1.0,1.0,0.0
2023-06-26,B_RSI14_mean_reversion,-0.5916051562673161,0.6849801319061772,-0.4052377779763608,ACCEPT,0.013776598074988877,0.0,1.0,0.0
2023-06-27,B_RSI14_mean_reversion,-0.6126305786063202,0.7946890810003538,-0.4868508315053716,ACCEPT,-0.01961401038928634,1.0,1.0,0.0
2023-06-28,B_RSI14_mean_reversion,-0.6534366900604891,0.6899712071968197,-0.4508525018677298,ACCEPT,0.011935868224670187,0.0,1.0,0.0
2023-06-29,B_RSI14_mean_reversion,-0.6491574176257703,0.7902195572239179,-0.5129768871248581,ACCEPT,0.0010477918298796851,0.0,1.0,0.0
2023-06-30,B_RSI14_mean_reversion,-0.6119497558182536,0.6942955168402786,-0.42487397199611665,ACCEPT,0.0037019798257575953,0.0,1.0,0.0
2023-07-01,B_RSI14_mean_reversion,-0.6078797054452809,0.7920907731144885,-0.4814959058467601,ACCEPT,0.0010033124506771962,0.0,1.0,0.0
2023-07-02,B_RSI14_mean_reversion,-0.6524275396262442,0.7901611212843066,-0.5155228762678346,ACCEPT,0.01749367929268808,0.0,1.0,0.0
2023-07-03,B_RSI14_mean_reversion,-0.6535277459567532,0.7901589049463901,-0.5163907680972707,ACCEPT,-0.012159843310882601,1.0,1.0,0.0
2023-07-04,B_RSI14_mean_reversion,-0.4462544378277232,0.798276426736466,-0.3562343980444053,ACCEPT,-0.0085586975402272,1.0,1.0,0.0
2023-07-05,B_RSI14_mean_reversion,-0.12009720436282635,0.6963585467822155,-0.08363071470270451,ACCEPT,-0.019821224171432172,1.0,1.0,0.0
2023-07-06,B_RSI14_mean_reversion,0.0006477789178265425,0.7964464563959868,0.0005159212236309769,ACCEPT,0.014474667943441766,1.0,1.0,0.0
2023-07-07,B_RSI14_mean_reversion,0.08422609704910584,0.798256320207477,0.06723401429585707,ACCEPT,-0.0016387902600796256,0.0,1.0,0.0
2023-07-08,B_RSI14_mean_reversion,0.06253060352657527,0.7990336619480161,0.04996405711965897,ACCEPT,-0.004004505286051452,0.0,1.0,0.0
2023-07-09,B_RSI14_mean_reversion,0.07447633751635721,0.6994078860347136,0.05208933778192323,ACCEPT,0.008061862007427312,1.0,1.0,0.0
2023-07-10,B_RSI14_mean_reversion,-0.03426361931013361,0.6207915965501323,-0.021270566935123785,ABSTAIN,0.006788889103658935,0.0,0.0,1.0
2023-07-11,B_RSI14_mean_reversion,0.016917889268031984,0.751655428266211,0.012716423303122917,ACCEPT,-0.007488490028050299,0.0,1.0,0.0
2023-07-12,B_RSI14_mean_reversion,-0.08482695279929217,0.6510555679689174,-0.055227059933815714,ACCEPT,0.03568093437476372,0.0,1.0,0.0
2023-07-13,B_RSI14_mean_reversion,-0.23827997830850592,0.8443862084266385,-0.20120032742790098,ACCEPT,-0.036280934592069825,1.0,1.0,0.0
2023-07-14,B_RSI14_mean_reversion,0.026341565776301933,0.8306839800181854,0.021881516698969313,ACCEPT,-0.001261344778969442,0.0,1.0,0.0
2023-07-15,B_RSI14_mean_reversion,0.054890255556077676,0.628490478774874,0.03449800299451444,ABSTAIN,-0.001540603578530031,0.0,0.0,1.0
2023-07-16,B_RSI14_mean_reversion,0.06911509375022704,0.6266897792890341,0.04331372284787068,ABSTAIN,-0.0034131272874816654,0.0,0.0,1.0
2023-07-17,B_RSI14_mean_reversion,0.20437278652961807,0.828529359847258,0.16932885399358477,ACCEPT,-0.009597533349379406,0.0,1.0,0.0
2023-07-18,B_RSI14_mean_reversion,0.1897009354667155,0.8291088430778675,0.15728272313559769,ACCEPT,0.0019212301525000086,1.0,1.0,0.0
2023-07-19,B_RSI14_mean_reversion,0.1291104801963435,0.8306313510686021,0.10724321260260479,ACCEPT,-0.0040752996439197275,0.0,1.0,0.0
2023-07-20,B_RSI14_mean_reversion,0.02816091226560104,0.8283452680404316,0.023326958418912372,ACCEPT,0.0039181140710413676,1.0,1.0,0.0
2023-07-21,B_RSI14_mean_reversion,0.11260475382881935,0.7283237647495915,0.08201271823730669,ACCEPT,-0.004578641136054662,0.0,1.0,0.0
2023-07-22,B_RSI14_mean_reversion,0.1322625387930691,0.8282522991849712,0.10954675185140093,ACCEPT,0.010504447141318263,1.0,1.0,0.0
2023-07-23,B_RSI14_mean_reversion,0.020998790823886112,0.732726451248334,0.015386369480892151,ACCEPT,-0.03016908602087709,0.0,1.0,0.0
2023-07-24,B_RSI14_mean_reversion,0.2582019085559017,0.8235578774744655,0.21264421577015444,ACCEPT,0.0017299501204297574,1.0,1.0,0.0
2023-07-25,B_RSI14_mean_reversion,0.3005327853143493,0.8237816329082571,0.24757338862872133,ACCEPT,0.004365152978824893,1.0,1.0,0.0
2023-07-26,B_RSI14_mean_reversion,0.22858170276631157,0.8267992584285212,0.18899118233751505,ACCEPT,-0.004915119656712763,0.0,1.0,0.0
2023-07-27,B_RSI14_mean_reversion,0.6301197802579881,0.7292187547195547,0.4594951614838895,ACCEPT,0.0037163327075591113,1.0,1.0,0.0
2023-07-28,B_RSI14_mean_reversion,0.39615169667983396,0.731140620542011,0.28964259733926434,ACCEPT,0.001284885528077373,1.0,1.0,0.0
2023-07-29,B_RSI14_mean_reversion,0.3665942442893976,0.731136258026079,0.2680303439836484,ACCEPT,-0.002779902682116475,0.0,1.0,0.0
2023-07-30,B_RSI14_mean_reversion,0.37511811829283714,0.7320796121645701,0.27461632655572354,ACCEPT,-0.0015438698273756435,0.0,1.0,0.0
2023-07-31,B_RSI14_mean_reversion,0.3608263765760441,0.6306711354039458,0.22756278059890545,ABSTAIN,0.015245275282999904,1.0,0.0,1.0
2023-08-01,B_RSI14_mean_reversion,0.06711591840107743,0.7280516865669147,0.04886385758739185,ACCEPT,-0.01764989082843693,0.0,1.0,0.0
2023-08-02,B_RSI14_mean_reversion,0.2410741761942603,0.8394404321864003,0.2023674106534903,ACCEPT,0.0009166006009861949,1.0,1.0,0.0
2023-08-03,B_RSI14_mean_reversion,0.20007569067743147,0.8568650553220759,0.17143786776091988,ACCEPT,-0.0035843942133476636,0.0,1.0,0.0
2023-08-04,B_RSI14_mean_reversion,0.2733536745280908,0.8546086952736266,0.23361042713670324,ACCEPT,-0.0010994270766331304,0.0,1.0,0.0
2023-08-05,B_RSI14_mean_reversion,0.24748175322705224,0.8523770532874854,0.2109477675580954,ACCEPT,-9.347950838400898e-06,0.0,1.0,0.0
2023-08-06,B_RSI14_mean_reversion,0.395564611736811,0.8501341527461012,0.3362829860552143,ACCEPT,0.004776645775930843,1.0,1.0,0.0
2023-08-07,B_RSI14_mean_reversion,-0.0019614550544345376,0.6505635447722512,-0.0012760511531243817,ACCEPT,0.020044635853149417,0.0,1.0,0.0
2023-08-08,B_RSI14_mean_reversion,-0.224071128114539,0.8442741806043284,-0.1891774680859899,ACCEPT,-0.006853508270246889,1.0,1.0,0.0
2023-08-09,B_RSI14_mean_reversion,-0.08334561643155382,0.8460892884717071,-0.07051783330380919,ACCEPT,-0.004461964714047806,1.0,1.0,0.0
2023-08-10,B_RSI14_mean_reversion,-0.08878576487196028,0.8483754789630478,-0.07532366579834984,ACCEPT,-0.001083159880198692,1.0,1.0,0.0
2023-08-11,B_RSI14_mean_reversion,-0.03284816553591668,0.7508108768866172,-0.024662759970138358,ACCEPT,0.0006207965516027425,0.0,1.0,0.0
2023-08-12,B_RSI14_mean_reversion,-0.02492049544239805,0.7503972398885563,-0.018700270996630845,ACCEPT,-0.004523080645381872,1.0,1.0,0.0
2023-08-13,B_RSI14_mean_reversion,-0.0031416501812056197,0.7647852863871408,-0.002402687833561553,ACCEPT,0.004286776125049352,0.0,1.0,0.0
2023-08-14,B_RSI14_mean_reversion,-0.07129905685277137,0.8645163718679002,-0.06163920194796105,ACCEPT,-0.008096168172366025,1.0,1.0,0.0
2023-08-15,B_RSI14_mean_reversion,0.2203400510749323,0.8636215301572088,0.19029041206425057,ACCEPT,-0.016063173634291772,0.0,1.0,0.0
2023-08-16,B_RSI14_mean_reversion,0.2011119564989775,0.8596380750763418,0.172883495159618,ACCEPT,-0.07097917151940503,0.0,1.0,0.0
2023-08-17,B_RSI14_mean_reversion,0.5917044056727104,0.8052509918131716,0.4764705595281733,ACCEPT,-0.02306411031148714,0.0,1.0,0.0
2023-08-18,B_RSI14_mean_reversion,0.6354910300246718,0.800725142638176,0.5088536456617867,ACCEPT,0.0017907574452629138,1.0,1.0,0.0
2023-08-19,B_RSI14_mean_reversion,0.6170696563534801,0.8025592423899621,0.49523495590488326,ACCEPT,0.00357825614760654,1.0,1.0,0.0
2023-08-20,B_RSI14_mean_reversion,0.5860239929213057,0.8020202312591664,0.4700030983261657,ACCEPT,-0.002498831574187843,0.0,1.0,0.0
2023-08-21,B_RSI14_mean_reversion,0.6375708606271183,0.7033572140712301,0.44844006430368644,ACCEPT,-0.0035401882238949023,0.0,1.0,0.0
2023-08-22,B_RSI14_mean_reversion,0.8680413850346586,0.8044916766419156,0.698332069241103,ACCEPT,0.015365306423789304,1.0,1.0,0.0
2023-08-23,B_RSI14_mean_reversion,0.6959195930667087,0.7012790903439713,0.48803385917836817,ACCEPT,-0.01018731988472621,0.0,1.0,0.0
2023-08-24,B_RSI14_mean_reversion,0.7049318631379955,0.6988446157262724,0.4926378370078777,ACCEPT,-0.004384352975912553,0.0,1.0,0.0
2023-08-25,B_RSI14_mean_reversion,0.7101124190929469,0.6967543978096207,0.4947739509422392,ACCEPT,-0.0015051281432193475,0.0,1.0,0.0
2023-08-26,B_RSI14_mean_reversion,0.7190970898396845,0.7968664717020729,0.5730243607917779,ACCEPT,0.0031232321991347956,1.0,1.0,0.0
2023-08-27,B_RSI14_mean_reversion,0.6813274418523241,0.7971212833562139,0.5431006048351308,ACCEPT,0.0006307866874213364,1.0,1.0,0.0
2023-08-28,B_RSI14_mean_reversion,0.7213882884812469,0.7024762964269502,0.5067581731780827,ACCEPT,0.062101924766441385,1.0,1.0,0.0
2023-08-29,B_RSI14_mean_reversion,0.24207252480300298,0.6692782905951838,0.16201388560021407,ACCEPT,-0.015512708305083889,0.0,1.0,0.0
2023-08-30,B_RSI14_mean_reversion,0.23715292881530545,0.6683086256391081,0.15849134792284603,ACCEPT,-0.0500340578984273,0.0,1.0,0.0
2023-08-31,B_RSI14_mean_reversion,0.13960837525274386,0.7535084512085524,0.10519609061243741,ACCEPT,-0.005042060225742162,0.0,1.0,0.0
2023-09-01,B_RSI14_mean_reversion,0.05220199642868564,0.7515452819804096,0.039232164125936886,ACCEPT,0.0026384615075991658,1.0,1.0,0.0
2023-09-02,B_RSI14_mean_reversion,0.04749364477990867,0.7511138778363307,0.0356731357032184,ACCEPT,0.0038953327054152,1.0,1.0,0.0
2023-09-03,B_RSI14_mean_reversion,0.04587972765975465,0.6511598582507456,0.02987503695950865,ACCEPT,-0.006051329012069284,0.0,1.0,0.0
2023-09-04,B_RSI14_mean_reversion,0.06378341222852085,0.6489674129159718,0.04139335602089614,ABSTAIN,-0.0012565113521479931,0.0,0.0,1.0
2023-09-05,B_RSI14_mean_reversion,0.052136762857173974,0.747312237264859,0.03896244089454208,ACCEPT,-0.0010374752516241204,0.0,1.0,0.0
2023-09-06,B_RSI14_mean_reversion,0.15231529616680434,0.7775636663026387,0.11843484012143264,ACCEPT,0.018908652030005024,1.0,1.0,0.0
2023-09-07,B_RSI14_mean_reversion,-0.016658451368150223,0.7785602092552028,-0.012969607383054657,ACCEPT,-0.012749181613965876,1.0,1.0,0.0
2023-09-08,B_RSI14_mean_reversion,0.029032895643128994,0.6795441112845065,0.019729133267825914,ACCEPT,-0.0003851113886439439,0.0,1.0,0.0
2023-09-09,B_RSI14_mean_reversion,0.023196101981546348,0.6772917369075839,0.015710528200566974,ACCEPT,-0.0024502611024840304,0.0,1.0,0.0
2023-09-10,B_RSI14_mean_reversion,0.05314657064861777,0.7632636760610634,0.04056484688330301,ACCEPT,-0.02592003689674205,0.0,1.0,0.0
2023-09-11,B_RSI14_mean_reversion,0.1716201938210051,0.7533330094669264,0.12928715709647498,ACCEPT,0.026654161568650414,1.0,1.0,0.0
2023-09-12,B_RSI14_mean_reversion,0.4165464316288234,0.550654878575363,0.22937332472957048,ABSTAIN,0.01528956036711282,1.0,0.0,1.0
2023-09-13,B_RSI14_mean_reversion,0.236916925964597,0.6479898490930711,0.15351976310339352,ABSTAIN,0.011870739692642074,1.0,0.0,1.0
2023-09-14,B_RSI14_mean_reversion,-0.1759108670219166,0.7446069559173102,-0.13098445520596408,ACCEPT,0.0026006171627044328,0.0,1.0,0.0
2023-09-15,B_RSI14_mean_reversion,-0.23793802383981627,0.7417416359609437,-0.17648853906025933,ACCEPT,-0.001518755875352329,1.0,1.0,0.0
2023-09-16,B_RSI14_mean_reversion,-0.20768179369430442,0.7429115837276868,-0.15428921026484244,ACCEPT,-0.0012832501161511578,1.0,1.0,0.0
2023-09-17,B_RSI14_mean_reversion,-0.17102604028624427,0.6426728855746769,-0.10991379881917156,ABSTAIN,0.008294723552398242,0.0,0.0,1.0
2023-09-18,B_RSI14_mean_reversion,-0.2799572257335281,0.769017113809939,-0.21529189772383536,ACCEPT,0.017075246134672373,0.0,1.0,0.0
2023-09-19,B_RSI14_mean_reversion,-0.377735620481229,0.7660350410964714,-0.2893587215589394,ACCEPT,-0.00290724465500225,1.0,1.0,0.0
2023-09-20,B_RSI14_mean_reversion,-0.3589537458653996,0.7999409155059722,-0.28714178809186586,ACCEPT,-0.02080107760178318,1.0,1.0,0.0
2023-09-21,B_RSI14_mean_reversion,-0.08356194972566044,0.6927753460679142,-0.057889658639304065,ACCEPT,0.0004492514240630463,0.0,1.0,0.0
2023-09-22,B_RSI14_mean_reversion,-0.18741207692366188,0.6903771449827255,-0.12938501460184063,ACCEPT,-6.686879658768241e-06,1.0,1.0,0.0
2023-09-23,B_RSI14_mean_reversion,-0.19065662135820816,0.6904321493822435,-0.13163546087830422,ACCEPT,-0.01213588594546644,1.0,1.0,0.0
2023-09-24,B_RSI14_mean_reversion,-0.11042302540651491,0.6883788368406462,-0.07601287378976185,ACCEPT,0.0015864178176880905,0.0,1.0,0.0
2023-09-25,B_RSI14_mean_reversion,-0.3530380579061017,0.6882818750909557,-0.24298969647408108,ACCEPT,-0.0030887894396227633,1.0,1.0,0.0
2023-09-26,B_RSI14_mean_reversion,-0.14609238544724817,0.6879250977804883,-0.10050061854378298,ACCEPT,0.005167086436411061,0.0,1.0,0.0
2023-09-27,B_RSI14_mean_reversion,-0.052523588153843975,0.5923650819475313,-0.03111313960093017,ABSTAIN,0.02537992888096885,0.0,0.0,1.0
2023-09-28,B_RSI14_mean_reversion,-0.17678232226934626,0.7856195221605722,-0.1388836435476801,ACCEPT,-0.004064392478456136,1.0,1.0,0.0
2023-09-29,B_RSI14_mean_reversion,-0.10953037835456626,0.7872904784976305,-0.08623222398479298,ACCEPT,0.0020881352448591795,0.0,1.0,0.0
2023-09-30,B_RSI14_mean_reversion,-0.1436301008786431,0.7870374742725491,-0.11304227182503872,ACCEPT,0.037668241913332734,0.0,1.0,0.0
2023-10-01,B_RSI14_mean_reversion,-0.3850990590659984,0.7824389241809385,-0.3013164934786915,ACCEPT,-0.016186709920936293,1.0,1.0,0.0
2023-10-02,B_RSI14_mean_reversion,-0.1942716803227421,0.7835436932873697,-0.1522203499012246,ACCEPT,-0.003661597010505724,1.0,1.0,0.0
2023-10-03,B_RSI14_mean_reversion,-0.060110708371576324,0.7853477810833973,-0.04720781143896866,ACCEPT,0.013467601347721292,0.0,1.0,0.0
2023-10-04,B_RSI14_mean_reversion,-0.1697633263679606,0.6826028204828961,-0.11588092539332831,ACCEPT,-0.01379463216164356,1.0,1.0,0.0
2023-10-05,B_RSI14_mean_reversion,-0.22618460501708937,0.6787260922708366,-0.15351739309507173,ACCEPT,0.01935684447622399,0.0,1.0,0.0
2023-10-06,B_RSI14_mean_reversion,-0.32021226124841407,0.774456118938599,-0.2479903450829995,ACCEPT,0.0007958817661306572,0.0,1.0,0.0
2023-10-07,B_RSI14_mean_reversion,-0.3237904249886441,0.7746356055633783,-0.25081959193670195,ACCEPT,-0.001206700034343422,1.0,1.0,0.0
2023-10-08,B_RSI14_mean_reversion,-0.4193159254175123,0.5749298438370444,-0.24107723951867607,ABSTAIN,-0.012579594744121514,1.0,0.0,1.0
2023-10-09,B_RSI14_mean_reversion,-0.2980414590520863,0.6777948220310218,-0.2020109576960749,ACCEPT,-0.006984500217130485,1.0,1.0,0.0
2023-10-10,B_RSI14_mean_reversion,-0.2653443821008554,0.6793369155152058,-0.1802582340856833,ACCEPT,-0.018900326735168282,1.0,1.0,0.0
2023-10-11,B_RSI14_mean_reversion,-0.10832810758153286,0.6827163685958482,-0.07395737222492448,ACCEPT,-0.0043359541366684295,1.0,1.0,0.0
2023-10-12,B_RSI14_mean_reversion,0.062242485383111015,0.7823605901230537,0.04869606759505628,ACCEPT,0.003945769916393171,1.0,1.0,0.0
2023-10-13,B_RSI14_mean_reversion,0.011612819007792296,0.7844130396729303,0.009109246657073938,ACCEPT,-2.4866332556272575e-05,0.0,1.0,0.0
2023-10-14,B_RSI14_mean_reversion,0.025325740749624116,0.7869670542678356,0.01993052359488258,ACCEPT,0.011091823470242623,1.0,1.0,0.0
2023-10-15,B_RSI14_mean_reversion,0.23709390298175337,0.6877893895638318,0.16307067080112653,ACCEPT,0.05006744695824206,1.0,1.0,0.0
2023-10-16,B_RSI14_mean_reversion,-0.22558848734653608,0.7610093932154666,-0.1716749578719824,ACCEPT,-0.0036367703063566736,1.0,1.0,0.0
2023-10-17,B_RSI14_mean_reversion,-0.22477467487180575,0.7602978041414696,-0.17089569173164668,ACCEPT,-0.0030759792019486865,1.0,1.0,0.0
2023-10-18,B_RSI14_mean_reversion,-0.12889897493280686,0.7680150245700793,-0.09899634940007769,ACCEPT,0.013818840741083749,0.0,1.0,0.0
2023-10-19,B_RSI14_mean_reversion,-0.3171287147526033,0.7649398723103206,-0.24258439856879244,ACCEPT,0.033535830870205396,0.0,1.0,0.0
2023-10-20,B_RSI14_mean_reversion,-0.3821179795902754,0.7547449043893921,-0.2884015979713301,ACCEPT,0.007932597562652743,0.0,1.0,0.0
2023-10-21,B_RSI14_mean_reversion,-0.40981160706111214,0.765802059085186,-0.31383457252440883,ACCEPT,0.002523007395046406,0.0,1.0,0.0
2023-10-22,B_RSI14_mean_reversion,-0.42900969648871123,0.7709857985199546,-0.3307603834201524,ACCEPT,0.10309890521346299,0.0,1.0,0.0
2023-10-23,B_RSI14_mean_reversion,-0.7297916889547768,0.7,-0.5108541822683437,ACCEPT,0.02464145540134477,0.0,1.0,0.0
2023-10-24,B_RSI14_mean_reversion,-0.7976085478192332,0.6977777777777777,-0.5565535200338649,ACCEPT,0.017736456610143003,0.0,1.0,0.0
2023-10-25,B_RSI14_mean_reversion,-0.9252220146858682,0.6977777777777777,-0.6455993613585835,ACCEPT,-0.010033147199696724,1.0,1.0,0.0
2023-10-26,B_RSI14_mean_reversion,-0.8730583171394408,0.6977777777777777,-0.6092006924039653,ACCEPT,-0.007226928505637331,1.0,1.0,0.0
2023-10-27,B_RSI14_mean_reversion,-0.8178466113469613,0.6977777777777777,-0.5706751910287685,ACCEPT,0.005301518539129857,0.0,1.0,0.0
2023-10-28,B_RSI14_mean_reversion,-0.8217074574476777,0.5977777777777777,-0.49119845789650063,ABSTAIN,0.013168432293093613,0.0,0.0,1.0
2023-10-29,B_RSI14_mean_reversion,-0.8247157123759311,0.6977777777777777,-0.5754682970800941,ACCEPT,-0.0010457086417764438,1.0,1.0,0.0
2023-10-30,B_RSI14_mean_reversion,-0.7848047917716556,0.6977777777777777,-0.5476193435917774,ACCEPT,0.004794395311462418,0.0,1.0,0.0
2023-10-31,B_RSI14_mean_reversion,-0.8135245646454021,0.6977777777777777,-0.5676593628859028,ACCEPT,0.022195613001625203,0.0,1.0,0.0
2023-11-01,B_RSI14_mean_reversion,-0.8496180788090755,0.6955555555555555,-0.5909565748160902,ACCEPT,-0.014081557224217889,1.0,1.0,0.0
2023-11-02,B_RSI14_mean_reversion,-0.7337618743954627,0.6977777777777777,-0.5120027301337228,ACCEPT,-0.005893770145759425,1.0,1.0,0.0
2023-11-03,B_RSI14_mean_reversion,-0.6542753337834734,0.7,-0.4579927336484313,ACCEPT,0.010073356782761111,0.0,1.0,0.0
2023-11-04,B_RSI14_mean_reversion,-0.6593256609012451,0.6,-0.39559539654074705,ABSTAIN,-0.0009360829177728069,1.0,0.0,1.0
2023-11-05,B_RSI14_mean_reversion,-0.6490284739100531,0.7054028800834841,-0.45782655475233985,ACCEPT,-0.0003419285416157436,1.0,1.0,0.0
2023-11-06,B_RSI14_mean_reversion,-0.41434926913112835,0.708311507489624,-0.29348835544549345,ACCEPT,0.011593090279608864,0.0,1.0,0.0
2023-11-07,B_RSI14_mean_reversion,-0.35862813910114255,0.7077618383307329,-0.25382331100735445,ACCEPT,0.005973294692089626,0.0,1.0,0.0
2023-11-08,B_RSI14_mean_reversion,-0.2947280826276372,0.7053513165392326,-0.20788684110248762,ACCEPT,0.029107827327892632,0.0,1.0,0.0
2023-11-09,B_RSI14_mean_reversion,-0.5511786026534474,0.704620166443995,-0.3883715587420407,ACCEPT,0.01691989303173269,0.0,1.0,0.0
2023-11-10,B_RSI14_mean_reversion,-0.6841297093104041,0.7044296431663835,-0.4819212470090496,ACCEPT,-0.0047145338500075296,1.0,1.0,0.0
2023-11-11,B_RSI14_mean_reversion,-0.6131220901821587,0.7029538653511114,-0.43099654322570113,ACCEPT,-0.002249209321512735,1.0,1.0,0.0
2023-11-12,B_RSI14_mean_reversion,-0.5461719140853551,0.8034100534443912,-0.43880000668514063,ACCEPT,-0.014901395821212304,1.0,1.0,0.0
2023-11-13,B_RSI14_mean_reversion,-0.39041556544137734,0.7035561579207421,-0.2746792752143895,ACCEPT,-0.026428838121854925,1.0,1.0,0.0
2023-11-14,B_RSI14_mean_reversion,-0.14688550023152458,0.6958395812956607,-0.10220874497950774,ACCEPT,0.06592844558740318,0.0,1.0,0.0
2023-11-15,B_RSI14_mean_reversion,-0.3259730066925641,0.7493765734795084,-0.24427653480208655,ACCEPT,-0.04555929205565723,1.0,1.0,0.0
2023-11-16,B_RSI14_mean_reversion,-0.13947334125424846,0.6284374676247289,-0.08765027337897953,ABSTAIN,0.012222842746045792,0.0,0.0,1.0
2023-11-17,B_RSI14_mean_reversion,-0.20811556336179562,0.5255644859193183,-0.10937814907005142,ABSTAIN,-0.000300039994658885,1.0,0.0,1.0
2023-11-18,B_RSI14_mean_reversion,-0.17443303304773125,0.6262981918175311,-0.10924709319104173,ABSTAIN,0.021889527372586093,0.0,0.0,1.0
2023-11-19,B_RSI14_mean_reversion,-0.2489710487168017,0.7234926072482196,-0.18012871316544238,ACCEPT,0.0024182537251242753,0.0,1.0,0.0
2023-11-20,B_RSI14_mean_reversion,-0.2577255687811257,0.7234669532160515,-0.1864559320119549,ACCEPT,-0.04437779006078835,1.0,1.0,0.0
2023-11-21,B_RSI14_mean_reversion,-0.03452928781886697,0.6078672755380314,-0.020989224112723203,ABSTAIN,0.045192824521265385,0.0,0.0,1.0
2023-11-22,B_RSI14_mean_reversion,-0.1465063493985525,0.5,-0.07325317469927625,ABSTAIN,-0.003812712499291715,1.0,0.0,1.0
2023-11-23,B_RSI14_mean_reversion,-0.053095194301297256,0.6022222222222222,-0.031975105901447906,ABSTAIN,0.011549062275727495,0.0,0.0,1.0
2023-11-24,B_RSI14_mean_reversion,-0.03678940175486744,0.7022222222222222,-0.025834335454529133,ACCEPT,0.0020283973558654633,0.0,1.0,0.0
2023-11-25,B_RSI14_mean_reversion,-0.060187273724003204,0.7000180496215919,-0.042132177964317605,ACCEPT,-0.008404730932136117,1.0,1.0,0.0
2023-11-26,B_RSI14_mean_reversion,-0.03798201708837837,0.7,-0.026587411961864857,ACCEPT,-0.006002091789647501,1.0,1.0,0.0
2023-11-27,B_RSI14_mean_reversion,-0.06927995127538551,0.6,-0.041567970765231305,ABSTAIN,0.01548599794884531,0.0,0.0,1.0
2023-11-28,B_RSI14_mean_reversion,-0.2191746559822249,0.7,-0.15342225918755742,ACCEPT,0.0007244373065387055,0.0,1.0,0.0
2023-11-29,B_RSI14_mean_reversion,0.0027109183133917723,0.6034690734767696,0.0016359553628537398,ABSTAIN,-0.0038497596002547985,0.0,0.0,1.0
2023-11-30,B_RSI14_mean_reversion,-0.23719247914971775,0.705135016397631,-0.16725272267463098,ACCEPT,0.025879947957747618,0.0,1.0,0.0
2023-12-01,B_RSI14_mean_reversion,-0.2945536862865663,0.698683176634822,-0.20579970522419497,ACCEPT,0.020356874575942596,0.0,1.0,0.0
2023-12-02,B_RSI14_mean_reversion,-0.3668730903413848,0.6955555555555555,-0.2551806161707854,ACCEPT,0.012717964611113297,0.0,1.0,0.0
2023-12-03,B_RSI14_mean_reversion,-0.341917796924599,0.6966738233218253,-0.23820517884523582,ACCEPT,0.05006972516793251,0.0,1.0,0.0
2023-12-04,B_RSI14_mean_reversion,-0.4744338338302086,0.6955555555555555,-0.3299950888641228,ACCEPT,0.05003682455553493,0.0,1.0,0.0
2023-12-05,B_RSI14_mean_reversion,-0.8325937081501974,0.7034738154967262,-0.585707872630987,ACCEPT,-0.007581629055975703,1.0,1.0,0.0
2023-12-06,B_RSI14_mean_reversion,-0.7304026450481487,0.7259007042744079,-0.5301997944443415,ACCEPT,-0.010372985662227885,1.0,1.0,0.0
2023-12-07,B_RSI14_mean_reversion,-0.6703001256611825,0.7225917779727857,-0.4843533595768955,ACCEPT,0.02018673414826888,0.0,1.0,0.0
2023-12-08,B_RSI14_mean_reversion,-0.6858494392706694,0.7223246459626096,-0.4954059534048406,ACCEPT,-0.009976252913108663,1.0,1.0,0.0
2023-12-09,B_RSI14_mean_reversion,-0.6073039410441783,0.6229168787388505,-0.37829987540104243,ABSTAIN,0.0012284421841561866,0.0,0.0,1.0
2023-12-10,B_RSI14_mean_reversion,-0.6632760230118555,0.7227885221463053,-0.47940829644781785,ACCEPT,-0.05792335792051162,1.0,1.0,0.0
2023-12-11,B_RSI14_mean_reversion,-0.33781815343337146,0.6095535889993253,-0.20591826785443632,ABSTAIN,0.005004157345118276,0.0,0.0,1.0
2023-12-12,B_RSI14_mean_reversion,-0.3163700957033376,0.6197966511010171,-0.1960851258254369,ABSTAIN,0.03475299863154757,0.0,0.0,1.0
2023-12-13,B_RSI14_mean_reversion,-0.3915331372409571,0.6116303983223371,-0.2394735686870809,ABSTAIN,0.0031062756659134827,0.0,0.0,1.0
2023-12-14,B_RSI14_mean_reversion,-0.4136416432568461,0.5116644644136438,-0.21164572985619368,ABSTAIN,-0.025432678020983368,1.0,0.0,1.0
2023-12-15,B_RSI14_mean_reversion,-0.2501091234433331,0.5036884571719891,-0.125977078511811,ABSTAIN,0.007401888090740938,0.0,0.0,1.0
2023-12-16,B_RSI14_mean_reversion,-0.22143669752048012,0.603080275004436,-0.13354410443672526,ABSTAIN,-0.02072563201266564,1.0,0.0,1.0
2023-12-17,B_RSI14_mean_reversion,-0.10784304191974868,0.6002733483959245,-0.06473530387436958,ABSTAIN,0.030433584522719714,0.0,0.0,1.0
2023-12-18,B_RSI14_mean_reversion,-0.053125541226066414,0.6962219058483056,-0.036987165561634686,ACCEPT,-0.008282083715112631,1.0,1.0,0.0
2023-12-19,B_RSI14_mean_reversion,0.17465171683258404,0.5947713809344585,0.10387784280309001,ABSTAIN,0.032687613405284255,1.0,0.0,1.0
2023-12-20,B_RSI14_mean_reversion,0.008254278608089295,0.5933333333333334,0.0048975386407996485,ABSTAIN,0.0049688697318006625,1.0,0.0,1.0
2023-12-21,B_RSI14_mean_reversion,-0.051588165773137434,0.6955555555555555,-0.0358824353044267,ACCEPT,0.002934864092908329,0.0,1.0,0.0
2023-12-22,B_RSI14_mean_reversion,0.01617499723781222,0.5944737192271548,0.009615610766451186,ABSTAIN,-0.005872083923035065,0.0,0.0,1.0
2023-12-23,B_RSI14_mean_reversion,-0.0013231289884946306,0.6917195803829319,-0.000915234228713999,ACCEPT,-0.01653939964043194,1.0,1.0,0.0
2023-12-24,B_RSI14_mean_reversion,0.06994378434312921,0.5082668856338078,0.03555010943752498,ABSTAIN,0.013879063861056418,1.0,0.0,1.0
2023-12-25,B_RSI14_mean_reversion,-0.26389459931109455,0.6279400286309915,-0.16570998224697275,ABSTAIN,-0.025055253200995553,1.0,0.0,1.0
2023-12-26,B_RSI14_mean_reversion,-0.10848703577427785,0.6252329332833884,-0.06782966760037162,ABSTAIN,0.021694364920222586,0.0,0.0,1.0
2023-12-27,B_RSI14_mean_reversion,-0.05907153774236661,0.5218107673828339,-0.03082416443982836,ABSTAIN,-0.01876027694786908,1.0,0.0,1.0
2023-12-28,B_RSI14_mean_reversion,0.039499977018138566,0.7226738481243726,0.02854560039252248,ACCEPT,-0.012396896798793966,0.0,1.0,0.0
2023-12-29,B_RSI14_mean_reversion,-0.017928036040186727,0.6222655771909356,-0.01115599969444669,ABSTAIN,0.0013658151137276864,0.0,0.0,1.0
2023-12-30,B_RSI14_mean_reversion,0.00903559650927292,0.7222584953935365,0.00652603633977055,ACCEPT,0.002568622223877659,1.0,1.0,0.0
2023-12-31,B_RSI14_mean_reversion,-0.10666549452176483,0.6544956948222311,-0.06981210695057936,ACCEPT,0.0450049945064126,0.0,1.0,0.0
2024-01-01,B_RSI14_mean_reversion,-0.16991328730496733,0.7339625730632618,-0.12470999354799109,ACCEPT,0.017900939051301412,0.0,1.0,0.0
2024-01-02,B_RSI14_mean_reversion,-0.2821936440238244,0.7416585476804843,-0.2092913281913732,ACCEPT,-0.04692812036242189,1.0,1.0,0.0
2024-01-03,B_RSI14_mean_reversion,0.07843505596570609,0.6199417271972782,0.04862516406819502,ABSTAIN,0.03108057856532498,1.0,0.0,1.0
2024-01-04,B_RSI14_mean_reversion,-0.02734128927494396,0.7208129722287091,-0.019707955986837285,ACCEPT,-0.0003900067727314882,1.0,1.0,0.0
2024-01-05,B_RSI14_mean_reversion,-0.014641683783222845,0.623148111215432,-0.009123937594528937,ABSTAIN,-0.003928567037593367,1.0,0.0,1.0
2024-01-06,B_RSI14_mean_reversion,-0.02235040309480567,0.727658724737726,-0.016263465813340417,ACCEPT,-0.0010479313368322307,1.0,1.0,0.0
2024-01-07,B_RSI14_mean_reversion,-0.08834613687849129,0.6346443253138565,-0.05606837443333572,ABSTAIN,0.06889378335779228,0.0,0.0,1.0
2024-01-08,B_RSI14_mean_reversion,-0.2597979072527953,0.6977931160648219,-0.1812851912490476,ACCEPT,-0.017687130611972357,1.0,1.0,0.0
2024-01-09,B_RSI14_mean_reversion,-0.2858639648033764,0.7002528934323602,-0.20017706848161068,ACCEPT,0.010577584004972662,0.0,1.0,0.0
2024-01-10,B_RSI14_mean_reversion,-0.2604910140919587,0.6976339325425239,-0.18172737055296315,ACCEPT,-0.005558733892443213,1.0,1.0,0.0
2024-01-11,B_RSI14_mean_reversion,-0.32052046289400776,0.5970457519043391,-0.19136538076927967,ABSTAIN,-0.07581464687080208,1.0,0.0,1.0
2024-01-12,B_RSI14_mean_reversion,-0.05142431965990724,0.5955555555555556,-0.03062603926412254,ABSTAIN,-0.0002516769882185965,1.0,0.0,1.0
2024-01-13,B_RSI14_mean_reversion,-0.046915206785104004,0.5955555555555556,-0.027940612040906386,ABSTAIN,-0.0244177193838242,1.0,0.0,1.0
2024-01-14,B_RSI14_mean_reversion,0.03015767063190097,0.6955555555555555,0.02097633535063334,ACCEPT,0.01712351907901466,1.0,1.0,0.0
2024-01-15,B_RSI14_mean_reversion,0.11525646196688796,0.6955555555555555,0.08016727243474651,ACCEPT,0.015124600939588229,1.0,1.0,0.0
2024-01-16,B_RSI14_mean_reversion,0.12684151776513317,0.5955555555555556,0.07554117058012376,ABSTAIN,-0.009553782672285682,0.0,0.0,1.0
2024-01-17,B_RSI14_mean_reversion,0.008430225482161689,0.5955555555555556,0.005020667620487406,ABSTAIN,-0.034639725632667706,0.0,0.0,1.0
2024-01-18,B_RSI14_mean_reversion,0.23036754975363352,0.6955555555555555,0.16023342905086063,ACCEPT,0.00863620644230223,1.0,1.0,0.0
2024-01-19,B_RSI14_mean_reversion,0.19563541253359149,0.6977777777777777,0.13651004341232828,ACCEPT,0.0011336255217606617,1.0,1.0,0.0
2024-01-20,B_RSI14_mean_reversion,0.1804195566641714,0.7,0.12629368966491997,ACCEPT,-0.0028752933279206916,0.0,1.0,0.0
2024-01-21,B_RSI14_mean_reversion,0.18508313951805122,0.6,0.11104988371083073,ABSTAIN,-0.049064374667218136,0.0,0.0,1.0
2024-01-22,B_RSI14_mean_reversion,0.6238184002238555,0.7,0.4366728801566988,ACCEPT,0.008560013431039293,1.0,1.0,0.0
2024-01-23,B_RSI14_mean_reversion,0.5487014181083623,0.7022222222222222,0.3853103291605388,ACCEPT,0.005810521700930993,1.0,1.0,0.0
2024-01-24,B_RSI14_mean_reversion,0.5841267497016633,0.7022222222222222,0.4101867842349458,ACCEPT,-0.0035747525934159974,0.0,1.0,0.0
2024-01-25,B_RSI14_mean_reversion,0.5797829188020305,0.6,0.3478697512812183,ABSTAIN,0.04715459322091098,1.0,0.0,1.0
2024-01-26,B_RSI14_mean_reversion,0.10947288844652761,0.6022222222222222,0.0659270061533533,ABSTAIN,0.007250269707417489,1.0,0.0,1.0
2024-01-27,B_RSI14_mean_reversion,0.07401933863098875,0.6044444444444445,0.0447405780169532,ABSTAIN,-0.002005242826170095,0.0,0.0,1.0
2024-01-28,B_RSI14_mean_reversion,-0.027205244692674883,0.7113773557103152,-0.019353195030927146,ACCEPT,0.029799801358818767,0.0,1.0,0.0
2024-01-29,B_RSI14_mean_reversion,-0.08316715414885792,0.7044605474018163,-0.058587978937555685,ACCEPT,-0.007753530092744043,1.0,1.0,0.0
2024-01-30,B_RSI14_mean_reversion,0.02241551663702339,0.6079105410016254,0.013626628845643824,ABSTAIN,-0.00861423582021903,0.0,0.0,1.0
2024-01-31,B_RSI14_mean_reversion,0.017814036967213696,0.6055457783712521,0.010787214881245677,ABSTAIN,0.011581441842771323,1.0,0.0,1.0
2024-02-01,B_RSI14_mean_reversion,-0.2268026180110131,0.648111092480285,-0.14699329253650645,ABSTAIN,0.0025556346111748063,0.0,0.0,1.0
2024-02-02,B_RSI14_mean_reversion,-0.2022357067978389,0.7480798446267873,-0.15128845611931585,ACCEPT,-0.0044831659668692625,1.0,1.0,0.0
2024-02-03,B_RSI14_mean_reversion,-0.16799479236226333,0.7538416876741146,-0.12664147779483106,ACCEPT,-0.009505619472114146,1.0,1.0,0.0
2024-02-04,B_RSI14_mean_reversion,-0.12677825306022725,0.6552941551858064,-0.08307704823503398,ACCEPT,0.0017632602500394778,0.0,1.0,0.0
2024-02-05,B_RSI14_mean_reversion,-0.5064291332675868,0.6574825738295001,-0.3329683300030159,ACCEPT,0.009986338686479135,0.0,1.0,0.0
2024-02-06,B_RSI14_mean_reversion,-0.5132980287409507,0.7574374448727444,-0.3887911473477622,ACCEPT,0.028630850081180936,0.0,1.0,0.0
2024-02-07,B_RSI14_mean_reversion,-0.579991068299729,0.7639335525646115,-0.44307463726195623,ACCEPT,0.022188248784866804,0.0,1.0,0.0
2024-02-08,B_RSI14_mean_reversion,-0.6584173596723403,0.7608498696598242,-0.5009567622884656,ACCEPT,0.040741037427910465,0.0,1.0,0.0
2024-02-09,B_RSI14_mean_reversion,-0.656841857997884,0.7468970923280293,-0.4905932738579598,ACCEPT,0.013236801662479536,0.0,1.0,0.0
2024-02-10,B_RSI14_mean_reversion,-0.6698951801968039,0.7451574036832184,-0.49917735321535217,ACCEPT,0.010940478338881565,0.0,1.0,0.0
2024-02-11,B_RSI14_mean_reversion,-0.7052300283697622,0.7775409774311275,-0.5483452455724067,ACCEPT,0.034461993507690414,0.0,1.0,0.0
2024-02-12,B_RSI14_mean_reversion,-0.7182975708910772,0.768924158429193,-0.5523163551991551,ACCEPT,-0.004319233922406296,1.0,1.0,0.0
2024-02-13,B_RSI14_mean_reversion,-0.7407662951180168,0.7687648934483666,-0.5694751219365435,ACCEPT,0.041900916949929146,0.0,1.0,0.0
2024-02-14,B_RSI14_mean_reversion,-0.8496244434686983,0.7596510537477927,-0.6454181037708786,ACCEPT,0.0021583350882306007,0.0,1.0,0.0
2024-02-15,B_RSI14_mean_reversion,-0.8441629665016939,0.7720534719223312,-0.6517389491558874,ACCEPT,0.004267512618200353,0.0,1.0,0.0
2024-02-16,B_RSI14_mean_reversion,-0.8458014974903159,0.7694729822160535,-0.6508214006366773,ACCEPT,-0.009532306269177337,1.0,1.0,0.0
2024-02-17,B_RSI14_mean_reversion,-0.7944566193473941,0.6688667197278078,-0.5313855929489351,ACCEPT,0.008895163192163213,0.0,1.0,0.0
2024-02-18,B_RSI14_mean_reversion,-0.8699512829419046,0.7733698488003641,-0.6727940921524636,ACCEPT,-0.006588364620277343,1.0,1.0,0.0
2024-02-19,B_RSI14_mean_reversion,-0.8119173186206973,0.673825227784298,-0.5470903721616078,ACCEPT,0.009767068832988945,0.0,1.0,0.0
2024-02-20,B_RSI14_mean_reversion,-0.8132428031396447,0.777957374725413,-0.6326682361448539,ACCEPT,-0.008524364120598982,1.0,1.0,0.0
2024-02-21,B_RSI14_mean_reversion,-0.7145714886953953,0.6739147417566776,-0.48156026027084203,ACCEPT,-0.010305082651198116,1.0,1.0,0.0
2024-02-22,B_RSI14_mean_reversion,-0.5958129123450158,0.6722718113530874,-0.4005482258097421,ACCEPT,-0.011168964874795462,1.0,1.0,0.0
2024-02-23,B_RSI14_mean_reversion,-0.40720142203858073,0.6720135184874569,-0.2736448603572425,ACCEPT,0.016540904827679226,0.0,1.0,0.0
2024-02-24,B_RSI14_mean_reversion,-0.42133861763527475,0.6730833129387814,-0.2835959926269972,ACCEPT,0.003143945229742817,0.0,1.0,0.0
2024-02-25,B_RSI14_mean_reversion,-0.39724404404187624,0.5710935840833751,-0.2268635248676492,ABSTAIN,0.053914352844811164,0.0,0.0,1.0
2024-02-26,B_RSI14_mean_reversion,-0.46655087046797633,0.7514386748109789,-0.3505843678363648,ACCEPT,0.04700762695380023,0.0,1.0,0.0
2024-02-27,B_RSI14_mean_reversion,-0.6053528184253915,0.7424985667350987,-0.4494736000499056,ACCEPT,0.09493531994124749,0.0,1.0,0.0
2024-02-28,B_RSI14_mean_reversion,-0.6904610715312287,0.6933333333333334,-0.4787196762616519,ACCEPT,-0.020900898468654838,1.0,1.0,0.0
2024-02-29,B_RSI14_mean_reversion,-0.5558216561943274,0.6955555555555555,-0.3866048408640544,ACCEPT,0.020298739001094468,0.0,1.0,0.0
2024-03-01,B_RSI14_mean_reversion,-0.5814619898545346,0.6955555555555555,-0.40443911738770955,ACCEPT,-0.006578811548619723,1.0,1.0,0.0
2024-03-02,B_RSI14_mean_reversion,-0.5892301926538775,0.5977777777777777,-0.3522287151642068,ABSTAIN,0.01833832389535761,0.0,0.0,1.0
2024-03-03,B_RSI14_mean_reversion,-0.6044716977542101,0.6978664134073791,-0.42184049571799986,ACCEPT,0.08173591649219114,0.0,1.0,0.0
2024-03-04,B_RSI14_mean_reversion,-0.7167687994011596,0.6977777777777777,-0.5001453400265868,ACCEPT,-0.06628402455760396,1.0,1.0,0.0
2024-03-05,B_RSI14_mean_reversion,-0.42472171108086115,0.6977777777777777,-0.29636137173197863,ACCEPT,0.03613733749494208,0.0,1.0,0.0
2024-03-06,B_RSI14_mean_reversion,-0.4924132876867827,0.6955555555555555,-0.3425007978799177,ACCEPT,0.012384196927533564,0.0,1.0,0.0
2024-03-07,B_RSI14_mean_reversion,-0.5338635498589593,0.5955555555555556,-0.3179454030271136,ABSTAIN,0.020539401213709896,0.0,0.0,1.0
2024-03-08,B_RSI14_mean_reversion,-0.5844173395074201,0.6933333333333334,-0.405196022058478,ACCEPT,0.0029105240064184468,0.0,1.0,0.0
2024-03-09,B_RSI14_mean_reversion,-0.5753718430648598,0.6933333333333334,-0.3989244778583028,ACCEPT,0.007604594828588107,0.0,1.0,0.0
2024-03-10,B_RSI14_mean_reversion,-0.5804875886024786,0.6911111111111111,-0.40118142234526855,ACCEPT,0.04497430707429584,0.0,1.0,0.0
2024-03-11,B_RSI14_mean_reversion,-0.5848780104735829,0.6911111111111111,-0.404215691682854,ACCEPT,-0.008909905479502545,1.0,1.0,0.0
2024-03-12,B_RSI14_mean_reversion,-0.5109652847438523,0.6933333333333334,-0.35426926408907095,ACCEPT,0.022414410239567806,0.0,1.0,0.0
2024-03-13,B_RSI14_mean_reversion,-0.4343234439877278,0.6933333333333334,-0.30113092116482465,ACCEPT,-0.0230819028918976,1.0,1.0,0.0
2024-03-14,B_RSI14_mean_reversion,-0.41226117360295034,0.5933333333333334,-0.24460829633775055,ABSTAIN,-0.027911980219644583,1.0,0.0,1.0
2024-03-15,B_RSI14_mean_reversion,-0.273194741852882,0.5955555555555556,-0.16270264625904973,ABSTAIN,-0.05891115205258901,1.0,0.0,1.0
2024-03-16,B_RSI14_mean_reversion,-0.11264154877994387,0.5955555555555556,-0.06708430016227769,ABSTAIN,0.04708722796395115,0.0,0.0,1.0
2024-03-17,B_RSI14_mean_reversion,-0.16793039610586719,0.5955555555555556,-0.10001188034749424,ABSTAIN,-0.0123120859035869,1.0,0.0,1.0
2024-03-18,B_RSI14_mean_reversion,0.02919127397553581,0.6955555555555555,0.02030415278742824,ACCEPT,-0.08343356981432348,0.0,1.0,0.0
2024-03-19,B_RSI14_mean_reversion,0.06771153508117692,0.6933333333333334,0.04694666432294933,ACCEPT,0.09692504638897836,1.0,1.0,0.0
2024-03-20,B_RSI14_mean_reversion,-0.05720727461614075,0.5933333333333334,-0.03394298293891018,ABSTAIN,-0.03566706353999505,1.0,0.0,1.0
2024-03-21,B_RSI14_mean_reversion,0.04321098960802587,0.6955555555555555,0.030055643882915768,ACCEPT,-0.02615044343853401,0.0,1.0,0.0
2024-03-22,B_RSI14_mean_reversion,0.134859697496302,0.5955555555555556,0.08031644206446431,ABSTAIN,0.004444134671348854,1.0,0.0,1.0
2024-03-23,B_RSI14_mean_reversion,0.13200143740812806,0.6955555555555555,0.0918143331305424,ACCEPT,0.04951388799118828,1.0,1.0,0.0
2024-03-24,B_RSI14_mean_reversion,0.04924223164632991,0.5955555555555556,0.029326484624925372,ABSTAIN,0.04052464020923141,1.0,0.0,1.0
2024-03-25,B_RSI14_mean_reversion,0.06033854922467043,0.5955555555555556,0.03593495820491484,ABSTAIN,0.00041486463910467286,1.0,0.0,1.0
2024-03-26,B_RSI14_mean_reversion,0.042344837454985795,0.5977777777777777,0.02531280283420262,ABSTAIN,-0.007608353371227561,0.0,0.0,1.0
2024-03-27,B_RSI14_mean_reversion,0.10608917856295165,0.5955555555555556,0.0631819996774912,ABSTAIN,0.018567460837021654,1.0,0.0,1.0
2024-03-28,B_RSI14_mean_reversion,0.01927827019301148,0.5977777777777777,0.011524121515377971,ABSTAIN,-0.01204502883045766,0.0,0.0,1.0
2024-03-29,B_RSI14_mean_reversion,-0.014973602026874602,0.5977777777777777,-0.008950886544953929,ABSTAIN,-0.0035414711944022903,1.0,0.0,1.0
2024-03-30,B_RSI14_mean_reversion,-0.1502494335122728,0.6977777777777777,-0.10484071582856368,ACCEPT,0.02424203264779501,0.0,1.0,0.0
2024-03-31,B_RSI14_mean_reversion,-0.10728108032062408,0.6977777777777777,-0.07485835382372436,ACCEPT,-0.022871394296192005,1.0,1.0,0.0
2024-04-01,B_RSI14_mean_reversion,-0.07630685401115145,0.6,-0.04578411240669087,ABSTAIN,-0.061047985989492126,1.0,0.0,1.0
2024-04-02,B_RSI14_mean_reversion,-0.13166846710809607,0.6,-0.07900108026485764,ABSTAIN,0.008156830210526378,0.0,0.0,1.0
2024-04-03,B_RSI14_mean_reversion,0.09042788824933808,0.6977777777777777,0.06309857091176034,ACCEPT,0.038314642609167615,1.0,1.0,0.0
2024-04-04,B_RSI14_mean_reversion,-0.1404750855069534,0.5977777777777777,-0.08397288444748992,ABSTAIN,-0.009797320875087778,1.0,0.0,1.0
2024-04-05,B_RSI14_mean_reversion,-0.19858580148204552,0.49777777777777776,-0.09885159895995155,ABSTAIN,0.015602971156545964,0.0,0.0,1.0
2024-04-06,B_RSI14_mean_reversion,-0.22786455695969451,0.5004932677130254,-0.1140446767087383,ABSTAIN,0.006770270726916605,0.0,0.0,1.0
2024-04-07,B_RSI14_mean_reversion,-0.1149953695066182,0.5010381294934563,-0.05761706483800483,ABSTAIN,0.03270935878474601,0.0,0.0,1.0
2024-04-08,B_RSI14_mean_reversion,-0.09264860340732,0.7234851636972369,-0.06702989000246529,ACCEPT,-0.03479403115822832,1.0,1.0,0.0
2024-04-09,B_RSI14_mean_reversion,0.04137376639162596,0.6543223625201995,0.027071780571727527,ACCEPT,0.0209558550176423,1.0,1.0,0.0
2024-04-10,B_RSI14_mean_reversion,-0.05284267452863887,0.7595642045949123,-0.04013740404701341,ACCEPT,-0.007469744331340511,1.0,1.0,0.0
2024-04-11,B_RSI14_mean_reversion,0.0331081548428746,0.5633668916829424,0.01865203828318782,ABSTAIN,-0.04088948430588779,0.0,0.0,1.0
2024-04-12,B_RSI14_mean_reversion,0.11890018764414294,0.7517883305773402,0.0893877735743227,ACCEPT,-0.05021729270691988,0.0,1.0,0.0
2024-04-13,B_RSI14_mean_reversion,0.2256474172552278,0.7489885497392723,0.1690073318024055,ACCEPT,0.03004089104268326,1.0,1.0,0.0
2024-04-14,B_RSI14_mean_reversion,0.2148724177205011,0.7525863349459045,0.16171004533323738,ACCEPT,-0.03517737178558533,0.0,1.0,0.0
2024-04-15,B_RSI14_mean_reversion,0.23488353189605618,0.7459228104156542,0.1752049842322612,ACCEPT,0.006080330797783695,1.0,1.0,0.0
2024-04-16,B_RSI14_mean_reversion,0.07155891094677572,0.7477304658306259,0.05350677781656488,ACCEPT,-0.03972884891052719,0.0,1.0,0.0
2024-04-17,B_RSI14_mean_reversion,0.1892917507807026,0.7450057324936266,0.14102343944537835,ACCEPT,0.03649124077498622,1.0,1.0,0.0
2024-04-18,B_RSI14_mean_reversion,0.20343048644418643,0.637669274240284,0.1297213706492123,ABSTAIN,0.005208661031110617,1.0,0.0,1.0
2024-04-19,B_RSI14_mean_reversion,0.1649160260231585,0.6373115029568676,0.10510288040649303,ABSTAIN,0.018026421268684478,1.0,0.0,1.0
2024-04-20,B_RSI14_mean_reversion,0.16048839985275565,0.6408365077202658,0.10284682569125354,ABSTAIN,-0.0010431180502996629,0.0,0.0,1.0
2024-04-21,B_RSI14_mean_reversion,0.18550539832857893,0.6423637263134712,0.11916193892161073,ABSTAIN,0.029433758205850147,1.0,0.0,1.0
2024-04-22,B_RSI14_mean_reversion,0.20351182448904054,0.6542878063067854,0.13315530520242586,ACCEPT,-0.006439574982440521,0.0,1.0,0.0
2024-04-23,B_RSI14_mean_reversion,0.12709998887711976,0.6520374404573284,0.08287395142959207,ACCEPT,-0.03208044676017341,0.0,1.0,0.0
2024-04-24,B_RSI14_mean_reversion,0.2846071917920429,0.5547589147910529,0.1578883768602828,ABSTAIN,0.0031863484195515657,1.0,0.0,1.0
2024-04-25,B_RSI14_mean_reversion,0.2553051105569149,0.5548578622511358,0.14165804786539968,ABSTAIN,-0.011265004482557628,0.0,0.0,1.0
2024-04-26,B_RSI14_mean_reversion,0.17452703447106088,0.7539012448338231,0.13157614854488836,ACCEPT,-0.005272966802647994,0.0,1.0,0.0
2024-04-27,B_RSI14_mean_reversion,0.024127377523639096,0.7544212561994373,0.018202206460181877,ACCEPT,-0.004823625063903991,0.0,1.0,0.0
2024-04-28,B_RSI14_mean_reversion,0.1742895735665121,0.7613640842710131,0.13269782157645285,ACCEPT,0.011533090916022948,1.0,1.0,0.0
2024-04-29,B_RSI14_mean_reversion,-0.030781139108191125,0.5645554781680242,-0.017377660707781312,ABSTAIN,-0.050191249309274655,1.0,0.0,1.0
2024-04-30,B_RSI14_mean_reversion,0.1948099385420258,0.7602567903368953,0.14810557860168838,ACCEPT,-0.03929695449375714,0.0,1.0,0.0
2024-05-01,B_RSI14_mean_reversion,0.18721327292618994,0.7533527297288078,0.14103763020040952,ACCEPT,0.014924669552331737,1.0,1.0,0.0
2024-05-02,B_RSI14_mean_reversion,0.296996954612037,0.758526320321606,0.22528000712859148,ACCEPT,0.06370405294167747,1.0,1.0,0.0
2024-05-03,B_RSI14_mean_reversion,0.052361001737960745,0.6480587572710894,0.033933005715772194,ABSTAIN,0.015926845790239064,1.0,0.0,1.0
2024-05-04,B_RSI14_mean_reversion,0.06105434866279822,0.6510700325272707,0.03975065676981936,ACCEPT,0.002185896653241981,1.0,1.0,0.0
2024-05-05,B_RSI14_mean_reversion,0.04937424740945175,0.6589867854075326,0.03253697658227081,ACCEPT,-0.013574390387488533,0.0,1.0,0.0
2024-05-06,B_RSI14_mean_reversion,0.21501320144456146,0.6582267404563277,0.14152743874193346,ACCEPT,-0.01309542885757653,0.0,1.0,0.0
2024-05-07,B_RSI14_mean_reversion,0.23281696176644048,0.5651765318103034,0.13158268299776882,ABSTAIN,-0.018398626419713127,0.0,0.0,1.0
2024-05-08,B_RSI14_mean_reversion,0.18711201857176235,0.5703299930810118,0.10671559625740738,ABSTAIN,0.03043115176709965,1.0,0.0,1.0
2024-05-09,B_RSI14_mean_reversion,0.07881543430126187,0.5677394267042316,0.044746629485643445,ABSTAIN,-0.035799920573900024,0.0,0.0,1.0
2024-05-10,B_RSI14_mean_reversion,0.1504088089417374,0.7639098887615905,0.11489877650744593,ACCEPT,1.5356984674586016e-05,1.0,1.0,0.0
2024-05-11,B_RSI14_mean_reversion,0.13560151622876418,0.766106905652316,0.10388525799978084,ACCEPT,0.010768936188532141,1.0,1.0,0.0
2024-05-12,B_RSI14_mean_reversion,0.0844659928645521,0.7726523354715158,0.06526284665471657,ACCEPT,0.023646747788683697,1.0,1.0,0.0
2024-05-13,B_RSI14_mean_reversion,0.04598278560609358,0.6691647072783764,0.03077005726994595,ACCEPT,-0.02144084393922019,0.0,1.0,0.0
2024-05-14,B_RSI14_mean_reversion,-0.0492975676356977,0.5717478881009332,-0.02818578018422308,ABSTAIN,0.07659609250545496,0.0,0.0,1.0
2024-05-15,B_RSI14_mean_reversion,-0.3832083307726347,0.7453330173327517,-0.285617821441815,ACCEPT,-0.01563225228621834,1.0,1.0,0.0
2024-05-16,B_RSI14_mean_reversion,-0.289787319370094,0.7470097884980863,-0.2164739641520813,ACCEPT,0.02790508695432159,0.0,1.0,0.0
2024-05-17,B_RSI14_mean_reversion,-0.21754413331444042,0.7423854937114552,-0.1615016088146715,ACCEPT,-0.0016564833198177142,1.0,1.0,0.0
2024-05-18,B_RSI14_mean_reversion,-0.16716579699853681,0.7447767081915483,-0.12450119201078685,ACCEPT,-0.009895869986810912,1.0,1.0,0.0
2024-05-19,B_RSI14_mean_reversion,-0.11976217935640207,0.7444171193882244,-0.08915301656814871,ACCEPT,0.07800174241430358,0.0,1.0,0.0
2024-05-20,B_RSI14_mean_reversion,-0.3592596262057367,0.7359940197746352,-0.264412936433893,ACCEPT,-0.018358253231772315,1.0,1.0,0.0
2024-05-21,B_RSI14_mean_reversion,-0.3312926247693298,0.7422367285847633,-0.2458975540130469,ACCEPT,-0.01446030042296964,1.0,1.0,0.0
2024-05-22,B_RSI14_mean_reversion,-0.3388357869897186,0.7401771451720313,-0.2507985054961684,ACCEPT,-0.017255976976508713,1.0,1.0,0.0
2024-05-23,B_RSI14_mean_reversion,-0.2145125848912616,0.6513363819226334,-0.1397198509199461,ACCEPT,0.008781729788116976,0.0,1.0,0.0
2024-05-24,B_RSI14_mean_reversion,-0.36673862265748625,0.6518348638850933,-0.23905302018134914,ACCEPT,0.010796524727518797,0.0,1.0,0.0
2024-05-25,B_RSI14_mean_reversion,-0.38817776097797746,0.7516641971014318,-0.29177932503814297,ACCEPT,-0.010796814497022966,1.0,1.0,0.0
2024-05-26,B_RSI14_mean_reversion,-0.3225400755165677,0.7542781936364605,-0.24328494553600427,ACCEPT,0.012791671360530277,0.0,1.0,0.0
2024-05-27,B_RSI14_mean_reversion,-0.30423743564466804,0.555449877609153,-0.1689886463929534,ABSTAIN,-0.015827408107827234,1.0,0.0,1.0
2024-05-28,B_RSI14_mean_reversion,-0.3197164641057515,0.6581788834940536,-0.21043062537979018,ACCEPT,-0.01051485738366742,1.0,1.0,0.0
2024-05-29,B_RSI14_mean_reversion,-0.07666431161291314,0.6599666904484992,-0.050595892010686726,ACCEPT,0.011644282841286824,0.0,1.0,0.0
2024-05-30,B_RSI14_mean_reversion,-0.18599972128550918,0.6672210131153782,-0.1241029224752954,ACCEPT,-0.012778150001159894,1.0,1.0,0.0
2024-05-31,B_RSI14_mean_reversion,-0.027644658941433704,0.6657867108812494,-0.01840544655005107,ACCEPT,0.0031933460054698326,0.0,1.0,0.0
2024-06-01,B_RSI14_mean_reversion,-0.04787116936674735,0.5658934124731726,-0.027089979392029864,ABSTAIN,0.0006596674454519835,0.0,0.0,1.0
2024-06-02,B_RSI14_mean_reversion,-0.09574986645977263,0.6674627001792047,-0.06390946440903811,ACCEPT,0.015544720172089965,0.0,1.0,0.0
2024-06-03,B_RSI14_mean_reversion,0.23456079771898075,0.6679654544229402,0.15667850983816634,ACCEPT,0.025622992224831664,1.0,1.0,0.0
2024-06-04,B_RSI14_mean_reversion,-0.036791749817701176,0.7944813471307213,-0.0292303589584637,ACCEPT,0.007298724608017615,0.0,1.0,0.0
2024-06-05,B_RSI14_mean_reversion,-0.17470300586469434,0.7966214137905798,-0.13917215552539677,ACCEPT,-0.004581363662391591,1.0,1.0,0.0
2024-06-06,B_RSI14_mean_reversion,-0.27307433750238613,0.8018755058737472,-0.21897162252586427,ACCEPT,-0.01999201273457618,1.0,1.0,0.0
2024-06-07,B_RSI14_mean_reversion,-0.07307829467663325,0.7012339451074684,-0.051244980877821644,ACCEPT,-0.0005308786729295578,1.0,1.0,0.0
2024-06-08,B_RSI14_mean_reversion,-0.0038041312656608285,0.7042683063589295,-0.002679129083634002,ACCEPT,0.00493781012787653,0.0,1.0,0.0
2024-06-09,B_RSI14_mean_reversion,-0.11227052300068081,0.7478925319071763,-0.08396628570552205,ACCEPT,-0.0019485261992140401,1.0,1.0,0.0
2024-06-10,B_RSI14_mean_reversion,-0.012627106926934601,0.8509629097463749,-0.010745199652222873,ACCEPT,-0.03136496113771259,1.0,1.0,0.0
2024-06-11,B_RSI14_mean_reversion,0.09266369840900396,0.8459556148951851,0.07838937596605093,ACCEPT,0.013502581655740586,1.0,1.0,0.0
2024-06-12,B_RSI14_mean_reversion,-0.06257806037209449,0.7467664148220684,-0.046731193790587953,ACCEPT,-0.021757960505889518,1.0,1.0,0.0
2024-06-13,B_RSI14_mean_reversion,0.1424270848032583,0.8434228910880148,0.12012626363400197,ACCEPT,-0.011164543099157487,0.0,1.0,0.0
2024-06-14,B_RSI14_mean_reversion,0.1325753043765431,0.841813104458015,0.11160362855168403,ACCEPT,0.0027253941690672523,1.0,1.0,0.0
2024-06-15,B_RSI14_mean_reversion,0.13619957969331936,0.8445365541876375,0.11502552371600046,ACCEPT,0.006768999939568809,1.0,1.0,0.0
2024-06-16,B_RSI14_mean_reversion,0.09646164381798628,0.8457982246737271,0.08158708709036219,ACCEPT,-0.0022321747830370553,0.0,1.0,0.0
2024-06-17,B_RSI14_mean_reversion,0.21774736501683165,0.7476737257979913,0.1628039836848297,ACCEPT,-0.02029695827328193,0.0,1.0,0.0
2024-06-18,B_RSI14_mean_reversion,0.5312386124261588,0.8429400929189559,0.44780232532064346,ACCEPT,-0.0027701435671353414,0.0,1.0,0.0
2024-06-19,B_RSI14_mean_reversion,0.6196146240762309,0.8424462825275145,0.5219920366527041,ACCEPT,-0.00202647819256907,0.0,1.0,0.0
2024-06-20,B_RSI14_mean_reversion,0.6119962224496496,0.8434956645510365,0.5162161603578912,ACCEPT,-0.011298352821403679,0.0,1.0,0.0
2024-06-21,B_RSI14_mean_reversion,0.58260540643242,0.8407912872250701,0.48984954961859956,ACCEPT,0.0024397531859308152,1.0,1.0,0.0
2024-06-22,B_RSI14_mean_reversion,0.5537985358962285,0.8406530150461909,0.4655524089293307,ACCEPT,-0.01668075089399379,0.0,1.0,0.0
2024-06-23,B_RSI14_mean_reversion,0.6562900865274384,0.8401353727399483,0.5513725164702624,ACCEPT,-0.04595356431233677,0.0,1.0,0.0
2024-06-24,B_RSI14_mean_reversion,0.7316575430986458,0.8323680190136346,0.6090083397454028,ACCEPT,0.025336630415439876,1.0,1.0,0.0
2024-06-25,B_RSI14_mean_reversion,0.46181582484176004,0.8274088518858059,0.3821105014150171,ACCEPT,-0.016072632592061153,0.0,1.0,0.0
2024-06-26,B_RSI14_mean_reversion,0.6164351863104932,0.8245977707978931,0.5083110804730167,ACCEPT,0.013048951973404943,1.0,1.0,0.0
2024-06-27,B_RSI14_mean_reversion,0.4534153931206339,0.7251887906801532,0.3288117606129187,ACCEPT,-0.020853310881755127,0.0,1.0,0.0
2024-06-28,B_RSI14_mean_reversion,0.4781866335465375,0.8215729064829359,0.3928651823641194,ACCEPT,0.009403861104374522,1.0,1.0,0.0
2024-06-29,B_RSI14_mean_reversion,0.4315937371358092,0.7228488280475266,0.3119770270812719,ACCEPT,0.029413551620566913,1.0,1.0,0.0
2024-06-30,B_RSI14_mean_reversion,0.2905626660102436,0.7140031540570422,0.20746265998253685,ACCEPT,0.002771094932125795,1.0,1.0,0.0
2024-07-01,B_RSI14_mean_reversion,0.2664211100505349,0.7189073710339764,0.19153209981438377,ACCEPT,-0.013093697885290578,0.0,1.0,0.0
2024-07-02,B_RSI14_mean_reversion,0.23699979501350257,0.7205285029817438,0.17076510750805915,ACCEPT,-0.02990687070088416,0.0,1.0,0.0
2024-07-03,B_RSI14_mean_reversion,0.32330933801524364,0.8158063056793988,0.2637577966378679,ACCEPT,-0.05311634426354228,0.0,1.0,0.0
2024-07-04,B_RSI14_mean_reversion,0.4393641360971554,0.7990365105653926,0.3510679861746493,ACCEPT,-0.005534237213954074,0.0,1.0,0.0
2024-07-05,B_RSI14_mean_reversion,0.4259639233396149,0.7996430314010518,0.3406190829267749,ACCEPT,0.02896391234041995,1.0,1.0,0.0
2024-07-06,B_RSI14_mean_reversion,0.3141563584650885,0.7952223411607166,0.24982415486913295,ACCEPT,-0.042097439142912196,0.0,1.0,0.0
2024-07-07,B_RSI14_mean_reversion,0.3608255429554401,0.7885593848877961,0.2845323682047469,ACCEPT,0.015326802715911692,1.0,1.0,0.0
2024-07-08,B_RSI14_mean_reversion,0.19550973226984966,0.6865991644316526,0.13423681881473487,ACCEPT,0.02299844211812685,1.0,1.0,0.0
2024-07-09,B_RSI14_mean_reversion,0.21028726514835072,0.7821889133035798,0.1644843674079702,ACCEPT,-0.004598069730556098,0.0,1.0,0.0
2024-07-10,B_RSI14_mean_reversion,0.1771601090732294,0.6800230199717987,0.12047295239051072,ACCEPT,-0.006885432015347748,0.0,1.0,0.0
2024-07-11,B_RSI14_mean_reversion,0.25167507444454784,0.6801948554698944,0.17118809088718415,ACCEPT,0.009670444019596935,1.0,1.0,0.0
2024-07-12,B_RSI14_mean_reversion,0.149460877501277,0.5815786611559157,0.086923257032381,ABSTAIN,0.023013827240820017,1.0,0.0,1.0
2024-07-13,B_RSI14_mean_reversion,0.09760034637737391,0.6786995302383405,0.066241309237423,ACCEPT,0.026266900915231206,1.0,1.0,0.0
2024-07-14,B_RSI14_mean_reversion,0.11302630183848024,0.6874983244453241,0.07770539313220662,ACCEPT,0.06715755212726138,1.0,1.0,0.0
2024-07-15,B_RSI14_mean_reversion,-0.09780396726868915,0.7690094072486273,-0.07521217089585878,ACCEPT,0.003499237870556282,0.0,1.0,0.0
2024-07-16,B_RSI14_mean_reversion,-0.15310885586197784,0.7707563620915497,-0.11800962474817749,ACCEPT,-0.01502916014346345,1.0,1.0,0.0
2024-07-17,B_RSI14_mean_reversion,-0.20586776551198624,0.7696902932408614,-0.15845442080576158,ACCEPT,-0.0022571629283560934,1.0,1.0,0.0
2024-07-18,B_RSI14_mean_reversion,-0.4342689759866511,0.6722055535038237,-0.29191801737264556,ACCEPT,0.042768734230136385,0.0,1.0,0.0
2024-07-19,B_RSI14_mean_reversion,-0.5422021624579526,0.7632042773549732,-0.4138110095790255,ACCEPT,0.0067979482134701286,0.0,1.0,0.0
2024-07-20,B_RSI14_mean_reversion,-0.5108529230392239,0.7660321658046717,-0.39132977104338396,ACCEPT,0.014753144342986024,0.0,1.0,0.0
2024-07-21,B_RSI14_mean_reversion,-0.7748902180682907,0.7632998957240665,-0.5914736226491255,ACCEPT,-0.00835268752223095,1.0,1.0,0.0
2024-07-22,B_RSI14_mean_reversion,-0.6977369109150879,0.766188845846733,-0.5345982384786959,ACCEPT,-0.02452573786440093,1.0,1.0,0.0
2024-07-23,B_RSI14_mean_reversion,-0.4965495922022646,0.6700104349863157,-0.33269340826371696,ACCEPT,-0.008426492953570563,1.0,1.0,0.0
2024-07-24,B_RSI14_mean_reversion,-0.4699283097120528,0.6863535220595296,-0.3225369504863489,ACCEPT,0.00619673448871394,0.0,1.0,0.0
2024-07-25,B_RSI14_mean_reversion,-0.5191269262198691,0.6872446909144729,-0.3567672239553543,ACCEPT,0.032455548053117234,0.0,1.0,0.0
2024-07-26,B_RSI14_mean_reversion,-0.5617624775166797,0.7863949941984776,-0.44176720024765176,ACCEPT,-0.0014537411892032726,1.0,1.0,0.0
2024-07-27,B_RSI14_mean_reversion,-0.5172691962107697,0.802688235593479,-0.4152058984332799,ACCEPT,0.006525726007755361,0.0,1.0,0.0
2024-07-28,B_RSI14_mean_reversion,-0.4825436896781582,0.80059057495815,-0.38631992996186376,ACCEPT,-0.021037797689324123,1.0,1.0,0.0
2024-07-29,B_RSI14_mean_reversion,-0.15196817046872013,0.6967168676920563,-0.10587878771785915,ACCEPT,-0.009262185475442442,1.0,1.0,0.0
2024-07-30,B_RSI14_mean_reversion,-0.08348735414308095,0.6981764588537717,-0.05828890527468702,ACCEPT,-0.023893373992326827,1.0,1.0,0.0
2024-07-31,B_RSI14_mean_reversion,-0.03619843149642435,0.6939345802833844,-0.025119343367388074,ACCEPT,0.011424614182306447,0.0,1.0,0.0
2024-08-01,B_RSI14_mean_reversion,-0.09594583282198756,0.6916294477292669,-0.06635896336659583,ACCEPT,-0.06032105869640059,1.0,1.0,0.0
2024-08-02,B_RSI14_mean_reversion,0.3388804126335009,0.7721185696907616,0.26165585949879383,ACCEPT,-0.011967302150066583,0.0,1.0,0.0
2024-08-03,B_RSI14_mean_reversion,0.407598298872185,0.7720678202281535,0.3146935301389513,ACCEPT,-0.04223983565450573,0.0,1.0,0.0
2024-08-04,B_RSI14_mean_reversion,0.5742642497143887,0.7888894436057836,0.45303100443987687,ACCEPT,-0.07098647891315102,0.0,1.0,0.0
2024-08-05,B_RSI14_mean_reversion,0.6462397969179287,0.7687217350752329,0.4967785779614163,ACCEPT,0.03783671505322772,1.0,1.0,0.0
2024-08-06,B_RSI14_mean_reversion,0.46186397483280756,0.7617985225489026,0.3518472936461963,ACCEPT,-0.017968550940289485,0.0,1.0,0.0
2024-08-07,B_RSI14_mean_reversion,0.47296820393828826,0.7591036156583126,0.3590318737009728,ACCEPT,0.12144256099404904,1.0,1.0,0.0
2024-08-08,B_RSI14_mean_reversion,0.14448232054280694,0.6101133311025974,0.08815058987180517,ABSTAIN,-0.013450358103773374,0.0,0.0,1.0
2024-08-09,B_RSI14_mean_reversion,0.26195040811453313,0.6079344999412855,0.15924869036652434,ABSTAIN,0.001079157301276501,1.0,0.0,1.0
2024-08-10,B_RSI14_mean_reversion,0.25614044084887594,0.6090402390802748,0.1559998353327264,ABSTAIN,-0.036529632368097475,0.0,0.0,1.0
2024-08-11,B_RSI14_mean_reversion,0.33349416221222583,0.50373505210788,0.16799269917964937,ABSTAIN,0.010814659848586317,1.0,0.0,1.0
2024-08-12,B_RSI14_mean_reversion,0.2685933304419416,0.506294649457258,0.1359873660826603,ABSTAIN,0.021144992390795814,1.0,0.0,1.0
2024-08-13,B_RSI14_mean_reversion,0.1966702339264127,0.5067635283687704,0.09966530166966034,ABSTAIN,-0.0308911115194338,0.0,0.0,1.0
2024-08-14,B_RSI14_mean_reversion,0.20479639529119267,0.6044444444444445,0.1237880433760098,ABSTAIN,-0.020041310813293967,0.0,0.0,1.0
2024-08-15,B_RSI14_mean_reversion,0.26740030668580134,0.7075867484496795,0.18920891354225328,ACCEPT,0.023175912946963972,1.0,1.0,0.0
2024-08-16,B_RSI14_mean_reversion,0.09494569243978263,0.7048053575917003,0.06691823271181259,ACCEPT,0.00993082725079053,1.0,1.0,0.0
2024-08-17,B_RSI14_mean_reversion,0.045494419485158914,0.604495525215016,0.027501173001033396,ABSTAIN,-0.016728732324455264,0.0,0.0,1.0
2024-08-18,B_RSI14_mean_reversion,-0.014778015175822503,0.5048469042261423,-0.007460635212120941,ABSTAIN,0.01726094125025579,0.0,0.0,1.0
2024-08-19,B_RSI14_mean_reversion,-0.2533454923830568,0.7022222222222222,-0.17790483465121323,ACCEPT,-0.008079210921579816,1.0,1.0,0.0
2024-08-20,B_RSI14_mean_reversion,-0.14777734149242916,0.6025339935891523,-0.08904087173142128,ABSTAIN,0.03664287570061453,0.0,0.0,1.0
2024-08-21,B_RSI14_mean_reversion,-0.2884808307737032,0.7,-0.20193658154159222,ACCEPT,-0.012967304646127387,1.0,1.0,0.0
2024-08-22,B_RSI14_mean_reversion,0.08612904982579138,0.6095665805007622,0.05250139038408742,ABSTAIN,0.061482671821355916,1.0,0.0,1.0
2024-08-23,B_RSI14_mean_reversion,-0.1756058896817886,0.7044444444444444,-0.12370459339805998,ACCEPT,0.0013205019089592707,0.0,1.0,0.0
2024-08-24,B_RSI14_mean_reversion,-0.17645794718886834,0.7058669053627205,-0.12455582510886486,ACCEPT,0.0024081210374646833,0.0,1.0,0.0
2024-08-25,B_RSI14_mean_reversion,-0.34546167793247834,0.7264688783859405,-0.25096715769293254,ACCEPT,-0.022583597070127692,1.0,1.0,0.0
2024-08-26,B_RSI14_mean_reversion,-0.2065849550885356,0.6263586019443844,-0.1293962636519986,ABSTAIN,-0.05369739018896724,1.0,0.0,1.0
2024-08-27,B_RSI14_mean_reversion,0.05760402386063049,0.5161787310220611,0.029733971938144775,ABSTAIN,-0.00800797843742207,0.0,0.0,1.0
2024-08-28,B_RSI14_mean_reversion,-0.016317214858146512,0.6729044058475098,-0.010979925769207238,ACCEPT,0.006108236397788236,0.0,1.0,0.0
2024-08-29,B_RSI14_mean_reversion,-0.10767479331360619,0.6711121558192864,-0.07226186266809033,ACCEPT,-0.004524521990973862,1.0,1.0,0.0
2024-08-30,B_RSI14_mean_reversion,-0.014163144598599615,0.6732977740027681,-0.00953601373111645,ACCEPT,-0.002530098940268344,1.0,1.0,0.0
2024-08-31,B_RSI14_mean_reversion,0.03289184933396285,0.781999027474304,0.025721394190990284,ACCEPT,-0.027885585694078285,0.0,1.0,0.0
2024-09-01,B_RSI14_mean_reversion,0.07183630323896778,0.7788524668117277,0.05594988198430536,ACCEPT,0.031172733823612075,1.0,1.0,0.0
2024-09-02,B_RSI14_mean_reversion,0.02253726497444802,0.776158007975728,0.01749247868778872,ACCEPT,-0.02844504270361159,0.0,1.0,0.0
2024-09-03,B_RSI14_mean_reversion,0.08736684330634446,0.7768453351151883,0.0678705246662733,ACCEPT,0.00941156177702851,1.0,1.0,0.0
2024-09-04,B_RSI14_mean_reversion,0.19436058428445718,0.6783672501942398,0.131847855107193,ACCEPT,-0.031240343288065575,0.0,1.0,0.0
2024-09-05,B_RSI14_mean_reversion,0.24121318501578173,0.7743559492938207,0.18678486486508167,ACCEPT,-0.03938239218868078,0.0,1.0,0.0
2024-09-06,B_RSI14_mean_reversion,0.6340960726323516,0.766738919111333,0.48618613734287053,ACCEPT,0.003539165966313096,1.0,1.0,0.0
2024-09-07,B_RSI14_mean_reversion,0.6233115818199192,0.7694533161853542,0.47960916364807554,ACCEPT,0.012964221602682846,1.0,1.0,0.0
2024-09-08,B_RSI14_mean_reversion,0.5699611151220378,0.7702115253507587,0.43899061986876414,ACCEPT,0.039713831911113884,1.0,1.0,0.0
2024-09-09,B_RSI14_mean_reversion,0.3372569328312852,0.6621713776397857,0.2233218878314608,ACCEPT,0.011034389872275785,1.0,1.0,0.0
2024-09-10,B_RSI14_mean_reversion,0.1268104315027496,0.6681889216706809,0.084733325482416,ACCEPT,-0.005300015516934153,0.0,1.0,0.0
2024-09-11,B_RSI14_mean_reversion,0.11648656927847043,0.6664472907671886,0.07763215850640104,ACCEPT,0.013669279499548104,1.0,1.0,0.0
2024-09-12,B_RSI14_mean_reversion,0.084734401733011,0.6883613219829174,0.05832788479436706,ACCEPT,0.04205082955798245,1.0,1.0,0.0
2024-09-13,B_RSI14_mean_reversion,-0.0851042442097301,0.7771160896094305,-0.06613587746943148,ACCEPT,-0.00934732588201681,1.0,1.0,0.0
2024-09-14,B_RSI14_mean_reversion,-0.05923693858998774,0.7770451890643992,-0.04602977814625323,ACCEPT,-0.013703582981947293,1.0,1.0,0.0
2024-09-15,B_RSI14_mean_reversion,-0.11152669136223523,0.780632576707795,-0.08706136844979666,ACCEPT,-0.016733367188517922,1.0,1.0,0.0
2024-09-16,B_RSI14_mean_reversion,0.05801617317869443,0.5959786744257095,0.03457640198629071,ABSTAIN,0.0363626062794542,1.0,0.0,1.0
2024-09-17,B_RSI14_mean_reversion,-0.17662409655193584,0.7913345727100084,-0.1397687539752174,ACCEPT,0.02223798894564699,0.0,1.0,0.0
2024-09-18,B_RSI14_mean_reversion,-0.21519189843424327,0.7891950270730507,-0.1698283761107138,ACCEPT,0.020937291974474137,0.0,1.0,0.0
2024-09-19,B_RSI14_mean_reversion,-0.4091194302925334,0.7875786846025308,-0.3222137427551302,ACCEPT,0.004012038411551844,0.0,1.0,0.0
2024-09-20,B_RSI14_mean_reversion,-0.6326075630483475,0.7855097271865474,-0.4969193942662541,ACCEPT,0.003194394254405042,0.0,1.0,0.0
2024-09-21,B_RSI14_mean_reversion,-0.6328821483148878,0.7908200203342539,-0.5004958733995658,ACCEPT,0.004004601863112578,0.0,1.0,0.0
2024-09-22,B_RSI14_mean_reversion,-0.6212798707745674,0.7946172919806462,-0.49367972847697256,ACCEPT,-0.005010473135318549,1.0,1.0,0.0
2024-09-23,B_RSI14_mean_reversion,-0.5123320376722756,0.7998052491242593,-0.40976585302481383,ACCEPT,0.01535087678718594,0.0,1.0,0.0
2024-09-24,B_RSI14_mean_reversion,-0.5255444948214907,0.7992025826312515,-0.42001651754897174,ACCEPT,-0.018021597802944433,1.0,1.0,0.0
2024-09-25,B_RSI14_mean_reversion,-0.4292134181858651,0.7039975569467283,-0.30216519781160345,ACCEPT,0.032273891570151925,0.0,1.0,0.0
2024-09-26,B_RSI14_mean_reversion,-0.47768524122519296,0.8148193047576824,-0.38922715614811754,ACCEPT,0.00935309904070647,0.0,1.0,0.0
2024-09-27,B_RSI14_mean_reversion,-0.4035875807495637,0.8122998964286791,-0.3278341500427717,ACCEPT,0.0014741358273548943,0.0,1.0,0.0
2024-09-28,B_RSI14_mean_reversion,-0.4719908731470875,0.8095945895746355,-0.3821212572284901,ACCEPT,-0.003829909793174213,1.0,1.0,0.0
2024-09-29,B_RSI14_mean_reversion,-0.5425305779260876,0.8153569998696196,-0.44235610435534567,ACCEPT,-0.035130555094979754,1.0,1.0,0.0
2024-09-30,B_RSI14_mean_reversion,-0.38890804573906623,0.7053593974506488,-0.27431994480621713,ACCEPT,-0.039357521968434894,1.0,1.0,0.0
2024-10-01,B_RSI14_mean_reversion,-0.0389002753452165,0.6958600055680423,-0.02706914581832073,ACCEPT,-0.0033568819965540397,1.0,1.0,0.0
2024-10-02,B_RSI14_mean_reversion,0.08168942485561374,0.798491928161726,0.06522834636338144,ACCEPT,0.0020882627636797935,1.0,1.0,0.0
2024-10-03,B_RSI14_mean_reversion,0.1932849616095598,0.8082892546277429,0.156230157550143,ACCEPT,0.021528753876634443,1.0,1.0,0.0
2024-10-04,B_RSI14_mean_reversion,0.0912097074925245,0.7003575660557663,0.06387940874012284,ACCEPT,0.0003620681473552878,1.0,1.0,0.0
2024-10-05,B_RSI14_mean_reversion,0.10730739554094754,0.704399369017239,0.07558726170992673,ACCEPT,0.011741093613744757,1.0,1.0,0.0
2024-10-06,B_RSI14_mean_reversion,0.0656691002982683,0.7068436069056265,0.04641778371707531,ACCEPT,-0.009269383518558882,0.0,1.0,0.0
2024-10-07,B_RSI14_mean_reversion,0.08474733336200202,0.7121899277364943,0.06035619722294481,ACCEPT,-0.001682150134457161,0.0,1.0,0.0
2024-10-08,B_RSI14_mean_reversion,0.18036223094365497,0.7157841582124,0.12910042764931456,ACCEPT,-0.024944762232405493,0.0,1.0,0.0
2024-10-09,B_RSI14_mean_reversion,0.20616351967890637,0.8147227971291064,0.16796611941878017,ACCEPT,-0.005077433013489285,0.0,1.0,0.0
2024-10-10,B_RSI14_mean_reversion,0.4588914653433588,0.8127198210510046,0.3729501895956878,ACCEPT,0.036011743668549645,1.0,1.0,0.0
2024-10-11,B_RSI14_mean_reversion,0.27303992657445547,0.7018962380909125,0.19164569731122927,ACCEPT,0.011977460447594401,1.0,1.0,0.0
2024-10-12,B_RSI14_mean_reversion,0.20882078181863306,0.7009061159398454,0.14636376311201998,ACCEPT,-0.005406426515387475,0.0,1.0,0.0
2024-10-13,B_RSI14_mean_reversion,0.21425865709764153,0.6986545133527385,0.14969277780616402,ACCEPT,0.050830232433260125,1.0,1.0,0.0
2024-10-14,B_RSI14_mean_reversion,-0.19569042994964916,0.7850554363814354,-0.15362783587979253,ACCEPT,0.015064992457922477,0.0,1.0,0.0
2024-10-15,B_RSI14_mean_reversion,-0.500946855003129,0.7845000340762629,-0.3929928248203514,ACCEPT,0.008526251733136592,0.0,1.0,0.0
2024-10-16,B_RSI14_mean_reversion,-0.5473540433021796,0.7879165268576951,-0.43126929676016984,ACCEPT,-0.0031485616380424464,1.0,1.0,0.0
2024-10-17,B_RSI14_mean_reversion,-0.5172320835530365,0.7903734345699572,-0.40880649834758853,ACCEPT,0.015118035686984221,0.0,1.0,0.0
2024-10-18,B_RSI14_mean_reversion,-0.5061096626549829,0.7891565283503479,-0.399399744345372,ACCEPT,-0.0008192879217548965,1.0,1.0,0.0
2024-10-19,B_RSI14_mean_reversion,-0.4985181048257289,0.7915629289312621,-0.3946084511811159,ACCEPT,0.009346740674458287,0.0,1.0,0.0
2024-10-20,B_RSI14_mean_reversion,-0.49490395114196756,0.7996240975975031,-0.3957371253293346,ACCEPT,-0.023678423698328066,1.0,1.0,0.0
2024-10-21,B_RSI14_mean_reversion,-0.3788426536246709,0.7084953551895575,-0.2684082604407657,ACCEPT,-9.567341618454961e-05,1.0,1.0,0.0
2024-10-22,B_RSI14_mean_reversion,-0.3889173589540678,0.7088707142258701,-0.27569212601660914,ACCEPT,-0.01379441121005398,1.0,1.0,0.0
2024-10-23,B_RSI14_mean_reversion,-0.4561304336702682,0.7083132888637746,-0.3230832476238475,ACCEPT,0.02602442034118191,0.0,1.0,0.0
2024-10-24,B_RSI14_mean_reversion,-0.5535689902790275,0.8069648106841499,-0.44671069544113146,ACCEPT,-0.022280180844656217,1.0,1.0,0.0
2024-10-25,B_RSI14_mean_reversion,-0.3087449899677236,0.7016967026448991,-0.2166453414184841,ACCEPT,0.00558625096700216,0.0,1.0,0.0
2024-10-26,B_RSI14_mean_reversion,-0.28910138589285167,0.6021645175484078,-0.17408659655874512,ABSTAIN,0.01364777618155344,0.0,0.0,1.0
2024-10-27,B_RSI14_mean_reversion,-0.36817628759230275,0.7005601615187671,-0.25792963950304365,ACCEPT,0.029125296867722028,0.0,1.0,0.0
2024-10-28,B_RSI14_mean_reversion,-0.3070684467880102,0.7945195106992307,-0.2439718720931826,ACCEPT,0.04023493905417541,0.0,1.0,0.0
2024-10-29,B_RSI14_mean_reversion,-0.39457819390732085,0.7923778329169407,-0.3126550142045633,ACCEPT,-0.005238593875544262,1.0,1.0,0.0
2024-10-30,B_RSI14_mean_reversion,-0.33280673894138035,0.7945660854889535,-0.26443694778499666,ACCEPT,-0.029366396164960396,1.0,1.0,0.0
2024-10-31,B_RSI14_mean_reversion,-0.1747106498034799,0.7904705567616767,-0.13810362462235107,ACCEPT,-0.010435331387529279,1.0,1.0,0.0
2024-11-01,B_RSI14_mean_reversion,-0.06720184244726425,0.6912116497465054,-0.04645069638397826,ACCEPT,-0.0027804900426771084,1.0,1.0,0.0
2024-11-02,B_RSI14_mean_reversion,-0.05803465040089435,0.6937653433031532,-0.040262429158854945,ACCEPT,-0.00791112711687536,1.0,1.0,0.0
2024-11-03,B_RSI14_mean_reversion,0.01641541961808741,0.6115600741221348,0.010039015238383483,ABSTAIN,-0.013523338185854272,0.0,0.0,1.0
2024-11-04,B_RSI14_mean_reversion,-0.02924521111470483,0.7090309844220145,-0.020735760826288804,ACCEPT,0.02282879023690776,0.0,1.0,0.0
2024-11-05,B_RSI14_mean_reversion,-0.11956539015685934,0.6057500337964923,-0.07242673912840833,ABSTAIN,0.09053568676993895,0.0,0.0,1.0
2024-11-06,B_RSI14_mean_reversion,-0.4173160813937059,0.7564385959966143,-0.31567399069626373,ACCEPT,0.003513808689745934,0.0,1.0,0.0
2024-11-07,B_RSI14_mean_reversion,-0.37593009994769944,0.7568680721810171,-0.2845294900222324,ACCEPT,0.008439738809541852,0.0,1.0,0.0
2024-11-08,B_RSI14_mean_reversion,-0.5021574366198525,0.7548399845711338,-0.37904851171040954,ACCEPT,0.0030490452928257916,0.0,1.0,0.0
2024-11-09,B_RSI14_mean_reversion,-0.49862637910659996,0.7548632493746646,-0.37639472875633145,ACCEPT,0.048129393514959595,0.0,1.0,0.0
2024-11-10,B_RSI14_mean_reversion,-0.5609698837986812,0.7490563418248879,-0.42019804903217256,ACCEPT,0.10223522760015435,0.0,1.0,0.0
2024-11-11,B_RSI14_mean_reversion,-0.6568547007520144,0.7095558646645537,-0.4660751051510722,ACCEPT,-0.008406532091926988,1.0,1.0,0.0
2024-11-12,B_RSI14_mean_reversion,-0.5739510664967878,0.71293880967726,-0.4091919901612138,ACCEPT,0.029882636380625716,0.0,1.0,0.0
2024-11-13,B_RSI14_mean_reversion,-0.6336692552735402,0.7125104420247312,-0.4514959611724324,ACCEPT,-0.03680261786927608,1.0,1.0,0.0
2024-11-14,B_RSI14_mean_reversion,-0.5678146420702567,0.6072055302842031,-0.34478019084140515,ABSTAIN,0.04373133907381366,0.0,0.0,1.0
2024-11-15,B_RSI14_mean_reversion,-0.6523806274081789,0.7020198544954765,-0.45798415312875745,ACCEPT,-0.005573223886622736,1.0,1.0,0.0
2024-11-16,B_RSI14_mean_reversion,-0.6368290034530816,0.6032780732775932,-0.3841849742104648,ABSTAIN,-0.007869224693816235,1.0,0.0,1.0
2024-11-17,B_RSI14_mean_reversion,-0.6288080698796157,0.705392249602822,-0.4435563389807906,ACCEPT,0.007755383808848215,0.0,1.0,0.0
2024-11-18,B_RSI14_mean_reversion,-0.6819969092460798,0.6061532583763981,-0.41339464874214393,ABSTAIN,0.019892819836786257,0.0,0.0,1.0
2024-11-19,B_RSI14_mean_reversion,-0.6843934715606156,0.7071426731568103,-0.48396382897044316,ACCEPT,0.02161166598491282,0.0,1.0,0.0
2024-11-20,B_RSI14_mean_reversion,-0.6382494285186334,0.7124480280704015,-0.4547195467651611,ACCEPT,0.044151545428309014,0.0,1.0,0.0
2024-11-21,B_RSI14_mean_reversion,-0.6807395555823302,0.7101901001449031,-0.483454493151612,ACCEPT,0.005004201495724558,0.0,1.0,0.0
2024-11-22,B_RSI14_mean_reversion,-0.6793130378710376,0.7113143714899078,-0.4832051265781371,ACCEPT,-0.012327389984975179,1.0,1.0,0.0
2024-11-23,B_RSI14_mean_reversion,-0.6169054027597127,0.7124796796480756,-0.43953256373140714,ACCEPT,0.002419161787646784,0.0,1.0,0.0
2024-11-24,B_RSI14_mean_reversion,-0.5735744328504137,0.613520116600706,-0.3518994529215696,ABSTAIN,-0.05011051933125821,1.0,0.0,1.0
2024-11-25,B_RSI14_mean_reversion,-0.16141625785154276,0.5983670016017675,-0.0965861622204054,ABSTAIN,-0.011997304040733403,1.0,0.0,1.0
2024-11-26,B_RSI14_mean_reversion,-0.14581146511436585,0.6223859009465854,-0.0907510000835462,ABSTAIN,0.04323745271515378,0.0,0.0,1.0
2024-11-27,B_RSI14_mean_reversion,-0.1855638674577304,0.6183376961692643,-0.11474113429607173,ABSTAIN,-0.0032310787967048116,1.0,0.0,1.0
2024-11-28,B_RSI14_mean_reversion,-0.323650257259373,0.5174196615369634,-0.1674630065674959,ABSTAIN,0.018912786163713058,0.0,0.0,1.0
2024-11-29,B_RSI14_mean_reversion,-0.26699468636785256,0.5153499841237555,-0.1375957073807999,ABSTAIN,-0.010388394458550332,1.0,0.0,1.0
2024-11-30,B_RSI14_mean_reversion,-0.2408381746237592,0.521415658289656,-0.1255767953627265,ABSTAIN,0.008613193542348574,0.0,0.0,1.0
2024-12-01,B_RSI14_mean_reversion,-0.30247826802881034,0.5629133749228435,-0.17026906269691408,ABSTAIN,-0.01454037255458307,1.0,0.0,1.0
2024-12-02,B_RSI14_mean_reversion,-0.21042804887804295,0.6640173569581439,-0.1397278768458572,ACCEPT,0.0014276215513644441,0.0,1.0,0.0
2024-12-03,B_RSI14_mean_reversion,-0.15481795982493252,0.6655838728477788,-0.10304433728667041,ACCEPT,0.02881567529768403,0.0,1.0,0.0
2024-12-04,B_RSI14_mean_reversion,-0.18151177581966807,0.7724215623695703,-0.1402036094671032,ACCEPT,-0.022020788503929523,1.0,1.0,0.0
2024-12-05,B_RSI14_mean_reversion,0.08527926284759701,0.6795399799882679,0.05795066856887031,ACCEPT,0.03444474217316973,1.0,1.0,0.0
2024-12-06,B_RSI14_mean_reversion,-0.036563891648330585,0.7744735647694984,-0.028317767506728278,ACCEPT,2.627082989481444e-05,0.0,1.0,0.0
2024-12-07,B_RSI14_mean_reversion,-0.0893184330003639,0.773144354956617,-0.06905604226780217,ACCEPT,0.013136868131795154,0.0,1.0,0.0
2024-12-08,B_RSI14_mean_reversion,-0.12835821452924065,0.7706123497532424,-0.09891442530850893,ACCEPT,-0.03756861480096407,1.0,1.0,0.0
2024-12-09,B_RSI14_mean_reversion,-0.18047243069008745,0.6616680668822668,-0.11941284434025404,ACCEPT,-0.007772430783165474,1.0,1.0,0.0
2024-12-10,B_RSI14_mean_reversion,-0.19843718494964166,0.66545819681155,-0.1320516512769486,ACCEPT,0.04652269534294651,0.0,1.0,0.0
2024-12-11,B_RSI14_mean_reversion,-0.21570545162876142,0.6620493941142458,-0.14280766355796126,ACCEPT,-0.011169293200355757,1.0,1.0,0.0
2024-12-12,B_RSI14_mean_reversion,-0.17579286778717715,0.7612585331243105,-0.13382382066538231,ACCEPT,0.014156490833941326,0.0,1.0,0.0
2024-12-13,B_RSI14_mean_reversion,-0.1626232521599519,0.7592069647554366,-0.12346470567101508,ACCEPT,-0.0008504799301751742,1.0,1.0,0.0
2024-12-14,B_RSI14_mean_reversion,-0.20814108895931924,0.7591595669046488,-0.15801229894941876,ACCEPT,0.02886101293644905,0.0,1.0,0.0
2024-12-15,B_RSI14_mean_reversion,-0.27256184837962183,0.7706841733196976,-0.21005910279693762,ACCEPT,0.016596788984881483,0.0,1.0,0.0
2024-12-16,B_RSI14_mean_reversion,-0.38991699340940217,0.7700404912921454,-0.30025187316813223,ACCEPT,0.001045771070669721,0.0,1.0,0.0
2024-12-17,B_RSI14_mean_reversion,-0.3893084474161202,0.7789154917487235,-0.30323838076105936,ACCEPT,-0.057462106019896764,1.0,1.0,0.0
2024-12-18,B_RSI14_mean_reversion,-0.04333663210711336,0.6579258413587264,-0.028512290140726156,ACCEPT,-0.025495268879325628,1.0,1.0,0.0
2024-12-19,B_RSI14_mean_reversion,-0.030163629120631724,0.6577772174652587,-0.019840948031623184,ACCEPT,0.002717960528709318,0.0,1.0,0.0
2024-12-20,B_RSI14_mean_reversion,0.08111340807340298,0.7584373706231763,0.061519439941476475,ACCEPT,-0.005433973434635808,0.0,1.0,0.0
2024-12-21,B_RSI14_mean_reversion,0.09915195173955539,0.7585904107920061,0.07521571980093848,ACCEPT,-0.021802983021374844,0.0,1.0,0.0
2024-12-22,B_RSI14_mean_reversion,0.21877942858162386,0.7548805019048007,0.16515232485414172,ACCEPT,-0.004402456102765462,0.0,1.0,0.0
2024-12-23,B_RSI14_mean_reversion,0.11146679687809638,0.7547991987695454,0.08413504897299481,ACCEPT,0.04213760595334648,1.0,1.0,0.0
2024-12-24,B_RSI14_mean_reversion,-0.07178048740152022,0.549621008405923,-0.039452063869492196,ABSTAIN,0.0063146152104343045,0.0,0.0,1.0
2024-12-25,B_RSI14_mean_reversion,0.07808470747412585,0.6523390259276242,0.05093770201351473,ACCEPT,-0.03528406928650052,0.0,1.0,0.0
2024-12-26,B_RSI14_mean_reversion,0.16106572529613358,0.652051741473255,0.10502318667099679,ACCEPT,-0.017022260795415023,0.0,1.0,0.0
2024-12-27,B_RSI14_mean_reversion,0.27437482864117485,0.750885534344689,0.20602408981496104,ACCEPT,0.010609799867287384,1.0,1.0,0.0
2024-12-28,B_RSI14_mean_reversion,0.22579715851801097,0.7512852862402498,0.16963808286943893,ACCEPT,-0.017167251608511402,0.0,1.0,0.0
2024-12-29,B_RSI14_mean_reversion,0.4109117446795318,0.7547470521003128,0.310134427970273,ACCEPT,-0.00948373223930199,0.0,1.0,0.0
2024-12-30,B_RSI14_mean_reversion,0.5278118243417032,0.7523922768520168,0.39712154026587076,ACCEPT,0.008484077565384274,1.0,1.0,0.0
2024-12-31,B_RSI14_mean_reversion,0.48819800857241036,0.7661338202715853,0.37402500535656086,ACCEPT,0.010602195613021781,1.0,1.0,0.0
2025-01-01,B_RSI14_mean_reversion,0.2686136378567889,0.66533910115389,0.1787191563693124,ACCEPT,0.026129247147606893,1.0,1.0,0.0
2025-01-02,B_RSI14_mean_reversion,0.02897895669459544,0.6620122936934852,0.019184425590233308,ACCEPT,0.012597729955682757,1.0,1.0,0.0
2025-01-03,B_RSI14_mean_reversion,-0.01612312517425039,0.7607752154203229,-0.012266074027689172,ACCEPT,0.0013128146911018934,0.0,1.0,0.0
2025-01-04,B_RSI14_mean_reversion,-0.04726949585581409,0.764391176096452,-0.036132385530712095,ACCEPT,0.0008014800420892421,0.0,1.0,0.0
2025-01-05,B_RSI14_mean_reversion,-0.16582820875120022,0.7667832684060562,-0.12715429590016705,ACCEPT,0.03827621924594227,0.0,1.0,0.0
2025-01-06,B_RSI14_mean_reversion,-0.3256038680592599,0.7565215541237732,-0.2463263442929033,ACCEPT,-0.05050430525956884,1.0,1.0,0.0
2025-01-07,B_RSI14_mean_reversion,0.0734635706658969,0.5631577585352203,0.04137157979020026,ABSTAIN,-0.019388436629511285,0.0,0.0,1.0
2025-01-08,B_RSI14_mean_reversion,0.16938966657296306,0.5647660460179492,0.09566553222671113,ABSTAIN,-0.026929603222076492,0.0,0.0,1.0
2025-01-09,B_RSI14_mean_reversion,0.13695464140235786,0.7587803438467994,0.1039184898946962,ACCEPT,0.023976181025154863,1.0,1.0,0.0
2025-01-10,B_RSI14_mean_reversion,-0.021666439541914714,0.6549119910716117,-0.014189611059828064,ACCEPT,-0.001424047578467369,1.0,1.0,0.0
2025-01-11,B_RSI14_mean_reversion,0.024991134012868343,0.759812460391777,0.01898857502229812,ACCEPT,-0.0008264678561502592,0.0,1.0,0.0
2025-01-12,B_RSI14_mean_reversion,-0.042879942384371074,0.5577053458471595,-0.023914373097381942,ABSTAIN,0.00029724205673309356,0.0,0.0,1.0
2025-01-13,B_RSI14_mean_reversion,-0.08718175445536488,0.6693273961093996,-0.05835313669785843,ACCEPT,0.021345722040169157,0.0,1.0,0.0
2025-01-14,B_RSI14_mean_reversion,-0.13666305826491354,0.5663137625248807,-0.07739417072416019,ABSTAIN,0.041129999632577796,0.0,0.0,1.0
2025-01-15,B_RSI14_mean_reversion,-0.23677060083527535,0.7619555214104915,-0.18040866661411759,ACCEPT,-0.0074383335632930425,1.0,1.0,0.0
2025-01-16,B_RSI14_mean_reversion,-0.1196877258211336,0.7660218765007211,-0.09168341632760857,ACCEPT,0.04716598568833419,0.0,1.0,0.0
2025-01-17,B_RSI14_mean_reversion,-0.23138039130904772,0.7526635338150623,-0.1741515829781798,ACCEPT,-0.000516635042589142,1.0,1.0,0.0
2025-01-18,B_RSI14_mean_reversion,-0.2253395941927124,0.757690738579802,-0.1707377235551491,ACCEPT,-0.03178356737719257,1.0,1.0,0.0
2025-01-19,B_RSI14_mean_reversion,-0.09058951094596168,0.7509564590388633,-0.06802877836604174,ACCEPT,0.009170622908047932,0.0,1.0,0.0
2025-01-20,B_RSI14_mean_reversion,0.002209997554441685,0.5487018442439269,0.0012126297338967207,ABSTAIN,0.040479676535688514,1.0,0.0,1.0
2025-01-21,B_RSI14_mean_reversion,-0.3445876882933422,0.7420349115314226,-0.2556960947975676,ACCEPT,-0.023488299826845638,1.0,1.0,0.0
2025-01-22,B_RSI14_mean_reversion,-0.31443543702229304,0.7423165938334361,-0.23341064259091646,ACCEPT,0.002962783076025932,0.0,1.0,0.0
2025-01-23,B_RSI14_mean_reversion,-0.4566963235035794,0.7405389366879656,-0.3382014097966438,ACCEPT,0.008265785680243276,0.0,1.0,0.0
2025-01-24,B_RSI14_mean_reversion,-0.4256552407758835,0.640435717480492,-0.27260481952563453,ABSTAIN,-0.0010001569662844156,1.0,0.0,1.0
2025-01-25,B_RSI14_mean_reversion,-0.4274581994939416,0.7425878031467338,-0.31742524529926436,ACCEPT,-0.019406534499448846,1.0,1.0,0.0
2025-01-26,B_RSI14_mean_reversion,-0.31890394631623453,0.649451720659384,-0.20711271666014633,ABSTAIN,-0.005792734886665207,1.0,0.0,1.0
2025-01-27,B_RSI14_mean_reversion,-0.28830251163864434,0.6673629859357901,-0.19240242501995358,ACCEPT,-0.007397669160641884,1.0,1.0,0.0
2025-01-28,B_RSI14_mean_reversion,-0.19194588504791624,0.6698678801481333,-0.12857838312020492,ACCEPT,0.023395602825692086,0.0,1.0,0.0
2025-01-29,B_RSI14_mean_reversion,-0.13670231164852353,0.7718748462668743,-0.10551707578803045,ACCEPT,0.009952379879751394,0.0,1.0,0.0
2025-01-30,B_RSI14_mean_reversion,-0.21020389515584484,0.7717813081533051,-0.16223143718229813,ACCEPT,-0.022249243050878498,1.0,1.0,0.0
2025-01-31,B_RSI14_mean_reversion,0.09653356445836664,0.6672187822368039,0.0644090073228894,ACCEPT,-0.017080384621634526,0.0,1.0,0.0
2025-02-01,B_RSI14_mean_reversion,0.16310947808920134,0.7623378668110565,0.12434453158318652,ACCEPT,-0.02947596219670423,0.0,1.0,0.0
2025-02-02,B_RSI14_mean_reversion,0.1501222102623511,0.7559966573149759,0.1134918891470734,ACCEPT,0.03804365081173988,1.0,1.0,0.0
2025-02-03,B_RSI14_mean_reversion,0.024025096474708078,0.7528323076887716,0.018086868821499853,ACCEPT,-0.034846278405663456,0.0,1.0,0.0
2025-02-04,B_RSI14_mean_reversion,0.33303168132215377,0.7524288165737206,0.2505826338587846,ACCEPT,-0.012836943218062724,0.0,1.0,0.0
2025-02-05,B_RSI14_mean_reversion,0.2980907704688889,0.7509977013623464,0.22386548341946638,ACCEPT,-0.00022924323774897726,0.0,1.0,0.0
2025-02-06,B_RSI14_mean_reversion,0.31584891933552994,0.7661100862992389,0.2419750428496642,ACCEPT,-0.0006647556256734743,0.0,1.0,0.0
2025-02-07,B_RSI14_mean_reversion,0.36798875058301744,0.7659954331691313,0.2818777024042059,ACCEPT,-0.00048309597099249757,0.0,1.0,0.0
2025-02-08,B_RSI14_mean_reversion,0.36635173167886703,0.7713921191534314,0.2826008386552905,ACCEPT,0.00018283765004545316,1.0,1.0,0.0
2025-02-09,B_RSI14_mean_reversion,0.30222601758785317,0.774388228101073,0.23404027024590135,ACCEPT,0.009714611676219231,1.0,1.0,0.0
2025-02-10,B_RSI14_mean_reversion,0.22357608600522028,0.6874581685021725,0.15369920660603292,ACCEPT,-0.017345724709743937,0.0,1.0,0.0
2025-02-11,B_RSI14_mean_reversion,0.2569752035100862,0.7883017543375355,0.20257400374824613,ACCEPT,0.02233406885677658,1.0,1.0,0.0
2025-02-12,B_RSI14_mean_reversion,0.2705557136114463,0.6808375836512461,0.18420449829825566,ACCEPT,-0.012892487184132717,0.0,1.0,0.0
2025-02-13,B_RSI14_mean_reversion,0.37325901687435165,0.5805895940785426,0.21671030109323572,ABSTAIN,0.009160278803397981,1.0,0.0,1.0
2025-02-14,B_RSI14_mean_reversion,0.24134889963356415,0.6790255002966831,0.16388205731973485,ACCEPT,0.0007320640697474623,1.0,1.0,0.0
2025-02-15,B_RSI14_mean_reversion,0.16527708096738508,0.5811450595989116,0.09604995906912514,ABSTAIN,-0.014401672980240199,0.0,0.0,1.0
2025-02-16,B_RSI14_mean_reversion,0.08881076480786661,0.7800400738446783,0.06927595553893062,ACCEPT,-0.004176223623530095,0.0,1.0,0.0
2025-02-17,B_RSI14_mean_reversion,0.41013765108479533,0.7801861830320206,0.3199837285175651,ACCEPT,-0.0024415545387781457,0.0,1.0,0.0
2025-02-18,B_RSI14_mean_reversion,0.22356262660680642,0.7858138279537663,0.17567860340129307,ACCEPT,0.011472343504350446,1.0,1.0,0.0
2025-02-19,B_RSI14_mean_reversion,-0.0019630138080262327,0.5870845427318206,-0.0011524550638613309,ABSTAIN,0.017574558032842136,0.0,0.0,1.0
2025-02-20,B_RSI14_mean_reversion,-0.14568259004057893,0.7865668383417953,-0.11458909424966209,ACCEPT,-0.02245807176184722,1.0,1.0,0.0
2025-02-21,B_RSI14_mean_reversion,0.028635324680220436,0.6844738873661264,0.019600131999861662,ACCEPT,0.0047043783073406065,1.0,1.0,0.0
2025-02-22,B_RSI14_mean_reversion,-0.006573675659509491,0.6934402025668633,-0.00455845098093912,ACCEPT,-0.0031460239332733453,1.0,1.0,0.0
2025-02-23,B_RSI14_mean_reversion,0.015298292932452853,0.6083252715945433,0.009306338203067263,ABSTAIN,-0.05043681513571874,0.0,0.0,1.0
2025-02-24,B_RSI14_mean_reversion,0.3218505799510342,0.7929280036810841,0.2552043378441727,ACCEPT,-0.029337712021491935,0.0,1.0,0.0
2025-02-25,B_RSI14_mean_reversion,0.3560046158685756,0.7874043288077871,0.2803195756104699,ACCEPT,-0.04946290046952739,0.0,1.0,0.0
2025-02-26,B_RSI14_mean_reversion,0.616943773872261,0.7685607448951713,0.47415876640570304,ACCEPT,0.004234922709094535,1.0,1.0,0.0
2025-02-27,B_RSI14_mean_reversion,0.5665169533943177,0.7701359161540218,0.43629505291911813,ACCEPT,-0.003910297790814532,0.0,1.0,0.0
2025-02-28,B_RSI14_mean_reversion,0.6412059715107364,0.7681449195790894,0.4925391094197465,ACCEPT,0.019661575342751147,1.0,1.0,0.0
2025-03-01,B_RSI14_mean_reversion,0.5231725591710216,0.6654928374659221,0.3481675908870312,ACCEPT,0.09550452979612856,1.0,1.0,0.0
2025-03-02,B_RSI14_mean_reversion,0.06670179161582965,0.6059170817047388,0.040415754920341114,ABSTAIN,-0.08682040111941614,0.0,0.0,1.0
2025-03-03,B_RSI14_mean_reversion,0.26476051025632785,0.5888888888888889,0.1559145227065042,ABSTAIN,0.013437685575495406,1.0,0.0,1.0
2025-03-04,B_RSI14_mean_reversion,0.22127268566658911,0.5911111111111111,0.13079674308291714,ABSTAIN,0.03899657851208138,1.0,0.0,1.0
2025-03-05,B_RSI14_mean_reversion,0.15070052827492858,0.49111111111111105,0.07401070388613158,ABSTAIN,-0.007303133084179958,0.0,0.0,1.0
2025-03-06,B_RSI14_mean_reversion,0.2154592872476181,0.5888888888888889,0.12688158026804178,ABSTAIN,-0.0357824911826653,0.0,0.0,1.0
2025-03-07,B_RSI14_mean_reversion,0.23534751052590125,0.4888888888888889,0.11505878292377394,ABSTAIN,-0.006779571257010009,0.0,0.0,1.0
2025-03-08,B_RSI14_mean_reversion,0.26055279183723046,0.4888888888888889,0.12738136489820157,ABSTAIN,-0.0644603432710168,0.0,0.0,1.0
2025-03-09,B_RSI14_mean_reversion,0.34633328965602145,0.6866666666666666,0.2378155255638014,ACCEPT,-0.02567012890361897,0.0,1.0,0.0
2025-03-10,B_RSI14_mean_reversion,0.3034393211501123,0.6844444444444444,0.20768735758718795,ACCEPT,0.05513944554449135,1.0,1.0,0.0
2025-03-11,B_RSI14_mean_reversion,0.13315032550564923,0.6866666666666666,0.0914298901805458,ACCEPT,0.010380466895202334,1.0,1.0,0.0
2025-03-12,B_RSI14_mean_reversion,0.015391023862949424,0.5866666666666667,0.009029400666263662,ABSTAIN,-0.0317197970748182,0.0,0.0,1.0
2025-03-13,B_RSI14_mean_reversion,0.08482098533440763,0.5866666666666667,0.04976164472951914,ABSTAIN,0.03580259620308812,1.0,0.0,1.0
2025-03-14,B_RSI14_mean_reversion,0.008885674539569096,0.5866666666666667,0.00521292906321387,ABSTAIN,0.004454112352525463,1.0,0.0,1.0
2025-03-15,B_RSI14_mean_reversion,0.03823334283122392,0.5888888888888889,0.02251519077838742,ABSTAIN,-0.020907717157540473,0.0,0.0,1.0
2025-03-16,B_RSI14_mean_reversion,0.3093661199763625,0.5888888888888889,0.1821822706527468,ABSTAIN,0.018115835083536647,1.0,0.0,1.0
2025-03-17,B_RSI14_mean_reversion,0.06412830192099421,0.5911111111111111,0.03790695180218769,ABSTAIN,-0.016142449028442418,0.0,0.0,1.0
2025-03-18,B_RSI14_mean_reversion,0.1442014903102816,0.6888888888888889,0.09933880443597176,ACCEPT,0.049997601050550955,1.0,1.0,0.0
2025-03-19,B_RSI14_mean_reversion,0.11791585333098382,0.5888888888888889,0.06943933585046826,ABSTAIN,-0.030937253791171848,0.0,0.0,1.0
2025-03-20,B_RSI14_mean_reversion,0.1704699288471342,0.5888888888888889,0.10038784698775681,ABSTAIN,-0.0014727011460912154,0.0,0.0,1.0
2025-03-21,B_RSI14_mean_reversion,0.08737032336630904,0.5888888888888889,0.05145141264904866,ABSTAIN,-0.0025077306278807887,0.0,0.0,1.0
2025-03-22,B_RSI14_mean_reversion,0.07608710121020551,0.6907654864176188,0.0525583434775742,ACCEPT,0.026503933905394295,1.0,1.0,0.0
2025-03-23,B_RSI14_mean_reversion,-0.20058299001348004,0.7199346676343936,-0.14440664824846763,ACCEPT,0.016786352378946434,0.0,1.0,0.0
2025-03-24,B_RSI14_mean_reversion,-0.3375724804451693,0.7172625464546509,-0.24212809693711498,ACCEPT,-0.0003109860024155253,1.0,1.0,0.0
2025-03-25,B_RSI14_mean_reversion,-0.20707577482099807,0.726770273332478,-0.15049651746719142,ACCEPT,-0.00652577110204744,1.0,1.0,0.0
2025-03-26,B_RSI14_mean_reversion,-0.1446716617411691,0.7290343131329833,-0.10547060554728052,ACCEPT,0.003178549412391707,0.0,1.0,0.0
2025-03-27,B_RSI14_mean_reversion,-0.3118956289685758,0.6351341447474966,-0.19809556355543892,ABSTAIN,-0.032393289916566204,1.0,0.0,1.0
2025-03-28,B_RSI14_mean_reversion,-0.01968187416220502,0.630197894931551,-0.012403475665329287,ABSTAIN,-0.020812056603918605,1.0,0.0,1.0
2025-03-29,B_RSI14_mean_reversion,0.08354075784072122,0.7517921163898287,0.06280528314188598,ACCEPT,-0.0031848691098436133,0.0,1.0,0.0
2025-03-30,B_RSI14_mean_reversion,0.012641288484104934,0.7559397292249646,0.009556052193728947,ACCEPT,0.0026038970780313253,1.0,1.0,0.0
2025-03-31,B_RSI14_mean_reversion,0.08429481856904075,0.7733919052206699,0.06519293033334113,ACCEPT,0.0317418810684309,1.0,1.0,0.0
2025-04-01,B_RSI14_mean_reversion,-0.12648384224821455,0.5678572284200357,-0.07182476409898814,ABSTAIN,-0.031507420800550134,1.0,0.0,1.0
2025-04-02,B_RSI14_mean_reversion,0.24373648196854789,0.6679432904791325,0.16280214777587962,ACCEPT,0.007481504135517403,1.0,1.0,0.0
2025-04-03,B_RSI14_mean_reversion,0.06713896892828672,0.6756188935024094,0.045360355898221724,ACCEPT,0.008916382019940938,1.0,1.0,0.0
2025-04-04,B_RSI14_mean_reversion,0.012108976998256225,0.7774381009999389,0.00941398008257626,ACCEPT,-0.004043325726492686,0.0,1.0,0.0
2025-04-05,B_RSI14_mean_reversion,0.019742031926890887,0.6803136307541942,0.013430773418648359,ACCEPT,-0.06335339642726368,0.0,1.0,0.0
2025-04-06,B_RSI14_mean_reversion,0.3986339668271785,0.758863147707168,0.30250862684946744,ACCEPT,0.013051950296130821,1.0,1.0,0.0
2025-04-07,B_RSI14_mean_reversion,0.4294284101935341,0.7585234714059446,0.3257315284203354,ACCEPT,-0.03739976334343409,0.0,1.0,0.0
2025-04-08,B_RSI14_mean_reversion,0.5049623805900751,0.7691697291766536,0.38840177752286636,ACCEPT,0.0826253916648998,1.0,1.0,0.0
2025-04-09,B_RSI14_mean_reversion,0.15502843766261137,0.6356028581058583,0.09853651806604168,ABSTAIN,-0.0356990599146636,0.0,0.0,1.0
2025-04-10,B_RSI14_mean_reversion,0.24690747129593318,0.6278158190927567,0.15501241633177762,ABSTAIN,0.04745546227457886,1.0,0.0,1.0
2025-04-11,B_RSI14_mean_reversion,0.030069942889304712,0.6172422285194736,0.01856043856044774,ABSTAIN,0.022567917271733462,1.0,0.0,1.0
2025-04-12,B_RSI14_mean_reversion,-0.08494054070858667,0.72030639328958,-0.06118321452186881,ACCEPT,-0.01878516957885823,1.0,1.0,0.0
2025-04-13,B_RSI14_mean_reversion,-0.04091950888446064,0.7224757241140323,-0.029563351811691275,ACCEPT,0.010245734631468162,0.0,1.0,0.0
2025-04-14,B_RSI14_mean_reversion,-0.05924908205892805,0.7218805296970795,-0.04277075874076471,ACCEPT,-0.01033089354397465,1.0,1.0,0.0
2025-04-15,B_RSI14_mean_reversion,0.04702929255598334,0.5238647734244919,0.024636989689154357,ABSTAIN,0.004360934564412222,1.0,0.0,1.0
2025-04-16,B_RSI14_mean_reversion,-0.05233749714758986,0.7238117765511457,-0.037882496790637536,ACCEPT,0.01025637449930672,0.0,1.0,0.0
2025-04-17,B_RSI14_mean_reversion,-0.06011470027519906,0.7278923069830802,-0.04375702786691105,ACCEPT,-0.005241078764249063,1.0,1.0,0.0
2025-04-18,B_RSI14_mean_reversion,-0.020556074407825094,0.7298863464581045,-0.015003598047048402,ACCEPT,0.007254038339443714,0.0,1.0,0.0
2025-04-19,B_RSI14_mean_reversion,-0.052298051946519875,0.5276465943728541,-0.027594889001915826,ABSTAIN,0.0013036230231544543,0.0,0.0,1.0
2025-04-20,B_RSI14_mean_reversion,-0.28265337041308614,0.7276451371018899,-0.20567135046654134,ACCEPT,0.027527099529631727,0.0,1.0,0.0
2025-04-21,B_RSI14_mean_reversion,-0.31925069364884107,0.7264828344795863,-0.2319301488315841,ACCEPT,0.06767662701452015,0.0,1.0,0.0
2025-04-22,B_RSI14_mean_reversion,-0.5939815688180164,0.7122371524575164,-0.42305574118719236,ACCEPT,0.0027527134594511615,0.0,1.0,0.0
2025-04-23,B_RSI14_mean_reversion,-0.4866278326707223,0.7121744009489234,-0.34656388521734455,ACCEPT,0.0026114175645013393,0.0,1.0,0.0
2025-04-24,B_RSI14_mean_reversion,-0.7102501955197493,0.7121402835581462,-0.5057977756346631,ACCEPT,0.008267742531563593,0.0,1.0,0.0
2025-04-25,B_RSI14_mean_reversion,-0.6595510023237208,0.7103837223405818,-0.46853429610418645,ACCEPT,-0.0007767095032226168,1.0,1.0,0.0
2025-04-26,B_RSI14_mean_reversion,-0.6098431535637223,0.7334425458864249,-0.44728491514118246,ACCEPT,-0.00942540809771053,1.0,1.0,0.0
2025-04-27,B_RSI14_mean_reversion,-0.687932678887752,0.6317832672416102,-0.4346243555099774,ABSTAIN,0.013054325526514532,0.0,0.0,1.0
2025-04-28,B_RSI14_mean_reversion,-0.6955551459523741,0.7408025510095465,-0.5152690264893361,ACCEPT,-0.007306486319308303,1.0,1.0,0.0
2025-04-29,B_RSI14_mean_reversion,-0.7160777617925896,0.672438194298629,-0.4815180371172128,ACCEPT,-0.0008217291810309613,1.0,1.0,0.0
2025-04-30,B_RSI14_mean_reversion,-0.6998059439929967,0.7869204361130201,-0.5506915986414527,ACCEPT,0.02425526614507767,0.0,1.0,0.0
2025-05-01,B_RSI14_mean_reversion,-0.7265728977246306,0.7943106876854542,-0.5771246180452645,ACCEPT,0.0043291974532626565,0.0,1.0,0.0
2025-05-02,B_RSI14_mean_reversion,-0.7819563987326194,0.7961588062226628,-0.6225614729331347,ACCEPT,-0.010507405827035687,1.0,1.0,0.0
2025-05-03,B_RSI14_mean_reversion,-0.6627275322306946,0.8012405247934618,-0.5310041557195976,ACCEPT,-0.016433317174712747,1.0,1.0,0.0
2025-05-04,B_RSI14_mean_reversion,-0.5134603351239491,0.6972183094933246,-0.3579939468469957,ACCEPT,0.0045811763897039,0.0,1.0,0.0
2025-05-05,B_RSI14_mean_reversion,-0.45490594189610706,0.699323317536344,-0.3181263324537809,ACCEPT,0.02168299794413664,0.0,1.0,0.0
2025-05-06,B_RSI14_mean_reversion,-0.27951400282922195,0.7976133929420572,-0.2229441121714315,ACCEPT,0.0023743581586117557,0.0,1.0,0.0
2025-05-07,B_RSI14_mean_reversion,-0.2778697893430851,0.7975214556223071,-0.22160711887036108,ACCEPT,0.06399043746457878,0.0,1.0,0.0
2025-05-08,B_RSI14_mean_reversion,-0.5176861826494149,0.7769479211073133,-0.40221520339544375,ACCEPT,-0.002621130818400763,1.0,1.0,0.0
2025-05-09,B_RSI14_mean_reversion,-0.4726926442579915,0.7781724560408234,-0.3678363959346725,ACCEPT,0.016756941758927724,0.0,1.0,0.0
2025-05-10,B_RSI14_mean_reversion,-0.5259853717917735,0.7761873744581853,-0.40826320473446914,ACCEPT,-0.005635047193781384,1.0,1.0,0.0
2025-05-11,B_RSI14_mean_reversion,-0.5505031829614961,0.7766956211448478,-0.427573411632495,ACCEPT,-0.01242389281274392,1.0,1.0,0.0
2025-05-12,B_RSI14_mean_reversion,-0.41509594854485554,0.7029282455351356,-0.2917826668393782,ACCEPT,0.013197358248725033,0.0,1.0,0.0
2025-05-13,B_RSI14_mean_reversion,-0.5059867033241691,0.7002346689979919,-0.3543094317195847,ACCEPT,-0.006051642240404331,1.0,1.0,0.0
2025-05-14,B_RSI14_mean_reversion,-0.4645366199489072,0.7014846895617115,-0.3258653266349059,ACCEPT,0.00198211052629782,0.0,1.0,0.0
2025-05-15,B_RSI14_mean_reversion,-0.4026986988029159,0.79928845754947,-0.32187242182336123,ACCEPT,-0.0024613470244020386,1.0,1.0,0.0
2025-05-16,B_RSI14_mean_reversion,-0.36864822272806863,0.6983483521223084,-0.2574448788549644,ACCEPT,-0.0028814878109744146,1.0,1.0,0.0
2025-05-17,B_RSI14_mean_reversion,-0.4261909442937355,0.7017334241779906,-0.29907243069289424,ACCEPT,0.03154266519659865,0.0,1.0,0.0
2025-05-18,B_RSI14_mean_reversion,-0.6450117898466072,0.7967604355246347,-0.513919874596707,ACCEPT,-0.007889709931436006,1.0,1.0,0.0
2025-05-19,B_RSI14_mean_reversion,-0.5651253909572782,0.7988606659974283,-0.45145644619218833,ACCEPT,0.011220046530480143,0.0,1.0,0.0
2025-05-20,B_RSI14_mean_reversion,-0.5445122548497691,0.7968162843721649,-0.4338762317045023,ACCEPT,0.027034018449719976,0.0,1.0,0.0
2025-05-21,B_RSI14_mean_reversion,-0.602141981611992,0.7959928523747527,-0.47930071347791536,ACCEPT,0.018191448638679386,0.0,1.0,0.0
2025-05-22,B_RSI14_mean_reversion,-0.5022722185276212,0.7928495352129661,-0.3982262950100098,ACCEPT,-0.03927066820202352,1.0,1.0,0.0
2025-05-23,B_RSI14_mean_reversion,-0.20653040476773385,0.7798191019022153,-0.1610563547614752,ACCEPT,0.004691674073487251,0.0,1.0,0.0
2025-05-24,B_RSI14_mean_reversion,-0.1572566526958137,0.6801564297003324,-0.10695912344420981,ACCEPT,0.011543009819045436,0.0,1.0,0.0
2025-05-25,B_RSI14_mean_reversion,-0.24239895497156908,0.6800591375807659,-0.16484562426844415,ACCEPT,0.003714175371671846,0.0,1.0,0.0
2025-05-26,B_RSI14_mean_reversion,-0.3408121310636335,0.7815684519352586,-0.2663680096761605,ACCEPT,-0.004072780217708405,1.0,1.0,0.0
2025-05-27,B_RSI14_mean_reversion,-0.2603116770131879,0.7831421479323485,-0.20386104586797973,ACCEPT,-0.010939184653144474,1.0,1.0,0.0
2025-05-28,B_RSI14_mean_reversion,-0.22322747558584355,0.7102327685725047,-0.15854346800678487,ACCEPT,-0.020041963379443528,1.0,1.0,0.0
2025-05-29,B_RSI14_mean_reversion,-0.09011546889873145,0.7082709291277225,-0.0638261668856849,ACCEPT,-0.015554336978341854,1.0,1.0,0.0
2025-05-30,B_RSI14_mean_reversion,-0.02269533768662697,0.7082702374531328,-0.016074432212386316,ACCEPT,0.006149348357177731,0.0,1.0,0.0
2025-05-31,B_RSI14_mean_reversion,-0.0635175550592129,0.7060127990993197,-0.04484420683930006,ACCEPT,0.009690618169351017,0.0,1.0,0.0
2025-06-01,B_RSI14_mean_reversion,0.038651128116965194,0.7069242395537828,0.027323419351981452,ACCEPT,0.0021715582000447764,1.0,1.0,0.0
2025-06-02,B_RSI14_mean_reversion,-0.013815993467733989,0.6082163196911365,-0.00840311269982195,ABSTAIN,-0.004241178746647534,1.0,0.0,1.0
2025-06-03,B_RSI14_mean_reversion,0.07078317237460638,0.7084190005626356,0.05014414423027141,ACCEPT,-0.0066439151364365845,0.0,1.0,0.0
2025-06-04,B_RSI14_mean_reversion,0.29081732023621837,0.8079245013738714,0.2349584384427322,ACCEPT,-0.030134359325224014,0.0,1.0,0.0
2025-06-05,B_RSI14_mean_reversion,0.5557634868938754,0.8001111083650523,0.44467253948748486,ACCEPT,0.027707252931573167,1.0,1.0,0.0
2025-06-06,B_RSI14_mean_reversion,0.1745737963730916,0.5961656595427772,0.10407490245365064,ABSTAIN,0.011737496074678777,1.0,0.0,1.0
2025-06-07,B_RSI14_mean_reversion,0.1256137058722699,0.7052829437895369,0.08859320425790755,ACCEPT,0.0016855786016509722,1.0,1.0,0.0
2025-06-08,B_RSI14_mean_reversion,0.19945490858663179,0.7080058510494811,0.1412152422998747,ACCEPT,0.04253991795791734,1.0,1.0,0.0
2025-06-09,B_RSI14_mean_reversion,-0.041955673909988465,0.7951403119680114,-0.033360647641616385,ACCEPT,-0.0003342625487465778,1.0,1.0,0.0
2025-06-10,B_RSI14_mean_reversion,-0.06332083727753143,0.8002659748018113,-0.05067351156917056,ACCEPT,-0.014244955298426398,1.0,1.0,0.0
2025-06-11,B_RSI14_mean_reversion,-0.0435229980920478,0.8036929402373423,-0.034979126304542134,ACCEPT,-0.025371753999169577,1.0,1.0,0.0
2025-06-12,B_RSI14_mean_reversion,-0.013736454609635018,0.7108851938266495,-0.009765042197661363,ACCEPT,0.0015285141831733462,0.0,1.0,0.0
2025-06-13,B_RSI14_mean_reversion,-0.10766884274094508,0.7088620861342613,-0.07632236047700805,ACCEPT,-0.0058304915798971235,1.0,1.0,0.0
2025-06-14,B_RSI14_mean_reversion,-0.042977691780182285,0.7122634326188,-0.03061143827338542,ACCEPT,0.0007548627203146641,0.0,1.0,0.0
2025-06-15,B_RSI14_mean_reversion,0.0054159820938583896,0.8102377064275922,0.00438823290978073,ACCEPT,0.011792615001237072,1.0,1.0,0.0
2025-06-16,B_RSI14_mean_reversion,-0.04695010101471595,0.611057380184957,-0.02868920572547142,ABSTAIN,-0.020559056941174436,1.0,0.0,1.0
2025-06-17,B_RSI14_mean_reversion,0.03914051456868108,0.8086820106625155,0.0316522300197665,ACCEPT,0.0026979724986506692,1.0,1.0,0.0
2025-06-18,B_RSI14_mean_reversion,-0.007268486764990598,0.713939211999134,-0.005189257713423523,ACCEPT,-0.0018977187896134229,1.0,1.0,0.0
2025-06-19,B_RSI14_mean_reversion,-0.17399109375088828,0.7182630105792931,-0.12497136681149705,ACCEPT,-0.013131746055793259,1.0,1.0,0.0
2025-06-20,B_RSI14_mean_reversion,0.06579776610555328,0.8193156422666092,0.05390913899647952,ACCEPT,-0.010184874363913243,0.0,1.0,0.0
2025-06-21,B_RSI14_mean_reversion,0.20663259419922014,0.817354167440648,0.16889201199780485,ACCEPT,-0.012422235919953284,0.0,1.0,0.0
2025-06-22,B_RSI14_mean_reversion,0.27712212042904766,0.8165281225130103,0.22627800470075463,ACCEPT,0.04545759771084712,1.0,1.0,0.0
2025-06-23,B_RSI14_mean_reversion,0.27051624334228636,0.6995202230805582,0.1892315828897107,ACCEPT,0.004431419225533917,1.0,1.0,0.0
2025-06-24,B_RSI14_mean_reversion,0.235738846041327,0.6997865401223855,0.16496687144370392,ACCEPT,0.012406215749838134,1.0,1.0,0.0
2025-06-25,B_RSI14_mean_reversion,0.07525982065975172,0.7089280642232241,0.05335379897410479,ACCEPT,-0.003737454466123835,0.0,1.0,0.0
2025-06-26,B_RSI14_mean_reversion,-0.06758417100161182,0.8116617944347218,-0.05485548951055134,ACCEPT,0.0012007263229245613,0.0,1.0,0.0
2025-06-27,B_RSI14_mean_reversion,-0.06553293533655974,0.8103729125474454,-0.05310611567647132,ACCEPT,0.002234353778444831,0.0,1.0,0.0
2025-06-28,B_RSI14_mean_reversion,-0.12500763275198096,0.7103628367038345,-0.08880077661132836,ACCEPT,0.009856422495764683,0.0,1.0,0.0
2025-06-29,B_RSI14_mean_reversion,-0.17911487048402805,0.8235110895130805,-0.14750308214029625,ACCEPT,-0.011535062936840146,1.0,1.0,0.0
2025-06-30,B_RSI14_mean_reversion,-0.02139484643774665,0.8224425204874326,-0.017596031429701925,ACCEPT,-0.013413452013053329,1.0,1.0,0.0
2025-07-01,B_RSI14_mean_reversion,-0.07282078724250439,0.7226447386482796,-0.05262355876502156,ACCEPT,0.02990624847553991,0.0,1.0,0.0
2025-07-02,B_RSI14_mean_reversion,-0.22155976942289116,0.8181200736983536,-0.18126249488884594,ACCEPT,0.007244728772290987,0.0,1.0,0.0
2025-07-03,B_RSI14_mean_reversion,-0.26779965352857116,0.8155991338942221,-0.2184171654750754,ACCEPT,-0.014716556343200904,1.0,1.0,0.0
2025-07-04,B_RSI14_mean_reversion,-0.25166328488986606,0.8158633481564499,-0.20532285021829663,ACCEPT,0.0018220480395592098,0.0,1.0,0.0
2025-07-05,B_RSI14_mean_reversion,-0.33338245572118125,0.7158644794237096,-0.23865665811384132,ACCEPT,0.009247710575546852,0.0,1.0,0.0
2025-07-06,B_RSI14_mean_reversion,-0.46715322974391255,0.7140756715563854,-0.33358275624911876,ACCEPT,-0.008534295352390808,1.0,1.0,0.0
2025-07-07,B_RSI14_mean_reversion,-0.1945607465571905,0.819960629293004,-0.15953215218275058,ACCEPT,0.006005750382996888,0.0,1.0,0.0
2025-07-08,B_RSI14_mean_reversion,-0.20493528284060986,0.8175835864158136,-0.16755172352796496,ACCEPT,0.021810695604753683,0.0,1.0,0.0
2025-07-09,B_RSI14_mean_reversion,-0.2602906922479673,0.8142834646704139,-0.21195040670513526,ACCEPT,0.041864660687494615,0.0,1.0,0.0
2025-07-10,B_RSI14_mean_reversion,-0.4630878562084797,0.8025666885276248,-0.37165888725459645,ACCEPT,0.013189291760499877,0.0,1.0,0.0
2025-07-11,B_RSI14_mean_reversion,-0.49909704166171254,0.8023360233540656,-0.40044353567463686,ACCEPT,-0.0006957770402219454,1.0,1.0,0.0
2025-07-12,B_RSI14_mean_reversion,-0.48740666844737063,0.8051823131897518,-0.3924512287645643,ACCEPT,0.014313342548076147,0.0,1.0,0.0
2025-07-13,B_RSI14_mean_reversion,-0.5023576072517454,0.8188016920794394,-0.41133125884670757,ACCEPT,0.006158578325259345,0.0,1.0,0.0
2025-07-14,B_RSI14_mean_reversion,-0.6099853185741964,0.8166113908779231,-0.4981209594159875,ACCEPT,-0.01729262210051885,1.0,1.0,0.0
2025-07-15,B_RSI14_mean_reversion,-0.5623539647391226,0.8118780273827173,-0.456562827583249,ACCEPT,0.00816219450392297,0.0,1.0,0.0
2025-07-16,B_RSI14_mean_reversion,-0.5124201101236259,0.712538509732674,-0.36511906162454105,ACCEPT,0.004643278306736054,0.0,1.0,0.0
2025-07-17,B_RSI14_mean_reversion,-0.5063434527436056,0.7104862067891355,-0.35975003907231823,ACCEPT,-0.01078563897020779,1.0,1.0,0.0
2025-07-18,B_RSI14_mean_reversion,-0.5326649234242359,0.8103131810609541,-0.43162540853948206,ACCEPT,-0.0005360022928398989,1.0,1.0,0.0
2025-07-19,B_RSI14_mean_reversion,-0.5224971367739135,0.7125468457420956,-0.3723036867175284,ACCEPT,-0.00541960002562214,1.0,1.0,0.0
2025-07-20,B_RSI14_mean_reversion,-0.4428537247795799,0.7163036647369528,-0.317217746002023,ACCEPT,0.0011828564931994912,0.0,1.0,0.0
2025-07-21,B_RSI14_mean_reversion,-0.5244748661106962,0.7195369905625285,-0.37737906678697536,ACCEPT,0.02176332622218302,0.0,1.0,0.0
2025-07-22,B_RSI14_mean_reversion,-0.5713453213453212,0.823028598924404,-0.47023353932885315,ACCEPT,-0.010337504434577038,1.0,1.0,0.0
2025-07-23,B_RSI14_mean_reversion,-0.40824426405894854,0.823014944135811,-0.3359911301782408,ACCEPT,-0.0032584822936673197,1.0,1.0,0.0
2025-07-24,B_RSI14_mean_reversion,-0.17100604134330383,0.6284617698372356,-0.1074707593954722,ABSTAIN,-0.006185093838706357,1.0,0.0,1.0
2025-07-25,B_RSI14_mean_reversion,-0.009058592150251883,0.727325941404095,-0.006588549063477696,ACCEPT,0.002647868724685587,0.0,1.0,0.0
2025-07-26,B_RSI14_mean_reversion,-0.03835011548208797,0.7253625306422131,-0.027817736816508447,ACCEPT,0.012727075099638885,0.0,1.0,0.0
2025-07-27,B_RSI14_mean_reversion,-0.025228511823789573,0.8264411917781957,-0.020849881378442958,ACCEPT,-0.012758768211219684,1.0,1.0,0.0
2025-07-28,B_RSI14_mean_reversion,0.1378607579994865,0.723307925094393,0.09971577882054881,ACCEPT,-1.9742508661990676e-05,0.0,1.0,0.0
2025-07-29,B_RSI14_mean_reversion,-0.012186895950640207,0.7244954997960174,-0.008829351272721137,ACCEPT,-0.0007713643170961237,1.0,1.0,0.0
2025-07-30,B_RSI14_mean_reversion,0.08230065103806808,0.8465131290811017,0.06966858163564682,ACCEPT,-0.017592832754910526,0.0,1.0,0.0
2025-07-31,B_RSI14_mean_reversion,0.28149289309061204,0.8445015197289446,0.2377211760079192,ACCEPT,-0.021062154747402473,0.0,1.0,0.0
2025-08-01,B_RSI14_mean_reversion,0.3418947421253938,0.8369524069863418,0.28614962735782296,ACCEPT,-0.006999393518263508,0.0,1.0,0.0
2025-08-02,B_RSI14_mean_reversion,0.3751897955514738,0.8380838255598411,0.3144404991667938,ACCEPT,0.015025363723748075,1.0,1.0,0.0
2025-08-03,B_RSI14_mean_reversion,0.1991793370597958,0.8371942834772327,0.16675180237324597,ACCEPT,0.007478798363486527,1.0,1.0,0.0
2025-08-04,B_RSI14_mean_reversion,0.1462006923620197,0.741502080071424,0.10840811749431997,ACCEPT,-0.008085706753543476,0.0,1.0,0.0
2025-08-05,B_RSI14_mean_reversion,0.40180647430782557,0.7421831819603427,0.29821400763404865,ACCEPT,0.007767158415357134,1.0,1.0,0.0
2025-08-06,B_RSI14_mean_reversion,0.26218090306993647,0.7437254410079931,0.1949906077595624,ACCEPT,0.021463456180234486,1.0,1.0,0.0
2025-08-07,B_RSI14_mean_reversion,0.0534511132832256,0.7384899848610278,0.03947311183933435,ACCEPT,-0.0068782400705657,0.0,1.0,0.0
2025-08-08,B_RSI14_mean_reversion,0.057847895668040224,0.7379579730701945,0.04268931583356305,ACCEPT,-0.0016142706587778388,0.0,1.0,0.0
2025-08-09,B_RSI14_mean_reversion,0.08904607807739666,0.73603061921237,0.06554063998573931,ACCEPT,0.02408918266480664,1.0,1.0,0.0
2025-08-10,B_RSI14_mean_reversion,0.008073560091994664,0.7293878538991097,0.0058887566688254865,ACCEPT,-0.004822128356753663,0.0,1.0,0.0
2025-08-11,B_RSI14_mean_reversion,-0.048593044775866616,0.8344959312029394,-0.04055069815022294,ACCEPT,0.012140515376580119,0.0,1.0,0.0
2025-08-12,B_RSI14_mean_reversion,-0.12472471311069114,0.8318418956509974,-0.10375124178852413,ACCEPT,0.026388279596092357,0.0,1.0,0.0
2025-08-13,B_RSI14_mean_reversion,-0.2609521442771941,0.8249689377723398,-0.21527741327377117,ACCEPT,-0.040411222672351976,1.0,1.0,0.0
2025-08-14,B_RSI14_mean_reversion,-0.10822152886115433,0.7084598072912954,-0.07667060348174276,ACCEPT,-0.008121240187970669,1.0,1.0,0.0
2025-08-15,B_RSI14_mean_reversion,-0.18076930269087654,0.7079035271027098,-0.12796722696676888,ACCEPT,0.0007921746665282559,0.0,1.0,0.0
2025-08-16,B_RSI14_mean_reversion,-0.22709689593357865,0.7094323214306655,-0.16110987807185695,ACCEPT,-0.00032588834829794244,1.0,1.0,0.0
2025-08-17,B_RSI14_mean_reversion,-0.1601046926104337,0.7108231054069255,-0.11380611479156971,ACCEPT,-0.01022323279139703,1.0,1.0,0.0
2025-08-18,B_RSI14_mean_reversion,-0.05742923636352586,0.7121546607362916,-0.04089849833881106,ACCEPT,-0.029428514056440758,1.0,1.0,0.0
2025-08-19,B_RSI14_mean_reversion,0.05685632788276848,0.8074705574799882,0.045909810771764065,ACCEPT,0.012794003430595335,1.0,1.0,0.0
2025-08-20,B_RSI14_mean_reversion,0.031914714028048935,0.8102771748668356,0.02585976431933046,ACCEPT,-0.01623902974513114,0.0,1.0,0.0
2025-08-21,B_RSI14_mean_reversion,0.22088224849155252,0.8095602378444164,0.17881748562443076,ACCEPT,0.03962900798880531,1.0,1.0,0.0
2025-08-22,B_RSI14_mean_reversion,-0.006959003882212613,0.6001264973548619,-0.004176282624911141,ABSTAIN,-0.012832252765613172,1.0,0.0,1.0
2025-08-23,B_RSI14_mean_reversion,0.040291240152362635,0.7022300583911647,0.028293719924846052,ACCEPT,-0.016605933647771742,0.0,1.0,0.0
2025-08-24,B_RSI14_mean_reversion,0.2161500547170739,0.7005319695187554,0.15142002354253853,ACCEPT,-0.029385900493979156,0.0,1.0,0.0
2025-08-25,B_RSI14_mean_reversion,0.28867789262738197,0.7927740506855798,0.2288563422815865,ACCEPT,0.015240086898922645,1.0,1.0,0.0
2025-08-26,B_RSI14_mean_reversion,0.2785217905804133,0.7913986528452845,0.22042176985339557,ACCEPT,-0.005193022862549412,0.0,1.0,0.0
2025-08-27,B_RSI14_mean_reversion,0.4414124597879558,0.7930261438164096,0.35005162081815855,ACCEPT,0.01189280397942638,1.0,1.0,0.0
2025-08-28,B_RSI14_mean_reversion,0.2443171690772064,0.6917702882344318,0.16901135847315948,ACCEPT,-0.036731759955323295,0.0,1.0,0.0
2025-08-29,B_RSI14_mean_reversion,0.33320608343345326,0.7835733528917597,0.2610914079998824,ACCEPT,0.003664157476186425,1.0,1.0,0.0
2025-08-30,B_RSI14_mean_reversion,0.31833619459562246,0.7899256296365412,0.25146191895204756,ACCEPT,-0.00525107534173741,0.0,1.0,0.0
2025-08-31,B_RSI14_mean_reversion,0.3314024584662917,0.7824861293609131,0.2593178269859793,ACCEPT,0.009367272930950854,1.0,1.0,0.0
2025-09-01,B_RSI14_mean_reversion,0.25347165264807214,0.6822784609923798,0.17293824907392172,ACCEPT,0.017848801737061493,1.0,1.0,0.0
2025-09-02,B_RSI14_mean_reversion,0.062350297567658544,0.6879604576772659,0.04289453925096009,ACCEPT,0.004699840343410866,1.0,1.0,0.0
2025-09-03,B_RSI14_mean_reversion,0.10112602389030939,0.700198311416488,0.07080827116825807,ACCEPT,-0.008947195185422974,0.0,1.0,0.0
2025-09-04,B_RSI14_mean_reversion,0.06955579992775682,0.6954189879709434,0.04837042399327006,ACCEPT,-0.0006558419928113235,0.0,1.0,0.0
2025-09-05,B_RSI14_mean_reversion,0.31126925071344547,0.5929598920255355,0.18457018129391395,ABSTAIN,-0.0038525555367432407,0.0,0.0,1.0
2025-09-06,B_RSI14_mean_reversion,0.2721909006932032,0.5907609894498607,0.16079976581276548,ABSTAIN,0.008554542812086785,1.0,0.0,1.0
2025-09-07,B_RSI14_mean_reversion,0.12764875609242196,0.6900936246598399,0.0880895927751393,ACCEPT,0.008130177859939192,1.0,1.0,0.0
2025-09-08,B_RSI14_mean_reversion,-0.1254887862391631,0.7961430257862233,-0.0999070219786879,ACCEPT,-0.004826232823193166,1.0,1.0,0.0
2025-09-09,B_RSI14_mean_reversion,0.01892469893265357,0.6975913437685503,0.013201706158845052,ACCEPT,0.02174124101370767,1.0,1.0,0.0
2025-09-10,B_RSI14_mean_reversion,-0.16848542170717054,0.7938588423273242,-0.1337536418254854,ACCEPT,0.013620945043858246,0.0,1.0,0.0
2025-09-11,B_RSI14_mean_reversion,-0.1800814861245655,0.8064204526524474,-0.14522139355489755,ACCEPT,0.005142859655061782,0.0,1.0,0.0
2025-09-12,B_RSI14_mean_reversion,-0.5956156002441964,0.8055850026139814,-0.479818994879649,ACCEPT,-0.0013011908618274504,1.0,1.0,0.0
2025-09-13,B_RSI14_mean_reversion,-0.5639021501794901,0.8111392758336435,-0.45740318173762606,ACCEPT,-0.004681752350561785,1.0,1.0,0.0
2025-09-14,B_RSI14_mean_reversion,-0.5674299939849567,0.7220099074387122,-0.4096900774350276,ACCEPT,0.0003224981011604733,0.0,1.0,0.0
2025-09-15,B_RSI14_mean_reversion,-0.5311999614095692,0.7212357101245673,-0.38312038138537335,ACCEPT,0.012112382641498831,0.0,1.0,0.0
2025-09-16,B_RSI14_mean_reversion,-0.5079195742846434,0.8181055066193026,-0.4155318006419987,ACCEPT,-0.0032066883445814875,1.0,1.0,0.0
2025-09-17,B_RSI14_mean_reversion,-0.4329138175084779,0.818473525849525,-0.35432849860514176,ACCEPT,0.005741425944741474,0.0,1.0,0.0
2025-09-18,B_RSI14_mean_reversion,-0.6033274319113332,0.840183768740487,-0.5069059155277834,ACCEPT,-0.012364506846338497,1.0,1.0,0.0
2025-09-19,B_RSI14_mean_reversion,-0.4196092874591193,0.7371270421569629,-0.3093053529263314,ACCEPT,0.0002861257573012477,0.0,1.0,0.0
2025-09-20,B_RSI14_mean_reversion,-0.4733748908476144,0.7383485283898124,-0.3495156540340242,ACCEPT,-0.003593675600818802,1.0,1.0,0.0
2025-09-21,B_RSI14_mean_reversion,-0.37331103579938146,0.7380850729087235,-0.2755353030756176,ACCEPT,-0.02218083931492132,1.0,1.0,0.0
2025-09-22,B_RSI14_mean_reversion,-0.053147348887637946,0.7319567131028912,-0.038901558801928075,ACCEPT,-0.00651013327573835,1.0,1.0,0.0
2025-09-23,B_RSI14_mean_reversion,-0.03742069863730336,0.7314084429696983,-0.02736981492514836,ACCEPT,0.011731809832655538,0.0,1.0,0.0
2025-09-24,B_RSI14_mean_reversion,0.05301319630167839,0.8305144346010923,0.04402822475288515,ACCEPT,,,1.0,0.0
2021-01-01,C_MA20_50_trend,,,,UNAVAILABLE,0.09372577639540935,,,
2021-01-02,C_MA20_50_trend,,,,UNAVAILABLE,0.020380066800975483,,,
2021-01-03,C_MA20_50_trend,,,,UNAVAILABLE,-0.024712000360334718,,,
2021-01-04,C_MA20_50_trend,,,,UNAVAILABLE,0.06319658000613337,,,
2021-01-05,C_MA20_50_trend,,,,UNAVAILABLE,0.08331071417326141,,,
2021-01-06,C_MA20_50_trend,,,,UNAVAILABLE,0.0691574669750421,,,
2021-01-07,C_MA20_50_trend,,,,UNAVAILABLE,0.0362338992996023,,,
2021-01-08,C_MA20_50_trend,,,,UNAVAILABLE,-0.013311135341493308,,,
2021-01-09,C_MA20_50_trend,,,,UNAVAILABLE,-0.047152573214749416,,,
2021-01-10,C_MA20_50_trend,,,,UNAVAILABLE,-0.07273315912449108,,,
2021-01-11,C_MA20_50_trend,,,,UNAVAILABLE,-0.046214502171538774,,,
2021-01-12,C_MA20_50_trend,,,,UNAVAILABLE,0.10003249550509552,,,
2021-01-13,C_MA20_50_trend,,,,UNAVAILABLE,0.050138030111625875,,,
2021-01-14,C_MA20_50_trend,,,,UNAVAILABLE,-0.06027358971670127,,,
2021-01-15,C_MA20_50_trend,,,,UNAVAILABLE,-0.017575563040677422,,,
2021-01-16,C_MA20_50_trend,,,,UNAVAILABLE,-0.010693288117263444,,,
2021-01-17,C_MA20_50_trend,,,,UNAVAILABLE,0.023435790428599335,,,
2021-01-18,C_MA20_50_trend,,,,UNAVAILABLE,-0.015295342507474663,,,
2021-01-19,C_MA20_50_trend,,,,UNAVAILABLE,-0.014473454791977813,,,
2021-01-20,C_MA20_50_trend,,,,UNAVAILABLE,-0.1328368400602007,,,
2021-01-21,C_MA20_50_trend,,,,UNAVAILABLE,0.07072224005462169,,,
2021-01-22,C_MA20_50_trend,,,,UNAVAILABLE,-0.02842289017956734,,,
2021-01-23,C_MA20_50_trend,,,,UNAVAILABLE,0.006914643868341619,,,
2021-01-24,C_MA20_50_trend,,,,UNAVAILABLE,0.0023851084933719235,,,
2021-01-25,C_MA20_50_trend,,,,UNAVAILABLE,0.006286058316783416,,,
2021-01-26,C_MA20_50_trend,,,,UNAVAILABLE,-0.06562212475675022,,,
2021-01-27,C_MA20_50_trend,,,,UNAVAILABLE,0.09968113394222766,,,
2021-01-28,C_MA20_50_trend,,,,UNAVAILABLE,0.02540747568580648,,,
2021-01-29,C_MA20_50_trend,,,,UNAVAILABLE,-0.0013656239986477026,,,
2021-01-30,C_MA20_50_trend,,0.6,,UNAVAILABLE,-0.03370820328466961,,,
2021-01-31,C_MA20_50_trend,,0.5,,UNAVAILABLE,0.012768370405776608,,,
2021-02-01,C_MA20_50_trend,,0.5,,UNAVAILABLE,0.05883361479570781,,,
2021-02-02,C_MA20_50_trend,,0.6,,UNAVAILABLE,0.055245981743407446,,,
2021-02-03,C_MA20_50_trend,,0.7,,UNAVAILABLE,-0.014571470120209207,,,
2021-02-04,C_MA20_50_trend,,0.7,,UNAVAILABLE,0.032991388091470286,,,
2021-02-05,C_MA20_50_trend,,0.7,,UNAVAILABLE,0.029406828078771152,,,
2021-02-06,C_MA20_50_trend,,0.7,,UNAVAILABLE,-0.009233693380855112,,,
2021-02-07,C_MA20_50_trend,,0.7,,UNAVAILABLE,0.18746473766529936,,,
2021-02-08,C_MA20_50_trend,,0.7,,UNAVAILABLE,0.006161523959955284,,,
2021-02-09,C_MA20_50_trend,,0.7,,UNAVAILABLE,-0.03362488605290981,,,
2021-02-10,C_MA20_50_trend,,0.7,,UNAVAILABLE,0.0665910372634968,,,
2021-02-11,C_MA20_50_trend,,0.7,,UNAVAILABLE,-0.008442623839676311,,,
2021-02-12,C_MA20_50_trend,,0.7,,UNAVAILABLE,-0.008406213773231364,,,
2021-02-13,C_MA20_50_trend,,0.7,,UNAVAILABLE,0.03421623595697554,,,
2021-02-14,C_MA20_50_trend,,0.7,,UNAVAILABLE,-0.01585126109458379,,,
2021-02-15,C_MA20_50_trend,,0.7,,UNAVAILABLE,0.026171883752032166,,,
2021-02-16,C_MA20_50_trend,,0.7,,UNAVAILABLE,0.05994196027730325,,,
2021-02-17,C_MA20_50_trend,,0.7,,UNAVAILABLE,-0.008997504596578998,,,
2021-02-18,C_MA20_50_trend,,0.7,,UNAVAILABLE,0.08143096900475189,,,
2021-02-19,C_MA20_50_trend,0.99999865812004,0.7,0.699999060684028,ACCEPT,0.0037823185014820293,1.0,1.0,0.0
2021-02-20,C_MA20_50_trend,0.9999996629569805,0.7039215686274509,0.7039213313756,ACCEPT,0.025676258785917394,1.0,1.0,0.0
2021-02-21,C_MA20_50_trend,0.9999999285182641,0.7076923076923076,0.707692257105233,ACCEPT,-0.05791845963531039,0.0,1.0,0.0
2021-02-22,C_MA20_50_trend,0.9999999758220747,0.6075471698113207,0.6075471551220907,ABSTAIN,-0.09930198541853996,0.0,0.0,1.0
2021-02-23,C_MA20_50_trend,0.9999999841134432,0.6074074074074074,0.6074073977577951,ABSTAIN,0.018042326886684945,1.0,0.0,1.0
2021-02-24,C_MA20_50_trend,0.999999991753317,0.6109090909090908,0.6109090858711173,ABSTAIN,-0.052539242009451814,0.0,0.0,1.0
2021-02-25,C_MA20_50_trend,0.9999999949795492,0.7107142857142856,0.7107142821461795,ACCEPT,-0.016012490351298148,0.0,1.0,0.0
2021-02-26,C_MA20_50_trend,0.999999996818578,0.7105263157894737,0.7105263135289897,ACCEPT,-0.003265200081699504,0.0,1.0,0.0
2021-02-27,C_MA20_50_trend,0.9999999982038177,0.7103448275862069,0.710344826310298,ACCEPT,-0.022747754528746222,0.0,1.0,0.0
2021-02-28,C_MA20_50_trend,0.9999999972783474,0.7101694915254236,0.710169489592589,ACCEPT,0.09955017057586457,1.0,1.0,0.0
2021-03-01,C_MA20_50_trend,0.9999999964143855,0.5133333333333333,0.5133333314927179,ABSTAIN,-0.025231161886280384,0.0,0.0,1.0
2021-03-02,C_MA20_50_trend,0.9999999950426249,0.6131147540983606,0.6131147510589208,ABSTAIN,0.04463205996986197,1.0,0.0,1.0
2021-03-03,C_MA20_50_trend,0.999999990637797,0.6161290322580645,0.6161290264897394,ABSTAIN,-0.039120359814156846,0.0,0.0,1.0
2021-03-04,C_MA20_50_trend,0.9999999844043183,0.5158730158730158,0.5158730078276245,ABSTAIN,0.007539701660092213,1.0,0.0,1.0
2021-03-05,C_MA20_50_trend,0.9999999782933794,0.61875,0.6187499865690285,ABSTAIN,-0.0003049805235605385,0.0,0.0,1.0
2021-03-06,C_MA20_50_trend,0.9999999584829335,0.5184615384615384,0.5184615169365363,ABSTAIN,0.046906498146797926,1.0,0.0,1.0
2021-03-07,C_MA20_50_trend,0.999999935256642,0.6212121212121212,0.6212120809927625,ABSTAIN,0.020306565464276005,1.0,0.0,1.0
2021-03-08,C_MA20_50_trend,0.9999998888903078,0.6238805970149254,0.6238805276957442,ABSTAIN,0.049335220420617,1.0,0.0,1.0
2021-03-09,C_MA20_50_trend,0.999999783475097,0.7264705882352941,0.7264704309363205,ACCEPT,0.021604243798385436,1.0,1.0,0.0
2021-03-10,C_MA20_50_trend,0.999999621035145,0.7289855072463768,0.7289852309864897,ACCEPT,0.032076714848716215,1.0,1.0,0.0
2021-03-11,C_MA20_50_trend,0.9999990289846505,0.7314285714285714,0.7314278612002015,ACCEPT,-0.008183206626845796,0.0,1.0,0.0
2021-03-12,C_MA20_50_trend,0.9999967339639304,0.7309859154929577,0.7309835280665913,ACCEPT,0.06821652767950437,1.0,1.0,0.0
2021-03-13,C_MA20_50_trend,0.9999911332640422,0.7333333333333333,0.7333268310602976,ACCEPT,-0.031689610370558396,0.0,1.0,0.0
2021-03-14,C_MA20_50_trend,0.9999807576693889,0.732876712328767,0.7328626100727712,ACCEPT,-0.05725100456855314,0.0,1.0,0.0
2021-03-15,C_MA20_50_trend,0.9999721115724527,0.6324324324324324,0.632414794886362,ABSTAIN,0.01605702194966918,1.0,0.0,1.0
2021-03-16,C_MA20_50_trend,0.999958373777442,0.6346666666666666,0.6346402478907498,ABSTAIN,0.036369962842253134,1.0,0.0,1.0
2021-03-17,C_MA20_50_trend,0.9999589064036456,0.6368421052631579,0.6368159351307427,ABSTAIN,-0.017189693893861602,0.0,0.0,1.0
2021-03-18,C_MA20_50_trend,0.9999561018583366,0.7363636363636363,0.7363313113684115,ACCEPT,0.008429650137686817,1.0,1.0,0.0
2021-03-19,C_MA20_50_trend,0.9999609516574438,0.7384615384615384,0.73843270276242,ACCEPT,-0.0005657190459794625,0.0,1.0,0.0
2021-03-20,C_MA20_50_trend,0.9999698390689803,0.6379746835443038,0.6379554416338811,ABSTAIN,-0.013551247955811196,0.0,0.0,1.0
2021-03-21,C_MA20_50_trend,0.9999614139283383,0.6275257532654988,0.6275015395118136,ABSTAIN,-0.05205318540083803,0.0,0.0,1.0
2021-03-22,C_MA20_50_trend,0.9999460804029758,0.6206708654424442,0.6206373991194949,ABSTAIN,0.0038474981233158623,1.0,0.0,1.0
2021-03-23,C_MA20_50_trend,0.9999099448659157,0.7265352519168017,0.7264698236872733,ACCEPT,-0.035891807492523076,0.0,1.0,0.0
2021-03-24,C_MA20_50_trend,0.9998743270320204,0.7267499150429024,0.7266585822241001,ACCEPT,-0.020277031922222966,0.0,1.0,0.0
2021-03-25,C_MA20_50_trend,0.9998235176986685,0.724759730396635,0.7246318231315022,ACCEPT,0.06639992475218648,1.0,1.0,0.0
2021-03-26,C_MA20_50_trend,0.9997909886272551,0.6173195329548945,0.6171905061518894,ABSTAIN,0.015165759461888806,1.0,0.0,1.0
2021-03-27,C_MA20_50_trend,0.9997202488936745,0.6230404628984507,0.6228661666396693,ABSTAIN,-0.0004067213991215679,0.0,0.0,1.0
2021-03-28,C_MA20_50_trend,0.9996062681155637,0.6230866895757768,0.622841360479323,ABSTAIN,0.03216137854506651,1.0,0.0,1.0
2021-03-29,C_MA20_50_trend,0.9993504329259271,0.7280767823531387,0.7276038476479251,ACCEPT,0.020216245195582738,1.0,1.0,0.0
2021-03-30,C_MA20_50_trend,0.9991698485670377,0.7299376524119084,0.7293316936237856,ACCEPT,1.9359634988669328e-05,1.0,1.0,0.0
2021-03-31,C_MA20_50_trend,0.9987606177168753,0.7339125404037519,0.7330029422038125,ACCEPT,0.0030037350775407035,1.0,1.0,0.0
2021-04-01,C_MA20_50_trend,0.998140329899631,0.7363630189492881,0.7349936266599306,ACCEPT,0.004881969011259368,1.0,1.0,0.0
2021-04-02,C_MA20_50_trend,0.9965017322223272,0.7512552334817442,0.7486271415056469,ACCEPT,-0.029981350293480258,0.0,1.0,0.0
2021-04-03,C_MA20_50_trend,0.9938948381986207,0.55154976286601,0.5481824623222006,ABSTAIN,0.0200448971410081,1.0,0.0,1.0
2021-04-04,C_MA20_50_trend,0.992601337461821,0.6631280760348721,0.6582218151806982,ACCEPT,0.005094138552963257,1.0,1.0,0.0
2021-04-05,C_MA20_50_trend,0.9910126828110454,0.6659208593072133,0.6599360173218782,ACCEPT,-0.014655445594718208,0.0,1.0,0.0
2021-04-06,C_MA20_50_trend,0.9858014889294442,0.5692822404547051,0.5611992802613381,ABSTAIN,-0.036833390122360865,0.0,0.0,1.0
2021-04-07,C_MA20_50_trend,0.9782565591712648,0.6658229260609329,0.6513456446657115,ACCEPT,0.04058980823677527,1.0,1.0,0.0
2021-04-08,C_MA20_50_trend,0.9724817608618542,0.662914573899396,0.6446723321266704,ACCEPT,-0.0013536328475677317,0.0,1.0,0.0
2021-04-09,C_MA20_50_trend,0.9645808687927575,0.5629026319100626,0.542965109733538,ABSTAIN,0.026581343719059625,1.0,0.0,1.0
2021-04-10,C_MA20_50_trend,0.9665710368072284,0.763833426291403,0.7382992667984991,ACCEPT,0.006885903949730876,1.0,1.0,0.0
2021-04-11,C_MA20_50_trend,0.9765892854988761,0.7761117206898482,0.7579423907758022,ACCEPT,-0.005174186540237491,0.0,1.0,0.0
2021-04-12,C_MA20_50_trend,0.9839248268497096,0.7755777328017752,0.763110186455477,ACCEPT,0.06027376479221824,1.0,1.0,0.0
2021-04-13,C_MA20_50_trend,0.9913170515057806,0.7744077105010986,0.7676835682372912,ACCEPT,-0.00620063437737306,0.0,1.0,0.0
2021-04-14,C_MA20_50_trend,0.9946478187417457,0.7764078181295507,0.7722523427565956,ACCEPT,0.003237480473297971,1.0,1.0,0.0
2021-04-15,C_MA20_50_trend,0.9956873879327612,0.7904510952846029,0.7870421863525164,ACCEPT,-0.027501379378466195,0.0,1.0,0.0
2021-04-16,C_MA20_50_trend,0.9954716236850791,0.6862644066933933,0.6831567432083497,ACCEPT,-0.014437688523377457,0.0,1.0,0.0
2021-04-17,C_MA20_50_trend,0.9948941111142421,0.6848274423167791,0.6813307894903918,ACCEPT,-0.0736215468265391,0.0,1.0,0.0
2021-04-18,C_MA20_50_trend,0.9914925860337344,0.7686442916622451,0.7621051164802674,ACCEPT,-0.008750468945115109,0.0,1.0,0.0
2021-04-19,C_MA20_50_trend,0.9833475179574571,0.7697760320878272,0.7569573505367048,ACCEPT,0.013436976092944253,1.0,1.0,0.0
2021-04-20,C_MA20_50_trend,0.9735502516878168,0.7710499742667064,0.7506558965112368,ACCEPT,-0.045454287638402646,0.0,1.0,0.0
2021-04-21,C_MA20_50_trend,0.9495264047595147,0.7654282953159518,0.7267943773525598,ACCEPT,-0.0397694659817468,0.0,1.0,0.0
2021-04-22,C_MA20_50_trend,0.8995857449812471,0.7622301247922971,0.6856913546584276,ACCEPT,-0.012917150838772984,0.0,1.0,0.0
2021-04-23,C_MA20_50_trend,0.813991571865335,0.7637541614020812,0.6216894503583709,ACCEPT,-0.02040928977310741,0.0,1.0,0.0
2021-04-24,C_MA20_50_trend,0.6272071187882072,0.765257812549021,0.47997514773903743,ACCEPT,-0.02091099195802515,0.0,1.0,0.0
2021-04-25,C_MA20_50_trend,0.28615275054887707,0.7652901632227772,0.2189898851741968,ACCEPT,0.10238907033660749,1.0,1.0,0.0
2021-04-26,C_MA20_50_trend,0.062003488987708986,0.6372647480706086,0.039512637789251126,ABSTAIN,0.018721407731506323,1.0,0.0,1.0
2021-04-27,C_MA20_50_trend,-0.031192313014622962,0.6413889449908529,-0.02000640473627347,ABSTAIN,-0.003787066282106566,1.0,0.0,1.0
2021-04-28,C_MA20_50_trend,-0.18227371783031607,0.6477496412974987,-0.11806773534254872,ABSTAIN,-0.02315733013830157,1.0,0.0,1.0
2021-04-29,C_MA20_50_trend,-0.3336319153740292,0.5489850417020546,-0.18315893097474778,ABSTAIN,0.07833176806484676,0.0,0.0,1.0
2021-04-30,C_MA20_50_trend,-0.4098515306504859,0.6360673431340689,-0.260693174180286,ABSTAIN,0.0013484807439372304,0.0,0.0,1.0
2021-05-01,C_MA20_50_trend,-0.4991150926002975,0.6361754095762289,-0.3175247484606717,ABSTAIN,-0.020698824187899145,1.0,0.0,1.0
2021-05-02,C_MA20_50_trend,-0.5449632007215939,0.7375506531824347,-0.40193796465260184,ACCEPT,0.010051280367532334,0.0,1.0,0.0
2021-05-03,C_MA20_50_trend,-0.691797463117102,0.6460957025619656,-0.4469673679632295,ABSTAIN,-0.06760024652955021,1.0,0.0,1.0
2021-05-04,C_MA20_50_trend,-0.844432740169935,0.7397558233914163,-0.6246740370030801,ACCEPT,0.07669599321369813,0.0,1.0,0.0
2021-05-05,C_MA20_50_trend,-0.9061793753182076,0.7257580544253115,-0.6576669803912865,ACCEPT,-0.01789307689659958,1.0,1.0,0.0
2021-05-06,C_MA20_50_trend,-0.9342856757541298,0.6286153718594261,-0.5873063374871175,ABSTAIN,0.017020319573156195,0.0,0.0,1.0
2021-05-07,C_MA20_50_trend,-0.949713490321195,0.5280331393279916,-0.5014801957564448,ABSTAIN,0.02523475916996243,0.0,0.0,1.0
2021-05-08,C_MA20_50_trend,-0.938204172745718,0.7380125923814341,-0.6924064937111462,ACCEPT,-0.009718099130935132,1.0,1.0,0.0
2021-05-09,C_MA20_50_trend,-0.9233370647927024,0.7400986280759653,-0.6833604949047677,ACCEPT,-0.04074231762821234,1.0,1.0,0.0
2021-05-10,C_MA20_50_trend,-0.9231372261598143,0.6387437121986272,-0.5896480987060635,ABSTAIN,0.01512317249631967,0.0,0.0,1.0
2021-05-11,C_MA20_50_trend,-0.9093672650431639,0.6430001107672907,-0.5847232521509026,ABSTAIN,-0.1332174549686006,1.0,0.0,1.0
2021-05-12,C_MA20_50_trend,-0.9126953130401316,0.713631106852465,-0.6513277664638861,ACCEPT,0.011508648851976444,0.0,1.0,0.0
2021-05-13,C_MA20_50_trend,-0.9140979284504919,0.7136071530247388,-0.6523068203073669,ACCEPT,0.00330563837155351,0.0,1.0,0.0
2021-05-14,C_MA20_50_trend,-0.9101210494937211,0.7143398580162045,-0.6501357412729037,ACCEPT,-0.06255641898138342,1.0,1.0,0.0
2021-05-15,C_MA20_50_trend,-0.902175257983116,0.7104912557250671,-0.6409876319285105,ACCEPT,-0.0065040138312105755,1.0,1.0,0.0
2021-05-16,C_MA20_50_trend,-0.9296331285771664,0.7330371107759035,-0.68145558265377,ACCEPT,-0.06282381595309616,1.0,1.0,0.0
2021-05-17,C_MA20_50_trend,-0.9606468589155267,0.7310310651010894,-0.7022626964590334,ACCEPT,-0.014426855146374762,1.0,1.0,0.0
2021-05-18,C_MA20_50_trend,-0.9772601990988187,0.7332964547270878,-0.7166214393450517,ACCEPT,-0.13766122609163733,1.0,1.0,0.0
2021-05-19,C_MA20_50_trend,-0.9890755735367244,0.7090303565269335,-0.7012846065368249,ACCEPT,0.10216344466291027,0.0,1.0,0.0
2021-05-20,C_MA20_50_trend,-0.995623046161542,0.7022222222222222,-0.6991486279712161,ACCEPT,-0.08528232829817228,1.0,1.0,0.0
2021-05-21,C_MA20_50_trend,-0.9985862490061508,0.7022222222222222,-0.7012294548576525,ACCEPT,0.006217486259949112,0.0,1.0,0.0
2021-05-22,C_MA20_50_trend,-0.9994878442838621,0.6,-0.5996927065703173,ABSTAIN,-0.0736893688644572,1.0,0.0,1.0
2021-05-23,C_MA20_50_trend,-0.9998617792269594,0.7022222222222222,-0.7021251605238203,ACCEPT,0.11318183957815453,0.0,1.0,0.0
2021-05-24,C_MA20_50_trend,-0.9999308565884426,0.6022222222222222,-0.6021805825232621,ABSTAIN,-0.007847826326095597,1.0,0.0,1.0
2021-05-25,C_MA20_50_trend,-0.9999769572814158,0.6022222222222222,-0.6022083453850304,ABSTAIN,0.023227211885217036,0.0,0.0,1.0
2021-05-26,C_MA20_50_trend,-0.9999914534327425,0.6022222222222222,-0.6022170752894961,ABSTAIN,-0.021815700174415475,1.0,0.0,1.0
2021-05-27,C_MA20_50_trend,-0.9999974854325954,0.7044444444444444,-0.7044426730714061,ACCEPT,-0.07126897282320166,1.0,1.0,0.0
2021-05-28,C_MA20_50_trend,-0.9999994276297562,0.7066666666666667,-0.7066662621916944,ACCEPT,-0.03029724398312339,1.0,1.0,0.0
2021-05-29,C_MA20_50_trend,-0.9999998752398231,0.7088888888888889,-0.7088888004477858,ACCEPT,0.03068120125307594,0.0,1.0,0.0
2021-05-30,C_MA20_50_trend,-0.999999962319733,0.5066666666666666,-0.5066666475753313,ABSTAIN,0.04637929771620186,0.0,0.0,1.0
2021-05-31,C_MA20_50_trend,-0.9999999884184015,0.6066666666666667,-0.6066666596404969,ABSTAIN,-0.017355481635803582,1.0,0.0,1.0
2021-06-01,C_MA20_50_trend,-0.9999999929520248,0.6066666666666667,-0.6066666623908951,ABSTAIN,0.02426756732611457,0.0,0.0,1.0
2021-06-02,C_MA20_50_trend,-0.9999999952025975,0.5066666666666666,-0.5066666642359827,ABSTAIN,0.043475133082156336,0.0,0.0,1.0
2021-06-03,C_MA20_50_trend,-0.9999999964761637,0.6044444444444445,-0.6044444423144811,ABSTAIN,-0.05902658087058821,1.0,0.0,1.0
2021-06-04,C_MA20_50_trend,-0.9999999969610323,0.6066666666666667,-0.6066666648230262,ABSTAIN,-0.03638625350557034,1.0,0.0,1.0
2021-06-05,C_MA20_50_trend,-0.9999999976880144,0.5066666666666666,-0.5066666654952605,ABSTAIN,0.008731498936251025,0.0,0.0,1.0
2021-06-06,C_MA20_50_trend,-0.9999999976359492,0.6044444444444445,-0.604444443015507,ABSTAIN,-0.06418068028941804,1.0,0.0,1.0
2021-06-07,C_MA20_50_trend,-0.9999999981213036,0.7044444444444444,-0.7044444431210072,ACCEPT,-0.0026243254847995168,1.0,1.0,0.0
2021-06-08,C_MA20_50_trend,-0.9999999972526904,0.7255649355489707,-0.7255649335556192,ACCEPT,0.11569117681725527,0.0,1.0,0.0
2021-06-09,C_MA20_50_trend,-0.9999999963332673,0.6184637793178315,-0.6184637770500901,ABSTAIN,-0.01720501684509279,1.0,0.0,1.0
2021-06-10,C_MA20_50_trend,-0.9999999937279638,0.6310814558250142,-0.6310814518668484,ABSTAIN,0.01721406171757467,0.0,0.0,1.0
2021-06-11,C_MA20_50_trend,-0.999999989763206,0.7284458145831367,-0.728445807126187,ACCEPT,-0.047727642256857994,1.0,1.0,0.0
2021-06-12,C_MA20_50_trend,-0.9999999804728743,0.6359218112611122,-0.6359217988433871,ABSTAIN,0.09972131894675185,0.0,0.0,1.0
2021-06-13,C_MA20_50_trend,-0.9999999695962004,0.7406153152751735,-0.7406152927576539,ACCEPT,0.028661855288592664,0.0,1.0,0.0
2021-06-14,C_MA20_50_trend,-0.9999999485174276,0.7373987080808208,-0.7373986701176384,ACCEPT,0.004669320789865594,0.0,1.0,0.0
2021-06-15,C_MA20_50_trend,-0.9999999031035631,0.7358374638300579,-0.7358373925300296,ACCEPT,-0.05096256237308472,1.0,1.0,0.0
2021-06-16,C_MA20_50_trend,-0.9999998197713724,0.6342851112630957,-0.6342849969467607,ABSTAIN,-0.007655308506355651,1.0,0.0,1.0
2021-06-17,C_MA20_50_trend,-0.9999995506974795,0.5434337774376632,-0.5434335332714972,ABSTAIN,-0.0595545108824469,1.0,0.0,1.0
2021-06-18,C_MA20_50_trend,-0.9999989693659681,0.740713849378776,-0.740713085973875,ACCEPT,-0.004788717174578294,1.0,1.0,0.0
2021-06-19,C_MA20_50_trend,-0.999997525033087,0.6442469218647197,-0.6442453273749043,ABSTAIN,0.002314299179515533,0.0,0.0,1.0
2021-06-20,C_MA20_50_trend,-0.9999949719002412,0.7479631129833699,-0.7479593521502219,ACCEPT,-0.11265533282181261,1.0,1.0,0.0
2021-06-21,C_MA20_50_trend,-0.9999921950073473,0.7285002197925288,-0.7284945338536658,ACCEPT,0.02616961270137308,0.0,1.0,0.0
2021-06-22,C_MA20_50_trend,-0.9999879790813488,0.7283075625786113,-0.7282988076526485,ACCEPT,0.0374509295196066,0.0,1.0,0.0
2021-06-23,C_MA20_50_trend,-0.9999857162193381,0.7291794735328996,-0.7291690580932365,ACCEPT,0.027856637741157764,0.0,1.0,0.0
2021-06-24,C_MA20_50_trend,-0.9999708329454138,0.6301693862105352,-0.630151006025649,ABSTAIN,-0.0872604012088013,1.0,0.0,1.0
2021-06-25,C_MA20_50_trend,-0.9999463442010113,0.7208123278094374,-0.7207736520480679,ACCEPT,0.017336806155961115,0.0,1.0,0.0
2021-06-26,C_MA20_50_trend,-0.9998947665063689,0.7203564196418479,-0.7202806140191494,ACCEPT,0.07653470332064805,0.0,1.0,0.0
2021-06-27,C_MA20_50_trend,-0.9996315814346637,0.7153523791358768,-0.7150888300386457,ACCEPT,-0.006213875976586625,1.0,1.0,0.0
2021-06-28,C_MA20_50_trend,-0.9987134502527366,0.6152643228081586,-0.6144727546491495,ABSTAIN,0.04162825758718758,0.0,0.0,1.0
2021-06-29,C_MA20_50_trend,-0.9972066938938359,0.6310949509395573,-0.6293321095595285,ABSTAIN,-0.02305527321430456,1.0,0.0,1.0
2021-06-30,C_MA20_50_trend,-0.9934678117691449,0.6307151483973144,-0.6265951983279314,ABSTAIN,-0.04191448950075438,1.0,0.0,1.0
2021-07-01,C_MA20_50_trend,-0.9913501077394676,0.7287655184891829,-0.7224617752710605,ACCEPT,0.00967855812266083,0.0,1.0,0.0
2021-07-02,C_MA20_50_trend,-0.9845670118052271,0.5318557784778558,-0.5236476545272853,ABSTAIN,0.022760094790705843,0.0,0.0,1.0
2021-07-03,C_MA20_50_trend,-0.9814688977629297,0.5469779787684217,-0.536841873922438,ABSTAIN,0.017861561294527206,0.0,0.0,1.0
2021-07-04,C_MA20_50_trend,-0.9828121115320008,0.6458737035554589,-0.6347724983743341,ABSTAIN,-0.043691535402215154,1.0,0.0,1.0
2021-07-05,C_MA20_50_trend,-0.986586920147145,0.6457632516850061,-0.6371015776241159,ABSTAIN,0.014496276584600176,0.0,0.0,1.0
2021-07-06,C_MA20_50_trend,-0.9876083017098771,0.6486503787252493,-0.6406124989363121,ABSTAIN,-0.011095808977648836,1.0,0.0,1.0
2021-07-07,C_MA20_50_trend,-0.9888432840362543,0.6485607678220361,-0.6413249595502168,ABSTAIN,-0.028886355129662422,1.0,0.0,1.0
2021-07-08,C_MA20_50_trend,-0.9907397889511412,0.7554635440718324,-0.7484677922140084,ACCEPT,0.02800225791699673,0.0,1.0,0.0
2021-07-09,C_MA20_50_trend,-0.9896127242554779,0.6514324456946283,-0.6446658372522698,ACCEPT,-0.008210311003178261,1.0,1.0,0.0
2021-07-10,C_MA20_50_trend,-0.9906351929432474,0.6513611629775783,-0.6452612913620313,ACCEPT,0.021469475378479208,0.0,1.0,0.0
2021-07-11,C_MA20_50_trend,-0.9840674081086429,0.6777712301546048,-0.6669725777488484,ACCEPT,-0.031668630428790756,1.0,1.0,0.0
2021-07-12,C_MA20_50_trend,-0.9809999864225771,0.7761294512831628,-0.7613829811709449,ACCEPT,-0.013687548281983153,1.0,1.0,0.0
2021-07-13,C_MA20_50_trend,-0.9773224642707674,0.7810418089596678,-0.7633297054309605,ACCEPT,0.003679352094793975,0.0,1.0,0.0
2021-07-14,C_MA20_50_trend,-0.9763777974977557,0.7807518099099274,-0.7623087325522413,ACCEPT,-0.031734999531688124,1.0,1.0,0.0
2021-07-15,C_MA20_50_trend,-0.9639864086368984,0.7998873774101124,-0.7710805602635616,ACCEPT,-0.011302175908234458,1.0,1.0,0.0
2021-07-16,C_MA20_50_trend,-0.952858770807614,0.8025523779587692,-0.7647190723705205,ACCEPT,0.003549453661488622,0.0,1.0,0.0
2021-07-17,C_MA20_50_trend,-0.9618457320711793,0.822089543580354,-0.7907233188731073,ACCEPT,0.008363987433579023,0.0,1.0,0.0
2021-07-18,C_MA20_50_trend,-0.9693367098735455,0.7215189906908549,-0.6993948445475546,ACCEPT,-0.030788575922789052,1.0,1.0,0.0
2021-07-19,C_MA20_50_trend,-0.9804792706836801,0.8272366877407448,-0.8110884242788287,ACCEPT,-0.03278895069501786,1.0,1.0,0.0
2021-07-20,C_MA20_50_trend,-0.9860722955924105,0.8275287948213556,-0.8160032183783149,ACCEPT,0.07727442675168827,0.0,1.0,0.0
2021-07-21,C_MA20_50_trend,-0.9855066310846298,0.7096055987374957,-0.6993210230105811,ACCEPT,0.006303573302191001,0.0,1.0,0.0
2021-07-22,C_MA20_50_trend,-0.9846099604348311,0.709808294355919,-0.6988843166220963,ACCEPT,0.03925482537500802,0.0,1.0,0.0
2021-07-23,C_MA20_50_trend,-0.9820826590368562,0.7066008132438085,-0.6939404055480846,ACCEPT,0.021169199000986128,0.0,1.0,0.0
2021-07-24,C_MA20_50_trend,-0.982091790156996,0.8062016104790514,-0.7917639828628248,ACCEPT,0.030844758309330533,0.0,1.0,0.0
2021-07-25,C_MA20_50_trend,-0.9771807600017168,0.8071994747545079,-0.7887797962135967,ACCEPT,0.05621887171744144,0.0,1.0,0.0
2021-07-26,C_MA20_50_trend,-0.9671513627709875,0.7973201157129387,-0.7711292364764901,ACCEPT,0.055424286615063156,0.0,1.0,0.0
2021-07-27,C_MA20_50_trend,-0.9474544841379339,0.789415233094469,-0.747935002442147,ACCEPT,0.014945713184850051,0.0,1.0,0.0
2021-07-28,C_MA20_50_trend,-0.9002936439050241,0.7910201009932658,-0.7121503691253475,ACCEPT,0.00031292265067750513,0.0,1.0,0.0
2021-07-29,C_MA20_50_trend,-0.800649460082286,0.7917117989467906,-0.6338836243675232,ACCEPT,0.055666404612466414,0.0,1.0,0.0
2021-07-30,C_MA20_50_trend,-0.5576881340081664,0.7871509117960589,-0.43898472318237086,ACCEPT,-0.014427457617713135,1.0,1.0,0.0
2021-07-31,C_MA20_50_trend,-0.2177906614261927,0.7856956471838934,-0.17111717467986068,ACCEPT,-0.039669750474507826,1.0,1.0,0.0
2021-08-01,C_MA20_50_trend,0.1395699244959555,0.6860194325726553,0.09574768040692375,ACCEPT,-0.019335866368471732,0.0,1.0,0.0
2021-08-02,C_MA20_50_trend,0.5387901578846797,0.683036719835751,0.36801346212133795,ACCEPT,-0.02675797936526192,0.0,1.0,0.0
2021-08-03,C_MA20_50_trend,0.7794983145736274,0.6799082237083032,0.5299873144453712,ACCEPT,0.041792893187100555,1.0,1.0,0.0
2021-08-04,C_MA20_50_trend,0.9266472491275426,0.6817238182005292,0.6317175008002454,ACCEPT,0.02822946527400849,1.0,1.0,0.0
2021-08-05,C_MA20_50_trend,0.9773866028364999,0.784812004418037,0.7670647388634494,ACCEPT,0.04763803587748594,1.0,1.0,0.0
2021-08-06,C_MA20_50_trend,0.9939452010686597,0.7846591149466199,0.7799081617759747,ACCEPT,0.04062220829002827,1.0,1.0,0.0
2021-08-07,C_MA20_50_trend,0.998320704847758,0.7828708920401237,0.7815562207462894,ACCEPT,-0.017005273846830926,0.0,1.0,0.0
2021-08-08,C_MA20_50_trend,0.9995596256003315,0.7832458977952184,0.782900976353184,ACCEPT,0.058616336068955555,1.0,1.0,0.0
2021-08-09,C_MA20_50_trend,0.9999175942368205,0.7890850648192926,0.7890200396623126,ACCEPT,-0.016830892309838696,0.0,1.0,0.0
2021-08-10,C_MA20_50_trend,0.9999704143447296,0.7917749994747273,0.7917515742925411,ACCEPT,0.00018877838873909702,1.0,1.0,0.0
2021-08-11,C_MA20_50_trend,0.9999894663496893,0.7935026675639314,0.7934943090843107,ACCEPT,-0.02555943636254754,0.0,1.0,0.0
2021-08-12,C_MA20_50_trend,0.9999954134494671,0.6902286160745097,0.6902254503060828,ACCEPT,0.07574073458615982,1.0,1.0,0.0
2021-08-13,C_MA20_50_trend,0.999998368113099,0.7811924131121238,0.7811911382944576,ACCEPT,-0.01457055076832292,0.0,1.0,0.0
2021-08-14,C_MA20_50_trend,0.9999991360813915,0.7771886916034032,0.7771880201756302,ACCEPT,-0.0010603958689597848,0.0,1.0,0.0
2021-08-15,C_MA20_50_trend,0.9999994143841163,0.7788900862305592,0.7788896301001531,ACCEPT,-0.02215910567498447,0.0,1.0,0.0
2021-08-16,C_MA20_50_trend,0.9999995124415791,0.679163857965374,0.6791635268333159,ACCEPT,-0.028456465011732934,0.0,1.0,0.0
2021-08-17,C_MA20_50_trend,0.9999995104994085,0.6738846016626371,0.673884271795726,ACCEPT,0.002367765389513554,1.0,1.0,0.0
2021-08-18,C_MA20_50_trend,0.999999552306956,0.6761564582201544,0.6761561555096114,ACCEPT,0.04277544261522093,1.0,1.0,0.0
2021-08-19,C_MA20_50_trend,0.9999994958638428,0.7789645185683552,0.7789641258641763,ACCEPT,0.056115872471717454,1.0,1.0,0.0
2021-08-20,C_MA20_50_trend,0.9999995244431273,0.7764438289599811,0.776443459716782,ACCEPT,-0.008789842693618932,0.0,1.0,0.0
2021-08-21,C_MA20_50_trend,0.9999996333410504,0.7794935974644507,0.779493311656147,ACCEPT,0.00850947690403503,1.0,1.0,0.0
2021-08-22,C_MA20_50_trend,0.999999761420868,0.7841335163128982,0.7841333292350045,ACCEPT,0.004551674225862445,1.0,1.0,0.0
2021-08-23,C_MA20_50_trend,0.9999998702283276,0.7881265347133379,0.7881264324368394,ACCEPT,-0.037137725293038826,0.0,1.0,0.0
2021-08-24,C_MA20_50_trend,0.9999998919772656,0.6842027880937316,0.6842027141842755,ACCEPT,0.02630002081428562,1.0,1.0,0.0
2021-08-25,C_MA20_50_trend,0.9999999072626253,0.6842382510027736,0.6842381875483146,ACCEPT,-0.04122830434622349,0.0,1.0,0.0
2021-08-26,C_MA20_50_trend,0.9999998810933336,0.6772398118217121,0.6772397312933838,ACCEPT,0.04508626296557394,1.0,1.0,0.0
2021-08-27,C_MA20_50_trend,0.9999998266590243,0.57635590220155,0.5763558022954556,ABSTAIN,-0.003185280633781984,0.0,0.0,1.0
2021-08-28,C_MA20_50_trend,0.9999997805699917,0.6775083103338568,0.6775081616682027,ACCEPT,-0.0014839825657210204,0.0,1.0,0.0
2021-08-29,C_MA20_50_trend,0.9999996136809159,0.5854242757573869,0.5854240495968168,ABSTAIN,-0.0363476092875793,0.0,0.0,1.0
2021-08-30,C_MA20_50_trend,0.9999993378462343,0.6800120385328432,0.6800115882603112,ACCEPT,0.0023738850726162664,1.0,1.0,0.0
2021-08-31,C_MA20_50_trend,0.9999988107006381,0.6822445970939532,0.6822437857008893,ACCEPT,0.03562556399047523,1.0,1.0,0.0
2021-09-01,C_MA20_50_trend,0.9999983055723866,0.5840243870288309,0.5840233974417826,ABSTAIN,0.009840830417728652,1.0,0.0,1.0
2021-09-02,C_MA20_50_trend,0.9999965548601483,0.7992797982907471,0.7992770446600613,ACCEPT,0.014143210068944922,1.0,1.0,0.0
2021-09-03,C_MA20_50_trend,0.9999935515814099,0.7998099246836117,0.7998047671744248,ACCEPT,-0.0016141808032423821,0.0,1.0,0.0
2021-09-04,C_MA20_50_trend,0.9999878398565094,0.7997931852449804,0.799783459645085,ACCEPT,0.03621581213694158,1.0,1.0,0.0
2021-09-05,C_MA20_50_trend,0.9999821857247232,0.7989718285208396,0.7989575954167479,ACCEPT,0.017006125728580734,1.0,1.0,0.0
2021-09-06,C_MA20_50_trend,0.9999791778415849,0.8028474038042648,0.8028306867884396,ACCEPT,-0.1106216071695616,0.0,1.0,0.0
2021-09-07,C_MA20_50_trend,0.9999627810168882,0.7655650349291003,0.7655365413769943,ACCEPT,-0.015375366885328479,0.0,1.0,0.0
2021-09-08,C_MA20_50_trend,0.9999099423438305,0.7667502874332809,0.7666812356995273,ACCEPT,0.006509485739778498,1.0,1.0,0.0
2021-09-09,C_MA20_50_trend,0.9997470925825495,0.7770614553118991,0.7768649307060358,ACCEPT,-0.032495484247323514,0.0,1.0,0.0
2021-09-10,C_MA20_50_trend,0.9992724807959512,0.7727011321683607,0.7721389772557179,ACCEPT,0.0070748487352050304,1.0,1.0,0.0
2021-09-11,C_MA20_50_trend,0.9980017427440698,0.7750072890311819,0.7734586250924765,ACCEPT,0.019066033632592516,1.0,1.0,0.0
2021-09-12,C_MA20_50_trend,0.9949048930854043,0.7761125289060596,0.772158152593526,ACCEPT,-0.023884438158555232,0.0,1.0,0.0
2021-09-13,C_MA20_50_trend,0.9892721717763204,0.6779877779567324,0.6707144415370584,ACCEPT,0.0473592610325122,1.0,1.0,0.0
2021-09-14,C_MA20_50_trend,0.9795080725523468,0.6738870458940052,0.6600778014416319,ACCEPT,0.023015462091804384,1.0,1.0,0.0
2021-09-15,C_MA20_50_trend,0.9733816429076795,0.676921124748779,0.6589025965268808,ACCEPT,-0.008157286726135138,0.0,1.0,0.0
2021-09-16,C_MA20_50_trend,0.9568992604711851,0.6796346788558916,0.650341921587774,ACCEPT,-0.010795386730801604,0.0,1.0,0.0
2021-09-17,C_MA20_50_trend,0.9297642147445278,0.6771687897866144,0.6296073080854537,ACCEPT,0.021385589090024082,1.0,1.0,0.0
2021-09-18,C_MA20_50_trend,0.903764794545063,0.6781282875831949,0.6128684725028215,ACCEPT,-0.021089044077959085,0.0,1.0,0.0
2021-09-19,C_MA20_50_trend,0.8806577030063641,0.5782517220067125,0.5092418332619061,ABSTAIN,-0.09344895316951951,0.0,0.0,1.0
2021-09-20,C_MA20_50_trend,0.7944351683387645,0.757648670419314,0.6019027490262089,ACCEPT,-0.050185206746199196,0.0,1.0,0.0
2021-09-21,C_MA20_50_trend,0.5464128873246269,0.7572136003833625,0.4137512697069493,ACCEPT,0.07079311406361999,1.0,1.0,0.0
2021-09-22,C_MA20_50_trend,0.18567119365465623,0.7470546215658913,0.13870652331136654,ACCEPT,0.0303064775724482,1.0,1.0,0.0
2021-09-23,C_MA20_50_trend,-0.19400164162226816,0.6452566367002937,-0.12518084678752045,ABSTAIN,-0.04578111561282838,1.0,0.0,1.0
2021-09-24,C_MA20_50_trend,-0.5493691679893854,0.6442405776085194,-0.3539259101057934,ABSTAIN,-0.002874812528084303,1.0,0.0,1.0
2021-09-25,C_MA20_50_trend,-0.7996268003945105,0.7503088788164356,-0.599967088075579,ACCEPT,0.011516492054097771,0.0,1.0,0.0
2021-09-26,C_MA20_50_trend,-0.9174452203888244,0.748605469446041,-0.6868045099002024,ACCEPT,-0.02251426719942695,1.0,1.0,0.0
2021-09-27,C_MA20_50_trend,-0.9452039242221035,0.7744014411648564,-0.7319672811122747,ACCEPT,-0.02844007873591181,1.0,1.0,0.0
2021-09-28,C_MA20_50_trend,-0.9599623530966982,0.5733142044754158,-0.5503600527919817,ABSTAIN,0.012911568502261384,0.0,0.0,1.0
2021-09-29,C_MA20_50_trend,-0.9716749152541639,0.7706373698968234,-0.7488090010861876,ACCEPT,0.05356827518164842,0.0,1.0,0.0
2021-09-30,C_MA20_50_trend,-0.9728566747057673,0.6652676289995606,-0.6472100533379026,ACCEPT,0.09878873042688929,0.0,1.0,0.0
2021-10-01,C_MA20_50_trend,-0.9681861054183097,0.745076886404017,-0.7213730888847056,ACCEPT,-0.008426411013467638,1.0,1.0,0.0
2021-10-02,C_MA20_50_trend,-0.9620290652974682,0.6475125525410947,-0.6229258956894872,ABSTAIN,0.010237887379882071,0.0,0.0,1.0
2021-10-03,C_MA20_50_trend,-0.949012493181046,0.7467225886984433,-0.7086490656153145,ACCEPT,0.018940873580984396,0.0,1.0,0.0
2021-10-04,C_MA20_50_trend,-0.9420797302709143,0.7501627647008279,-0.7067131350286393,ACCEPT,0.048905889117254686,0.0,1.0,0.0
2021-10-05,C_MA20_50_trend,-0.9343399438503914,0.744500567303263,-0.6956166182507153,ACCEPT,0.0746704982911468,0.0,1.0,0.0
2021-10-06,C_MA20_50_trend,-0.9065479563963809,0.7334797162900906,-0.6649345378609788,ACCEPT,-0.02809653406297008,1.0,1.0,0.0
2021-10-07,C_MA20_50_trend,-0.8732346273179759,0.7338895088683595,-0.6408577317692342,ACCEPT,0.0030082765538104184,0.0,1.0,0.0
2021-10-08,C_MA20_50_trend,-0.8321717151101072,0.7320233790141205,-0.6091691508148768,ACCEPT,0.01853649985027972,0.0,1.0,0.0
2021-10-09,C_MA20_50_trend,-0.7186972680895403,0.6333719324206866,-0.4552026775153403,ABSTAIN,-0.003577422040362044,1.0,0.0,1.0
2021-10-10,C_MA20_50_trend,-0.37937207678971885,0.755361005968332,-0.28656287356017734,ACCEPT,0.04953684064585273,0.0,1.0,0.0
2021-10-11,C_MA20_50_trend,0.30065185977751147,0.7603976015360427,0.22861495307217036,ACCEPT,-0.025114999851183484,0.0,1.0,0.0
2021-10-12,C_MA20_50_trend,0.6776193639205391,0.7636520066596812,0.5174653870093765,ACCEPT,0.02426861834211813,1.0,1.0,0.0
2021-10-13,C_MA20_50_trend,0.8538196291921094,0.7640636182034917,0.6523725151736867,ACCEPT,-0.001386283921372633,0.0,1.0,0.0
2021-10-14,C_MA20_50_trend,0.951071493908069,0.6702018326203053,0.6374098581701194,ACCEPT,0.07453440740995654,1.0,1.0,0.0
2021-10-15,C_MA20_50_trend,0.9866749207996873,0.765170896488832,0.754974933691344,ACCEPT,-0.01139348166745524,0.0,1.0,0.0
2021-10-16,C_MA20_50_trend,0.9963633329430236,0.7631263829693502,0.760351146392096,ACCEPT,0.01086243756414218,1.0,1.0,0.0
2021-10-17,C_MA20_50_trend,0.9991212002262694,0.7671280204102384,0.7664538684794795,ACCEPT,0.007675599893030238,1.0,1.0,0.0
2021-10-18,C_MA20_50_trend,0.9998139149835279,0.7727821299784913,0.7726383268031048,ACCEPT,0.036047967727284025,1.0,1.0,0.0
2021-10-19,C_MA20_50_trend,0.9999596597979274,0.7747072345543818,0.7746759827079929,ACCEPT,0.026934175102288238,1.0,1.0,0.0
2021-10-20,C_MA20_50_trend,0.9999899075050712,0.7794841124127678,0.7794762454733163,ACCEPT,-0.057319313661295834,0.0,1.0,0.0
2021-10-21,C_MA20_50_trend,0.9999954886723308,0.7823169758338728,0.7823134465456537,ACCEPT,-0.024399647264276236,0.0,1.0,0.0
2021-10-22,C_MA20_50_trend,0.9999979249724109,0.6797947145082803,0.6797933039154928,ACCEPT,0.011555863919028075,1.0,1.0,0.0
2021-10-23,C_MA20_50_trend,0.9999990587062187,0.6820293744689778,0.682028732478969,ACCEPT,-0.007537937512081094,0.0,1.0,0.0
2021-10-24,C_MA20_50_trend,0.9999995162589166,0.6811416979990894,0.6811413685028664,ACCEPT,0.0346128236844363,1.0,1.0,0.0
2021-10-25,C_MA20_50_trend,0.9999997391931874,0.7856988174776683,0.7856986125620641,ACCEPT,-0.04244985266320056,0.0,1.0,0.0
2021-10-26,C_MA20_50_trend,0.9999997728870293,0.6910884952887234,0.6910883383335622,ACCEPT,-0.03116779376295975,0.0,1.0,0.0
2021-10-27,C_MA20_50_trend,0.9999997560227679,0.6904951974584645,0.6904950289933575,ACCEPT,0.03658793903693369,1.0,1.0,0.0
2021-10-28,C_MA20_50_trend,0.9999997540553958,0.6900586296294633,0.6900584599132668,ACCEPT,0.02648913766352501,1.0,1.0,0.0
2021-10-29,C_MA20_50_trend,0.9999997520959727,0.789365598374769,0.7893654026878582,ACCEPT,-0.005449845794435637,0.0,1.0,0.0
2021-10-30,C_MA20_50_trend,0.9999997333263883,0.7870293277807769,0.7870291179008235,ACCEPT,-0.009208042570786446,0.0,1.0,0.0
2021-10-31,C_MA20_50_trend,0.9999996238843396,0.6919192104487196,0.6919189502070688,ACCEPT,-0.005129747739996526,0.0,1.0,0.0
2021-11-01,C_MA20_50_trend,0.9999995486057105,0.7941357580963183,0.794135399627972,ACCEPT,0.03642353446805324,1.0,1.0,0.0
2021-11-02,C_MA20_50_trend,0.9999994245394971,0.6923650401698643,0.6923646417411301,ACCEPT,-0.004054563588107407,0.0,1.0,0.0
2021-11-03,C_MA20_50_trend,0.9999993286301808,0.6900216463207907,0.6900211830610827,ACCEPT,-0.024103783966732184,0.0,1.0,0.0
2021-11-04,C_MA20_50_trend,0.9999988041611494,0.7012856253992581,0.7012847867746619,ACCEPT,-0.005313959884109654,0.0,1.0,0.0
2021-11-05,C_MA20_50_trend,0.9999979481343755,0.6994105836687922,0.6994091485722581,ACCEPT,0.006573419146120196,1.0,1.0,0.0
2021-11-06,C_MA20_50_trend,0.9999962745601465,0.7018649641289381,0.7018623493732289,ACCEPT,0.029247220896912562,1.0,1.0,0.0
2021-11-07,C_MA20_50_trend,0.9999938468332616,0.7994120632105455,0.7994071442948278,ACCEPT,0.06695154718111462,1.0,1.0,0.0
2021-11-08,C_MA20_50_trend,0.9999895623037569,0.7923535274190895,0.7923452570736531,ACCEPT,-0.008806096371717143,0.0,1.0,0.0
2021-11-09,C_MA20_50_trend,0.9999747867399874,0.7915971679858345,0.7915772092406128,ACCEPT,-0.029513867421399387,0.0,1.0,0.0
2021-11-10,C_MA20_50_trend,0.9999485495990936,0.7993187398844668,0.7992776146148477,ACCEPT,-0.0006965054346836919,0.0,1.0,0.0
2021-11-11,C_MA20_50_trend,0.9999186679449974,0.6995009757440442,0.6994440838922107,ACCEPT,-0.01222509636324598,0.0,1.0,0.0
2021-11-12,C_MA20_50_trend,0.9998658032836629,0.6989595365882264,0.6988657385135638,ACCEPT,0.0048878705639170406,1.0,1.0,0.0
2021-11-13,C_MA20_50_trend,0.999775084893902,0.7015215669664074,0.7013637841687431,ACCEPT,0.015469517787564335,1.0,1.0,0.0
2021-11-14,C_MA20_50_trend,0.9995707030602032,0.8065776576505833,0.8062313963304455,ACCEPT,-0.02915932332393234,0.0,1.0,0.0
2021-11-15,C_MA20_50_trend,0.9993048015331026,0.7100762380922122,0.7095825941801103,ACCEPT,-0.05344145330150951,0.0,1.0,0.0
2021-11-16,C_MA20_50_trend,0.9988358812657946,0.7996143468894581,0.7986835008481047,ACCEPT,0.003436857419438999,1.0,1.0,0.0
2021-11-17,C_MA20_50_trend,0.9976008256122055,0.8033853984237815,0.8014579367523551,ACCEPT,-0.05674983989800575,0.0,1.0,0.0
2021-11-18,C_MA20_50_trend,0.993514992986097,0.7925988529609798,0.7874588438403164,ACCEPT,0.020677857806173483,1.0,1.0,0.0
2021-11-19,C_MA20_50_trend,0.9853000896637728,0.7927020880833238,0.7810494384651588,ACCEPT,0.027144333086984274,1.0,1.0,0.0
2021-11-20,C_MA20_50_trend,0.9749011103792831,0.7899677038425432,0.770140391639868,ACCEPT,-0.01619370466132397,0.0,1.0,0.0
2021-11-21,C_MA20_50_trend,0.9560043538936853,0.6849512701024022,0.6548163964229061,ACCEPT,-0.041565940596482776,0.0,1.0,0.0
2021-11-22,C_MA20_50_trend,0.8997495880078866,0.7844404167430657,0.7057999417813083,ACCEPT,0.022735855747423095,1.0,1.0,0.0
2021-11-23,C_MA20_50_trend,0.8019506156929613,0.78185673315235,0.6270104885352145,ACCEPT,-0.02238438701660228,0.0,1.0,0.0
2021-11-24,C_MA20_50_trend,0.6698484955397329,0.7816633231038348,0.5235960009996918,ACCEPT,0.017666069374003168,1.0,1.0,0.0
2021-11-25,C_MA20_50_trend,0.5509420524985984,0.6783564047585393,0.37373506996323963,ACCEPT,-0.06468677053655503,0.0,1.0,0.0
2021-11-26,C_MA20_50_trend,0.28740439133393003,0.767334555558262,0.220535320889714,ACCEPT,0.02324655494514305,1.0,1.0,0.0
2021-11-27,C_MA20_50_trend,-0.06888172909449848,0.7704477549590483,-0.05306977353855371,ACCEPT,0.044392510044424904,0.0,1.0,0.0
2021-11-28,C_MA20_50_trend,-0.48635445287875745,0.7776056319729425,-0.3781919616936409,ACCEPT,0.009748898117819094,0.0,1.0,0.0
2021-11-29,C_MA20_50_trend,-0.7432086726328122,0.6730678145230938,-0.5002298370235764,ACCEPT,-0.013858989986877734,1.0,1.0,0.0
2021-11-30,C_MA20_50_trend,-0.8560902302349782,0.6742513337674004,-0.577219979561175,ACCEPT,0.003936508510805847,0.0,1.0,0.0
2021-12-01,C_MA20_50_trend,-0.9238958801604846,0.5717021541704239,-0.5281932649169289,ABSTAIN,-0.013140205787574133,1.0,0.0,1.0
2021-12-02,C_MA20_50_trend,-0.9575949765744632,0.7712110496136714,-0.7385078269887708,ACCEPT,-0.05098586481791345,1.0,1.0,0.0
2021-12-03,C_MA20_50_trend,-0.9802848355291834,0.5676809694226316,-0.5564890457435118,ABSTAIN,-0.08204639683653359,1.0,0.0,1.0
2021-12-04,C_MA20_50_trend,-0.9923603484785853,0.7524275801997513,-0.7466792956919239,ACCEPT,0.003417522933012007,0.0,1.0,0.0
2021-12-05,C_MA20_50_trend,-0.9966163857146789,0.7494387405614256,-0.7469029289328889,ACCEPT,0.02458589579002135,0.0,1.0,0.0
2021-12-06,C_MA20_50_trend,-0.9978535896453642,0.7512063543641975,-0.749593957266722,ACCEPT,0.002322159783127109,0.0,1.0,0.0
2021-12-07,C_MA20_50_trend,-0.9986384575752612,0.6510802164629707,-0.6501937431263481,ACCEPT,-0.00385184874717448,1.0,1.0,0.0
2021-12-08,C_MA20_50_trend,-0.9987829088310737,0.6577015555043881,-0.6569010727493947,ACCEPT,-0.05608726213196957,1.0,1.0,0.0
2021-12-09,C_MA20_50_trend,-0.9991067968676607,0.7520609331299185,-0.7513891899487368,ACCEPT,-0.00899511908452133,1.0,1.0,0.0
2021-12-10,C_MA20_50_trend,-0.9995041587867232,0.7560442394706217,-0.7556693615776316,ACCEPT,0.044857216044006165,0.0,1.0,0.0
2021-12-11,C_MA20_50_trend,-0.9996820996874258,0.5409372308866658,-0.5407652667718839,ABSTAIN,0.014906619570362878,0.0,0.0,1.0
2021-12-12,C_MA20_50_trend,-0.9997336850604667,0.6425968667864164,-0.6424257336406939,ABSTAIN,-0.0670851717099511,1.0,0.0,1.0
2021-12-13,C_MA20_50_trend,-0.999836367268375,0.7332036523305052,-0.7330836762140369,ACCEPT,-0.00267125345649466,1.0,1.0,0.0
2021-12-14,C_MA20_50_trend,-0.9998813549532533,0.7333725561958453,-0.7332855451746326,ACCEPT,0.04900151967252708,0.0,1.0,0.0
2021-12-15,C_MA20_50_trend,-0.9999178957995272,0.72490912132346,-0.7248496032396382,ACCEPT,-0.025181582897818466,1.0,1.0,0.0
2021-12-16,C_MA20_50_trend,-0.9999311242457634,0.6351597320021984,-0.635115984896596,ABSTAIN,-0.030699007215741814,1.0,0.0,1.0
2021-12-17,C_MA20_50_trend,-0.9999490421420292,0.7348958843258988,-0.734858435605802,ACCEPT,0.013995731563123393,0.0,1.0,0.0
2021-12-18,C_MA20_50_trend,-0.9999669075329091,0.7417017460765792,-0.7416772013359559,ACCEPT,-0.0030259427628138713,1.0,1.0,0.0
2021-12-19,C_MA20_50_trend,-0.9999800206138093,0.7449271140195308,-0.7449122308330359,ACCEPT,0.003709543768351198,0.0,1.0,0.0
2021-12-20,C_MA20_50_trend,-0.9999872169398238,0.642224126155108,-0.6422159165654568,ABSTAIN,0.04386356169401262,0.0,0.0,1.0
2021-12-21,C_MA20_50_trend,-0.9999910962145303,0.6308270789916136,-0.6308214622426338,ABSTAIN,-0.006295931447672265,1.0,0.0,1.0
2021-12-22,C_MA20_50_trend,-0.9999930339057106,0.6308515214051382,-0.6308471268339575,ABSTAIN,0.04433669194360079,0.0,0.0,1.0
2021-12-23,C_MA20_50_trend,-0.9999920608218469,0.7276719745467184,-0.7276661974292754,ACCEPT,0.0007414904357732066,0.0,1.0,0.0
2021-12-24,C_MA20_50_trend,-0.9999871116708531,0.7486019084611025,-0.7485922602333063,ACCEPT,-0.007719775485643066,1.0,1.0,0.0
2021-12-25,C_MA20_50_trend,-0.9999800007266879,0.7493318672961732,-0.7493168812033577,ACCEPT,0.0075284019171428795,0.0,1.0,0.0
2021-12-26,C_MA20_50_trend,-0.9999711238578318,0.7488690864076083,-0.7488474619574038,ACCEPT,-0.003328070621613999,1.0,1.0,0.0
2021-12-27,C_MA20_50_trend,-0.9999565587865941,0.6488171843996617,-0.6487889989938928,ABSTAIN,-0.06025942562091624,1.0,0.0,1.0
2021-12-28,C_MA20_50_trend,-0.9999358418950515,0.6374853721031833,-0.6374444722497769,ABSTAIN,-0.02404227880624954,1.0,0.0,1.0
2021-12-29,C_MA20_50_trend,-0.9998863821293515,0.7480752280342629,-0.7479902333197688,ACCEPT,0.01579112126431248,0.0,1.0,0.0
2021-12-30,C_MA20_50_trend,-0.9997936015575025,0.7468888381103362,-0.7467346814174315,ACCEPT,-0.018476352917798256,1.0,1.0,0.0
2021-12-31,C_MA20_50_trend,-0.9997068014650359,0.6532847835355706,-0.6530932413941236,ACCEPT,0.029809396471367267,0.0,1.0,0.0
2022-01-01,C_MA20_50_trend,-0.9995874104541135,0.5495508380401769,-0.5493240991094683,ABSTAIN,-0.007163274962024402,1.0,0.0,1.0
2022-01-02,C_MA20_50_trend,-0.9992035846601728,0.5622046576457738,-0.5617569092323024,ABSTAIN,-0.0187368774698079,1.0,0.0,1.0
2022-01-03,C_MA20_50_trend,-0.998458877202485,0.6600989275000498,-0.6590816339942643,ACCEPT,-0.012065555013512697,1.0,1.0,0.0
2022-01-04,C_MA20_50_trend,-0.9978239711513066,0.7739300339565293,-0.7722459398757696,ACCEPT,-0.050734060615097554,1.0,1.0,0.0
2022-01-05,C_MA20_50_trend,-0.9973324927954603,0.7619930426717463,-0.7599604207406103,ACCEPT,-0.009366159015892994,1.0,1.0,0.0
2022-01-06,C_MA20_50_trend,-0.9962806481786808,0.7672157933837114,-0.7643622479252448,ACCEPT,-0.03714070469186992,1.0,1.0,0.0
2022-01-07,C_MA20_50_trend,-0.9961016650598999,0.7656514532646703,-0.7626666874524702,ACCEPT,0.004235994902819673,0.0,1.0,0.0
2022-01-08,C_MA20_50_trend,-0.9956200760096201,0.7629854670411498,-0.759643648689745,ACCEPT,0.004256970472081845,0.0,1.0,0.0
2022-01-09,C_MA20_50_trend,-0.9948028923516012,0.7629345120607797,-0.7589694592729213,ACCEPT,-0.0021554853640055605,1.0,1.0,0.0
2022-01-10,C_MA20_50_trend,-0.9951829827701246,0.6784219120363023,-0.6751539419968985,ACCEPT,0.021869109453241498,0.0,1.0,0.0
2022-01-11,C_MA20_50_trend,-0.9955569932116314,0.6716934817970344,-0.6687091430977072,ACCEPT,0.028389418684672707,0.0,1.0,0.0
2022-01-12,C_MA20_50_trend,-0.996271192698728,0.6792687955574023,-0.6767359331130016,ACCEPT,-0.030888714484173407,1.0,1.0,0.0
2022-01-13,C_MA20_50_trend,-0.9972859228512253,0.6766412509795005,-0.6748047944222987,ACCEPT,0.011930269358978673,0.0,1.0,0.0
2022-01-14,C_MA20_50_trend,-0.9977996063665768,0.6744371190985656,-0.6729530919555569,ACCEPT,0.001802778677309158,0.0,1.0,0.0
2022-01-15,C_MA20_50_trend,-0.9985093029817401,0.57299309706092,-0.5721389379596479,ABSTAIN,-0.0014711291913973579,1.0,0.0,1.0
2022-01-16,C_MA20_50_trend,-0.9989299048346869,0.672882991578517,-0.6721629427424075,ACCEPT,-0.020024366790964976,1.0,1.0,0.0
2022-01-17,C_MA20_50_trend,-0.9989062101649661,0.5887202671648937,-0.5880763309209902,ABSTAIN,0.0029604828561313745,0.0,0.0,1.0
2022-01-18,C_MA20_50_trend,-0.9986996776071698,0.7883897814805519,-0.7873646205934143,ACCEPT,-0.014897823244158781,1.0,1.0,0.0
2022-01-19,C_MA20_50_trend,-0.9986685658105917,0.7928289337027712,-0.7917733341540872,ACCEPT,-0.02548634039729203,1.0,1.0,0.0
2022-01-20,C_MA20_50_trend,-0.9985940190355787,0.7936000329804165,-0.7924842464406818,ACCEPT,-0.10381165615712484,1.0,1.0,0.0
2022-01-21,C_MA20_50_trend,-0.9990670163144654,0.7536188249781827,-0.7529157109093663,ACCEPT,-0.039143484680769114,1.0,1.0,0.0
2022-01-22,C_MA20_50_trend,-0.9994846045556406,0.7530196505043306,-0.7526315476069476,ACCEPT,0.03558509252717301,0.0,1.0,0.0
2022-01-23,C_MA20_50_trend,-0.999715693568415,0.7402907207273923,-0.7400802513142469,ACCEPT,0.010406744495611076,0.0,1.0,0.0
2022-01-24,C_MA20_50_trend,-0.9998287376219587,0.6382742447437516,-0.6381649323787543,ABSTAIN,0.008175727030871549,0.0,0.0,1.0
2022-01-25,C_MA20_50_trend,-0.9998577002355435,0.6444779606726584,-0.6443862516106573,ABSTAIN,-0.002757016878562668,1.0,0.0,1.0
2022-01-26,C_MA20_50_trend,-0.9998768583755997,0.6443890762746871,-0.6443097251570888,ABSTAIN,0.007763821260712289,0.0,0.0,1.0
2022-01-27,C_MA20_50_trend,-0.9998710915166276,0.6455588776064324,-0.6454756595905925,ABSTAIN,0.017397102127314046,0.0,0.0,1.0
2022-01-28,C_MA20_50_trend,-0.9998764331916975,0.6436980861726241,-0.6436185464546054,ABSTAIN,0.00936493083845824,0.0,0.0,1.0
2022-01-29,C_MA20_50_trend,-0.9998830131215577,0.6431857208469591,-0.6431104765572185,ABSTAIN,-0.005783656346668664,1.0,0.0,1.0
2022-01-30,C_MA20_50_trend,-0.9998799429944997,0.6454199807671918,-0.6453424935770108,ABSTAIN,0.01491453610450133,0.0,0.0,1.0
2022-01-31,C_MA20_50_trend,-0.9998807390812584,0.6446359841578905,-0.6445591042781659,ABSTAIN,0.00676006528835682,0.0,0.0,1.0
2022-02-01,C_MA20_50_trend,-0.9999085704187599,0.649176007849863,-0.6491166539593142,ABSTAIN,-0.046209029430310355,1.0,0.0,1.0
2022-02-02,C_MA20_50_trend,-0.9999287022485518,0.5468604781216069,-0.5468214881991609,ABSTAIN,0.005456046132945147,0.0,0.0,1.0
2022-02-03,C_MA20_50_trend,-0.999941633201711,0.5477686472454173,-0.5477366757432744,ABSTAIN,0.116978066100073,0.0,0.0,1.0
2022-02-04,C_MA20_50_trend,-0.9999379173320748,0.7,-0.6999565421324523,ACCEPT,-0.001438787435204647,1.0,1.0,0.0
2022-02-05,C_MA20_50_trend,-0.9999376713474888,0.7,-0.6999563699432421,ACCEPT,0.023437312952531153,0.0,1.0,0.0
2022-02-06,C_MA20_50_trend,-0.9999235488123587,0.6977777777777777,-0.6977244318379568,ACCEPT,0.033665872045371525,0.0,1.0,0.0
2022-02-07,C_MA20_50_trend,-0.999897711328698,0.6977777777777777,-0.6977064030160247,ACCEPT,0.0063448528050995545,0.0,1.0,0.0
2022-02-08,C_MA20_50_trend,-0.9998483519552357,0.6977777777777777,-0.6976719611420977,ACCEPT,0.004994545046617338,0.0,1.0,0.0
2022-02-09,C_MA20_50_trend,-0.9997171562716421,0.6978609010157011,-0.6976635154365827,ACCEPT,-0.01744935921313273,1.0,1.0,0.0
2022-02-10,C_MA20_50_trend,-0.9991910676163847,0.6414785037642857,-0.6409595910291976,ABSTAIN,-0.026561982607033352,1.0,0.0,1.0
2022-02-11,C_MA20_50_trend,-0.9972253713420443,0.6458147527402782,-0.6440228566195945,ABSTAIN,-0.0038546734323026133,1.0,0.0,1.0
2022-02-12,C_MA20_50_trend,-0.9918069995489172,0.6480311291327066,-0.6427218097994065,ABSTAIN,-0.001111462077505676,1.0,0.0,1.0
2022-02-13,C_MA20_50_trend,-0.9772591435300634,0.649952085144397,-0.6351716180637922,ABSTAIN,0.009228086961576842,0.0,0.0,1.0
2022-02-14,C_MA20_50_trend,-0.9365715492272709,0.5499418436737793,-0.5150598845144532,ABSTAIN,0.04668769779745485,0.0,0.0,1.0
2022-02-15,C_MA20_50_trend,-0.8031328212136296,0.7424010575929556,-0.5962466558566127,ACCEPT,-0.013759752216496501,1.0,1.0,0.0
2022-02-16,C_MA20_50_trend,-0.5466514746830724,0.5424797734497728,-0.29654736814205734,ABSTAIN,-0.07788223029977337,1.0,0.0,1.0
2022-02-17,C_MA20_50_trend,-0.298572779379872,0.6167671617302056,-0.18414988570802251,ABSTAIN,-0.012507647384577658,1.0,0.0,1.0
2022-02-18,C_MA20_50_trend,-0.022553295577950182,0.7159907938481727,-0.01614795200474903,ACCEPT,0.0022777282826873524,0.0,1.0,0.0
2022-02-19,C_MA20_50_trend,0.25453059656653104,0.7162675779716556,0.1823120139223898,ACCEPT,-0.04214073972532317,0.0,1.0,0.0
2022-02-20,C_MA20_50_trend,0.44875549394774095,0.7102749950177658,0.31873980622792675,ACCEPT,-0.03528620868790788,0.0,1.0,0.0
2022-02-21,C_MA20_50_trend,0.5611474784331033,0.7042497336224404,0.3951879622094171,ACCEPT,0.03265642371222732,1.0,1.0,0.0
2022-02-22,C_MA20_50_trend,0.7254639666491126,0.7102247318645293,0.5152424511907439,ACCEPT,-0.025843815613622922,0.0,1.0,0.0
2022-02-23,C_MA20_50_trend,0.8155756607125264,0.705563850364157,0.5754407034356215,ACCEPT,0.027778400368163814,1.0,1.0,0.0
2022-02-24,C_MA20_50_trend,0.7932588540367285,0.6567131424061325,0.5209435147759476,ACCEPT,0.022998939789759643,1.0,1.0,0.0
2022-02-25,C_MA20_50_trend,0.7787515025615143,0.6538289758166363,0.5091702973354615,ACCEPT,-0.002781397053842838,0.0,1.0,0.0
2022-02-26,C_MA20_50_trend,0.7160360439689258,0.6568325445414366,0.4703157767434935,ACCEPT,-0.03568234201898368,0.0,1.0,0.0
2022-02-27,C_MA20_50_trend,0.5517225588764539,0.7594836415332017,0.4190242581315055,ACCEPT,0.1454118392886461,1.0,1.0,0.0
2022-02-28,C_MA20_50_trend,0.48639946770230263,0.7022222222222222,0.3415605150976169,ACCEPT,0.026888524570001016,1.0,1.0,0.0
2022-03-01,C_MA20_50_trend,0.43732057957852466,0.6044444444444445,0.2643359947674638,ABSTAIN,-0.009706302725009275,0.0,0.0,1.0
2022-03-02,C_MA20_50_trend,0.4312583309381885,0.6022222222222222,0.2597133504094424,ABSTAIN,-0.03351981142193561,0.0,0.0,1.0
2022-03-03,C_MA20_50_trend,0.4633608778775515,0.6,0.2780165267265309,ABSTAIN,-0.07806935036049167,0.0,0.0,1.0
2022-03-04,C_MA20_50_trend,0.37603614865699786,0.6977777777777777,0.26238966817399406,ACCEPT,0.00671938064683042,1.0,1.0,0.0
2022-03-05,C_MA20_50_trend,0.30435259155469613,0.5,0.15217629577734806,ABSTAIN,-0.024887994408395286,0.0,0.0,1.0
2022-03-06,C_MA20_50_trend,0.17230803232722663,0.5,0.08615401616361332,ABSTAIN,-0.009316643885282638,0.0,0.0,1.0
2022-03-07,C_MA20_50_trend,-0.1056359992193259,0.6,-0.06338159953159554,ABSTAIN,0.017740259990833174,0.0,0.0,1.0
2022-03-08,C_MA20_50_trend,-0.33204034772461805,0.5977777777777777,-0.19848634119538278,ABSTAIN,0.08378639716414904,0.0,0.0,1.0
2022-03-09,C_MA20_50_trend,-0.2401755937891138,0.4955555555555555,-0.11902034981104972,ABSTAIN,-0.060630954045771346,1.0,0.0,1.0
2022-03-10,C_MA20_50_trend,-0.22091878229870363,0.4955555555555555,-0.1094775298946909,ABSTAIN,-0.016291319622939393,1.0,0.0,1.0
2022-03-11,C_MA20_50_trend,-0.25500535861493995,0.5977777777777777,-0.1524365365942641,ABSTAIN,0.002810649293818468,0.0,0.0,1.0
2022-03-12,C_MA20_50_trend,-0.2840915712431897,0.6977777777777777,-0.19823278526747012,ACCEPT,-0.027101257933814904,1.0,1.0,0.0
2022-03-13,C_MA20_50_trend,-0.3039013617039298,0.5977777777777777,-0.1816654806630158,ABSTAIN,0.0480080837903738,0.0,0.0,1.0
2022-03-14,C_MA20_50_trend,-0.3020158437617042,0.5955555555555556,-0.17986721361808164,ABSTAIN,-0.008268101563720931,1.0,0.0,1.0
2022-03-15,C_MA20_50_trend,-0.24580781607686172,0.5977777777777777,-0.1469384500548351,ABSTAIN,0.04588714481344902,0.0,0.0,1.0
2022-03-16,C_MA20_50_trend,-0.1778792535050925,0.5955555555555556,-0.10593697764303288,ABSTAIN,-0.00467993171076464,1.0,0.0,1.0
2022-03-17,C_MA20_50_trend,-0.17165867589467007,0.5955555555555556,-0.1022322780883813,ABSTAIN,0.020750884742987363,0.0,0.0,1.0
2022-03-18,C_MA20_50_trend,-0.12091732055747041,0.6955555555555555,-0.08410471407664052,ACCEPT,0.009317830622209256,0.0,1.0,0.0
2022-03-19,C_MA20_50_trend,0.046727781607410715,0.6933333333333334,0.032397928581138095,ACCEPT,-0.022346848712323064,0.0,1.0,0.0
2022-03-20,C_MA20_50_trend,-0.14900472569011222,0.7347033787237045,-0.10947427541032421,ACCEPT,-0.004117262624553253,1.0,1.0,0.0
2022-03-21,C_MA20_50_trend,-0.40504429588228286,0.6395320036277432,-0.2590387901035848,ABSTAIN,0.031180014163224357,0.0,0.0,1.0
2022-03-22,C_MA20_50_trend,-0.5514405669460675,0.7341019360405239,-0.40481358780639226,ACCEPT,0.012610091153007819,0.0,1.0,0.0
2022-03-23,C_MA20_50_trend,-0.60053223877759,0.7370307067799623,-0.44261070039040024,ACCEPT,0.024898646221148013,0.0,1.0,0.0
2022-03-24,C_MA20_50_trend,-0.5139215515531399,0.7575011207270704,-0.3892961512672984,ACCEPT,0.008821397620525806,0.0,1.0,0.0
2022-03-25,C_MA20_50_trend,-0.4135296387534171,0.7552579335726517,-0.31232154043595095,ACCEPT,0.003429583093865096,0.0,1.0,0.0
2022-03-26,C_MA20_50_trend,-0.14122939357549844,0.75886917534115,-0.1071746334365692,ACCEPT,0.052126312256127294,0.0,1.0,0.0
2022-03-27,C_MA20_50_trend,0.25355919284325656,0.7513908351671376,0.19052205367479985,ACCEPT,0.0065678873583499,1.0,1.0,0.0
2022-03-28,C_MA20_50_trend,0.5733744430045421,0.7515105041563676,0.43089691673271985,ACCEPT,0.0071661546110000085,1.0,1.0,0.0
2022-03-29,C_MA20_50_trend,0.7139429884939156,0.7729852445377704,0.5518673955469959,ACCEPT,-0.008491735032190584,0.0,1.0,0.0
2022-03-30,C_MA20_50_trend,0.8573171939475419,0.7929662393089821,0.6798235911795115,ACCEPT,-0.03238210822970233,0.0,1.0,0.0
2022-03-31,C_MA20_50_trend,0.9302577457865175,0.6855729442324962,0.6377595416739478,ACCEPT,0.016315115388267687,1.0,1.0,0.0
2022-04-01,C_MA20_50_trend,0.9665628504547978,0.6876780345825061,0.6646840413012202,ACCEPT,-0.008917040798352427,0.0,1.0,0.0
2022-04-02,C_MA20_50_trend,0.9847067672567293,0.6902955215384101,0.6797386714658858,ACCEPT,0.012745379989237415,1.0,1.0,0.0
2022-04-03,C_MA20_50_trend,0.9916019068810914,0.5980998950244307,0.593076996411606,ABSTAIN,0.003640395949819908,1.0,0.0,1.0
2022-04-04,C_MA20_50_trend,0.9956026671642859,0.5994944619363556,0.596858285254054,ABSTAIN,-0.02287907280900814,0.0,0.0,1.0
2022-04-05,C_MA20_50_trend,0.9969819477854598,0.6982224708224928,0.6961151989481852,ACCEPT,-0.05156849392240015,0.0,1.0,0.0
2022-04-06,C_MA20_50_trend,0.9978504657751649,0.6791392763622591,0.6776794432442887,ACCEPT,0.006876459247305178,1.0,1.0,0.0
2022-04-07,C_MA20_50_trend,0.9982871732085324,0.7804071331777972,0.7790704309318379,ACCEPT,-0.02795577079433975,0.0,1.0,0.0
2022-04-08,C_MA20_50_trend,0.9981482778046132,0.7764577176546992,0.7750199336651387,ACCEPT,0.011693070951357853,1.0,1.0,0.0
2022-04-09,C_MA20_50_trend,0.9982255352977893,0.7808871246457253,0.7795014680066307,ACCEPT,-0.013427680050824398,0.0,1.0,0.0
2022-04-10,C_MA20_50_trend,0.9982749589893797,0.7776816934095077,0.7763401605951676,ACCEPT,-0.06363225953812457,0.0,1.0,0.0
2022-04-11,C_MA20_50_trend,0.9974425602082012,0.7640559743503701,0.7621019471984048,ACCEPT,0.015315083892861292,1.0,1.0,0.0
2022-04-12,C_MA20_50_trend,0.9958511943510859,0.7658762245825814,0.7626987529756643,ACCEPT,0.025906300465151855,1.0,1.0,0.0
2022-04-13,C_MA20_50_trend,0.9933172809939596,0.765627296625941,0.7605108245392355,ACCEPT,-0.029908006531745968,0.0,1.0,0.0
2022-04-14,C_MA20_50_trend,0.9871496345646706,0.663409424610448,0.6548843710709622,ACCEPT,0.015473675726454417,1.0,1.0,0.0
2022-04-15,C_MA20_50_trend,0.977180198837435,0.6641977803002724,0.6490409190212032,ACCEPT,-0.0031805042860567623,0.0,1.0,0.0
2022-04-16,C_MA20_50_trend,0.9489914878265384,0.7769561022075538,0.7373247274098546,ACCEPT,-0.017502542356175654,0.0,1.0,0.0
2022-04-17,C_MA20_50_trend,0.8780188870589519,0.7752366771724122,0.6806724444982013,ACCEPT,0.027929174608607443,1.0,1.0,0.0
2022-04-18,C_MA20_50_trend,0.715377969147767,0.6725043164845229,0.4810947721698051,ACCEPT,0.016571096753378534,1.0,1.0,0.0
2022-04-19,C_MA20_50_trend,0.5437359221665051,0.6700744954046883,0.3643435736791238,ACCEPT,-0.003093074404708074,0.0,1.0,0.0
2022-04-20,C_MA20_50_trend,0.4086070162963519,0.6712181673022508,0.27426445262527827,ACCEPT,-0.020471984048854197,0.0,1.0,0.0
2022-04-21,C_MA20_50_trend,0.17166873695812412,0.5701397942884183,0.09787517837505748,ABSTAIN,-0.019420038833716236,0.0,0.0,1.0
2022-04-22,C_MA20_50_trend,-0.12590080351979988,0.7671702182932163,-0.09658734691957621,ACCEPT,-0.0063811726165236005,1.0,1.0,0.0
2022-04-23,C_MA20_50_trend,-0.50007297592059,0.7712867342511418,-0.38569965248504173,ACCEPT,-0.0004416040475622163,1.0,1.0,0.0
2022-04-24,C_MA20_50_trend,-0.7516117650098078,0.7738784701222488,-0.5816561628316732,ACCEPT,0.025057850055308917,0.0,1.0,0.0
2022-04-25,C_MA20_50_trend,-0.8685603465642678,0.5703248079237602,-0.4953615128244606,ABSTAIN,-0.057858267871623625,1.0,0.0,1.0
2022-04-26,C_MA20_50_trend,-0.9262014122296119,0.7675154336240602,-0.7108738785306276,ACCEPT,0.029478882606909007,0.0,1.0,0.0
2022-04-27,C_MA20_50_trend,-0.9558841655100904,0.7628169874492443,-0.729164679484842,ACCEPT,0.013575224570606004,0.0,1.0,0.0
2022-04-28,C_MA20_50_trend,-0.9636627699977184,0.764059107646361,-0.7362953161164771,ACCEPT,-0.02926557389929385,1.0,1.0,0.0
2022-04-29,C_MA20_50_trend,-0.9768783253488577,0.6644864314171999,-0.6491223923398728,ACCEPT,-0.023179313474195662,1.0,1.0,0.0
2022-04-30,C_MA20_50_trend,-0.985712883881231,0.7633740988398258,-0.7524676844476406,ACCEPT,0.019997911964443782,0.0,1.0,0.0
2022-05-01,C_MA20_50_trend,-0.9871367755411365,0.7775250684646137,-0.7675235889865601,ACCEPT,0.001565786170879102,0.0,1.0,0.0
2022-05-02,C_MA20_50_trend,-0.9896741857590244,0.7788433231138854,-0.7708011316365873,ACCEPT,-0.020215120218891713,1.0,1.0,0.0
2022-05-03,C_MA20_50_trend,-0.9924958558986168,0.6814752423926346,-0.6763613539721952,ACCEPT,0.051599856624237495,0.0,1.0,0.0
2022-05-04,C_MA20_50_trend,-0.9928208766707025,0.6714309373002179,-0.6666106517942337,ACCEPT,-0.07867402068901796,1.0,1.0,0.0
2022-05-05,C_MA20_50_trend,-0.9945101905723516,0.7507695381846065,-0.7466479564958893,ACCEPT,-0.014606061408683924,1.0,1.0,0.0
2022-05-06,C_MA20_50_trend,-0.9959442049811048,0.7504298891758372,-0.7473862993692878,ACCEPT,-0.014954355270636377,1.0,1.0,0.0
2022-05-07,C_MA20_50_trend,-0.9967513117308907,0.7528654906514551,-0.7504196653637586,ACCEPT,-0.040636848764922684,1.0,1.0,0.0
2022-05-08,C_MA20_50_trend,-0.9979247986792368,0.7553483103914358,-0.7537808105800752,ACCEPT,-0.11046369999353145,1.0,1.0,0.0
2022-05-09,C_MA20_50_trend,-0.999124427504478,0.7269642225684873,-0.7263277126899778,ACCEPT,0.02396125848050934,0.0,1.0,0.0
2022-05-10,C_MA20_50_trend,-0.9996098534809895,0.7228658005777292,-0.7225837770019221,ACCEPT,-0.06725839173272163,1.0,1.0,0.0
2022-05-11,C_MA20_50_trend,-0.999827949404918,0.7147913312909931,-0.7146683510170851,ACCEPT,0.003849706798608521,0.0,1.0,0.0
2022-05-12,C_MA20_50_trend,-0.9999145649824428,0.7115561082020551,-0.7114953163934579,ACCEPT,0.008102229834508146,0.0,1.0,0.0
2022-05-13,C_MA20_50_trend,-0.999953670189314,0.7080673150026526,-0.7080345103779956,ACCEPT,0.027939733537411415,0.0,1.0,0.0
2022-05-14,C_MA20_50_trend,-0.9999728791848249,0.6015062736574679,-0.6014899603169934,ABSTAIN,0.03999325713567892,0.0,0.0,1.0
2022-05-15,C_MA20_50_trend,-0.9999845531818664,0.5978110615299848,-0.5978018272512391,ABSTAIN,-0.046069001557128786,1.0,0.0,1.0
2022-05-16,C_MA20_50_trend,-0.9999884248473937,0.6026593706505616,-0.6026523947763768,ABSTAIN,0.018850785235190015,0.0,0.0,1.0
2022-05-17,C_MA20_50_trend,-0.999992059844814,0.6025552611081987,-0.6025504767259173,ABSTAIN,-0.05605711989808215,1.0,0.0,1.0
2022-05-18,C_MA20_50_trend,-0.9999955585189094,0.6995663429809074,-0.6995632358702234,ACCEPT,0.05550304428240649,0.0,1.0,0.0
2022-05-19,C_MA20_50_trend,-0.9999967822430119,0.5854163212536451,-0.5854144375261864,ABSTAIN,-0.036734890846488066,1.0,0.0,1.0
2022-05-20,C_MA20_50_trend,-0.9999977894731824,0.6866863895142267,-0.6866848715755474,ACCEPT,0.007927413013061102,0.0,1.0,0.0
2022-05-21,C_MA20_50_trend,-0.9999985592701346,0.588308523219575,-0.5883076756259156,ABSTAIN,0.030289794482822652,0.0,0.0,1.0
2022-05-22,C_MA20_50_trend,-0.9999990188168704,0.5866666666666667,-0.5866660910392306,ABSTAIN,-0.04039123144227663,1.0,0.0,1.0
2022-05-23,C_MA20_50_trend,-0.9999993206534128,0.6866666666666666,-0.6866662001820101,ACCEPT,0.019130468401079792,0.0,1.0,0.0
2022-05-24,C_MA20_50_trend,-0.9999996205590784,0.5911952775212699,-0.5911950531975889,ABSTAIN,-0.003143576713387941,1.0,0.0,1.0
2022-05-25,C_MA20_50_trend,-0.9999996958214953,0.603113947331131,-0.6031137638768324,ABSTAIN,-0.009983529917456657,1.0,0.0,1.0
2022-05-26,C_MA20_50_trend,-0.9999997718702034,0.5031826816708567,-0.5031825668798938,ABSTAIN,-0.02185551924250806,1.0,0.0,1.0
2022-05-27,C_MA20_50_trend,-0.9999998245181881,0.7050700611121475,-0.7050699373851758,ACCEPT,0.006543557286537771,0.0,1.0,0.0
2022-05-28,C_MA20_50_trend,-0.9999998417013635,0.7072783343668113,-0.7072782224056153,ACCEPT,0.02190035821988534,0.0,1.0,0.0
2022-05-29,C_MA20_50_trend,-0.9999997355969243,0.6378657584099104,-0.6378655897562421,ABSTAIN,0.07744470968730455,0.0,0.0,1.0
2022-05-30,C_MA20_50_trend,-0.9999995159196737,0.7182213248178692,-0.7182209771410559,ACCEPT,0.0020777630413166825,0.0,1.0,0.0
2022-05-31,C_MA20_50_trend,-0.9999989374834208,0.734396587589212,-0.734395807280662,ACCEPT,-0.06269536357891181,1.0,1.0,0.0
2022-06-01,C_MA20_50_trend,-0.9999980271411516,0.7223403115336443,-0.7223388864581691,ACCEPT,0.02243049790035867,0.0,1.0,0.0
2022-06-02,C_MA20_50_trend,-0.999995995584666,0.6211894278983817,-0.6211869403979113,ABSTAIN,-0.02504629358369581,1.0,0.0,1.0
2022-06-03,C_MA20_50_trend,-0.9999936460807585,0.6212274679819597,-0.6212235207527975,ABSTAIN,0.004326748833952898,0.0,0.0,1.0
2022-06-04,C_MA20_50_trend,-0.9999911233796691,0.7263818197704529,-0.7263753719548235,ACCEPT,0.00247203631266113,0.0,1.0,0.0
2022-06-05,C_MA20_50_trend,-0.9999845777242019,0.5330896290254091,-0.5330814075701252,ABSTAIN,0.048952630028413324,0.0,0.0,1.0
2022-06-06,C_MA20_50_trend,-0.9999724930415363,0.5267163033943869,-0.5267018150309073,ABSTAIN,-0.006859698773187373,1.0,0.0,1.0
2022-06-07,C_MA20_50_trend,-0.9999338031492753,0.5402859177109026,-0.5402501524846592,ABSTAIN,-0.03020730515832104,1.0,0.0,1.0
2022-06-08,C_MA20_50_trend,-0.9998800021359785,0.7464061325252669,-0.7463165653836713,ACCEPT,-0.003387708269364409,1.0,1.0,0.0
2022-06-09,C_MA20_50_trend,-0.9997447265464362,0.6515727695842494,-0.6514064403531095,ACCEPT,-0.03414563715680452,1.0,1.0,0.0
2022-06-10,C_MA20_50_trend,-0.9995426956498028,0.6494657096776165,-0.649168706183277,ABSTAIN,-0.024858994495164377,1.0,0.0,1.0
2022-06-11,C_MA20_50_trend,-0.9993579395432362,0.7511462919635538,-0.7506640106322392,ACCEPT,-0.056351073137826724,1.0,1.0,0.0
2022-06-12,C_MA20_50_trend,-0.9990768176558492,0.7482106820037365,-0.7475199471124057,ACCEPT,-0.15974726027617203,1.0,1.0,0.0
2022-06-13,C_MA20_50_trend,-0.9991977962817375,0.6933333333333334,-0.6927771387553381,ACCEPT,-0.012477914053041661,1.0,1.0,0.0
2022-06-14,C_MA20_50_trend,-0.9992735114426561,0.6955555555555555,-0.6950502424034474,ACCEPT,0.01648355417709846,0.0,1.0,0.0
2022-06-15,C_MA20_50_trend,-0.9993778304714351,0.6933333333333334,-0.6929019624601951,ACCEPT,-0.09707194434960298,1.0,1.0,0.0
2022-06-16,C_MA20_50_trend,-0.9994968604445039,0.6955555555555555,-0.6952055940425105,ACCEPT,0.004407495444594733,0.0,1.0,0.0
2022-06-17,C_MA20_50_trend,-0.9995909450429917,0.6955555555555555,-0.6952710351076808,ACCEPT,-0.07101780974085614,1.0,1.0,0.0
2022-06-18,C_MA20_50_trend,-0.9997618967820902,0.6977777777777777,-0.6976116346435028,ACCEPT,0.0807475952890373,0.0,1.0,0.0
2022-06-19,C_MA20_50_trend,-0.9998960067602509,0.5955555555555556,-0.5954936218038829,ABSTAIN,0.002251010260589048,0.0,0.0,1.0
2022-06-20,C_MA20_50_trend,-0.9999536490924686,0.5955555555555556,-0.5955279510150703,ABSTAIN,0.0053914098304885805,0.0,0.0,1.0
2022-06-21,C_MA20_50_trend,-0.9999709930794435,0.5955555555555556,-0.5955382803228686,ABSTAIN,-0.034937106663198714,1.0,0.0,1.0
2022-06-22,C_MA20_50_trend,-0.999985971689386,0.6977777777777777,-0.6977679891343714,ACCEPT,0.05497803800296652,0.0,1.0,0.0
2022-06-23,C_MA20_50_trend,-0.9999902456278645,0.5977777777777777,-0.597771946830879,ABSTAIN,0.006913598955313738,0.0,0.0,1.0
2022-06-24,C_MA20_50_trend,-0.9999945059150456,0.5977777777777777,-0.5977744935358827,ABSTAIN,0.012748964915301864,0.0,0.0,1.0
2022-06-25,C_MA20_50_trend,-0.999996989446268,0.5977777777777777,-0.597775978135658,ABSTAIN,-0.02209261947079333,1.0,0.0,1.0
2022-06-26,C_MA20_50_trend,-0.9999988609376732,0.49777777777777776,-0.49777721077786397,ABSTAIN,-0.013877981325425726,1.0,0.0,1.0
2022-06-27,C_MA20_50_trend,-0.9999996126040666,0.49777777777777776,-0.4977775849406909,ABSTAIN,-0.02193553187871977,1.0,0.0,1.0
2022-06-28,C_MA20_50_trend,-0.999999884995912,0.7,-0.6999999194971384,ACCEPT,-0.008708372798288844,1.0,1.0,0.0
2022-06-29,C_MA20_50_trend,-0.9999999650525697,0.5022222222222221,-0.502222204670846,ABSTAIN,-0.01588223750298734,1.0,0.0,1.0
2022-06-30,C_MA20_50_trend,-0.9999999893146999,0.7022222222222222,-0.702222214718767,ACCEPT,-0.02604834458398897,1.0,1.0,0.0
2022-07-01,C_MA20_50_trend,-0.9999999965278786,0.7044444444444444,-0.7044444419985278,ACCEPT,-0.0014069651515379311,1.0,1.0,0.0
2022-07-02,C_MA20_50_trend,-0.9999999984780474,0.6044444444444445,-0.6044444435245087,ABSTAIN,0.002848954556089245,0.0,0.0,1.0
2022-07-03,C_MA20_50_trend,-0.9999999984109004,0.752317852792586,-0.752317851597078,ACCEPT,0.04841073013105235,0.0,1.0,0.0
2022-07-04,C_MA20_50_trend,-0.9999999978620636,0.6446508979910023,-0.6446508966127796,ABSTAIN,-0.0020338071321012174,1.0,0.0,1.0
2022-07-05,C_MA20_50_trend,-0.9999999975539886,0.6480037888410123,-0.6480037872559876,ABSTAIN,0.017737930428710857,0.0,0.0,1.0
2022-07-06,C_MA20_50_trend,-0.9999999953011302,0.7706869231992955,-0.770686919577938,ACCEPT,0.053013857820514154,0.0,1.0,0.0
2022-07-07,C_MA20_50_trend,-0.9999999907042112,0.7627934832442613,-0.7627934761534942,ACCEPT,0.004322538045727464,0.0,1.0,0.0
2022-07-08,C_MA20_50_trend,-0.9999999721555299,0.7790620311744074,-0.779062009481838,ACCEPT,-0.006392223420980114,1.0,1.0,0.0
2022-07-09,C_MA20_50_trend,-0.9999999433453298,0.8023509069667197,-0.8023508615097937,ACCEPT,-0.03388990349346599,1.0,1.0,0.0
2022-07-10,C_MA20_50_trend,-0.9999998939906153,0.5994086095212527,-0.5994085459783148,ABSTAIN,-0.04265931997884009,1.0,0.0,1.0
2022-07-11,C_MA20_50_trend,-0.9999998157145309,0.7926590122390229,-0.792658866163485,ACCEPT,-0.03237979740682695,1.0,1.0,0.0
2022-07-12,C_MA20_50_trend,-0.999999684377293,0.7932721338123432,-0.793271883437645,ACCEPT,0.04596171114078618,0.0,1.0,0.0
2022-07-13,C_MA20_50_trend,-0.9999994900708907,0.6968217029177403,-0.69682134758807,ACCEPT,0.017704551212910147,0.0,1.0,0.0
2022-07-14,C_MA20_50_trend,-0.9999991597224978,0.5934592228931892,-0.5934587242227557,ABSTAIN,0.012951348577769028,0.0,0.0,1.0
2022-07-15,C_MA20_50_trend,-0.9999986615408937,0.5934375414547168,-0.5934367471628355,ABSTAIN,0.01698899533192111,0.0,0.0,1.0
2022-07-16,C_MA20_50_trend,-0.9999976208833121,0.5941272236387899,-0.5941258101407975,ABSTAIN,-0.01939436147960416,1.0,0.0,1.0
2022-07-17,C_MA20_50_trend,-0.9999956585778987,0.5934013783944422,-0.5933988021885831,ABSTAIN,0.08211740099467768,0.0,0.0,1.0
2022-07-18,C_MA20_50_trend,-0.9999882843399874,0.7715491237587072,-0.7715400845514903,ACCEPT,0.0401919693193753,0.0,1.0,0.0
2022-07-19,C_MA20_50_trend,-0.9999550766403316,0.7687871059499591,-0.7687525694502901,ACCEPT,-0.006742410894342465,1.0,1.0,0.0
2022-07-20,C_MA20_50_trend,-0.9998148256676354,0.7721475837601328,-0.7720046018468231,ACCEPT,-0.0028884421706671937,1.0,1.0,0.0
2022-07-21,C_MA20_50_trend,-0.9992638804296927,0.7778989492805866,-0.7773263226402997,ACCEPT,-0.01941107679491816,1.0,1.0,0.0
2022-07-22,C_MA20_50_trend,-0.997031510996273,0.6756011030864036,-0.6735955886409858,ACCEPT,-0.010983941711781742,1.0,1.0,0.0
2022-07-23,C_MA20_50_trend,-0.989108095465434,0.6744906727098906,-0.6671441846932793,ACCEPT,0.006395837363315726,0.0,1.0,0.0
2022-07-24,C_MA20_50_trend,-0.9662360814695901,0.6800500961976598,-0.6570889401530445,ACCEPT,-0.05517510011323534,1.0,1.0,0.0
2022-07-25,C_MA20_50_trend,-0.9106572028046321,0.6687789506822889,-0.6090283685229502,ACCEPT,-0.005708686992848544,1.0,1.0,0.0
2022-07-26,C_MA20_50_trend,-0.7643777770705072,0.6714638129211704,-0.5132520167039711,ACCEPT,0.0796052030234431,0.0,1.0,0.0
2022-07-27,C_MA20_50_trend,-0.4540625180908771,0.561498837573351,-0.25495557609365616,ABSTAIN,0.0398306162434614,0.0,0.0,1.0
2022-07-28,C_MA20_50_trend,0.043785344143212106,0.7557431617230609,0.033090474419923424,ACCEPT,-0.0016462880701044735,0.0,1.0,0.0
2022-07-29,C_MA20_50_trend,0.5315561149715051,0.75377073220646,0.4006714419908926,ACCEPT,-0.006235163651508224,0.0,1.0,0.0
2022-07-30,C_MA20_50_trend,0.82530978430842,0.7578841818514371,0.6254892306545728,ACCEPT,-0.013497960448739299,0.0,1.0,0.0
2022-07-31,C_MA20_50_trend,0.9475509345385837,0.6639914037202846,0.6291656751207417,ACCEPT,-0.0009725914343493569,0.0,1.0,0.0
2022-08-01,C_MA20_50_trend,0.9850063859897331,0.6667203761513298,0.6567238281785368,ACCEPT,-0.014415336683737068,0.0,1.0,0.0
2022-08-02,C_MA20_50_trend,0.9917455851237925,0.5694981423540698,0.5647972684158499,ABSTAIN,-0.0057275961266136655,0.0,0.0,1.0
2022-08-03,C_MA20_50_trend,0.9948340480777667,0.7672221920713428,0.7632587591134318,ACCEPT,-0.009434736504108754,0.0,1.0,0.0
2022-08-04,C_MA20_50_trend,0.9965847950284785,0.7645115901318271,0.7619006263484231,ACCEPT,0.029091011085651708,1.0,1.0,0.0
2022-08-05,C_MA20_50_trend,0.9972068750633218,0.5631352727871208,0.5615623656139761,ABSTAIN,-0.014085221654344782,0.0,0.0,1.0
2022-08-06,C_MA20_50_trend,0.9978483301217341,0.5616495335652494,0.560441049181735,ABSTAIN,0.009346662498644243,1.0,0.0,1.0
2022-08-07,C_MA20_50_trend,0.9972314749422679,0.5825420624472979,0.5809292801502296,ABSTAIN,0.02733856978257987,1.0,0.0,1.0
2022-08-08,C_MA20_50_trend,0.9965370401518506,0.7879029603651939,0.7851744840492112,ACCEPT,-0.02709709734425869,0.0,1.0,0.0
2022-08-09,C_MA20_50_trend,0.9954769111585219,0.7829527310387999,0.7794113662776335,ACCEPT,0.033815983988709775,1.0,1.0,0.0
2022-08-10,C_MA20_50_trend,0.9948195674223171,0.7812974473368735,0.777249988587829,ACCEPT,0.00041284726535173455,1.0,1.0,0.0
2022-08-11,C_MA20_50_trend,0.9942705520671786,0.7852636295033627,0.7807645024245848,ACCEPT,0.018586602023192844,1.0,1.0,0.0
2022-08-12,C_MA20_50_trend,0.9949264547193524,0.7874816699701662,0.7834863460598925,ACCEPT,0.0008708010561344626,1.0,1.0,0.0
2022-08-13,C_MA20_50_trend,0.9954323662366669,0.789673404401005,0.7860664654970567,ACCEPT,-0.004288162539464846,0.0,1.0,0.0
2022-08-14,C_MA20_50_trend,0.9969387942822787,0.8015281102628415,0.7990744678287905,ACCEPT,-0.007498615226969818,0.0,1.0,0.0
2022-08-15,C_MA20_50_trend,0.9978564353676346,0.7013274043757516,0.6998240637560231,ACCEPT,-0.010510085263709001,0.0,1.0,0.0
2022-08-16,C_MA20_50_trend,0.9976576485199478,0.7253612710688044,0.7236622200219438,ACCEPT,-0.02291530796119967,0.0,1.0,0.0
2022-08-17,C_MA20_50_trend,0.9964764944992064,0.7312172692207222,0.7286408211503477,ACCEPT,-0.005281958173694035,0.0,1.0,0.0
2022-08-18,C_MA20_50_trend,0.9945851968660291,0.7288852240821653,0.7249384540865,ACCEPT,-0.10059931398792521,0.0,1.0,0.0
2022-08-19,C_MA20_50_trend,0.9888128419396077,0.7848838669250031,0.7761032470466612,ACCEPT,0.013819043648011897,1.0,1.0,0.0
2022-08-20,C_MA20_50_trend,0.9783378006984258,0.7860239148912203,0.768996908191043,ACCEPT,0.01738918520335342,1.0,1.0,0.0
2022-08-21,C_MA20_50_trend,0.960372256135806,0.7843726850292567,0.7532897651728472,ACCEPT,-0.006279006699941081,0.0,1.0,0.0
2022-08-22,C_MA20_50_trend,0.9324205578588055,0.684788797825231,0.6385111528836627,ACCEPT,0.006036741981122917,1.0,1.0,0.0
2022-08-23,C_MA20_50_trend,0.8995062462389973,0.684529348937732,0.615738425103404,ACCEPT,-0.006181150878381003,0.0,1.0,0.0
2022-08-24,C_MA20_50_trend,0.85555466941663,0.7824338797035957,0.6694149592901811,ACCEPT,0.009623023027591993,1.0,1.0,0.0
2022-08-25,C_MA20_50_trend,0.7780290017432069,0.6856495999007548,0.5334552737564134,ACCEPT,-0.06207539958496022,0.0,1.0,0.0
2022-08-26,C_MA20_50_trend,0.6650623767605837,0.7741380826005515,0.5148501131552038,ACCEPT,-0.010773990107132536,0.0,1.0,0.0
2022-08-27,C_MA20_50_trend,0.48420822745738357,0.7749039364698387,0.37521486152780953,ACCEPT,-0.021201944769558057,0.0,1.0,0.0
2022-08-28,C_MA20_50_trend,0.1476137989359117,0.778647222027882,0.11493907447442996,ACCEPT,0.03472427641744291,1.0,1.0,0.0
2022-08-29,C_MA20_50_trend,-0.1458607781518182,0.6759482821877913,-0.09859434243029604,ACCEPT,-0.024691382971281484,1.0,1.0,0.0
2022-08-30,C_MA20_50_trend,-0.5398086305769414,0.7808760176891266,-0.42152361375914293,ACCEPT,0.012777568511970205,0.0,1.0,0.0
2022-08-31,C_MA20_50_trend,-0.7906696541654308,0.6795412033970613,-0.537292608281115,ACCEPT,0.0038592451457939436,0.0,1.0,0.0
2022-09-01,C_MA20_50_trend,-0.9134439814271826,0.7794016084230462,-0.7119397083286972,ACCEPT,-0.007818752974256604,1.0,1.0,0.0
2022-09-02,C_MA20_50_trend,-0.9654532960824371,0.6819900813477145,-0.6584295719326805,ACCEPT,-0.006894600364241943,1.0,1.0,0.0
2022-09-03,C_MA20_50_trend,-0.9860779934298155,0.7842881556165173,-0.7733692907611063,ACCEPT,0.007796708085036963,0.0,1.0,0.0
2022-09-04,C_MA20_50_trend,-0.9938962217974512,0.583253918774096,-0.5796938662181316,ABSTAIN,-0.008722884940063236,1.0,0.0,1.0
2022-09-05,C_MA20_50_trend,-0.9973400198173098,0.7832628089062007,-0.781179345356672,ACCEPT,-0.04919669232863699,1.0,1.0,0.0
2022-09-06,C_MA20_50_trend,-0.9986867113010485,0.7778659528727859,-0.7768443903075789,ACCEPT,0.024029314602578067,0.0,1.0,0.0
2022-09-07,C_MA20_50_trend,-0.9992370453911072,0.771773209291254,-0.7711843813642053,ACCEPT,0.0020481649337233954,0.0,1.0,0.0
2022-09-08,C_MA20_50_trend,-0.9992558152229091,0.8035662985150487,-0.8029682967083105,ACCEPT,0.10612188190716765,0.0,1.0,0.0
2022-09-09,C_MA20_50_trend,-0.9990927253606573,0.7594202588934593,-0.7587312561519622,ACCEPT,0.014002365912589188,0.0,1.0,0.0
2022-09-10,C_MA20_50_trend,-0.9989769018440551,0.7575109033713409,-0.7567358953629935,ACCEPT,0.004092001431295067,0.0,1.0,0.0
2022-09-11,C_MA20_50_trend,-0.9988198240754076,0.7554325799943439,-0.7545410366507819,ACCEPT,0.027616624254801714,0.0,1.0,0.0
2022-09-12,C_MA20_50_trend,-0.9985414254999849,0.7508932176637777,-0.749797983964259,ACCEPT,-0.09270006906083372,1.0,1.0,0.0
2022-09-13,C_MA20_50_trend,-0.9987572619876985,0.6263987006197986,-0.6256202511436821,ABSTAIN,-0.0027402074343571003,1.0,0.0,1.0
2022-09-14,C_MA20_50_trend,-0.9990083379590181,0.6224196664117491,-0.6218024364550079,ABSTAIN,-0.026672422800232853,1.0,0.0,1.0
2022-09-15,C_MA20_50_trend,-0.9988534468327913,0.5315031573102612,-0.5308937606818657,ABSTAIN,0.003622774615297697,0.0,0.0,1.0
2022-09-16,C_MA20_50_trend,-0.9984767388091935,0.7295515923085957,-0.728440294681341,ACCEPT,0.017953757980268437,0.0,1.0,0.0
2022-09-17,C_MA20_50_trend,-0.997653915591154,0.6301491969837476,-0.6286708137774573,ABSTAIN,-0.035179114785287124,1.0,0.0,1.0
2022-09-18,C_MA20_50_trend,-0.9972408821800062,0.7321909306340446,-0.7301707295896943,ACCEPT,0.006417415961943007,0.0,1.0,0.0
2022-09-19,C_MA20_50_trend,-0.9963859091977301,0.7337264781429232,-0.731074724026885,ACCEPT,-0.033428956945789956,1.0,1.0,0.0
2022-09-20,C_MA20_50_trend,-0.9959412882681696,0.6312324516206606,-0.6286704610637557,ABSTAIN,-0.018177571658806957,1.0,0.0,1.0
2022-09-21,C_MA20_50_trend,-0.9958621151454154,0.7329011156771007,-0.7298684552506323,ACCEPT,0.04669928789927913,0.0,1.0,0.0
2022-09-22,C_MA20_50_trend,-0.9950877756657727,0.6262429678494325,-0.6231667219036238,ABSTAIN,-0.005970680514919002,1.0,0.0,1.0
2022-09-23,C_MA20_50_trend,-0.9941840511122124,0.6284950181890905,-0.6248397232870736,ABSTAIN,-0.01868762076318642,1.0,0.0,1.0
2022-09-24,C_MA20_50_trend,-0.9933165386851166,0.627881202770634,-0.6236847830415739,ABSTAIN,-0.007124358610731463,1.0,0.0,1.0
2022-09-25,C_MA20_50_trend,-0.9923720400166716,0.7279346754091662,-0.7223820188346679,ACCEPT,0.022368473265013344,0.0,1.0,0.0
2022-09-26,C_MA20_50_trend,-0.9880896308060423,0.7311047351244545,-0.7223970078096716,ACCEPT,-0.005832956039052206,1.0,1.0,0.0
2022-09-27,C_MA20_50_trend,-0.9825627324344062,0.6325049351233801,-0.6214757773330751,ABSTAIN,0.016544467837213528,0.0,0.0,1.0
2022-09-28,C_MA20_50_trend,-0.9749638952257452,0.6295528059996808,-0.6137912559877466,ABSTAIN,0.007532412719634118,0.0,0.0,1.0
2022-09-29,C_MA20_50_trend,-0.9757549232182521,0.6648574524922714,-0.6487379325076789,ACCEPT,-0.0072171538473359,1.0,1.0,0.0
2022-09-30,C_MA20_50_trend,-0.9785856250521368,0.666123986652761,-0.6518593578408133,ACCEPT,-0.0061596674907298254,1.0,1.0,0.0
2022-10-01,C_MA20_50_trend,-0.9810774772084062,0.5686785714288238,-0.5579177381998709,ABSTAIN,-0.013876706359042923,1.0,0.0,1.0
2022-10-02,C_MA20_50_trend,-0.9861148614474692,0.5752280981623366,-0.5672409763200437,ABSTAIN,0.030427924155919772,0.0,0.0,1.0
2022-10-03,C_MA20_50_trend,-0.9817862160163993,0.8025074255261683,-0.7878907286323991,ACCEPT,0.036347275524413414,0.0,1.0,0.0
2022-10-04,C_MA20_50_trend,-0.9734417829505015,0.7956616663200597,-0.774530311087966,ACCEPT,-0.008660486125090072,1.0,1.0,0.0
2022-10-05,C_MA20_50_trend,-0.9579657872775905,0.8012109461044886,-0.7675326747604095,ACCEPT,-0.01018185214187517,1.0,1.0,0.0
2022-10-06,C_MA20_50_trend,-0.9397824112209567,0.8028328548469288,-0.7544881961354512,ACCEPT,-0.02047530303595302,1.0,1.0,0.0
2022-10-07,C_MA20_50_trend,-0.9263487186541564,0.7024515090483474,-0.6507150553236152,ACCEPT,-0.006665076603316944,1.0,1.0,0.0
2022-10-08,C_MA20_50_trend,-0.9157016133326742,0.7084669254761735,-0.6487443066513715,ACCEPT,0.0015377290838616275,0.0,1.0,0.0
2022-10-09,C_MA20_50_trend,-0.9034256503376362,0.7064488046211469,-0.6382239707451054,ACCEPT,-0.01568110303046133,1.0,1.0,0.0
2022-10-10,C_MA20_50_trend,-0.8722884241110811,0.8113336466574189,-0.7077169480710966,ACCEPT,-0.00470529894576166,1.0,1.0,0.0
2022-10-11,C_MA20_50_trend,-0.8224150485235706,0.8155100211866599,-0.670687713645685,ACCEPT,0.005565325579645286,0.0,1.0,0.0
2022-10-12,C_MA20_50_trend,-0.7931057949237422,0.8289107097318751,-0.6574138873627021,ACCEPT,0.011768739552548313,0.0,1.0,0.0
2022-10-13,C_MA20_50_trend,-0.7484785227186681,0.7281706100815519,-0.5450200625209913,ACCEPT,-0.010176392755898878,1.0,1.0,0.0
2022-10-14,C_MA20_50_trend,-0.6739858503793902,0.7321798508599527,-0.4934788594125003,ACCEPT,-0.0061515479500473536,1.0,1.0,0.0
2022-10-15,C_MA20_50_trend,-0.6199044320578887,0.832282564723541,-0.5159356505966297,ACCEPT,0.010513049302600663,0.0,1.0,0.0
2022-10-16,C_MA20_50_trend,-0.5917688315215418,0.7350247794953819,-0.4349647549013611,ACCEPT,0.014670058500208416,0.0,1.0,0.0
2022-10-17,C_MA20_50_trend,-0.5519686130564477,0.7339135369518412,-0.40509723709465983,ACCEPT,-0.011065647631146036,1.0,1.0,0.0
2022-10-18,C_MA20_50_trend,-0.5259854105332991,0.7347983859836325,-0.38649323071080643,ACCEPT,-0.010079479991405349,1.0,1.0,0.0
2022-10-19,C_MA20_50_trend,-0.5417697086273133,0.8346161496142164,-0.45216974819214417,ACCEPT,-0.004482602172654282,1.0,1.0,0.0
2022-10-20,C_MA20_50_trend,-0.5403723710479279,0.8348142868891943,-0.45111057559099904,ACCEPT,0.006231244583192241,0.0,1.0,0.0
2022-10-21,C_MA20_50_trend,-0.5185938606836871,0.8324816932122985,-0.43171989523145865,ACCEPT,0.0018631248583989013,0.0,1.0,0.0
2022-10-22,C_MA20_50_trend,-0.47391881340510184,0.7339263653606296,-0.34782151219842883,ACCEPT,0.018680488353712166,0.0,1.0,0.0
2022-10-23,C_MA20_50_trend,-0.46912281526243754,0.836185214768781,-0.39227356203315655,ACCEPT,-0.011316781236911488,1.0,1.0,0.0
2022-10-24,C_MA20_50_trend,-0.5392046642489744,0.6481274110235439,-0.349473323051507,ABSTAIN,0.03878330120960949,0.0,0.0,1.0
2022-10-25,C_MA20_50_trend,-0.5550122999662492,0.8342925665789644,-0.4630426362217362,ACCEPT,0.03356831063305088,0.0,1.0,0.0
2022-10-26,C_MA20_50_trend,-0.5504537640735145,0.8273380267986473,-0.45541133101246967,ACCEPT,-0.0233314959115013,1.0,1.0,0.0
2022-10-27,C_MA20_50_trend,-0.5190705687996904,0.8286015703403189,-0.430102688424866,ACCEPT,0.015257721000682789,0.0,1.0,0.0
2022-10-28,C_MA20_50_trend,-0.4533455603096366,0.8280632436807449,-0.3753987951782624,ACCEPT,0.01083375534148523,0.0,1.0,0.0
2022-10-29,C_MA20_50_trend,-0.2786487450097016,0.8276946027722107,-0.23063606231378,ACCEPT,-0.008784170461560437,1.0,1.0,0.0
2022-10-30,C_MA20_50_trend,-0.04324140929299031,0.8314433908937005,-0.03595278396958623,ACCEPT,-0.006776156462742766,1.0,1.0,0.0
2022-10-31,C_MA20_50_trend,0.20270297750481553,0.7333878475229546,0.14865990035875054,ACCEPT,-0.0005123007449325812,0.0,1.0,0.0
2022-11-01,C_MA20_50_trend,0.439534966394974,0.7332944102841259,0.32230853398185555,ACCEPT,-0.015902620594443806,0.0,1.0,0.0
2022-11-02,C_MA20_50_trend,0.521105088019803,0.7314458508233305,0.38116015447501134,ACCEPT,0.0025042468919260763,1.0,1.0,0.0
2022-11-03,C_MA20_50_trend,0.6108135711404011,0.7325303969415943,0.4474395077247908,ACCEPT,0.0463751969796804,1.0,1.0,0.0
2022-11-04,C_MA20_50_trend,0.7165485905230999,0.8239586903997705,0.5904064382552149,ACCEPT,0.006405611254872046,1.0,1.0,0.0
2022-11-05,C_MA20_50_trend,0.7926964858346368,0.8241158148682607,0.6532737103668184,ACCEPT,-0.01673684363155281,0.0,1.0,0.0
2022-11-06,C_MA20_50_trend,0.8373005264870472,0.8198984281357412,0.6865013855439586,ACCEPT,-0.015466997985227438,0.0,1.0,0.0
2022-11-07,C_MA20_50_trend,0.8646794263532896,0.7190464933864541,0.6217447094227436,ACCEPT,-0.10006131594948431,0.0,1.0,0.0
2022-11-08,C_MA20_50_trend,0.8585689861749977,0.771399740480674,0.6622998931201486,ACCEPT,-0.14349022466876316,0.0,1.0,0.0
2022-11-09,C_MA20_50_trend,0.7781760982081635,0.7113354504378171,0.5535442453388469,ACCEPT,0.10742489862358795,1.0,1.0,0.0
2022-11-10,C_MA20_50_trend,0.7105929715581457,0.6955555555555555,0.4942568891059991,ACCEPT,-0.03141443647663533,0.0,1.0,0.0
2022-11-11,C_MA20_50_trend,0.6255951211353156,0.6933333333333334,0.4337459506538188,ACCEPT,-0.013802006476365758,0.0,1.0,0.0
2022-11-12,C_MA20_50_trend,0.4692813818253595,0.5933333333333334,0.2784402865497133,ABSTAIN,-0.026538209918333333,0.0,0.0,1.0
2022-11-13,C_MA20_50_trend,0.2529282713169357,0.6933333333333334,0.17536360144640875,ACCEPT,0.016194463988263186,1.0,1.0,0.0
2022-11-14,C_MA20_50_trend,-0.07646177119333857,0.6980921007031724,-0.05337735847584303,ACCEPT,0.016031463998783302,0.0,1.0,0.0
2022-11-15,C_MA20_50_trend,-0.42855201686964395,0.6005176692006209,-0.25735305830178373,ABSTAIN,-0.0127437818409466,1.0,0.0,1.0
2022-11-16,C_MA20_50_trend,-0.6647750187910499,0.6031461430975297,-0.4009564886114096,ABSTAIN,0.0010845070736082985,0.0,0.0,1.0
2022-11-17,C_MA20_50_trend,-0.8239488691911575,0.6041583727564489,-0.4977956080450459,ABSTAIN,0.0006148167681003791,0.0,0.0,1.0
2022-11-18,C_MA20_50_trend,-0.9153602935955767,0.7025903095919996,-0.6431232720655399,ACCEPT,0.0008246325823211276,0.0,1.0,0.0
2022-11-19,C_MA20_50_trend,-0.9591118112629867,0.600143567811949,-0.5756047843419495,ABSTAIN,-0.025115259939095247,1.0,0.0,1.0
2022-11-20,C_MA20_50_trend,-0.9813780843123027,0.7018897178034975,-0.6888191866564991,ACCEPT,-0.030969374751391165,1.0,1.0,0.0
2022-11-21,C_MA20_50_trend,-0.9924572545027182,0.701282814943015,-0.6959932171482824,ACCEPT,0.025494274188105903,0.0,1.0,0.0
2022-11-22,C_MA20_50_trend,-0.9962689066741084,0.6986209476182128,-0.6960143276632265,ACCEPT,0.02600021570334854,0.0,1.0,0.0
2022-11-23,C_MA20_50_trend,-0.9979173647143769,0.49415248327244926,-0.4931233438743078,ABSTAIN,-0.0003757930043709612,1.0,0.0,1.0
2022-11-24,C_MA20_50_trend,-0.9991149405447681,0.6026960522289901,-0.6021626303893339,ABSTAIN,-0.004975953615638518,1.0,0.0,1.0
2022-11-25,C_MA20_50_trend,-0.9996517726808167,0.6054856870306057,-0.6052748403730072,ABSTAIN,-0.0034839061881034583,1.0,0.0,1.0
2022-11-26,C_MA20_50_trend,-0.9998575442083473,0.7076542640132716,-0.7075534545648752,ACCEPT,-0.0011937537130568554,1.0,1.0,0.0
2022-11-27,C_MA20_50_trend,-0.999937803838701,0.6075307909935902,-0.6074930049105195,ABSTAIN,-0.013822428939733733,1.0,0.0,1.0
2022-11-28,C_MA20_50_trend,-0.9999545933024264,0.5262869678264798,-0.5262630708732947,ABSTAIN,0.014038085481754337,0.0,0.0,1.0
2022-11-29,C_MA20_50_trend,-0.9999313578298644,0.5813307758696585,-0.5812908720636363,ABSTAIN,0.044000289316970864,0.0,0.0,1.0
2022-11-30,C_MA20_50_trend,-0.9999263946362793,0.820321955190921,-0.820261575095041,ACCEPT,-0.011732697360023692,1.0,1.0,0.0
2022-12-01,C_MA20_50_trend,-0.9999105001147411,0.8246610200652973,-0.824587212998624,ACCEPT,0.007162515027905547,0.0,1.0,0.0
2022-12-02,C_MA20_50_trend,-0.9998787258858862,0.8233064385109519,-0.8232065927519773,ACCEPT,-0.010558102652595158,1.0,1.0,0.0
2022-12-03,C_MA20_50_trend,-0.9998233452729711,0.7290915306738966,-0.7289627332085664,ACCEPT,0.013144481522908036,0.0,1.0,0.0
2022-12-04,C_MA20_50_trend,-0.999753677696802,0.8273217704170038,-0.8271179826130288,ACCEPT,-0.00908673304822849,1.0,1.0,0.0
2022-12-05,C_MA20_50_trend,-0.9996825289163458,0.7280280302478678,-0.7277969024001744,ACCEPT,0.006755753090715411,0.0,1.0,0.0
2022-12-06,C_MA20_50_trend,-0.9995437486390426,0.8289177101258444,-0.8285395152924777,ACCEPT,-0.01412428087141393,1.0,1.0,0.0
2022-12-07,C_MA20_50_trend,-0.9993868395259151,0.7298033693827388,-0.7293558828027794,ACCEPT,0.022871839541696026,0.0,1.0,0.0
2022-12-08,C_MA20_50_trend,-0.9991370802930523,0.8271377973440216,-0.8264240438383321,ACCEPT,-0.005821360340788395,1.0,1.0,0.0
2022-12-09,C_MA20_50_trend,-0.9988199533262604,0.8290590352985362,-0.8280807069415984,ACCEPT,-0.00025843080632004245,1.0,1.0,0.0
2022-12-10,C_MA20_50_trend,-0.998163749210313,0.8354582512521479,-0.8339241403785357,ACCEPT,-0.0014321702613265819,1.0,1.0,0.0
2022-12-11,C_MA20_50_trend,-0.9967083840212759,0.7448612743584716,-0.7424094770858605,ACCEPT,0.005977723618808328,0.0,1.0,0.0
2022-12-12,C_MA20_50_trend,-0.9944124438700899,0.8458197805286793,-0.8410937150291871,ACCEPT,0.033410801008343594,0.0,1.0,0.0
2022-12-13,C_MA20_50_trend,-0.9908784919946549,0.8408265482295655,-0.8331569421387829,ACCEPT,0.0019307922256450727,0.0,1.0,0.0
2022-12-14,C_MA20_50_trend,-0.9837459551416509,0.838669686016689,-0.8250379113188362,ACCEPT,-0.02530276169357326,1.0,1.0,0.0
2022-12-15,C_MA20_50_trend,-0.970521856407439,0.8360366689055345,-0.8113918599308908,ACCEPT,-0.04131220425223303,1.0,1.0,0.0
2022-12-16,C_MA20_50_trend,-0.9543501054546234,0.827214340118512,-0.7894520927256786,ACCEPT,0.008866650272798315,0.0,1.0,0.0
2022-12-17,C_MA20_50_trend,-0.9247923573386114,0.8244289954343607,-0.7624256341460457,ACCEPT,-0.0022098857704312413,1.0,1.0,0.0
2022-12-18,C_MA20_50_trend,-0.8668216259770509,0.8271614419035808,-0.7170014260163838,ACCEPT,-0.01899375344110854,1.0,1.0,0.0
2022-12-19,C_MA20_50_trend,-0.795752063446533,0.825685223993723,-0.6570407207503179,ACCEPT,0.028384068842582266,0.0,1.0,0.0
2022-12-20,C_MA20_50_trend,-0.7271595763712684,0.7297762402984922,-0.5306637817412685,ACCEPT,-0.005250676176186131,1.0,1.0,0.0
2022-12-21,C_MA20_50_trend,-0.6269298079762546,0.7324035353742239,-0.4591656077932922,ACCEPT,0.0007615052090579333,0.0,1.0,0.0
2022-12-22,C_MA20_50_trend,-0.5252768174821616,0.73048338520572,-0.3837059878044565,ACCEPT,-0.001983838015767403,1.0,1.0,0.0
2022-12-23,C_MA20_50_trend,-0.3828846104457296,0.6309496642289119,-0.2415809163991508,ABSTAIN,0.003024520816182319,0.0,0.0,1.0
2022-12-24,C_MA20_50_trend,-0.19283425660360634,0.7296979320556465,-0.14071075827313945,ACCEPT,-0.000342451024228807,1.0,1.0,0.0
2022-12-25,C_MA20_50_trend,0.04529684155905375,0.7323390731069862,0.033172646962031434,ACCEPT,0.004620497716771643,1.0,1.0,0.0
2022-12-26,C_MA20_50_trend,0.25169624413500696,0.7323680066616152,0.1843342766013703,ACCEPT,-0.011975957353969946,0.0,1.0,0.0
2022-12-27,C_MA20_50_trend,0.43790157059214774,0.8326578848741433,0.36462219555232306,ACCEPT,-0.009846255365429935,0.0,1.0,0.0
2022-12-28,C_MA20_50_trend,0.452458085202502,0.8358390250678552,0.37818212481972785,ACCEPT,0.0054232979508825885,1.0,1.0,0.0
2022-12-29,C_MA20_50_trend,0.35322897916908647,0.8292858929263406,0.29292780939769564,ACCEPT,-0.002388838052975517,0.0,1.0,0.0
2022-12-30,C_MA20_50_trend,0.33624330149888715,0.8270653639386047,0.2780951885260951,ACCEPT,-0.0033181483870876605,0.0,1.0,0.0
2022-12-31,C_MA20_50_trend,0.2877969106877891,0.8248187474100234,0.23738028738197658,ACCEPT,0.0046885633896178724,1.0,1.0,0.0
2023-01-01,C_MA20_50_trend,0.216541195716196,0.8271693063166929,0.1791162306495531,ACCEPT,0.0038129515588565255,1.0,1.0,0.0
2023-01-02,C_MA20_50_trend,0.03729544142096697,0.6389851741722752,0.023831234132208466,ABSTAIN,-0.000516121662866742,0.0,0.0,1.0
2023-01-03,C_MA20_50_trend,-0.13459069351165062,0.736919567456196,-0.09918251564623502,ACCEPT,0.010994150293785143,0.0,1.0,0.0
2023-01-04,C_MA20_50_trend,-0.20582454230228175,0.8377197051389144,-0.17242327488781947,ACCEPT,-0.0015715814888571655,1.0,1.0,0.0
2023-01-05,C_MA20_50_trend,-0.18828711346206187,0.8548284809940101,-0.16095318719152119,ACCEPT,0.006844106816741524,0.0,1.0,0.0
2023-01-06,C_MA20_50_trend,-0.18088673374191025,0.8529696272572256,-0.1542908898556142,ACCEPT,0.00018342264818071996,0.0,1.0,0.0
2023-01-07,C_MA20_50_trend,-0.16725028435137881,0.8530632813399768,-0.14267507637383137,ACCEPT,0.008025112314249405,0.0,1.0,0.0
2023-01-08,C_MA20_50_trend,-0.09420835562408014,0.8556584877864448,-0.08061017911014803,ACCEPT,0.006167530562816603,0.0,1.0,0.0
2023-01-09,C_MA20_50_trend,-0.10464058116927638,0.8650786737698899,-0.09052233518042813,ACCEPT,0.014522576515372032,0.0,1.0,0.0
2023-01-10,C_MA20_50_trend,-0.1095413650091326,0.862580010252289,-0.09448819175262733,ACCEPT,0.02800615102017323,0.0,1.0,0.0
2023-01-11,C_MA20_50_trend,-0.049594251614523285,0.8524623464096788,-0.04227723209974852,ACCEPT,0.052115795988246116,0.0,1.0,0.0
2023-01-12,C_MA20_50_trend,0.12232433232194642,0.8270119605219535,0.10116368589311187,ACCEPT,0.05511441660269112,1.0,1.0,0.0
2023-01-13,C_MA20_50_trend,0.3610446731364312,0.8099902525204093,0.2924426659649266,ACCEPT,0.05357847423830919,1.0,1.0,0.0
2023-01-14,C_MA20_50_trend,0.6168925752350608,0.8009660124074569,0.4941099860697937,ACCEPT,-0.004552757413617381,0.0,1.0,0.0
2023-01-15,C_MA20_50_trend,0.7760519142320443,0.7997990911014973,0.6206856156503662,ACCEPT,0.013832516023570829,1.0,1.0,0.0
2023-01-16,C_MA20_50_trend,0.8854132985647656,0.802973962397145,0.7109638247076763,ACCEPT,-0.00038325091993141047,0.0,1.0,0.0
2023-01-17,C_MA20_50_trend,0.9436846007293751,0.8027421743889139,0.7575354283268326,ACCEPT,-0.022339524368838015,0.0,1.0,0.0
2023-01-18,C_MA20_50_trend,0.9703474147277021,0.693888805016984,0.673313208056725,ACCEPT,0.019238045679950355,1.0,1.0,0.0
2023-01-19,C_MA20_50_trend,0.9867301961369396,0.6969139053216202,0.6876659944885629,ACCEPT,0.07539125404137925,1.0,1.0,0.0
2023-01-20,C_MA20_50_trend,0.9953646819416303,0.781198978795942,0.7775778730623493,ACCEPT,0.004457126566322689,1.0,1.0,0.0
2023-01-21,C_MA20_50_trend,0.9983781179959548,0.7833955310502756,0.7821249559364157,ACCEPT,-0.002511630794474806,0.0,1.0,0.0
2023-01-22,C_MA20_50_trend,0.9993968315049757,0.7802481246264519,0.7797775035393755,ACCEPT,0.009419529327844067,1.0,1.0,0.0
2023-01-23,C_MA20_50_trend,0.9997866989209633,0.7835730096793332,0.7834058727108645,ACCEPT,-0.012991945703908492,0.0,1.0,0.0
2023-01-24,C_MA20_50_trend,0.999914210301515,0.6797894578805588,0.6797311389479339,ACCEPT,0.021266153759075257,1.0,1.0,0.0
2023-01-25,C_MA20_50_trend,0.9999682537480861,0.7810354722023292,0.781010677253475,ACCEPT,-0.003680359408276712,0.0,1.0,0.0
2023-01-26,C_MA20_50_trend,0.9999871892345836,0.7796209414616897,0.7796109539206949,ACCEPT,0.0019950339114214177,1.0,1.0,0.0
2023-01-27,C_MA20_50_trend,0.9999950375494558,0.7820900153739574,0.782086134290935,ACCEPT,-0.0020641809553220147,0.0,1.0,0.0
2023-01-28,C_MA20_50_trend,0.9999979429774787,0.6786940461094233,0.6786926500204854,ACCEPT,0.03228143207915801,1.0,1.0,0.0
2023-01-29,C_MA20_50_trend,0.9999992031027568,0.7779188998827943,0.7779182799613675,ACCEPT,-0.03930367092328346,0.0,1.0,0.0
2023-01-30,C_MA20_50_trend,0.9999996169222588,0.6650440572006334,0.6650438024370582,ACCEPT,0.013097316769725253,1.0,1.0,0.0
2023-01-31,C_MA20_50_trend,0.9999997999280539,0.768123406763187,0.7681232530832421,ACCEPT,0.025259482888651652,1.0,1.0,0.0
2023-02-01,C_MA20_50_trend,0.9999998844032604,0.674067578089369,0.6740675001693547,ACCEPT,-0.01061797692681965,0.0,1.0,0.0
2023-02-02,C_MA20_50_trend,0.9999999090953599,0.7789080729323306,0.7789080021259724,ACCEPT,-0.0009606745041729203,0.0,1.0,0.0
2023-02-03,C_MA20_50_trend,0.9999998999034038,0.7867131725616283,0.7867130938143175,ACCEPT,-0.005009723012217249,0.0,1.0,0.0
2023-02-04,C_MA20_50_trend,0.9999998810289054,0.6866642755070665,0.686664193813866,ACCEPT,-0.01612309690031044,0.0,1.0,0.0
2023-02-05,C_MA20_50_trend,0.9999998429156141,0.6848038882721539,0.6848037807001556,ACCEPT,-0.008518883333286542,0.0,1.0,0.0
2023-02-06,C_MA20_50_trend,0.9999997872508855,0.7841156217687446,0.7841154549488404,ACCEPT,0.022151986720186922,1.0,1.0,0.0
2023-02-07,C_MA20_50_trend,0.9999997529705681,0.6886037662964622,0.688603596191065,ACCEPT,-0.013965290320121615,0.0,1.0,0.0
2023-02-08,C_MA20_50_trend,0.9999996870143077,0.7854932040315359,0.7854929581834017,ACCEPT,-0.04883996317743455,0.0,1.0,0.0
2023-02-09,C_MA20_50_trend,0.9999993098854482,0.8014391763804939,0.8014386232956558,ACCEPT,-0.007693073387383564,0.0,1.0,0.0
2023-02-10,C_MA20_50_trend,0.9999984187416724,0.8014989410203169,0.8014976736434418,ACCEPT,0.010146854341645195,1.0,1.0,0.0
2023-02-11,C_MA20_50_trend,0.9999965465211539,0.8028564386823682,0.8028536660346408,ACCEPT,-0.003779998514005456,0.0,1.0,0.0
2023-02-12,C_MA20_50_trend,0.9999920681583745,0.8013834855391572,0.8013771290922685,ACCEPT,0.0009132665684197239,1.0,1.0,0.0
2023-02-13,C_MA20_50_trend,0.9999832324898785,0.7042640213764978,0.7042522126223911,ACCEPT,0.018924303145655852,1.0,1.0,0.0
2023-02-14,C_MA20_50_trend,0.9999629001733935,0.7048703477322419,0.7048441971645609,ACCEPT,0.09392266116037784,1.0,1.0,0.0
2023-02-15,C_MA20_50_trend,0.9999385218846661,0.7653000327177499,0.7652529835140736,ACCEPT,-0.028154173176657027,0.0,1.0,0.0
2023-02-16,C_MA20_50_trend,0.9998859398690594,0.7615953056035722,0.7615084379432914,ACCEPT,0.03988096453648349,1.0,1.0,0.0
2023-02-17,C_MA20_50_trend,0.9998188260066089,0.7585544952697892,0.7584170649226765,ACCEPT,0.0030805588480080637,1.0,1.0,0.0
2023-02-18,C_MA20_50_trend,0.9996614038046233,0.7618466820415318,0.7615887236535323,ACCEPT,-0.012728023845912761,0.0,1.0,0.0
2023-02-19,C_MA20_50_trend,0.9994720708209328,0.7657103888061487,0.7653061479491831,ACCEPT,0.020614650916729094,1.0,1.0,0.0
2023-02-20,C_MA20_50_trend,0.9991859026760713,0.7671353179417677,0.7665107951323401,ACCEPT,-0.01581991113645098,0.0,1.0,0.0
2023-02-21,C_MA20_50_trend,0.9985064279753749,0.667739841298637,0.6667425237519458,ACCEPT,-0.01012875204423358,0.0,1.0,0.0
2023-02-22,C_MA20_50_trend,0.9973494436858851,0.6655661833549482,0.6638020627051954,ACCEPT,-0.00997780485063493,0.0,1.0,0.0
2023-02-23,C_MA20_50_trend,0.9952938924232673,0.6628235110069385,0.6597041922597522,ACCEPT,-0.03129201289670536,0.0,1.0,0.0
2023-02-24,C_MA20_50_trend,0.9910776057351389,0.6566452947239133,0.6507864465122206,ACCEPT,-0.0009807668166905703,0.0,1.0,0.0
2023-02-25,C_MA20_50_trend,0.9847107992504466,0.6555018501205792,0.645479750742382,ACCEPT,0.016648614774302573,1.0,1.0,0.0
2023-02-26,C_MA20_50_trend,0.9763302596841065,0.6549966098719063,0.6394930102084477,ACCEPT,-0.0016273269569350157,0.0,1.0,0.0
2023-02-27,C_MA20_50_trend,0.9596936752178521,0.5566356070079703,0.5341996714465991,ABSTAIN,-0.01596393470118429,0.0,0.0,1.0
2023-02-28,C_MA20_50_trend,0.9342912316635597,0.6563832803608902,0.6132531434517438,ACCEPT,0.02156606219747892,1.0,1.0,0.0
2023-03-01,C_MA20_50_trend,0.9231592274571696,0.6658130544285857,0.6146514649571916,ACCEPT,-0.007235050302163204,0.0,1.0,0.0
2023-03-02,C_MA20_50_trend,0.9152907764031768,0.7658595111841631,0.7009841466075101,ACCEPT,-0.047402129167592566,0.0,1.0,0.0
2023-03-03,C_MA20_50_trend,0.8967700544635843,0.7534271330660639,0.6756508911539962,ACCEPT,-0.0004172164631153219,0.0,1.0,0.0
2023-03-04,C_MA20_50_trend,0.8869398439045626,0.7535256521635278,0.6683319243080031,ACCEPT,0.0036756935285233716,1.0,1.0,0.0
2023-03-05,C_MA20_50_trend,0.8875725043318936,0.7535139813804984,0.6687982915029849,ACCEPT,-0.00025655126328649747,0.0,1.0,0.0
2023-03-06,C_MA20_50_trend,0.8772713106098096,0.6547305902383018,0.5743763629946892,ACCEPT,-0.00936203961743065,0.0,1.0,0.0
2023-03-07,C_MA20_50_trend,0.7968658818992675,0.7959105261638371,0.634233943344456,ACCEPT,-0.022578517406286358,0.0,1.0,0.0
2023-03-08,C_MA20_50_trend,0.695367481288347,0.7973285218801592,0.554436326019167,ACCEPT,-0.06239311158608585,0.0,1.0,0.0
2023-03-09,C_MA20_50_trend,0.39357565979655595,0.7894965148109918,0.3107266117238175,ACCEPT,-0.008632183779056501,0.0,1.0,0.0
2023-03-10,C_MA20_50_trend,-0.028867462072619796,0.7881625030777673,-0.022752251164658528,ACCEPT,0.022051846825845045,0.0,1.0,0.0
2023-03-11,C_MA20_50_trend,-0.3296238895132001,0.7807033730479647,-0.25733848238014495,ACCEPT,0.07422977009964415,0.0,1.0,0.0
2023-03-12,C_MA20_50_trend,-0.5415403951487785,0.6531699163275242,-0.353717894587302,ACCEPT,0.09175187888693825,0.0,1.0,0.0
2023-03-13,C_MA20_50_trend,-0.601738211366047,0.7205574140891648,-0.4335869295405581,ACCEPT,0.022669294883089997,0.0,1.0,0.0
2023-03-14,C_MA20_50_trend,-0.6125347770788356,0.7193829746646987,-0.44064709002055086,ACCEPT,-0.014956444322371198,1.0,1.0,0.0
2023-03-15,C_MA20_50_trend,-0.629690010017879,0.7189181009165004,-0.4526955461681457,ACCEPT,0.027766213062754286,0.0,1.0,0.0
2023-03-16,C_MA20_50_trend,-0.5529209179671133,0.7185521200841786,-0.39730249784415944,ACCEPT,0.0946457745317153,0.0,1.0,0.0
2023-03-17,C_MA20_50_trend,-0.3374840692932908,0.6947010750721779,-0.23445054575778249,ACCEPT,-0.01670259464889101,1.0,1.0,0.0
2023-03-18,C_MA20_50_trend,-0.14995727753935292,0.6930768309520189,-0.10393191469516709,ACCEPT,0.039783493752593824,0.0,1.0,0.0
2023-03-19,C_MA20_50_trend,0.11812986301199406,0.6883622519512054,0.08131613852562364,ACCEPT,-0.00968089417783835,0.0,1.0,0.0
2023-03-20,C_MA20_50_trend,0.41442054865027145,0.6891720607743085,0.2856070635405271,ACCEPT,0.014714466837708162,1.0,1.0,0.0
2023-03-21,C_MA20_50_trend,0.6001749692383805,0.6895008549666934,0.4138211544194723,ACCEPT,-0.030820008681536337,0.0,1.0,0.0
2023-03-22,C_MA20_50_trend,0.725980100352686,0.5857535440405898,0.42524541668452887,ABSTAIN,0.03759177902540278,1.0,0.0,1.0
2023-03-23,C_MA20_50_trend,0.8744987693396447,0.6932679946202073,0.6062620081179346,ACCEPT,-0.02967065403073854,0.0,1.0,0.0
2023-03-24,C_MA20_50_trend,0.9376835299921286,0.5887125165247779,0.552026030645503,ABSTAIN,5.17171735541222e-05,1.0,0.0,1.0
2023-03-25,C_MA20_50_trend,0.9688476179961224,0.6885216923021212,0.6670726015255692,ACCEPT,0.018171608313816145,1.0,1.0,0.0
2023-03-26,C_MA20_50_trend,0.985250158811155,0.5887857710384325,0.5801012744213639,ABSTAIN,-0.03052194511765327,0.0,0.0,1.0
2023-03-27,C_MA20_50_trend,0.9923347691966073,0.5850394806058682,0.5805550179579273,ABSTAIN,0.004725228944394866,1.0,0.0,1.0
2023-03-28,C_MA20_50_trend,0.9963919062603813,0.590415602132314,0.5882853272944872,ABSTAIN,0.0396180637553154,1.0,0.0,1.0
2023-03-29,C_MA20_50_trend,0.998913514916517,0.7062828195630975,0.7055154538149219,ACCEPT,-0.0111074503792854,0.0,1.0,0.0
2023-03-30,C_MA20_50_trend,0.9996599483240948,0.5058653303088083,0.5056933099554545,ABSTAIN,0.015871042968584437,1.0,0.0,1.0
2023-03-31,C_MA20_50_trend,0.9998763461620224,0.7081604559445625,0.7080728891862809,ACCEPT,-0.0023684272611504964,0.0,1.0,0.0
2023-04-01,C_MA20_50_trend,0.9999365196004879,0.716205956887718,0.7161604918474419,ACCEPT,-0.00745226498561502,0.0,1.0,0.0
2023-04-02,C_MA20_50_trend,0.9999502771989188,0.7362195586471301,0.7361829517484634,ACCEPT,-0.014507018470504951,0.0,1.0,0.0
2023-04-03,C_MA20_50_trend,0.9999540185816151,0.635335688719179,0.6353064750830612,ABSTAIN,0.0135971982612757,1.0,0.0,1.0
2023-04-04,C_MA20_50_trend,0.9999621821089565,0.5392350829456305,0.5392146902120168,ABSTAIN,0.000351267384649967,1.0,0.0,1.0
2023-04-05,C_MA20_50_trend,0.9999656526847757,0.6407381578743119,0.6407161502388271,ABSTAIN,-0.004749940528704033,0.0,0.0,1.0
2023-04-06,C_MA20_50_trend,0.999957785567467,0.6777357210049815,0.6777071107761119,ACCEPT,-0.004217681389550476,0.0,1.0,0.0
2023-04-07,C_MA20_50_trend,0.9999490890904531,0.679377951309798,0.6793433635603706,ACCEPT,0.0007854922772632111,1.0,1.0,0.0
2023-04-08,C_MA20_50_trend,0.9999303581219243,0.6902229854225492,0.6901749169975534,ACCEPT,0.013784839213681899,1.0,1.0,0.0
2023-04-09,C_MA20_50_trend,0.9999141573954553,0.7920380069306516,0.7919700163252383,ACCEPT,0.04658621825410658,1.0,1.0,0.0
2023-04-10,C_MA20_50_trend,0.9998982513848839,0.783931496216405,0.7838517322723191,ACCEPT,0.019629666758571807,1.0,1.0,0.0
2023-04-11,C_MA20_50_trend,0.9999086355395885,0.7915110553574299,0.7914387393769475,ACCEPT,-0.003175315803583212,0.0,1.0,0.0
2023-04-12,C_MA20_50_trend,0.9998952412485409,0.7976834376046724,0.7975998732836893,ACCEPT,0.00862713483952482,1.0,1.0,0.0
2023-04-13,C_MA20_50_trend,0.9998987634273194,0.8048335756907049,0.8047520970979237,ACCEPT,0.002849851088919886,1.0,1.0,0.0
2023-04-14,C_MA20_50_trend,0.9999010177131743,0.804974490582552,0.8048948123666377,ACCEPT,-0.005484641300179338,0.0,1.0,0.0
2023-04-15,C_MA20_50_trend,0.9998845018384471,0.8054807545821887,0.8053877230358683,ACCEPT,-0.00010358775680330279,0.0,1.0,0.0
2023-04-16,C_MA20_50_trend,0.9998853941607972,0.7119351154611441,0.7118535235397787,ACCEPT,-0.028708571396173888,0.0,1.0,0.0
2023-04-17,C_MA20_50_trend,0.9998762178807471,0.7039630847953972,0.7038759467528853,ACCEPT,0.032348662229154,1.0,1.0,0.0
2023-04-18,C_MA20_50_trend,0.9998514611141868,0.8093981776241034,0.8092779505206198,ACCEPT,-0.0518092051895368,0.0,1.0,0.0
2023-04-19,C_MA20_50_trend,0.9997957515590405,0.6897442640532223,0.6896033848626287,ACCEPT,-0.020008250880993006,0.0,1.0,0.0
2023-04-20,C_MA20_50_trend,0.9996893834098409,0.6863995280053876,0.6861863209245118,ACCEPT,-0.034308522518338824,0.0,1.0,0.0
2023-04-21,C_MA20_50_trend,0.9994775535087538,0.7781417899925804,0.7777352525447068,ACCEPT,0.01981858797984626,1.0,1.0,0.0
2023-04-22,C_MA20_50_trend,0.999130361551299,0.7782819747985346,0.7776051508693188,ACCEPT,-0.008128524647254443,0.0,1.0,0.0
2023-04-23,C_MA20_50_trend,0.9986302663666815,0.7767915214721559,0.7757275239991188,ACCEPT,-0.002393679129772508,0.0,1.0,0.0
2023-04-24,C_MA20_50_trend,0.9976943889435199,0.6778166994852162,0.6762539178086162,ACCEPT,0.02841955147295372,1.0,1.0,0.0
2023-04-25,C_MA20_50_trend,0.9964330563099946,0.6735896124373901,0.6711869562196534,ACCEPT,0.004066170397882152,1.0,1.0,0.0
2023-04-26,C_MA20_50_trend,0.9946145099521624,0.6759054667867039,0.6722653846220451,ACCEPT,0.036980508331842854,1.0,1.0,0.0
2023-04-27,C_MA20_50_trend,0.9926221372981188,0.6700591255663919,0.6651155213358205,ACCEPT,-0.00453030993708059,0.0,1.0,0.0
2023-04-28,C_MA20_50_trend,0.9886450097318337,0.6698186546212246,0.6622128703165643,ACCEPT,-0.0031279011203009244,0.0,1.0,0.0
2023-04-29,C_MA20_50_trend,0.9809844269182246,0.668086985864828,0.6553829289601323,ACCEPT,0.000694680667924441,1.0,1.0,0.0
2023-04-30,C_MA20_50_trend,0.9615913557267338,0.5809147591615276,0.5586026108238024,ABSTAIN,-0.04022160164248023,0.0,0.0,1.0
2023-05-01,C_MA20_50_trend,0.9150427757458058,0.5734971426284702,0.5247744172730436,ABSTAIN,0.020966033026897257,1.0,0.0,1.0
2023-05-02,C_MA20_50_trend,0.8524525771222846,0.5706826493284849,0.48647989513904,ABSTAIN,0.01135862564681589,1.0,0.0,1.0
2023-05-03,C_MA20_50_trend,0.7565535793678985,0.6725796689910399,0.5088425559852476,ACCEPT,-0.005467695268338013,0.0,1.0,0.0
2023-05-04,C_MA20_50_trend,0.593924220095503,0.5726583862759064,0.34011568545006704,ABSTAIN,0.023803407820215394,1.0,0.0,1.0
2023-05-05,C_MA20_50_trend,0.42658178493343885,0.7717908285090104,0.3292319092206312,ACCEPT,-0.021323001096775096,0.0,1.0,0.0
2023-05-06,C_MA20_50_trend,0.2727748415119574,0.6699517409805787,0.1827459799666373,ACCEPT,-0.015556145829018653,0.0,1.0,0.0
2023-05-07,C_MA20_50_trend,0.13994724962369534,0.6724948599555051,0.0941138060368451,ACCEPT,-0.026733637409259936,0.0,1.0,0.0
2023-05-08,C_MA20_50_trend,-0.08335101063222546,0.6735566433401419,-0.05614162694045025,ACCEPT,-0.0012817829272578907,1.0,1.0,0.0
2023-05-09,C_MA20_50_trend,-0.17962002744308078,0.7828805664623547,-0.14062102883262279,ACCEPT,-0.0013384371045779275,1.0,1.0,0.0
2023-05-10,C_MA20_50_trend,-0.21356137940228362,0.7863477338907082,-0.1679335067395595,ACCEPT,-0.022481076150133283,1.0,1.0,0.0
2023-05-11,C_MA20_50_trend,-0.22639045294270282,0.7915112051134896,-0.17919058023486747,ACCEPT,-0.007251596524522896,1.0,1.0,0.0
2023-05-12,C_MA20_50_trend,-0.2596799739137596,0.7938874673367105,-0.20615667680845762,ACCEPT,-0.0007801573211611013,1.0,1.0,0.0
2023-05-13,C_MA20_50_trend,-0.3020837236355391,0.796318505363806,-0.24055485930018553,ACCEPT,0.005471927993601522,0.0,1.0,0.0
2023-05-14,C_MA20_50_trend,-0.3313190134501319,0.7937244485471879,-0.2629760012439043,ACCEPT,0.009730726801279843,0.0,1.0,0.0
2023-05-15,C_MA20_50_trend,-0.3920439858336045,0.6966915032562196,-0.273133713832974,ACCEPT,-0.005738415341494774,1.0,1.0,0.0
2023-05-16,C_MA20_50_trend,-0.48712084896362207,0.6966969912500164,-0.33937562984810915,ACCEPT,0.013394867282656264,0.0,1.0,0.0
2023-05-17,C_MA20_50_trend,-0.6162470232385003,0.7065013766609111,-0.43537937028118895,ACCEPT,-0.02067950762275983,1.0,1.0,0.0
2023-05-18,C_MA20_50_trend,-0.7097942518465242,0.8037426934515123,-0.5704919437755265,ACCEPT,0.0021585968530852817,0.0,1.0,0.0
2023-05-19,C_MA20_50_trend,-0.7836028563776263,0.6004992278915572,-0.47055291022838336,ABSTAIN,0.008905016115201336,0.0,0.0,1.0
2023-05-20,C_MA20_50_trend,-0.832563210546163,0.5989873873354781,-0.4986948622766837,ABSTAIN,-0.013850552916312875,1.0,0.0,1.0
2023-05-21,C_MA20_50_trend,-0.8503171643415609,0.8055343924608874,-0.6849597203769439,ACCEPT,0.0036425134576618667,0.0,1.0,0.0
2023-05-22,C_MA20_50_trend,-0.8792099112608808,0.810157444011121,-0.7122984544563596,ACCEPT,0.013945303754316907,0.0,1.0,0.0
2023-05-23,C_MA20_50_trend,-0.906941043673579,0.7091959438887474,-0.6431989095195295,ACCEPT,-0.03272302765106416,1.0,1.0,0.0
2023-05-24,C_MA20_50_trend,-0.9314451671907606,0.7989108319651189,-0.7441416334502599,ACCEPT,0.005368887301425707,0.0,1.0,0.0
2023-05-25,C_MA20_50_trend,-0.9546260841684129,0.8053840478386333,-0.7688406198399002,ACCEPT,0.009181223884829448,0.0,1.0,0.0
2023-05-26,C_MA20_50_trend,-0.9660764106977324,0.806110305593133,-0.7787641506538662,ACCEPT,0.005578834405180588,0.0,1.0,0.0
2023-05-27,C_MA20_50_trend,-0.9723930760249542,0.6041111690604477,-0.5874335179437199,ABSTAIN,0.0453058267244435,0.0,0.0,1.0
2023-05-28,C_MA20_50_trend,-0.9707110781622221,0.7893984302593959,-0.7662778013366639,ACCEPT,-0.0120973437068298,1.0,1.0,0.0
2023-05-29,C_MA20_50_trend,-0.9690708030991054,0.7901948913129256,-0.7657547979294271,ACCEPT,-0.0015690671469931194,1.0,1.0,0.0
2023-05-30,C_MA20_50_trend,-0.9642584698429802,0.7901876673647654,-0.7619451510219426,ACCEPT,-0.01742420455507676,1.0,1.0,0.0
2023-05-31,C_MA20_50_trend,-0.9545653234504251,0.5942865810306721,-0.5672853624437908,ABSTAIN,-0.014683709247646393,1.0,0.0,1.0
2023-06-01,C_MA20_50_trend,-0.9431219882604294,0.5949733772588016,-0.5611324745223435,ABSTAIN,0.01601855426947596,0.0,0.0,1.0
2023-06-02,C_MA20_50_trend,-0.9239503973746805,0.6928540572439721,-0.6401627815132277,ACCEPT,-0.0064023326039167605,1.0,1.0,0.0
2023-06-03,C_MA20_50_trend,-0.902247455085148,0.5926092486227651,-0.5346801864298115,ABSTAIN,0.001622799291266075,0.0,0.0,1.0
2023-06-04,C_MA20_50_trend,-0.880793330846842,0.5933971299060355,-0.5226602345648932,ABSTAIN,-0.05011119223804861,1.0,0.0,1.0
2023-06-05,C_MA20_50_trend,-0.8703886919172213,0.776362206034894,-0.6757368849646797,ACCEPT,0.057402171630208665,0.0,1.0,0.0
2023-06-06,C_MA20_50_trend,-0.8542367845225716,0.5545970533071103,-0.47375720352275913,ABSTAIN,-0.03277624957004588,1.0,0.0,1.0
2023-06-07,C_MA20_50_trend,-0.8251369605179546,0.6528947170696063,-0.5387275623810449,ACCEPT,0.0061572444403654725,0.0,1.0,0.0
2023-06-08,C_MA20_50_trend,-0.8094308281064791,0.5526680197171446,-0.44734653286761633,ABSTAIN,-0.0010503081775867784,1.0,0.0,1.0
2023-06-09,C_MA20_50_trend,-0.8081395431484946,0.7554454532189898,-0.6105053434380019,ACCEPT,-0.02375852931180167,1.0,1.0,0.0
2023-06-10,C_MA20_50_trend,-0.8187439469951243,0.7555618676094757,-0.6186117056855898,ACCEPT,0.0034399794195076883,0.0,1.0,0.0
2023-06-11,C_MA20_50_trend,-0.8239970161441121,0.7555738984411059,-0.6225906377918456,ACCEPT,-0.001452109670044499,1.0,1.0,0.0
2023-06-12,C_MA20_50_trend,-0.8424556679700475,0.5592888663947058,-0.4711760755267625,ABSTAIN,0.0006265231396582749,0.0,0.0,1.0
2023-06-13,C_MA20_50_trend,-0.8367860182192288,0.6631178320700791,-0.5548877303080888,ACCEPT,-0.030636253390914137,1.0,1.0,0.0
2023-06-14,C_MA20_50_trend,-0.8397529209411494,0.7603367529222054,-0.638495009165331,ACCEPT,0.017979087727655774,0.0,1.0,0.0
2023-06-15,C_MA20_50_trend,-0.8406192374496406,0.7586649516113868,-0.6377483531033324,ACCEPT,0.029365685552642073,0.0,1.0,0.0
2023-06-16,C_MA20_50_trend,-0.8211129290983874,0.6511666350145133,-0.5346813430079076,ACCEPT,0.006959002900740696,0.0,1.0,0.0
2023-06-17,C_MA20_50_trend,-0.8346909899119347,0.6641060834035694,-0.5543233641626631,ACCEPT,-0.006580854145875503,1.0,1.0,0.0
2023-06-18,C_MA20_50_trend,-0.842160526993125,0.6668106828901937,-0.5615616361074511,ACCEPT,0.019547852547670663,0.0,1.0,0.0
2023-06-19,C_MA20_50_trend,-0.8396713857191753,0.7617048958173581,-0.6395818053800412,ACCEPT,0.05498705349618893,0.0,1.0,0.0
2023-06-20,C_MA20_50_trend,-0.8097352659607545,0.7460710393057502,-0.6041200314378582,ACCEPT,0.06000562340273241,0.0,1.0,0.0
2023-06-21,C_MA20_50_trend,-0.7058965004953013,0.729101577220661,-0.5146702518656693,ACCEPT,-0.0038303689299371557,1.0,1.0,0.0
2023-06-22,C_MA20_50_trend,-0.5825448904736522,0.7314299697219577,-0.42609079160082464,ACCEPT,0.02618280743799839,0.0,1.0,0.0
2023-06-23,C_MA20_50_trend,-0.3800698785341432,0.7278796197041906,-0.27664511864845004,ACCEPT,-0.0047815994828226405,1.0,1.0,0.0
2023-06-24,C_MA20_50_trend,-0.12106103305419787,0.7273525465609221,-0.08805405068126677,ACCEPT,-0.002240147837737516,1.0,1.0,0.0
2023-06-25,C_MA20_50_trend,0.24895611169904378,0.7468028678231756,0.18592113817895273,ACCEPT,-0.006861189753050945,0.0,1.0,0.0
2023-06-26,C_MA20_50_trend,0.4346073740376038,0.6583134652395106,0.28610788642133905,ACCEPT,0.013776598074988877,1.0,1.0,0.0
2023-06-27,C_MA20_50_trend,0.6366249933223032,0.7680224143336871,0.4889422643965627,ACCEPT,-0.01961401038928634,0.0,1.0,0.0
2023-06-28,C_MA20_50_trend,0.7571201251430973,0.663304540530153,0.5022012167341741,ACCEPT,0.011935868224670187,1.0,1.0,0.0
2023-06-29,C_MA20_50_trend,0.8471679480684218,0.7635528905572513,0.6468575355350988,ACCEPT,0.0010477918298796851,1.0,1.0,0.0
2023-06-30,C_MA20_50_trend,0.9116573456438841,0.6720732946180563,0.6127005558496373,ACCEPT,0.0037019798257575953,1.0,1.0,0.0
2023-07-01,C_MA20_50_trend,0.9485941939710064,0.7743129953367107,0.7345088116927028,ACCEPT,0.0010033124506771962,1.0,1.0,0.0
2023-07-02,C_MA20_50_trend,0.9704847668622237,0.7768277879509733,0.7538995346816972,ACCEPT,0.01749367929268808,1.0,1.0,0.0
2023-07-03,C_MA20_50_trend,0.9841268388874689,0.7768255716130568,0.7644948941585087,ACCEPT,-0.012159843310882601,0.0,1.0,0.0
2023-07-04,C_MA20_50_trend,0.9924458876135284,0.7827208711809105,0.7768081097527729,ACCEPT,-0.0085586975402272,0.0,1.0,0.0
2023-07-05,C_MA20_50_trend,0.9959401991240855,0.68080299122666,0.6780390666465528,ACCEPT,-0.019821224171432172,0.0,1.0,0.0
2023-07-06,C_MA20_50_trend,0.9974112507922207,0.778668678618209,0.7766529006933135,ACCEPT,0.014474667943441766,1.0,1.0,0.0
2023-07-07,C_MA20_50_trend,0.9982935139177184,0.778256320207477,0.7769282366285952,ACCEPT,-0.0016387902600796256,0.0,1.0,0.0
2023-07-08,C_MA20_50_trend,0.9989067434577189,0.7768114397257938,0.7759621855371948,ACCEPT,-0.004004505286051452,0.0,1.0,0.0
2023-07-09,C_MA20_50_trend,0.9992355859135855,0.6749634415902692,0.6744474900277028,ACCEPT,0.008061862007427312,1.0,1.0,0.0
2023-07-10,C_MA20_50_trend,0.9993013911664509,0.5941249298834657,0.5937098689592173,ABSTAIN,0.006788889103658935,1.0,0.0,1.0
2023-07-11,C_MA20_50_trend,0.9991611377179092,0.7294332060439888,0.7288213120401339,ACCEPT,-0.007488490028050299,0.0,1.0,0.0
2023-07-12,C_MA20_50_trend,0.9990192412074668,0.6266111235244729,0.6259965691555771,ABSTAIN,0.03568093437476372,1.0,0.0,1.0
2023-07-13,C_MA20_50_trend,0.9987382804300938,0.819941763982194,0.8189072274123943,ACCEPT,-0.036280934592069825,0.0,1.0,0.0
2023-07-14,C_MA20_50_trend,0.9982482894160222,0.8062395355737411,0.8048272372460552,ACCEPT,-0.001261344778969442,0.0,1.0,0.0
2023-07-15,C_MA20_50_trend,0.9976354773194869,0.6062682565526518,0.604834721509558,ABSTAIN,-0.001540603578530031,0.0,0.0,1.0
2023-07-16,C_MA20_50_trend,0.9969470606607641,0.6066897792890342,0.6048375921951303,ABSTAIN,-0.0034131272874816654,0.0,0.0,1.0
2023-07-17,C_MA20_50_trend,0.9960912259077186,0.8063071376250358,0.8031554651750655,ACCEPT,-0.009597533349379406,0.0,1.0,0.0
2023-07-18,C_MA20_50_trend,0.9952462260812797,0.8091088430778676,0.805262522562238,ACCEPT,0.0019212301525000086,1.0,1.0,0.0
2023-07-19,C_MA20_50_trend,0.9938669779000752,0.8128535732908244,0.8078683243618289,ACCEPT,-0.0040752996439197275,0.0,1.0,0.0
2023-07-20,C_MA20_50_trend,0.9916659159987166,0.812789712484876,0.806015854745648,ACCEPT,0.0039181140710413676,1.0,1.0,0.0
2023-07-21,C_MA20_50_trend,0.988268708950502,0.7127682091940359,0.7044065178811513,ACCEPT,-0.004578641136054662,0.0,1.0,0.0
2023-07-22,C_MA20_50_trend,0.9837182982897651,0.8126967436294157,0.7994646576687623,ACCEPT,0.010504447141318263,1.0,1.0,0.0
2023-07-23,C_MA20_50_trend,0.9757477055231477,0.7171708956927784,0.6997778559402091,ACCEPT,-0.03016908602087709,0.0,1.0,0.0
2023-07-24,C_MA20_50_trend,0.9631868465740903,0.8080023219189099,0.7782572084736177,ACCEPT,0.0017299501204297574,1.0,1.0,0.0
2023-07-25,C_MA20_50_trend,0.9418045400954573,0.8082260773527015,0.7611909890743165,ACCEPT,0.004365152978824893,1.0,1.0,0.0
2023-07-26,C_MA20_50_trend,0.9262117507053471,0.8112437028729655,0.7513834502866579,ACCEPT,-0.004915119656712763,0.0,1.0,0.0
2023-07-27,C_MA20_50_trend,0.8922496798820005,0.713663199163999,0.6367657609976425,ACCEPT,0.0037163327075591113,1.0,1.0,0.0
2023-07-28,C_MA20_50_trend,0.848516774046458,0.7155850649864555,0.6071859308981322,ACCEPT,0.001284885528077373,1.0,1.0,0.0
2023-07-29,C_MA20_50_trend,0.7934904777458596,0.7155807024705234,0.5678064734690534,ACCEPT,-0.002779902682116475,0.0,1.0,0.0
2023-07-30,C_MA20_50_trend,0.6987169852703747,0.7165240566090144,0.5006475287075499,ACCEPT,-0.0015438698273756435,0.0,1.0,0.0
2023-07-31,C_MA20_50_trend,0.5601440651261156,0.6151155798483903,0.3445533414186851,ABSTAIN,0.015245275282999904,1.0,0.0,1.0
2023-08-01,C_MA20_50_trend,0.4161145573976488,0.7124961310113591,0.29648001220332887,ACCEPT,-0.01764989082843693,0.0,1.0,0.0
2023-08-02,C_MA20_50_trend,0.13550911178913067,0.826107098853067,0.11194503920827467,ACCEPT,0.0009166006009861949,1.0,1.0,0.0
2023-08-03,C_MA20_50_trend,-0.09772543692774456,0.8413094997665203,-0.0822173384561454,ACCEPT,-0.0035843942133476636,1.0,1.0,0.0
2023-08-04,C_MA20_50_trend,-0.30782339937466685,0.8434975841625154,-0.25964829372122467,ACCEPT,-0.0010994270766331304,1.0,1.0,0.0
2023-08-05,C_MA20_50_trend,-0.46992259050382035,0.8457103866208187,-0.39741841569684255,ACCEPT,-9.347950838400898e-06,1.0,1.0,0.0
2023-08-06,C_MA20_50_trend,-0.5956746200474765,0.8479119305238789,-0.5050796170485339,ACCEPT,0.004776645775930843,0.0,1.0,0.0
2023-08-07,C_MA20_50_trend,-0.6840923302210002,0.6461191003278067,-0.44200512094354555,ABSTAIN,0.020044635853149417,0.0,0.0,1.0
2023-08-08,C_MA20_50_trend,-0.7374257680968496,0.8376075139376616,-0.6176733643291727,ACCEPT,-0.006853508270246889,1.0,1.0,0.0
2023-08-09,C_MA20_50_trend,-0.7634424184916004,0.8372003995828181,-0.639154297819641,ACCEPT,-0.004461964714047806,1.0,1.0,0.0
2023-08-10,C_MA20_50_trend,-0.7718315318698695,0.8372643678519366,-0.6462270396192181,ACCEPT,-0.001083159880198692,1.0,1.0,0.0
2023-08-11,C_MA20_50_trend,-0.7775858709912286,0.7374775435532838,-0.5734521180403519,ACCEPT,0.0006207965516027425,0.0,1.0,0.0
2023-08-12,C_MA20_50_trend,-0.783053864696651,0.7392861287774452,-0.5789008602558045,ACCEPT,-0.004523080645381872,1.0,1.0,0.0
2023-08-13,C_MA20_50_trend,-0.7628204606443676,0.7558963974982519,-0.5766132381390345,ACCEPT,0.004286776125049352,0.0,1.0,0.0
2023-08-14,C_MA20_50_trend,-0.740975403742564,0.853405260756789,-0.6323523076452898,ACCEPT,-0.008096168172366025,1.0,1.0,0.0
2023-08-15,C_MA20_50_trend,-0.7314959704628026,0.8547326412683198,-0.625233482910804,ACCEPT,-0.016063173634291772,1.0,1.0,0.0
2023-08-16,C_MA20_50_trend,-0.7207653082715268,0.8507491861874529,-0.61319049944415,ACCEPT,-0.07097917151940503,1.0,1.0,0.0
2023-08-17,C_MA20_50_trend,-0.7696099549551976,0.8008065473687271,-0.6163086908482733,ACCEPT,-0.02306411031148714,1.0,1.0,0.0
2023-08-18,C_MA20_50_trend,-0.8187184190326989,0.800725142638176,-0.6555684228604598,ACCEPT,0.0017907574452629138,0.0,1.0,0.0
2023-08-19,C_MA20_50_trend,-0.8556582844484721,0.7981147979455177,-0.6829135388030007,ACCEPT,0.00357825614760654,0.0,1.0,0.0
2023-08-20,C_MA20_50_trend,-0.883004180837861,0.797575786814722,-0.704262754292446,ACCEPT,-0.002498831574187843,1.0,1.0,0.0
2023-08-21,C_MA20_50_trend,-0.912545160801552,0.7033572140712301,-0.6418452220155623,ACCEPT,-0.0035401882238949023,1.0,1.0,0.0
2023-08-22,C_MA20_50_trend,-0.9273685959022135,0.8044916766419156,-0.7460603165824309,ACCEPT,0.015365306423789304,0.0,1.0,0.0
2023-08-23,C_MA20_50_trend,-0.9391091473809154,0.7012790903439713,-0.6585776086089908,ACCEPT,-0.01018731988472621,1.0,1.0,0.0
2023-08-24,C_MA20_50_trend,-0.950422250789118,0.7032890601707169,-0.6684215715228162,ACCEPT,-0.004384352975912553,1.0,1.0,0.0
2023-08-25,C_MA20_50_trend,-0.9615283602053761,0.7056432866985096,-0.67849603234915,ACCEPT,-0.0015051281432193475,1.0,1.0,0.0
2023-08-26,C_MA20_50_trend,-0.9694974928427393,0.8079775828131841,-0.7833322408105188,ACCEPT,0.0031232321991347956,0.0,1.0,0.0
2023-08-27,C_MA20_50_trend,-0.9763099871047308,0.8060101722451029,-0.7869157808708982,ACCEPT,0.0006307866874213364,0.0,1.0,0.0
2023-08-28,C_MA20_50_trend,-0.9835032299193863,0.7091429630936169,-0.6974443946771764,ACCEPT,0.062101924766441385,0.0,1.0,0.0
2023-08-29,C_MA20_50_trend,-0.9856575887029071,0.6737227350396283,-0.6640599264734877,ACCEPT,-0.015512708305083889,1.0,1.0,0.0
2023-08-30,C_MA20_50_trend,-0.987660307540329,0.6727530700835526,-0.664451504097422,ACCEPT,-0.0500340578984273,1.0,1.0,0.0
2023-08-31,C_MA20_50_trend,-0.9909351501629865,0.7623973400974413,-0.7554863226933195,ACCEPT,-0.005042060225742162,1.0,1.0,0.0
2023-09-01,C_MA20_50_trend,-0.9929871229346581,0.7626563930915207,-0.7573079775636727,ACCEPT,0.0026384615075991658,0.0,1.0,0.0
2023-09-02,C_MA20_50_trend,-0.9948235104071176,0.7622249889474418,-0.7582793392247205,ACCEPT,0.0038953327054152,0.0,1.0,0.0
2023-09-03,C_MA20_50_trend,-0.9962386179506892,0.6600487471396346,-0.6575660516304735,ACCEPT,-0.006051329012069284,1.0,1.0,0.0
2023-09-04,C_MA20_50_trend,-0.9972131161589508,0.6623007462493051,-0.6604549910016682,ACCEPT,-0.0012565113521479931,1.0,1.0,0.0
2023-09-05,C_MA20_50_trend,-0.9977837532326341,0.7628677928204145,-0.7611770895406488,ACCEPT,-0.0010374752516241204,1.0,1.0,0.0
2023-09-06,C_MA20_50_trend,-0.9975257362069937,0.7953414440804165,-0.793373559542251,ACCEPT,0.018908652030005024,0.0,1.0,0.0
2023-09-07,C_MA20_50_trend,-0.9967301097532018,0.7941157648107583,-0.7915190934165749,ACCEPT,-0.012749181613965876,1.0,1.0,0.0
2023-09-08,C_MA20_50_trend,-0.9958999570443278,0.6928774446178398,-0.6900366173318903,ACCEPT,-0.0003851113886439439,1.0,1.0,0.0
2023-09-09,C_MA20_50_trend,-0.9949042406780167,0.6950695146853617,-0.6915276077264774,ACCEPT,-0.0024502611024840304,1.0,1.0,0.0
2023-09-10,C_MA20_50_trend,-0.9936887444580198,0.7810414538388412,-0.7761121016347845,ACCEPT,-0.02592003689674205,1.0,1.0,0.0
2023-09-11,C_MA20_50_trend,-0.9924600669808933,0.7755552316891486,-0.7697075971895947,ACCEPT,0.026654161568650414,0.0,1.0,0.0
2023-09-12,C_MA20_50_trend,-0.9914982629748519,0.5684326563531408,-0.56359999139232,ABSTAIN,0.01528956036711282,0.0,0.0,1.0
2023-09-13,C_MA20_50_trend,-0.9894365877464956,0.6657676268708489,-0.6587348489631748,ACCEPT,0.011870739692642074,0.0,1.0,0.0
2023-09-14,C_MA20_50_trend,-0.9859914341024878,0.762384733695088,-0.751704816913863,ACCEPT,0.0026006171627044328,0.0,1.0,0.0
2023-09-15,C_MA20_50_trend,-0.9813210923478939,0.7617416359609437,-0.747513134288065,ACCEPT,-0.001518755875352329,1.0,1.0,0.0
2023-09-16,C_MA20_50_trend,-0.9753753115086672,0.7606893615054646,-0.7419576229397217,ACCEPT,-0.0012832501161511578,1.0,1.0,0.0
2023-09-17,C_MA20_50_trend,-0.9676663943170226,0.662672885574677,-0.6412462817957045,ACCEPT,0.008294723552398242,0.0,1.0,0.0
2023-09-18,C_MA20_50_trend,-0.9677021797096471,0.789017113809939,-0.7635335808620927,ACCEPT,0.017075246134672373,0.0,1.0,0.0
2023-09-19,C_MA20_50_trend,-0.963424938124197,0.7860350410964714,-0.7572857608318186,ACCEPT,-0.00290724465500225,1.0,1.0,0.0
2023-09-20,C_MA20_50_trend,-0.9458647135983811,0.8199409155059723,-0.7755531792126509,ACCEPT,-0.02080107760178318,1.0,1.0,0.0
2023-09-21,C_MA20_50_trend,-0.9258113759155738,0.7127753460679143,-0.659895523861835,ACCEPT,0.0004492514240630463,0.0,1.0,0.0
2023-09-22,C_MA20_50_trend,-0.8994899458912977,0.7103771449827255,-0.6389770997029264,ACCEPT,-6.686879658768241e-06,1.0,1.0,0.0
2023-09-23,C_MA20_50_trend,-0.8676128450193753,0.7104321493822435,-0.6163800583187581,ACCEPT,-0.01213588594546644,1.0,1.0,0.0
2023-09-24,C_MA20_50_trend,-0.8278991140820479,0.7106010590628684,-0.5883059872639137,ACCEPT,0.0015864178176880905,0.0,1.0,0.0
2023-09-25,C_MA20_50_trend,-0.775327117819225,0.7082818750909557,-0.5491501448178671,ACCEPT,-0.0030887894396227633,1.0,1.0,0.0
2023-09-26,C_MA20_50_trend,-0.7074655821308031,0.7101473200027104,-0.5024047871443472,ACCEPT,0.005167086436411061,0.0,1.0,0.0
2023-09-27,C_MA20_50_trend,-0.632910594999605,0.6123650819475314,-0.38757234837239396,ABSTAIN,0.02537992888096885,0.0,0.0,1.0
2023-09-28,C_MA20_50_trend,-0.49907501010331484,0.80339729993835,-0.4009555155837079,ACCEPT,-0.004064392478456136,1.0,1.0,0.0
2023-09-29,C_MA20_50_trend,-0.3446181441321707,0.802846034053186,-0.27667531027928244,ACCEPT,0.0020881352448591795,0.0,1.0,0.0
2023-09-30,C_MA20_50_trend,-0.16051430847737136,0.8003708076058824,-0.12847096670833344,ACCEPT,0.037668241913332734,0.0,1.0,0.0
2023-10-01,C_MA20_50_trend,0.15592640591356316,0.7935500352920496,0.12373540491567049,ACCEPT,-0.016186709920936293,0.0,1.0,0.0
2023-10-02,C_MA20_50_trend,0.36560472875043687,0.7946548043984808,0.29052955421233806,ACCEPT,-0.003661597010505724,0.0,1.0,0.0
2023-10-03,C_MA20_50_trend,0.5167834557658725,0.7964588921945084,0.4115967786837365,ACCEPT,0.013467601347721292,1.0,1.0,0.0
2023-10-04,C_MA20_50_trend,0.6311295445257877,0.6981583760384517,0.4406283778760116,ACCEPT,-0.01379463216164356,0.0,1.0,0.0
2023-10-05,C_MA20_50_trend,0.7008374522171983,0.6920594256041699,0.4850211646233241,ACCEPT,0.01935684447622399,1.0,1.0,0.0
2023-10-06,C_MA20_50_trend,0.7397110126238767,0.7900116744941545,0.5843803357247556,ACCEPT,0.0007958817661306572,1.0,1.0,0.0
2023-10-07,C_MA20_50_trend,0.7663241294877133,0.7924133833411561,0.6072454961833251,ACCEPT,-0.001206700034343422,0.0,1.0,0.0
2023-10-08,C_MA20_50_trend,0.782540210643687,0.5904853993925999,0.46207856882270676,ABSTAIN,-0.012579594744121514,0.0,0.0,1.0
2023-10-09,C_MA20_50_trend,0.7752587046841414,0.6889059331421329,0.5340803213769897,ACCEPT,-0.006984500217130485,0.0,1.0,0.0
2023-10-10,C_MA20_50_trend,0.765392682442561,0.6882258044040948,0.5267629945590394,ACCEPT,-0.018900326735168282,0.0,1.0,0.0
2023-10-11,C_MA20_50_trend,0.7639192732107875,0.6871608130402926,0.5249353888766741,ACCEPT,-0.0043359541366684295,0.0,1.0,0.0
2023-10-12,C_MA20_50_trend,0.7656558320376091,0.7868050345674982,0.6024218633931576,ACCEPT,0.003945769916393171,1.0,1.0,0.0
2023-10-13,C_MA20_50_trend,0.7655520879855063,0.7888574841173748,0.6039114940890496,ACCEPT,-2.4866332556272575e-05,0.0,1.0,0.0
2023-10-14,C_MA20_50_trend,0.7759337357431321,0.7914114987122801,0.6140828807058905,ACCEPT,0.011091823470242623,1.0,1.0,0.0
2023-10-15,C_MA20_50_trend,0.7901112413813796,0.6922338340082763,0.546941733914471,ACCEPT,0.05006744695824206,1.0,1.0,0.0
2023-10-16,C_MA20_50_trend,0.831883585097208,0.765453837659911,0.636768482698943,ACCEPT,-0.0036367703063566736,0.0,1.0,0.0
2023-10-17,C_MA20_50_trend,0.8613474109645023,0.7625200263636919,0.6567946505169501,ACCEPT,-0.0030759792019486865,0.0,1.0,0.0
2023-10-18,C_MA20_50_trend,0.8848100298720114,0.7680150245700793,0.6795473968320055,ACCEPT,0.013818840741083749,1.0,1.0,0.0
2023-10-19,C_MA20_50_trend,0.9072137648894294,0.7671620945325428,0.6959800120613285,ACCEPT,0.033535830870205396,1.0,1.0,0.0
2023-10-20,C_MA20_50_trend,0.9246609389721611,0.7591893488338366,0.7019927361503588,ACCEPT,0.007932597562652743,1.0,1.0,0.0
2023-10-21,C_MA20_50_trend,0.9277466621586555,0.7724687257518527,0.7166552819382311,ACCEPT,0.002523007395046406,1.0,1.0,0.0
2023-10-22,C_MA20_50_trend,0.9369043039442142,0.7798746874088436,0.7306679511704942,ACCEPT,0.10309890521346299,1.0,1.0,0.0
2023-10-23,C_MA20_50_trend,0.9611984460196052,0.7111111111111111,0.6835188949472749,ACCEPT,0.02464145540134477,1.0,1.0,0.0
2023-10-24,C_MA20_50_trend,0.9763016024539781,0.7111111111111111,0.6942589173006067,ACCEPT,0.017736456610143003,1.0,1.0,0.0
2023-10-25,C_MA20_50_trend,0.9872498168771308,0.7133333333333334,0.7042382027056866,ACCEPT,-0.010033147199696724,0.0,1.0,0.0
2023-10-26,C_MA20_50_trend,0.9921194504626234,0.7111111111111111,0.7055071647734211,ACCEPT,-0.007226928505637331,0.0,1.0,0.0
2023-10-27,C_MA20_50_trend,0.9951421379862805,0.7088888888888889,0.7054452044836077,ACCEPT,0.005301518539129857,1.0,1.0,0.0
2023-10-28,C_MA20_50_trend,0.9969882586516523,0.6111111111111112,0.6092706025093432,ABSTAIN,0.013168432293093613,1.0,0.0,1.0
2023-10-29,C_MA20_50_trend,0.998313575710042,0.7133333333333334,0.7121303506731633,ACCEPT,-0.0010457086417764438,0.0,1.0,0.0
2023-10-30,C_MA20_50_trend,0.9990732079533136,0.7111111111111111,0.710452058989023,ACCEPT,0.004794395311462418,1.0,1.0,0.0
2023-10-31,C_MA20_50_trend,0.9995151149294964,0.7133333333333334,0.7129874486497074,ACCEPT,0.022195613001625203,1.0,1.0,0.0
2023-11-01,C_MA20_50_trend,0.999779047177359,0.7133333333333334,0.7131757203198494,ACCEPT,-0.014081557224217889,0.0,1.0,0.0
2023-11-02,C_MA20_50_trend,0.9998944757249132,0.7111111111111111,0.711036071626605,ACCEPT,-0.005893770145759425,0.0,1.0,0.0
2023-11-03,C_MA20_50_trend,0.9999493618725701,0.7088888888888889,0.7088529920829997,ACCEPT,0.010073356782761111,1.0,1.0,0.0
2023-11-04,C_MA20_50_trend,0.9999751916521277,0.6088888888888889,0.6088737833615178,ABSTAIN,-0.0009360829177728069,0.0,0.0,1.0
2023-11-05,C_MA20_50_trend,0.9999844646217001,0.714291768972373,0.7142806721795255,ACCEPT,-0.0003419285416157436,0.0,1.0,0.0
2023-11-06,C_MA20_50_trend,0.999990353445665,0.7149781741562907,0.7149712770804854,ACCEPT,0.011593090279608864,1.0,1.0,0.0
2023-11-07,C_MA20_50_trend,0.9999943779012037,0.7166507272196219,0.716646698138431,ACCEPT,0.005973294692089626,1.0,1.0,0.0
2023-11-08,C_MA20_50_trend,0.9999966647668888,0.7164624276503437,0.7164600380811321,ACCEPT,0.029107827327892632,1.0,1.0,0.0
2023-11-09,C_MA20_50_trend,0.9999978612053931,0.7179534997773284,0.717951964222255,ACCEPT,0.01691989303173269,1.0,1.0,0.0
2023-11-10,C_MA20_50_trend,0.9999985848296353,0.7199851987219391,0.7199841798202229,ACCEPT,-0.0047145338500075296,0.0,1.0,0.0
2023-11-11,C_MA20_50_trend,0.9999990323428039,0.7162871986844448,0.7162865055639824,ACCEPT,-0.002249209321512735,0.0,1.0,0.0
2023-11-12,C_MA20_50_trend,0.9999988923861981,0.8145211645555024,0.8145202623806186,ACCEPT,-0.014901395821212304,0.0,1.0,0.0
2023-11-13,C_MA20_50_trend,0.9999984483448067,0.712445046809631,0.7124439413405742,ACCEPT,-0.026428838121854925,0.0,1.0,0.0
2023-11-14,C_MA20_50_trend,0.9999974146081336,0.7002840257401052,0.7002822152314809,ACCEPT,0.06592844558740318,1.0,1.0,0.0
2023-11-15,C_MA20_50_trend,0.9999966777638596,0.7538210179239528,0.7538185135525237,ACCEPT,-0.04555929205565723,0.0,1.0,0.0
2023-11-16,C_MA20_50_trend,0.9999952951766218,0.6284374676247289,0.6284345109374394,ABSTAIN,0.012222842746045792,1.0,0.0,1.0
2023-11-17,C_MA20_50_trend,0.9999937354679655,0.5300089303637627,0.5300056101058399,ABSTAIN,-0.000300039994658885,0.0,0.0,1.0
2023-11-18,C_MA20_50_trend,0.9999910049376446,0.6307426362619756,0.6307369626926321,ABSTAIN,0.021889527372586093,1.0,0.0,1.0
2023-11-19,C_MA20_50_trend,0.999988108229117,0.7279370516926641,0.7279283952320281,ACCEPT,0.0024182537251242753,1.0,1.0,0.0
2023-11-20,C_MA20_50_trend,0.9999851336738277,0.727911397660496,0.7279005762922338,ACCEPT,-0.04437779006078835,0.0,1.0,0.0
2023-11-21,C_MA20_50_trend,0.9999752052262867,0.6123117199824759,0.6122965378519369,ABSTAIN,0.045192824521265385,1.0,0.0,1.0
2023-11-22,C_MA20_50_trend,0.9999665554547291,0.5044444444444445,0.5044275735293856,ABSTAIN,-0.003812712499291715,0.0,0.0,1.0
2023-11-23,C_MA20_50_trend,0.9999569887004809,0.6022222222222222,0.6021963198618452,ABSTAIN,0.011549062275727495,1.0,0.0,1.0
2023-11-24,C_MA20_50_trend,0.9999424719617498,0.7022222222222222,0.7021818247553621,ACCEPT,0.0020283973558654633,1.0,1.0,0.0
2023-11-25,C_MA20_50_trend,0.9999268110548495,0.7044624940660363,0.7044109351991975,ACCEPT,-0.008404730932136117,0.0,1.0,0.0
2023-11-26,C_MA20_50_trend,0.9999049615492032,0.7044444444444444,0.704377495135772,ACCEPT,-0.006002091789647501,0.0,1.0,0.0
2023-11-27,C_MA20_50_trend,0.9998665455550438,0.6044444444444445,0.6043637786466043,ABSTAIN,0.01548599794884531,1.0,0.0,1.0
2023-11-28,C_MA20_50_trend,0.9998121804842038,0.7044444444444444,0.7043121360299835,ACCEPT,0.0007244373065387055,1.0,1.0,0.0
2023-11-29,C_MA20_50_trend,0.9996904183146832,0.6079135179212141,0.6077253190298092,ABSTAIN,-0.0038497596002547985,0.0,0.0,1.0
2023-11-30,C_MA20_50_trend,0.9994194897664225,0.7073572386198532,0.7069466105040393,ACCEPT,0.025879947957747618,1.0,1.0,0.0
2023-12-01,C_MA20_50_trend,0.9990215343114759,0.7053498433014888,0.7046596826814124,ACCEPT,0.020356874575942596,1.0,1.0,0.0
2023-12-02,C_MA20_50_trend,0.9984932555662921,0.7066666666666667,0.7056019006001798,ACCEPT,0.012717964611113297,1.0,1.0,0.0
2023-12-03,C_MA20_50_trend,0.9979541749663681,0.7077849344329363,0.7063369302956459,ACCEPT,0.05006972516793251,1.0,1.0,0.0
2023-12-04,C_MA20_50_trend,0.9979846145811541,0.7066666666666667,0.7052424609706822,ACCEPT,0.05003682455553493,1.0,1.0,0.0
2023-12-05,C_MA20_50_trend,0.9978524563315233,0.7145849266078373,0.7130503242731118,ACCEPT,-0.007581629055975703,0.0,1.0,0.0
2023-12-06,C_MA20_50_trend,0.9981411087344121,0.737011815385519,0.7356417905592637,ACCEPT,-0.010372985662227885,0.0,1.0,0.0
2023-12-07,C_MA20_50_trend,0.9982144431406678,0.7314806668616747,0.7301745665394909,ACCEPT,0.02018673414826888,1.0,1.0,0.0
2023-12-08,C_MA20_50_trend,0.9984355078642949,0.7312135348514984,0.7300695570267022,ACCEPT,-0.009976252913108663,0.0,1.0,0.0
2023-12-09,C_MA20_50_trend,0.9985019616359946,0.627361323183295,0.6264215118530732,ABSTAIN,0.0012284421841561866,1.0,0.0,1.0
2023-12-10,C_MA20_50_trend,0.9985725948161145,0.7272329665907498,0.7261949104843457,ACCEPT,-0.05792335792051162,0.0,1.0,0.0
2023-12-11,C_MA20_50_trend,0.9986832954862529,0.6139980334437698,0.6131895794617025,ABSTAIN,0.005004157345118276,1.0,0.0,1.0
2023-12-12,C_MA20_50_trend,0.9987560525495107,0.628685539989906,0.6279034882152761,ABSTAIN,0.03475299863154757,1.0,0.0,1.0
2023-12-13,C_MA20_50_trend,0.9990120639143334,0.6249637316556704,0.624346307432935,ABSTAIN,0.0031062756659134827,1.0,0.0,1.0
2023-12-14,C_MA20_50_trend,0.9992037241871962,0.5272200199691993,0.5268002074192719,ABSTAIN,-0.025432678020983368,0.0,0.0,1.0
2023-12-15,C_MA20_50_trend,0.9992812776198637,0.5170217905053224,0.5166501953734681,ABSTAIN,0.007401888090740938,1.0,0.0,1.0
2023-12-16,C_MA20_50_trend,0.99938279535288,0.6186358305599915,0.6182540056504949,ABSTAIN,-0.02072563201266564,0.0,0.0,1.0
2023-12-17,C_MA20_50_trend,0.9994557183403158,0.6136066817292578,0.6132727068661329,ABSTAIN,0.030433584522719714,1.0,0.0,1.0
2023-12-18,C_MA20_50_trend,0.9995397616201287,0.7117774614038611,0.7114498740981957,ACCEPT,-0.008282083715112631,0.0,1.0,0.0
2023-12-19,C_MA20_50_trend,0.9995978629585403,0.6081047142677918,0.6078601728370984,ABSTAIN,0.032687613405284255,1.0,0.0,1.0
2023-12-20,C_MA20_50_trend,0.9996906580465554,0.6066666666666667,0.6064789992149103,ABSTAIN,0.0049688697318006625,1.0,0.0,1.0
2023-12-21,C_MA20_50_trend,0.9997451039677265,0.7088888888888889,0.7087081959237884,ACCEPT,0.002934864092908329,1.0,1.0,0.0
2023-12-22,C_MA20_50_trend,0.9997630500334522,0.6100292747827103,0.6098847283664574,ABSTAIN,-0.005872083923035065,0.0,0.0,1.0
2023-12-23,C_MA20_50_trend,0.9997579612143626,0.7072751359384875,0.7071039479234733,ACCEPT,-0.01653939964043194,0.0,1.0,0.0
2023-12-24,C_MA20_50_trend,0.9996712131275179,0.5216002189671411,0.521428723662461,ABSTAIN,0.013879063861056418,1.0,0.0,1.0
2023-12-25,C_MA20_50_trend,0.999442871503683,0.6412733619643248,0.6409160903004455,ABSTAIN,-0.025055253200995553,0.0,0.0,1.0
2023-12-26,C_MA20_50_trend,0.9990251262079771,0.6363440443944995,0.6357236892629095,ABSTAIN,0.021694364920222586,1.0,0.0,1.0
2023-12-27,C_MA20_50_trend,0.9985295163673479,0.5351441007161672,0.5343571800749538,ABSTAIN,-0.01876027694786908,0.0,0.0,1.0
2023-12-28,C_MA20_50_trend,0.99741780596472,0.7337849592354837,0.7318901840905676,ACCEPT,-0.012396896798793966,0.0,1.0,0.0
2023-12-29,C_MA20_50_trend,0.9957964021526833,0.6333766883020467,0.6307142274185596,ABSTAIN,0.0013658151137276864,1.0,0.0,1.0
2023-12-30,C_MA20_50_trend,0.9933787975866331,0.7355918287268699,0.7307213263352506,ACCEPT,0.002568622223877659,1.0,1.0,0.0
2023-12-31,C_MA20_50_trend,0.992375472589364,0.6700512503777868,0.6649424262527505,ACCEPT,0.0450049945064126,1.0,1.0,0.0
2024-01-01,C_MA20_50_trend,0.9921030575730173,0.7539625730632618,0.7480085740316814,ACCEPT,0.017900939051301412,1.0,1.0,0.0
2024-01-02,C_MA20_50_trend,0.990514486815339,0.7616585476804842,0.7544338254842513,ACCEPT,-0.04692812036242189,0.0,1.0,0.0
2024-01-03,C_MA20_50_trend,0.9859149775123279,0.6399417271972783,0.6309281335789049,ABSTAIN,0.03108057856532498,1.0,0.0,1.0
2024-01-04,C_MA20_50_trend,0.9852275315062264,0.738590750006487,0.7276799414222236,ACCEPT,-0.0003900067727314882,0.0,1.0,0.0
2024-01-05,C_MA20_50_trend,0.9824387476786881,0.6364814445487654,0.6253040333032115,ABSTAIN,-0.003928567037593367,0.0,0.0,1.0
2024-01-06,C_MA20_50_trend,0.9814170816044245,0.7409920580710594,0.7272222631241554,ACCEPT,-0.0010479313368322307,0.0,1.0,0.0
2024-01-07,C_MA20_50_trend,0.9770786420846589,0.6479776586471899,0.6331251308121929,ABSTAIN,0.06889378335779228,1.0,0.0,1.0
2024-01-08,C_MA20_50_trend,0.9788925909147749,0.7155708938425998,0.7004670462567838,ACCEPT,-0.017687130611972357,0.0,1.0,0.0
2024-01-09,C_MA20_50_trend,0.9758673858688687,0.7180306712101379,0.7007027140875064,ACCEPT,0.010577584004972662,1.0,1.0,0.0
2024-01-10,C_MA20_50_trend,0.9703498487427205,0.7198561547647461,0.6985123108924877,ACCEPT,-0.005558733892443213,0.0,1.0,0.0
2024-01-11,C_MA20_50_trend,0.9652916836795876,0.6170457519043391,0.5956291327630766,ABSTAIN,-0.07581464687080208,0.0,0.0,1.0
2024-01-12,C_MA20_50_trend,0.949769007092601,0.6133333333333333,0.5825249910167952,ABSTAIN,-0.0002516769882185965,0.0,0.0,1.0
2024-01-13,C_MA20_50_trend,0.9346881054132322,0.6111111111111112,0.5711982866414197,ABSTAIN,-0.0244177193838242,0.0,0.0,1.0
2024-01-14,C_MA20_50_trend,0.9034115945287835,0.7088888888888889,0.6404184414548487,ACCEPT,0.01712351907901466,1.0,1.0,0.0
2024-01-15,C_MA20_50_trend,0.8783592091788601,0.7111111111111111,0.6246109931938562,ACCEPT,0.015124600939588229,1.0,1.0,0.0
2024-01-16,C_MA20_50_trend,0.8367010075696211,0.6133333333333333,0.5131766179760342,ABSTAIN,-0.009553782672285682,0.0,0.0,1.0
2024-01-17,C_MA20_50_trend,0.8003160209267258,0.6111111111111112,0.48908201278855473,ABSTAIN,-0.034639725632667706,0.0,0.0,1.0
2024-01-18,C_MA20_50_trend,0.7486186793655715,0.7088888888888889,0.5306874638169273,ACCEPT,0.00863620644230223,1.0,1.0,0.0
2024-01-19,C_MA20_50_trend,0.6889879804111936,0.7088888888888889,0.4884159238914906,ACCEPT,0.0011336255217606617,1.0,1.0,0.0
2024-01-20,C_MA20_50_trend,0.6297570685365339,0.7088888888888889,0.4464277885847874,ACCEPT,-0.0028752933279206916,0.0,1.0,0.0
2024-01-21,C_MA20_50_trend,0.4933086280892168,0.6066666666666667,0.29927390104079155,ABSTAIN,-0.049064374667218136,0.0,0.0,1.0
2024-01-22,C_MA20_50_trend,0.2312843034713592,0.7044444444444444,0.1629269426676019,ACCEPT,0.008560013431039293,1.0,1.0,0.0
2024-01-23,C_MA20_50_trend,0.11065643387067395,0.7044444444444444,0.07795131008223032,ACCEPT,0.005810521700930993,1.0,1.0,0.0
2024-01-24,C_MA20_50_trend,-0.034064116585876714,0.7066666666666667,-0.02407197572068621,ACCEPT,-0.0035747525934159974,1.0,1.0,0.0
2024-01-25,C_MA20_50_trend,-0.18926782664793537,0.6088888888888889,-0.11524307667007622,ABSTAIN,0.04715459322091098,0.0,0.0,1.0
2024-01-26,C_MA20_50_trend,-0.2765022190047721,0.6066666666666667,-0.16774467952956176,ABSTAIN,0.007250269707417489,0.0,0.0,1.0
2024-01-27,C_MA20_50_trend,-0.32992498660478226,0.6044444444444445,-0.1994213252366684,ABSTAIN,-0.002005242826170095,1.0,0.0,1.0
2024-01-28,C_MA20_50_trend,-0.5310447230610921,0.7158218001547597,-0.3801333896242768,ACCEPT,0.029799801358818767,0.0,1.0,0.0
2024-01-29,C_MA20_50_trend,-0.6331987347225279,0.7066827696240385,-0.44747063557615285,ACCEPT,-0.007753530092744043,1.0,1.0,0.0
2024-01-30,C_MA20_50_trend,-0.7617683377905837,0.6079105410016254,-0.4630870023441827,ABSTAIN,-0.00861423582021903,1.0,0.0,1.0
2024-01-31,C_MA20_50_trend,-0.8474523236669782,0.6099902228156966,-0.5169376317392999,ABSTAIN,0.011581441842771323,0.0,0.0,1.0
2024-02-01,C_MA20_50_trend,-0.844962058517192,0.6525555369247295,-0.5513846697767109,ACCEPT,0.0025556346111748063,0.0,1.0,0.0
2024-02-02,C_MA20_50_trend,-0.8402225579504716,0.7503020668490096,-0.6304207218434006,ACCEPT,-0.0044831659668692625,1.0,1.0,0.0
2024-02-03,C_MA20_50_trend,-0.8263134204056666,0.7582861321185591,-0.6265820074770697,ACCEPT,-0.009505619472114146,1.0,1.0,0.0
2024-02-04,C_MA20_50_trend,-0.8274656894203192,0.6619608218524731,-0.5477498678233977,ACCEPT,0.0017632602500394778,0.0,1.0,0.0
2024-02-05,C_MA20_50_trend,-0.8449886386329238,0.6619270182739446,-0.5593208100456509,ACCEPT,0.009986338686479135,0.0,1.0,0.0
2024-02-06,C_MA20_50_trend,-0.8422677983740604,0.7596596670949667,-0.6398368753176492,ACCEPT,0.028630850081180936,0.0,1.0,0.0
2024-02-07,C_MA20_50_trend,-0.7996559099875785,0.7639335525646115,-0.610883980146098,ACCEPT,0.022188248784866804,0.0,1.0,0.0
2024-02-08,C_MA20_50_trend,-0.7264272719815903,0.7586276474376019,-0.5510878123779088,ACCEPT,0.040741037427910465,0.0,1.0,0.0
2024-02-09,C_MA20_50_trend,-0.5900498021522522,0.7468970923280293,-0.44070648155624614,ACCEPT,0.013236801662479536,0.0,1.0,0.0
2024-02-10,C_MA20_50_trend,-0.3828486943132876,0.7473796259054406,-0.2861333139342513,ACCEPT,0.010940478338881565,0.0,1.0,0.0
2024-02-11,C_MA20_50_trend,1.5488356851372465e-05,0.7819854218755719,1.2111669266579901e-05,ACCEPT,0.034461993507690414,1.0,1.0,0.0
2024-02-12,C_MA20_50_trend,0.39917167570404205,0.7778130473180819,0.3104809374824261,ACCEPT,-0.004319233922406296,0.0,1.0,0.0
2024-02-13,C_MA20_50_trend,0.6836366608668786,0.773209337892811,0.5285942499081313,ACCEPT,0.041900916949929146,1.0,1.0,0.0
2024-02-14,C_MA20_50_trend,0.8616597091290809,0.7685399426366816,0.6622199034264036,ACCEPT,0.0021583350882306007,1.0,1.0,0.0
2024-02-15,C_MA20_50_trend,0.9325828786048271,0.78094236081122,0.7282934748697771,ACCEPT,0.004267512618200353,1.0,1.0,0.0
2024-02-16,C_MA20_50_trend,0.9656793429799071,0.7828063155493868,0.7559398884802537,ACCEPT,-0.009532306269177337,0.0,1.0,0.0
2024-02-17,C_MA20_50_trend,0.9817197663944165,0.6777556086166966,0.665366077763689,ACCEPT,0.008895163192163213,1.0,1.0,0.0
2024-02-18,C_MA20_50_trend,0.9891381715803141,0.7822587376892529,0.7737619775006722,ACCEPT,-0.006588364620277343,0.0,1.0,0.0
2024-02-19,C_MA20_50_trend,0.9936568418589165,0.6827141166731868,0.6783835530659786,ACCEPT,0.009767068832988945,1.0,1.0,0.0
2024-02-20,C_MA20_50_trend,0.9968436004353587,0.7868462636143019,0.7843626624103901,ACCEPT,-0.008524364120598982,0.0,1.0,0.0
2024-02-21,C_MA20_50_trend,0.9983493025139059,0.6828036306455665,0.6816765284089639,ACCEPT,-0.010305082651198116,0.0,1.0,0.0
2024-02-22,C_MA20_50_trend,0.9989968243510775,0.6767162557975318,0.6760373905284858,ACCEPT,-0.011168964874795462,0.0,1.0,0.0
2024-02-23,C_MA20_50_trend,0.9994174454671931,0.6720135184874569,0.6716220339661546,ACCEPT,0.016540904827679226,1.0,1.0,0.0
2024-02-24,C_MA20_50_trend,0.999691863399201,0.6775277573832258,0.6773189862831188,ACCEPT,0.003143945229742817,1.0,1.0,0.0
2024-02-25,C_MA20_50_trend,0.9998352692618576,0.5799824729722639,0.5798869320313815,ABSTAIN,0.053914352844811164,1.0,0.0,1.0
2024-02-26,C_MA20_50_trend,0.9999217099216056,0.7603275636998678,0.7602680375953003,ACCEPT,0.04700762695380023,1.0,1.0,0.0
2024-02-27,C_MA20_50_trend,0.9999682999791476,0.7513874556239876,0.751363636625976,ACCEPT,0.09493531994124749,1.0,1.0,0.0
2024-02-28,C_MA20_50_trend,0.9999891597867364,0.7044444444444444,0.7044368081164343,ACCEPT,-0.020900898468654838,0.0,1.0,0.0
2024-02-29,C_MA20_50_trend,0.9999951623873607,0.7022222222222222,0.7022188251431244,ACCEPT,0.020298739001094468,1.0,1.0,0.0
2024-03-01,C_MA20_50_trend,0.9999978042447181,0.7022222222222222,0.7022206803140687,ACCEPT,-0.006578811548619723,0.0,1.0,0.0
2024-03-02,C_MA20_50_trend,0.9999987076597975,0.6,0.5999992245958785,ABSTAIN,0.01833832389535761,1.0,0.0,1.0
2024-03-03,C_MA20_50_trend,0.9999991432285867,0.7000886356296013,0.7000880358136716,ACCEPT,0.08173591649219114,1.0,1.0,0.0
2024-03-04,C_MA20_50_trend,0.9999995596007952,0.7,0.6999996917205566,ACCEPT,-0.06628402455760396,0.0,1.0,0.0
2024-03-05,C_MA20_50_trend,0.9999996470447717,0.7,0.6999997529313402,ACCEPT,0.03613733749494208,1.0,1.0,0.0
2024-03-06,C_MA20_50_trend,0.9999997543608463,0.7022222222222222,0.7022220497289499,ACCEPT,0.012384196927533564,1.0,1.0,0.0
2024-03-07,C_MA20_50_trend,0.9999998283210932,0.6022222222222222,0.6022221188333695,ABSTAIN,0.020539401213709896,1.0,0.0,1.0
2024-03-08,C_MA20_50_trend,0.9999998855133256,0.7044444444444444,0.7044443637949427,ACCEPT,0.0029105240064184468,1.0,1.0,0.0
2024-03-09,C_MA20_50_trend,0.999999921555554,0.7044444444444444,0.7044443891846902,ACCEPT,0.007604594828588107,1.0,1.0,0.0
2024-03-10,C_MA20_50_trend,0.9999999491132189,0.7066666666666667,0.7066666307066747,ACCEPT,0.04497430707429584,1.0,1.0,0.0
2024-03-11,C_MA20_50_trend,0.9999999699766308,0.7066666666666667,0.7066666454501525,ACCEPT,-0.008909905479502545,0.0,1.0,0.0
2024-03-12,C_MA20_50_trend,0.9999999805374695,0.7044444444444444,0.704444430734173,ACCEPT,0.022414410239567806,1.0,1.0,0.0
2024-03-13,C_MA20_50_trend,0.9999999889663261,0.7044444444444444,0.7044444366718342,ACCEPT,-0.0230819028918976,0.0,1.0,0.0
2024-03-14,C_MA20_50_trend,0.9999999935395332,0.6044444444444445,0.6044444405394511,ABSTAIN,-0.027911980219644583,0.0,0.0,1.0
2024-03-15,C_MA20_50_trend,0.9999999954204373,0.6022222222222222,0.6022222194643078,ABSTAIN,-0.05891115205258901,0.0,0.0,1.0
2024-03-16,C_MA20_50_trend,0.9999999962913813,0.6022222222222222,0.6022222199888095,ABSTAIN,0.04708722796395115,1.0,0.0,1.0
2024-03-17,C_MA20_50_trend,0.9999999966866053,0.6022222222222222,0.6022222202268223,ABSTAIN,-0.0123120859035869,0.0,0.0,1.0
2024-03-18,C_MA20_50_trend,0.9999999961054015,0.7022222222222222,0.7022222194873485,ACCEPT,-0.08343356981432348,0.0,1.0,0.0
2024-03-19,C_MA20_50_trend,0.9999999909058496,0.7,0.6999999936340947,ACCEPT,0.09692504638897836,1.0,1.0,0.0
2024-03-20,C_MA20_50_trend,0.9999999856341363,0.6,0.5999999913804818,ABSTAIN,-0.03566706353999505,0.0,0.0,1.0
2024-03-21,C_MA20_50_trend,0.9999999715083099,0.6977777777777777,0.6977777578969095,ACCEPT,-0.02615044343853401,0.0,1.0,0.0
2024-03-22,C_MA20_50_trend,0.9999999427984182,0.5977777777777777,0.5977777435839433,ABSTAIN,0.004444134671348854,1.0,0.0,1.0
2024-03-23,C_MA20_50_trend,0.9999998767535596,0.7,0.6999999137274917,ACCEPT,0.04951388799118828,1.0,1.0,0.0
2024-03-24,C_MA20_50_trend,0.9999996442229367,0.6,0.5999997865337621,ABSTAIN,0.04052464020923141,1.0,0.0,1.0
2024-03-25,C_MA20_50_trend,0.9999993833804799,0.6022222222222222,0.6022218508802446,ABSTAIN,0.00041486463910467286,1.0,0.0,1.0
2024-03-26,C_MA20_50_trend,0.9999987216312773,0.6022222222222222,0.6022214523601692,ABSTAIN,-0.007608353371227561,0.0,0.0,1.0
2024-03-27,C_MA20_50_trend,0.9999971776002884,0.6022222222222222,0.6022205225103959,ABSTAIN,0.018567460837021654,1.0,0.0,1.0
2024-03-28,C_MA20_50_trend,0.9999937977948976,0.6044444444444445,0.604440695556027,ABSTAIN,-0.01204502883045766,0.0,0.0,1.0
2024-03-29,C_MA20_50_trend,0.9999863003948029,0.6022222222222222,0.6022139720155368,ABSTAIN,-0.0035414711944022903,0.0,0.0,1.0
2024-03-30,C_MA20_50_trend,0.9999705104364384,0.7,0.6999793573055069,ACCEPT,0.02424203264779501,1.0,1.0,0.0
2024-03-31,C_MA20_50_trend,0.9999269248627237,0.7,0.6999488474039066,ACCEPT,-0.022871394296192005,0.0,1.0,0.0
2024-04-01,C_MA20_50_trend,0.9998207138747566,0.5977777777777777,0.5976706045162433,ABSTAIN,-0.061047985989492126,0.0,0.0,1.0
2024-04-02,C_MA20_50_trend,0.999435431581292,0.5977777777777777,0.597440291323039,ABSTAIN,0.008156830210526378,1.0,0.0,1.0
2024-04-03,C_MA20_50_trend,0.9984881141928558,0.6977777777777777,0.6967228174590149,ACCEPT,0.038314642609167615,1.0,1.0,0.0
2024-04-04,C_MA20_50_trend,0.9971515722446307,0.6,0.5982909433467783,ABSTAIN,-0.009797320875087778,0.0,0.0,1.0
2024-04-05,C_MA20_50_trend,0.9960262632443065,0.5,0.49801313162215327,ABSTAIN,0.015602971156545964,1.0,0.0,1.0
2024-04-06,C_MA20_50_trend,0.9933573061165335,0.507159934379692,0.5037910261856487,ABSTAIN,0.006770270726916605,1.0,0.0,1.0
2024-04-07,C_MA20_50_trend,0.9897072127711467,0.5077047961601229,0.5024790987181784,ABSTAIN,0.03270935878474601,1.0,0.0,1.0
2024-04-08,C_MA20_50_trend,0.9908291114357727,0.734596274808348,0.7278593742323841,ACCEPT,-0.03479403115822832,0.0,1.0,0.0
2024-04-09,C_MA20_50_trend,0.9854077154881783,0.6609890291868662,0.6513436892137786,ACCEPT,0.0209558550176423,1.0,1.0,0.0
2024-04-10,C_MA20_50_trend,0.9822570967503692,0.7684530934838011,0.7548185045942385,ACCEPT,-0.007469744331340511,0.0,1.0,0.0
2024-04-11,C_MA20_50_trend,0.9803624696467966,0.5722557805718314,0.5610180903110559,ABSTAIN,-0.04088948430588779,0.0,0.0,1.0
2024-04-12,C_MA20_50_trend,0.9744708731954328,0.7628994416884513,0.7434232851024533,ACCEPT,-0.05021729270691988,0.0,1.0,0.0
2024-04-13,C_MA20_50_trend,0.9508415335425217,0.7623218830726056,0.7248473083537792,ACCEPT,0.03004089104268326,1.0,1.0,0.0
2024-04-14,C_MA20_50_trend,0.8981599560527943,0.7659196682792379,0.687918375601651,ACCEPT,-0.03517737178558533,0.0,1.0,0.0
2024-04-15,C_MA20_50_trend,0.777229610306581,0.7592561437489875,0.5901163567289031,ACCEPT,0.006080330797783695,1.0,1.0,0.0
2024-04-16,C_MA20_50_trend,0.5962778476222936,0.7610637991639592,0.4538054840687311,ACCEPT,-0.03972884891052719,0.0,1.0,0.0
2024-04-17,C_MA20_50_trend,0.2659372843722557,0.7583390658269599,0.20167063179941497,ACCEPT,0.03649124077498622,1.0,1.0,0.0
2024-04-18,C_MA20_50_trend,0.020492107244658508,0.6510026075736173,0.013340415250950902,ACCEPT,0.005208661031110617,1.0,1.0,0.0
2024-04-19,C_MA20_50_trend,-0.22989073644215166,0.6506448362902009,-0.14957722057703748,ACCEPT,0.018026421268684478,0.0,1.0,0.0
2024-04-20,C_MA20_50_trend,-0.46747236595540215,0.6519476188313769,-0.3047674958540944,ACCEPT,-0.0010431180502996629,1.0,1.0,0.0
2024-04-21,C_MA20_50_trend,-0.6207636292749513,0.6556970596468045,-0.40703288645126456,ACCEPT,0.029433758205850147,0.0,1.0,0.0
2024-04-22,C_MA20_50_trend,-0.6220379027152829,0.6653989174178965,-0.41390334705964804,ACCEPT,-0.006439574982440521,1.0,1.0,0.0
2024-04-23,C_MA20_50_trend,-0.5944120794914707,0.6653707737906617,-0.39550442528175617,ACCEPT,-0.03208044676017341,1.0,1.0,0.0
2024-04-24,C_MA20_50_trend,-0.6900710218789595,0.5680922481243862,-0.3920239981847106,ABSTAIN,0.0031863484195515657,0.0,0.0,1.0
2024-04-25,C_MA20_50_trend,-0.739207459019479,0.5681911955844691,-0.42001116992523524,ABSTAIN,-0.011265004482557628,1.0,0.0,1.0
2024-04-26,C_MA20_50_trend,-0.7980459375935594,0.7716790226116009,-0.6158353091213565,ACCEPT,-0.005272966802647994,1.0,1.0,0.0
2024-04-27,C_MA20_50_trend,-0.8463032533619722,0.7721990339772151,-0.6535145546978893,ACCEPT,-0.004823625063903991,1.0,1.0,0.0
2024-04-28,C_MA20_50_trend,-0.901774794964493,0.7813640842710131,-0.7046144368861117,ACCEPT,0.011533090916022948,0.0,1.0,0.0
2024-04-29,C_MA20_50_trend,-0.9222834692004842,0.582333255945802,-0.5370763355245077,ABSTAIN,-0.050191249309274655,1.0,0.0,1.0
2024-04-30,C_MA20_50_trend,-0.947811215328211,0.7758123458924508,-0.7353236424269542,ACCEPT,-0.03929695449375714,1.0,1.0,0.0
2024-05-01,C_MA20_50_trend,-0.9681227993710518,0.7733527297288079,-0.7487004096062979,ACCEPT,0.014924669552331737,0.0,1.0,0.0
2024-05-02,C_MA20_50_trend,-0.9739513460801819,0.7763040980993838,-0.7560824213114564,ACCEPT,0.06370405294167747,0.0,1.0,0.0
2024-05-03,C_MA20_50_trend,-0.9690291496042812,0.663614312826645,-0.6430616132236332,ACCEPT,0.015926845790239064,0.0,1.0,0.0
2024-05-04,C_MA20_50_trend,-0.9684090276518066,0.664403365860604,-0.6434142175016551,ACCEPT,0.002185896653241981,0.0,1.0,0.0
2024-05-05,C_MA20_50_trend,-0.9657193294218601,0.6700978965186437,-0.6471264912729836,ACCEPT,-0.013574390387488533,1.0,1.0,0.0
2024-05-06,C_MA20_50_trend,-0.9620746619561031,0.671560073789661,-0.6460909309744037,ACCEPT,-0.01309542885757653,1.0,1.0,0.0
2024-05-07,C_MA20_50_trend,-0.952383397432994,0.5807320873658589,-0.553079598363851,ABSTAIN,-0.018398626419713127,1.0,0.0,1.0
2024-05-08,C_MA20_50_trend,-0.9590967400540299,0.5881077708587896,-0.5640522458311076,ABSTAIN,0.03043115176709965,0.0,0.0,1.0
2024-05-09,C_MA20_50_trend,-0.9556827301235034,0.5832949822597872,-0.5574449411133738,ABSTAIN,-0.035799920573900024,1.0,0.0,1.0
2024-05-10,C_MA20_50_trend,-0.9629331584581456,0.7816876665393684,-0.7527129736685317,ACCEPT,1.5356984674586016e-05,0.0,1.0,0.0
2024-05-11,C_MA20_50_trend,-0.9703704768009278,0.7816624612078715,-0.758502175179669,ACCEPT,0.010768936188532141,0.0,1.0,0.0
2024-05-12,C_MA20_50_trend,-0.9787122632886597,0.783763446582627,-0.7670788966878034,ACCEPT,0.023646747788683697,0.0,1.0,0.0
2024-05-13,C_MA20_50_trend,-0.9814946546718704,0.6802758183894876,-0.6676870794518142,ACCEPT,-0.02144084393922019,1.0,1.0,0.0
2024-05-14,C_MA20_50_trend,-0.9808063902113552,0.5828589992120444,-0.5716718310193684,ABSTAIN,0.07659609250545496,0.0,0.0,1.0
2024-05-15,C_MA20_50_trend,-0.9755228217558696,0.7542219062216406,-0.7357606821874257,ACCEPT,-0.01563225228621834,1.0,1.0,0.0
2024-05-16,C_MA20_50_trend,-0.9690641662537393,0.753676455164753,-0.730360845649305,ACCEPT,0.02790508695432159,0.0,1.0,0.0
2024-05-17,C_MA20_50_trend,-0.9547227992126224,0.7512743826003442,-0.7172587815329352,ACCEPT,-0.0016564833198177142,1.0,1.0,0.0
2024-05-18,C_MA20_50_trend,-0.9343485691913536,0.751443374858215,-0.7021100421270952,ACCEPT,-0.009895869986810912,1.0,1.0,0.0
2024-05-19,C_MA20_50_trend,-0.9133843837046403,0.7533060082771134,-0.6880579441111938,ACCEPT,0.07800174241430358,0.0,1.0,0.0
2024-05-20,C_MA20_50_trend,-0.8119878061299021,0.7426606864413019,-0.6030314214823999,ACCEPT,-0.018358253231772315,1.0,1.0,0.0
2024-05-21,C_MA20_50_trend,-0.5926419671726696,0.7511256174736523,-0.4451485635333714,ACCEPT,-0.01446030042296964,1.0,1.0,0.0
2024-05-22,C_MA20_50_trend,-0.3388996062843245,0.7512882562831424,-0.25461129426039364,ACCEPT,-0.017255976976508713,1.0,1.0,0.0
2024-05-23,C_MA20_50_trend,-0.18662783661664098,0.6646697152559667,-0.12404587102281985,ACCEPT,0.008781729788116976,0.0,1.0,0.0
2024-05-24,C_MA20_50_trend,-0.01091468685343348,0.6629459749962043,-0.007235847717827712,ACCEPT,0.010796524727518797,0.0,1.0,0.0
2024-05-25,C_MA20_50_trend,0.16673937795024665,0.7605530859903208,0.12681414845616654,ACCEPT,-0.010796814497022966,0.0,1.0,0.0
2024-05-26,C_MA20_50_trend,0.3627130676877074,0.758722638080905,0.2751986155824352,ACCEPT,0.012791671360530277,1.0,1.0,0.0
2024-05-27,C_MA20_50_trend,0.5722421263063763,0.5598943220535975,0.32039511735881765,ABSTAIN,-0.015827408107827234,0.0,0.0,1.0
2024-05-28,C_MA20_50_trend,0.7514731878230185,0.6581788834940536,0.4946037837370716,ACCEPT,-0.01051485738366742,0.0,1.0,0.0
2024-05-29,C_MA20_50_trend,0.8259110900516693,0.6599666904484992,0.5450738087061126,ACCEPT,0.011644282841286824,1.0,1.0,0.0
2024-05-30,C_MA20_50_trend,0.9054844417653246,0.6672210131153782,0.6041582465948725,ACCEPT,-0.012778150001159894,0.0,1.0,0.0
2024-05-31,C_MA20_50_trend,0.9468954254427447,0.6657867108812494,0.6304303908540263,ACCEPT,0.0031933460054698326,1.0,1.0,0.0
2024-06-01,C_MA20_50_trend,0.966347802791675,0.5658934124731726,0.5468498557577334,ABSTAIN,0.0006596674454519835,1.0,0.0,1.0
2024-06-02,C_MA20_50_trend,0.9736279667957398,0.6674627001792047,0.6498603516874736,ACCEPT,0.015544720172089965,1.0,1.0,0.0
2024-06-03,C_MA20_50_trend,0.9832608532663102,0.6724098988673847,0.661154330905058,ACCEPT,0.025622992224831664,1.0,1.0,0.0
2024-06-04,C_MA20_50_trend,0.9848467610725641,0.7967035693529435,0.7846309298121974,ACCEPT,0.007298724608017615,1.0,1.0,0.0
2024-06-05,C_MA20_50_trend,0.9877543857722919,0.7988436360128021,0.7890613050179296,ACCEPT,-0.004581363662391591,0.0,1.0,0.0
2024-06-06,C_MA20_50_trend,0.9874914897984813,0.799653283651525,0.789650812395292,ACCEPT,-0.01999201273457618,0.0,1.0,0.0
2024-06-07,C_MA20_50_trend,0.9874456057911839,0.6945672784408017,0.6858474070227113,ACCEPT,-0.0005308786729295578,0.0,1.0,0.0
2024-06-08,C_MA20_50_trend,0.9881216501506477,0.6931571952478184,0.6849236315820689,ACCEPT,0.00493781012787653,1.0,1.0,0.0
2024-06-09,C_MA20_50_trend,0.9842278589665543,0.7367814207960652,0.7251608003164471,ACCEPT,-0.0019485261992140401,0.0,1.0,0.0
2024-06-10,C_MA20_50_trend,0.980896806873556,0.8398517986352638,0.823807947528343,ACCEPT,-0.03136496113771259,0.0,1.0,0.0
2024-06-11,C_MA20_50_trend,0.9778058588774396,0.8304000593396296,0.8119700432344633,ACCEPT,0.013502581655740586,1.0,1.0,0.0
2024-06-12,C_MA20_50_trend,0.9770358925636754,0.7334330814887351,0.7165904454080732,ACCEPT,-0.021757960505889518,0.0,1.0,0.0
2024-06-13,C_MA20_50_trend,0.9716730705945127,0.8300895577546815,0.8065756694519325,ACCEPT,-0.011164543099157487,0.0,1.0,0.0
2024-06-14,C_MA20_50_trend,0.9621442016813191,0.8307019933469039,0.7992551062238372,ACCEPT,0.0027253941690672523,1.0,1.0,0.0
2024-06-15,C_MA20_50_trend,0.9515214243267159,0.8312032208543042,0.7909076726122414,ACCEPT,0.006768999939568809,1.0,1.0,0.0
2024-06-16,C_MA20_50_trend,0.9345233447885983,0.834687113562616,0.7800345932184766,ACCEPT,-0.0022321747830370553,0.0,1.0,0.0
2024-06-17,C_MA20_50_trend,0.9173459819608282,0.7365626146868802,0.6756827550455713,ACCEPT,-0.02029695827328193,0.0,1.0,0.0
2024-06-18,C_MA20_50_trend,0.8976065246541906,0.8318289818078448,0.7466551214671735,ACCEPT,-0.0027701435671353414,0.0,1.0,0.0
2024-06-19,C_MA20_50_trend,0.8522441202869491,0.8335573936386256,0.7103943876502326,ACCEPT,-0.00202647819256907,0.0,1.0,0.0
2024-06-20,C_MA20_50_trend,0.7866751819143121,0.8346067756621476,0.6565644370709374,ACCEPT,-0.011298352821403679,0.0,1.0,0.0
2024-06-21,C_MA20_50_trend,0.691418560916412,0.8319023983361812,0.5751927590805141,ACCEPT,0.0024397531859308152,1.0,1.0,0.0
2024-06-22,C_MA20_50_trend,0.6033774760116656,0.831764126157302,0.5018677390778414,ACCEPT,-0.01668075089399379,0.0,1.0,0.0
2024-06-23,C_MA20_50_trend,0.46055228923071223,0.8312464838510594,0.38283247105258567,ACCEPT,-0.04595356431233677,0.0,1.0,0.0
2024-06-24,C_MA20_50_trend,0.16649639154726925,0.8234791301247457,0.13710630368025434,ACCEPT,0.025336630415439876,1.0,1.0,0.0
2024-06-25,C_MA20_50_trend,-0.15913786664015686,0.818519962996917,-0.1302575207137095,ACCEPT,-0.016072632592061153,1.0,1.0,0.0
2024-06-26,C_MA20_50_trend,-0.4714918967787682,0.8179311041312264,-0.3856478877211841,ACCEPT,0.013048951973404943,0.0,1.0,0.0
2024-06-27,C_MA20_50_trend,-0.6692593707555082,0.7162999017912642,-0.47939042154505385,ACCEPT,-0.020853310881755127,1.0,1.0,0.0
2024-06-28,C_MA20_50_trend,-0.8031346644346854,0.8171284620384914,-0.6562641931593144,ACCEPT,0.009403861104374522,0.0,1.0,0.0
2024-06-29,C_MA20_50_trend,-0.8934421609044642,0.7139599391586376,-0.637881910841113,ACCEPT,0.029413551620566913,0.0,1.0,0.0
2024-06-30,C_MA20_50_trend,-0.9382877274797566,0.7051142651681532,-0.6616000614781851,ACCEPT,0.002771094932125795,0.0,1.0,0.0
2024-07-01,C_MA20_50_trend,-0.9572951924211188,0.7100184821450874,-0.6796972794876323,ACCEPT,-0.013093697885290578,1.0,1.0,0.0
2024-07-02,C_MA20_50_trend,-0.9723498689954081,0.7116396140928548,-0.6919626855351302,ACCEPT,-0.02990687070088416,1.0,1.0,0.0
2024-07-03,C_MA20_50_trend,-0.9823844808779193,0.8091396390127321,-0.7948862242292698,ACCEPT,-0.05311634426354228,1.0,1.0,0.0
2024-07-04,C_MA20_50_trend,-0.9883305873177032,0.7968142883431704,-0.7875159335813433,ACCEPT,-0.005534237213954074,1.0,1.0,0.0
2024-07-05,C_MA20_50_trend,-0.9927286858336055,0.7974208091788295,-0.7916225119524697,ACCEPT,0.02896391234041995,0.0,1.0,0.0
2024-07-06,C_MA20_50_trend,-0.9950318095032423,0.7885556744940498,-0.7846379796858641,ACCEPT,-0.042097439142912196,1.0,1.0,0.0
2024-07-07,C_MA20_50_trend,-0.9969620833791885,0.7818927182211294,-0.7795173933367538,ACCEPT,0.015326802715911692,0.0,1.0,0.0
2024-07-08,C_MA20_50_trend,-0.9979024353618796,0.6799324977649859,-0.6785062954013652,ACCEPT,0.02299844211812685,0.0,1.0,0.0
2024-07-09,C_MA20_50_trend,-0.9981927807507252,0.7733000244146908,-0.7719025017251039,ACCEPT,-0.004598069730556098,1.0,1.0,0.0
2024-07-10,C_MA20_50_trend,-0.9985062397602279,0.6755785755273542,-0.6745694231123895,ACCEPT,-0.006885432015347748,1.0,1.0,0.0
2024-07-11,C_MA20_50_trend,-0.9987569867604521,0.6779726332476722,-0.6771299042884942,ACCEPT,0.009670444019596935,0.0,1.0,0.0
2024-07-12,C_MA20_50_trend,-0.9989867007152712,0.5771342167114712,-0.576549407022485,ABSTAIN,0.023013827240820017,0.0,0.0,1.0
2024-07-13,C_MA20_50_trend,-0.999026318243748,0.6720328635716738,-0.6713785174328123,ACCEPT,0.026266900915231206,0.0,1.0,0.0
2024-07-14,C_MA20_50_trend,-0.9987067750788716,0.6786094355564352,-0.6777318409226607,ACCEPT,0.06715755212726138,0.0,1.0,0.0
2024-07-15,C_MA20_50_trend,-0.998174943508475,0.7578982961375162,-0.7565150889322347,ACCEPT,0.003499237870556282,0.0,1.0,0.0
2024-07-16,C_MA20_50_trend,-0.9971109860479466,0.7596452509804386,-0.7574506252517449,ACCEPT,-0.01502916014346345,1.0,1.0,0.0
2024-07-17,C_MA20_50_trend,-0.9960279660448403,0.7585791821297503,-0.7555660798606537,ACCEPT,-0.0022571629283560934,1.0,1.0,0.0
2024-07-18,C_MA20_50_trend,-0.9941264761206253,0.6610944423927125,-0.6572114883987971,ACCEPT,0.042768734230136385,0.0,1.0,0.0
2024-07-19,C_MA20_50_trend,-0.9902843422325996,0.7543153884660843,-0.7469867183030642,ACCEPT,0.0067979482134701286,0.0,1.0,0.0
2024-07-20,C_MA20_50_trend,-0.9860855221082329,0.7549210546935606,-0.7444167223679975,ACCEPT,0.014753144342986024,0.0,1.0,0.0
2024-07-21,C_MA20_50_trend,-0.9792670522658878,0.7544110068351777,-0.738769842860425,ACCEPT,-0.00835268752223095,1.0,1.0,0.0
2024-07-22,C_MA20_50_trend,-0.9679770027223897,0.7550777347356219,-0.730897882491799,ACCEPT,-0.02452573786440093,1.0,1.0,0.0
2024-07-23,C_MA20_50_trend,-0.9457808651534717,0.6566771016529824,-0.621072637327832,ACCEPT,-0.008426492953570563,1.0,1.0,0.0
2024-07-24,C_MA20_50_trend,-0.8813253362855961,0.6752424109484185,-0.5951082449034116,ACCEPT,0.00619673448871394,0.0,1.0,0.0
2024-07-25,C_MA20_50_trend,-0.7360340736535982,0.6739113575811396,-0.4960217218018729,ACCEPT,0.032455548053117234,0.0,1.0,0.0
2024-07-26,C_MA20_50_trend,-0.47717996395065976,0.770839438642922,-0.3678291355433763,ACCEPT,-0.0014537411892032726,1.0,1.0,0.0
2024-07-27,C_MA20_50_trend,-0.02399104155331156,0.7849104578157012,-0.01883081940908529,ACCEPT,0.006525726007755361,0.0,1.0,0.0
2024-07-28,C_MA20_50_trend,0.4201587196886695,0.7850350194025945,0.3298393086629639,ACCEPT,-0.021037797689324123,0.0,1.0,0.0
2024-07-29,C_MA20_50_trend,0.6860984586973446,0.6789390899142785,0.4658190631395644,ACCEPT,-0.009262185475442442,0.0,1.0,0.0
2024-07-30,C_MA20_50_trend,0.8419466209667558,0.6759542366315494,0.5691173854600958,ACCEPT,-0.023893373992326827,0.0,1.0,0.0
2024-07-31,C_MA20_50_trend,0.9153117611064919,0.6717123580611621,0.6148262214139568,ACCEPT,0.011424614182306447,1.0,1.0,0.0
2024-08-01,C_MA20_50_trend,0.9563640737770512,0.6738516699514892,0.6444475281962752,ACCEPT,-0.06032105869640059,0.0,1.0,0.0
2024-08-02,C_MA20_50_trend,0.9690157225886037,0.7543407919129839,0.7309680875536196,ACCEPT,-0.011967302150066583,0.0,1.0,0.0
2024-08-03,C_MA20_50_trend,0.9737390769672463,0.7565122646725979,0.7366455543166966,ACCEPT,-0.04223983565450573,0.0,1.0,0.0
2024-08-04,C_MA20_50_trend,0.9657590996782401,0.7711116658280058,0.7447081081414428,ACCEPT,-0.07098647891315102,0.0,1.0,0.0
2024-08-05,C_MA20_50_trend,0.945934233529371,0.7487217350752329,0.7082415205951712,ACCEPT,0.03783671505322772,1.0,1.0,0.0
2024-08-06,C_MA20_50_trend,0.9276390962557324,0.7395763003266803,0.6860598908471999,ACCEPT,-0.017968550940289485,0.0,1.0,0.0
2024-08-07,C_MA20_50_trend,0.8955669672259698,0.7391036156583126,0.6619167835408639,ACCEPT,0.12144256099404904,1.0,1.0,0.0
2024-08-08,C_MA20_50_trend,0.8622069896093841,0.5878911088803751,0.5068838232058709,ABSTAIN,-0.013450358103773374,0.0,0.0,1.0
2024-08-09,C_MA20_50_trend,0.8054235387028634,0.5879344999412854,0.4735362854682086,ABSTAIN,0.001079157301276501,1.0,0.0,1.0
2024-08-10,C_MA20_50_trend,0.7038530393685704,0.591262461302497,0.41616188045230423,ABSTAIN,-0.036529632368097475,0.0,0.0,1.0
2024-08-11,C_MA20_50_trend,0.5423416045702523,0.48817949655232445,0.2647600514784856,ABSTAIN,0.010814659848586317,1.0,0.0,1.0
2024-08-12,C_MA20_50_trend,0.38342432228516865,0.4885168716794802,0.1873092504485754,ABSTAIN,0.021144992390795814,1.0,0.0,1.0
2024-08-13,C_MA20_50_trend,0.2029948359147744,0.48898575059099264,0.09926158220588135,ABSTAIN,-0.0308911115194338,0.0,0.0,1.0
2024-08-14,C_MA20_50_trend,-0.029481381998146573,0.5866666666666667,-0.01729574410557932,ABSTAIN,-0.020041310813293967,1.0,0.0,1.0
2024-08-15,C_MA20_50_trend,-0.3771074801386899,0.692031192894124,-0.2609701393296747,ACCEPT,0.023175912946963972,0.0,1.0,0.0
2024-08-16,C_MA20_50_trend,-0.6138818831419925,0.6870275798139225,-0.42175378446665635,ACCEPT,0.00993082725079053,0.0,1.0,0.0
2024-08-17,C_MA20_50_trend,-0.7849328524097574,0.584495525215016,-0.45878973982776183,ABSTAIN,-0.016728732324455264,1.0,0.0,1.0
2024-08-18,C_MA20_50_trend,-0.8760771448858068,0.4870691264483645,-0.42671012966090716,ABSTAIN,0.01726094125025579,0.0,0.0,1.0
2024-08-19,C_MA20_50_trend,-0.9187753239482239,0.6844444444444444,-0.6288506661690065,ACCEPT,-0.008079210921579816,1.0,1.0,0.0
2024-08-20,C_MA20_50_trend,-0.941251849927181,0.5847562158113745,-0.5504028698888741,ABSTAIN,0.03664287570061453,0.0,0.0,1.0
2024-08-21,C_MA20_50_trend,-0.9567397090215879,0.6822222222222222,-0.6527090903769499,ACCEPT,-0.012967304646127387,1.0,1.0,0.0
2024-08-22,C_MA20_50_trend,-0.9604168994620539,0.5917888027229844,-0.5683639670475698,ABSTAIN,0.061482671821355916,0.0,0.0,1.0
2024-08-23,C_MA20_50_trend,-0.9582183495471513,0.6844444444444444,-0.6558472259122724,ACCEPT,0.0013205019089592707,0.0,1.0,0.0
2024-08-24,C_MA20_50_trend,-0.9462940457340724,0.6880891275849427,-0.6511346443679837,ACCEPT,0.0024081210374646833,0.0,1.0,0.0
2024-08-25,C_MA20_50_trend,-0.8996983107839986,0.7064688783859405,-0.6356088565052969,ACCEPT,-0.022583597070127692,1.0,1.0,0.0
2024-08-26,C_MA20_50_trend,-0.8628552319838425,0.6085808241666066,-0.5251171482171955,ABSTAIN,-0.05369739018896724,1.0,0.0,1.0
2024-08-27,C_MA20_50_trend,-0.8235664418126516,0.5006231754665056,-0.41229644730790077,ABSTAIN,-0.00800797843742207,1.0,0.0,1.0
2024-08-28,C_MA20_50_trend,-0.8596578409355489,0.6573488502919542,-0.5650950933834467,ACCEPT,0.006108236397788236,0.0,1.0,0.0
2024-08-29,C_MA20_50_trend,-0.8805065735055506,0.6577788224859531,-0.5791785771116224,ACCEPT,-0.004524521990973862,1.0,1.0,0.0
2024-08-30,C_MA20_50_trend,-0.9013553516014037,0.6577422184472126,-0.5928594685715746,ACCEPT,-0.002530098940268344,1.0,1.0,0.0
2024-08-31,C_MA20_50_trend,-0.9025948712571688,0.7642212496965263,-0.6897821804818287,ACCEPT,-0.027885585694078285,1.0,1.0,0.0
2024-09-01,C_MA20_50_trend,-0.9117825703642396,0.7610746890339499,-0.6939346362065392,ACCEPT,0.031172733823612075,0.0,1.0,0.0
2024-09-02,C_MA20_50_trend,-0.9173695660654538,0.756158007975728,-0.6936763436536115,ACCEPT,-0.02844504270361159,1.0,1.0,0.0
2024-09-03,C_MA20_50_trend,-0.9066686626227488,0.7568453351151883,-0.6862079478011539,ACCEPT,0.00941156177702851,0.0,1.0,0.0
2024-09-04,C_MA20_50_trend,-0.8809147863966573,0.6583672501942398,-0.5799654455754134,ACCEPT,-0.031240343288065575,1.0,1.0,0.0
2024-09-05,C_MA20_50_trend,-0.8775801174121879,0.7588003937382651,-0.6659081386292411,ACCEPT,-0.03938239218868078,1.0,1.0,0.0
2024-09-06,C_MA20_50_trend,-0.891981624127656,0.7556278080002219,-0.6740061194160586,ACCEPT,0.003539165966313096,0.0,1.0,0.0
2024-09-07,C_MA20_50_trend,-0.8873769171575198,0.7538977606297986,-0.6689914706796285,ACCEPT,0.012964221602682846,0.0,1.0,0.0
2024-09-08,C_MA20_50_trend,-0.8861657819824825,0.7546559697952031,-0.6687502976013149,ACCEPT,0.039713831911113884,0.0,1.0,0.0
2024-09-09,C_MA20_50_trend,-0.8636361955965776,0.6466158220842302,-0.558440828597378,ABSTAIN,0.011034389872275785,0.0,0.0,1.0
2024-09-10,C_MA20_50_trend,-0.8599730687852598,0.6504111438929031,-0.5593360673857111,ACCEPT,-0.005300015516934153,1.0,1.0,0.0
2024-09-11,C_MA20_50_trend,-0.8566280101742068,0.6531139574338553,-0.559475709773565,ACCEPT,0.013669279499548104,0.0,1.0,0.0
2024-09-12,C_MA20_50_trend,-0.8877602645717882,0.6728057664273619,-0.5972902252089796,ACCEPT,0.04205082955798245,0.0,1.0,0.0
2024-09-13,C_MA20_50_trend,-0.9009497163855078,0.7593383118316527,-0.6841256366853777,ACCEPT,-0.00934732588201681,1.0,1.0,0.0
2024-09-14,C_MA20_50_trend,-0.9103949678287155,0.7592674112866215,-0.6912332304716758,ACCEPT,-0.013703582981947293,1.0,1.0,0.0
2024-09-15,C_MA20_50_trend,-0.9128800012669377,0.7628547989300172,-0.6963948898137235,ACCEPT,-0.016733367188517922,1.0,1.0,0.0
2024-09-16,C_MA20_50_trend,-0.8928315491233005,0.5782008966479317,-0.5162360022586543,ABSTAIN,0.0363626062794542,0.0,0.0,1.0
2024-09-17,C_MA20_50_trend,-0.855202838171097,0.7713345727100084,-0.6596475157610896,ACCEPT,0.02223798894564699,0.0,1.0,0.0
2024-09-18,C_MA20_50_trend,-0.8022760193261059,0.7691950270730507,-0.6171067244056033,ACCEPT,0.020937291974474137,0.0,1.0,0.0
2024-09-19,C_MA20_50_trend,-0.723985741941006,0.7675786846025308,-0.5557160234700647,ACCEPT,0.004012038411551844,0.0,1.0,0.0
2024-09-20,C_MA20_50_trend,-0.6054384575457578,0.7655097271865474,-0.4634690284640971,ACCEPT,0.003194394254405042,0.0,1.0,0.0
2024-09-21,C_MA20_50_trend,-0.4450027799939847,0.7708200203342539,-0.3430170519237628,ACCEPT,0.004004601863112578,0.0,1.0,0.0
2024-09-22,C_MA20_50_trend,-0.3245796535046734,0.7746172919806462,-0.25142501222980657,ACCEPT,-0.005010473135318549,1.0,1.0,0.0
2024-09-23,C_MA20_50_trend,-0.17384709134816279,0.7798052491242593,-0.13556687437828194,ACCEPT,0.01535087678718594,0.0,1.0,0.0
2024-09-24,C_MA20_50_trend,-0.08228704442683793,0.7769803604090293,-0.06393541743575834,ACCEPT,-0.018021597802944433,1.0,1.0,0.0
2024-09-25,C_MA20_50_trend,0.09069320422539986,0.6839975569467283,0.0620339301218442,ACCEPT,0.032273891570151925,1.0,1.0,0.0
2024-09-26,C_MA20_50_trend,0.37111409067948664,0.7948193047576824,0.2949686435396491,ACCEPT,0.00935309904070647,1.0,1.0,0.0
2024-09-27,C_MA20_50_trend,0.6676418934619027,0.7967443408731235,0.5319399003455878,ACCEPT,0.0014741358273548943,1.0,1.0,0.0
2024-09-28,C_MA20_50_trend,0.8278165901357543,0.7984834784635244,0.6609978704214108,ACCEPT,-0.003829909793174213,0.0,1.0,0.0
2024-09-29,C_MA20_50_trend,0.8974857232916128,0.8042458887585086,0.7217992031767361,ACCEPT,-0.035130555094979754,0.0,1.0,0.0
2024-09-30,C_MA20_50_trend,0.9240357084115594,0.6898038418950933,0.6374033817105478,ACCEPT,-0.039357521968434894,0.0,1.0,0.0
2024-10-01,C_MA20_50_trend,0.9396855693470898,0.6758600055680423,0.6350958941311331,ACCEPT,-0.0033568819965540397,0.0,1.0,0.0
2024-10-02,C_MA20_50_trend,0.9506776810180813,0.7740474837172815,0.7358696668182262,ACCEPT,0.0020882627636797935,1.0,1.0,0.0
2024-10-03,C_MA20_50_trend,0.9480188886643073,0.7816225879610762,0.7409929771937792,ACCEPT,0.021528753876634443,1.0,1.0,0.0
2024-10-04,C_MA20_50_trend,0.948825199806112,0.6759131216113218,0.6413234026644353,ACCEPT,0.0003620681473552878,1.0,1.0,0.0
2024-10-05,C_MA20_50_trend,0.9549535312558851,0.6777327023505724,0.6472032373572728,ACCEPT,0.011741093613744757,1.0,1.0,0.0
2024-10-06,C_MA20_50_trend,0.9653374716303937,0.682399162461182,0.6587454821329758,ACCEPT,-0.009269383518558882,0.0,1.0,0.0
2024-10-07,C_MA20_50_trend,0.9663511600472618,0.689967705514272,0.6667510926188643,ACCEPT,-0.001682150134457161,0.0,1.0,0.0
2024-10-08,C_MA20_50_trend,0.9646313524421282,0.6913397137679556,0.6668879630889367,ACCEPT,-0.024944762232405493,0.0,1.0,0.0
2024-10-09,C_MA20_50_trend,0.9549095545754812,0.7880561304624397,0.7525223285203656,ACCEPT,-0.005077433013489285,0.0,1.0,0.0
2024-10-10,C_MA20_50_trend,0.9446932801173766,0.7882753766065601,0.7446784511622117,ACCEPT,0.036011743668549645,1.0,1.0,0.0
2024-10-11,C_MA20_50_trend,0.9361261533362726,0.6796740158686903,0.6362606219977737,ACCEPT,0.011977460447594401,1.0,1.0,0.0
2024-10-12,C_MA20_50_trend,0.9357032397913292,0.6809061159398454,0.6371260586786438,ACCEPT,-0.005406426515387475,0.0,1.0,0.0
2024-10-13,C_MA20_50_trend,0.9360644461321652,0.6808767355749608,0.6373445043702524,ACCEPT,0.050830232433260125,1.0,1.0,0.0
2024-10-14,C_MA20_50_trend,0.9411334036577813,0.7672776586036576,0.7221106343922334,ACCEPT,0.015064992457922477,1.0,1.0,0.0
2024-10-15,C_MA20_50_trend,0.9505307606722811,0.7689444785207074,0.7309053800830385,ACCEPT,0.008526251733136592,1.0,1.0,0.0
2024-10-16,C_MA20_50_trend,0.9467139365854533,0.7745831935243618,0.7333087043543806,ACCEPT,-0.0031485616380424464,0.0,1.0,0.0
2024-10-17,C_MA20_50_trend,0.9382357055226731,0.7748178790144017,0.7269617993686583,ACCEPT,0.015118035686984221,1.0,1.0,0.0
2024-10-18,C_MA20_50_trend,0.9320771267932716,0.7758231950170146,0.723127054511035,ACCEPT,-0.0008192879217548965,0.0,1.0,0.0
2024-10-19,C_MA20_50_trend,0.9260000205775238,0.7760073733757066,0.7185828437142145,ACCEPT,0.009346740674458287,1.0,1.0,0.0
2024-10-20,C_MA20_50_trend,0.9343325920997022,0.7862907642641698,0.7346570879189976,ACCEPT,-0.023678423698328066,0.0,1.0,0.0
2024-10-21,C_MA20_50_trend,0.945487525021303,0.692939799634002,0.6551659361447101,ACCEPT,-9.567341618454961e-05,0.0,1.0,0.0
2024-10-22,C_MA20_50_trend,0.9579732671779905,0.6910929364480923,0.6620485582528104,ACCEPT,-0.01379441121005398,0.0,1.0,0.0
2024-10-23,C_MA20_50_trend,0.9639067361856729,0.6883132888637746,0.6634698157419073,ACCEPT,0.02602442034118191,1.0,1.0,0.0
2024-10-24,C_MA20_50_trend,0.9688065018642119,0.7891870329063722,0.7645695286666191,ACCEPT,-0.022280180844656217,0.0,1.0,0.0
2024-10-25,C_MA20_50_trend,0.9692584035896131,0.6816967026448991,0.6607402577378981,ACCEPT,0.00558625096700216,1.0,1.0,0.0
2024-10-26,C_MA20_50_trend,0.9661102699233961,0.58438673977063,0.5645820308994568,ABSTAIN,0.01364777618155344,1.0,0.0,1.0
2024-10-27,C_MA20_50_trend,0.965985762564205,0.6872268281854338,0.6638513316792861,ACCEPT,0.029125296867722028,1.0,1.0,0.0
2024-10-28,C_MA20_50_trend,0.9697262393552539,0.7856306218103417,0.7618466284104723,ACCEPT,0.04023493905417541,1.0,1.0,0.0
2024-10-29,C_MA20_50_trend,0.9803602244333349,0.7879333884724963,0.7724585535614146,ACCEPT,-0.005238593875544262,0.0,1.0,0.0
2024-10-30,C_MA20_50_trend,0.9875713032571235,0.7856771966000646,0.7759122529857291,ACCEPT,-0.029366396164960396,0.0,1.0,0.0
2024-10-31,C_MA20_50_trend,0.9896409684550935,0.7815816678727878,0.773485238720373,ACCEPT,-0.010435331387529279,0.0,1.0,0.0
2024-11-01,C_MA20_50_trend,0.9907765288286201,0.6801005386353942,0.6738276509236507,ACCEPT,-0.0027804900426771084,0.0,1.0,0.0
2024-11-02,C_MA20_50_trend,0.9925406234147868,0.6804320099698198,0.6753564113668213,ACCEPT,-0.00791112711687536,0.0,1.0,0.0
2024-11-03,C_MA20_50_trend,0.9919497823136106,0.5960045185665792,0.5912065524500466,ABSTAIN,-0.013523338185854272,0.0,0.0,1.0
2024-11-04,C_MA20_50_trend,0.9899755859734825,0.693475428866459,0.6865237440502847,ACCEPT,0.02282879023690776,1.0,1.0,0.0
2024-11-05,C_MA20_50_trend,0.9874487773256594,0.592416700463159,0.5849811465396477,ABSTAIN,0.09053568676993895,1.0,0.0,1.0
2024-11-06,C_MA20_50_trend,0.9890439699844612,0.7453274848855032,0.7371616545896915,ACCEPT,0.003513808689745934,1.0,1.0,0.0
2024-11-07,C_MA20_50_trend,0.9902061524989747,0.7479791832921282,0.7406535892370236,ACCEPT,0.008439738809541852,1.0,1.0,0.0
2024-11-08,C_MA20_50_trend,0.9918537251682591,0.7481733179044671,0.7420784924350418,ACCEPT,0.0030490452928257916,1.0,1.0,0.0
2024-11-09,C_MA20_50_trend,0.9930097923973832,0.7504188049302202,0.7451732216948503,ACCEPT,0.048129393514959595,1.0,1.0,0.0
2024-11-10,C_MA20_50_trend,0.9954939326883531,0.7468341196026657,0.7434688347891014,ACCEPT,0.10223522760015435,1.0,1.0,0.0
2024-11-11,C_MA20_50_trend,0.9979622364616538,0.7095558646645537,0.7081099575951205,ACCEPT,-0.008406532091926988,0.0,1.0,0.0
2024-11-12,C_MA20_50_trend,0.9990930973762436,0.7107165874550377,0.7100720367171276,ACCEPT,0.029882636380625716,1.0,1.0,0.0
2024-11-13,C_MA20_50_trend,0.9995971319299561,0.710288219802509,0.7100020673582222,ACCEPT,-0.03680261786927608,0.0,1.0,0.0
2024-11-14,C_MA20_50_trend,0.9998071020278062,0.6049833080619809,0.6048666080086446,ABSTAIN,0.04373133907381366,1.0,0.0,1.0
2024-11-15,C_MA20_50_trend,0.9999229754880117,0.7042420767176988,0.704187832815418,ACCEPT,-0.005573223886622736,0.0,1.0,0.0
2024-11-16,C_MA20_50_trend,0.9999666888105133,0.601055851055371,0.6010358291700244,ABSTAIN,-0.007869224693816235,0.0,0.0,1.0
2024-11-17,C_MA20_50_trend,0.9999827991548278,0.7009478051583775,0.7009357482637072,ACCEPT,0.007755383808848215,1.0,1.0,0.0
2024-11-18,C_MA20_50_trend,0.9999892772695631,0.6039310361541759,0.6039245603644727,ABSTAIN,0.019892819836786257,1.0,0.0,1.0
2024-11-19,C_MA20_50_trend,0.9999934260655295,0.7071426731568103,0.7071380244472157,ACCEPT,0.02161166598491282,1.0,1.0,0.0
2024-11-20,C_MA20_50_trend,0.9999964856544726,0.7146702502926238,0.7146677386944261,ACCEPT,0.044151545428309014,1.0,1.0,0.0
2024-11-21,C_MA20_50_trend,0.9999984432729768,0.7168567668115698,0.7168556508612692,ACCEPT,0.005004201495724558,1.0,1.0,0.0
2024-11-22,C_MA20_50_trend,0.9999993230059264,0.7202032603787968,0.7202027728054577,ACCEPT,-0.012327389984975179,0.0,1.0,0.0
2024-11-23,C_MA20_50_trend,0.9999997103700018,0.7191463463147423,0.7191461380283873,ACCEPT,0.002419161787646784,1.0,1.0,0.0
2024-11-24,C_MA20_50_trend,0.9999998827072274,0.622409005489595,0.6224089324855171,ABSTAIN,-0.05011051933125821,0.0,0.0,1.0
2024-11-25,C_MA20_50_trend,0.9999999378536222,0.6050336682684342,0.6050336306677833,ABSTAIN,-0.011997304040733403,0.0,0.0,1.0
2024-11-26,C_MA20_50_trend,0.999999946866285,0.6246081231688076,0.6246080899810577,ABSTAIN,0.04323745271515378,1.0,0.0,1.0
2024-11-27,C_MA20_50_trend,0.999999959465979,0.6227821406137087,0.6227821153698444,ABSTAIN,-0.0032310787967048116,0.0,0.0,1.0
2024-11-28,C_MA20_50_trend,0.9999999657017153,0.5196418837591856,0.5196418659363604,ABSTAIN,0.018912786163713058,1.0,0.0,1.0
2024-11-29,C_MA20_50_trend,0.9999999719417255,0.5197944285681999,0.5197944139836651,ABSTAIN,-0.010388394458550332,0.0,0.0,1.0
2024-11-30,C_MA20_50_trend,0.9999999717883964,0.521415658289656,0.5214156435796841,ABSTAIN,0.008613193542348574,1.0,0.0,1.0
2024-12-01,C_MA20_50_trend,0.9999999547904583,0.567357819367288,0.567357793717301,ABSTAIN,-0.01454037255458307,0.0,0.0,1.0
2024-12-02,C_MA20_50_trend,0.9999999273815936,0.6640173569581439,0.6640173087382616,ACCEPT,0.0014276215513644441,1.0,1.0,0.0
2024-12-03,C_MA20_50_trend,0.9999998763920189,0.6700283172922232,0.6700282344713757,ACCEPT,0.02881567529768403,1.0,1.0,0.0
2024-12-04,C_MA20_50_trend,0.999999848895929,0.7768660068140147,0.7768658894263984,ACCEPT,-0.022020788503929523,0.0,1.0,0.0
2024-12-05,C_MA20_50_trend,0.9999997547210355,0.6795399799882679,0.6795398133114052,ACCEPT,0.03444474217316973,1.0,1.0,0.0
2024-12-06,C_MA20_50_trend,0.999999653703317,0.7766957869917206,0.7766955180245458,ACCEPT,2.627082989481444e-05,1.0,1.0,0.0
2024-12-07,C_MA20_50_trend,0.9999995469771555,0.7798110216232838,0.7798106683510766,ACCEPT,0.013136868131795154,1.0,1.0,0.0
2024-12-08,C_MA20_50_trend,0.9999994092503394,0.7817234608643536,0.7817229990614845,ACCEPT,-0.03756861480096407,0.0,1.0,0.0
2024-12-09,C_MA20_50_trend,0.9999990531740689,0.6727791779933779,0.6727785409886063,ACCEPT,-0.007772430783165474,0.0,1.0,0.0
2024-12-10,C_MA20_50_trend,0.9999981858979542,0.6721248634782168,0.6721236441751269,ACCEPT,0.04652269534294651,1.0,1.0,0.0
2024-12-11,C_MA20_50_trend,0.9999961951199838,0.673160505225357,0.673157943930403,ACCEPT,-0.011169293200355757,0.0,1.0,0.0
2024-12-12,C_MA20_50_trend,0.9999913820521379,0.7723696442354216,0.7723629879940973,ACCEPT,0.014156490833941326,1.0,1.0,0.0
2024-12-13,C_MA20_50_trend,0.9999835575087156,0.7725402980887699,0.7725275956016517,ACCEPT,-0.0008504799301751742,0.0,1.0,0.0
2024-12-14,C_MA20_50_trend,0.9999671945133211,0.7702706780157599,0.770245408911293,ACCEPT,0.02886101293644905,1.0,1.0,0.0
2024-12-15,C_MA20_50_trend,0.9999556314541111,0.7840175066530309,0.7839827209363094,ACCEPT,0.016596788984881483,1.0,1.0,0.0
2024-12-16,C_MA20_50_trend,0.9999480376869715,0.7878182690699231,0.7877773322104161,ACCEPT,0.001045771070669721,1.0,1.0,0.0
2024-12-17,C_MA20_50_trend,0.9999281674006254,0.7989154917487236,0.7988581035722706,ACCEPT,-0.057462106019896764,0.0,1.0,0.0
2024-12-18,C_MA20_50_trend,0.9998904905849224,0.6757036191365042,0.6756296232284068,ACCEPT,-0.025495268879325628,0.0,1.0,0.0
2024-12-19,C_MA20_50_trend,0.9997997897576167,0.6733327730208143,0.6731979649031232,ACCEPT,0.002717960528709318,1.0,1.0,0.0
2024-12-20,C_MA20_50_trend,0.9996410988058586,0.7762151484009541,0.7759365638572824,ACCEPT,-0.005433973434635808,0.0,1.0,0.0
2024-12-21,C_MA20_50_trend,0.9993090382115526,0.7763681885697838,0.775831747817716,ACCEPT,-0.021802983021374844,0.0,1.0,0.0
2024-12-22,C_MA20_50_trend,0.998688922356627,0.7726582796825785,0.7716452646861196,ACCEPT,-0.004402456102765462,0.0,1.0,0.0
2024-12-23,C_MA20_50_trend,0.9974485531282026,0.7725769765473232,0.7706057874372888,ACCEPT,0.04213760595334648,1.0,1.0,0.0
2024-12-24,C_MA20_50_trend,0.9948434270178111,0.5673987861837008,0.5644729529327391,ABSTAIN,0.0063146152104343045,1.0,0.0,1.0
2024-12-25,C_MA20_50_trend,0.9912780827059671,0.6701168037054019,0.6642721003661417,ACCEPT,-0.03528406928650052,0.0,1.0,0.0
2024-12-26,C_MA20_50_trend,0.9831253709971622,0.6676072970288105,0.656341671571862,ACCEPT,-0.017022260795415023,0.0,1.0,0.0
2024-12-27,C_MA20_50_trend,0.9662184786196523,0.7642188676780223,0.738402391660292,ACCEPT,0.010609799867287384,1.0,1.0,0.0
2024-12-28,C_MA20_50_trend,0.9317196034646634,0.7668408417958054,0.7144806450384965,ACCEPT,-0.017167251608511402,0.0,1.0,0.0
2024-12-29,C_MA20_50_trend,0.8831075997780582,0.7725248298780906,0.6822225482825933,ACCEPT,-0.00948373223930199,0.0,1.0,0.0
2024-12-30,C_MA20_50_trend,0.8195170447814479,0.7723922768520168,0.6329886361377788,ACCEPT,0.008484077565384274,1.0,1.0,0.0
2024-12-31,C_MA20_50_trend,0.7184973030611452,0.7883560424938075,0.5664316903837583,ACCEPT,0.010602195613021781,1.0,1.0,0.0
2025-01-01,C_MA20_50_trend,0.5985477454937922,0.6875613233761122,0.41153827999550013,ACCEPT,0.026129247147606893,1.0,1.0,0.0
2025-01-02,C_MA20_50_trend,0.46732675212136493,0.6842345159157075,0.31976109401222197,ACCEPT,0.012597729955682757,1.0,1.0,0.0
2025-01-03,C_MA20_50_trend,0.29980644327094536,0.7829974376425451,0.23474767686987527,ACCEPT,0.0013128146911018934,1.0,1.0,0.0
2025-01-04,C_MA20_50_trend,0.07872685754603813,0.7888356205408965,0.062102549525563745,ACCEPT,0.0008014800420892421,1.0,1.0,0.0
2025-01-05,C_MA20_50_trend,-0.19673701630543144,0.7934499350727229,-0.1561009728139458,ACCEPT,0.03827621924594227,0.0,1.0,0.0
2025-01-06,C_MA20_50_trend,-0.404058565204494,0.7831882207904399,-0.3164539087776456,ACCEPT,-0.05050430525956884,1.0,1.0,0.0
2025-01-07,C_MA20_50_trend,-0.5176794420194825,0.589824425201887,-0.30533997932797485,ABSTAIN,-0.019388436629511285,1.0,0.0,1.0
2025-01-08,C_MA20_50_trend,-0.5804457831143858,0.5936549349068381,-0.3445845035917193,ABSTAIN,-0.026929603222076492,1.0,0.0,1.0
2025-01-09,C_MA20_50_trend,-0.6523481887218211,0.7898914549579105,-0.5152842599286368,ACCEPT,0.023976181025154863,0.0,1.0,0.0
2025-01-10,C_MA20_50_trend,-0.6671890623713099,0.6838008799605007,-0.4562244679495231,ACCEPT,-0.001424047578467369,1.0,1.0,0.0
2025-01-11,C_MA20_50_trend,-0.6496764990577898,0.7887013492806658,-0.512400731402818,ACCEPT,-0.0008264678561502592,1.0,1.0,0.0
2025-01-12,C_MA20_50_trend,-0.6331001607150522,0.5888164569582706,-0.3727797935319487,ABSTAIN,0.00029724205673309356,0.0,0.0,1.0
2025-01-13,C_MA20_50_trend,-0.6739896002288476,0.6982162849982885,-0.47059051479926756,ACCEPT,0.021345722040169157,0.0,1.0,0.0
2025-01-14,C_MA20_50_trend,-0.7276187786013896,0.5929804291915475,-0.43146369562288156,ABSTAIN,0.041129999632577796,0.0,0.0,1.0
2025-01-15,C_MA20_50_trend,-0.7107475026831869,0.7908444102993805,-0.5620906896312422,ACCEPT,-0.0074383335632930425,1.0,1.0,0.0
2025-01-16,C_MA20_50_trend,-0.6548197037712346,0.7926885431673878,-0.5190680770197204,ACCEPT,0.04716598568833419,0.0,1.0,0.0
2025-01-17,C_MA20_50_trend,-0.5612863913812708,0.7815524227039513,-0.4386747390147904,ACCEPT,-0.000516635042589142,1.0,1.0,0.0
2025-01-18,C_MA20_50_trend,-0.40290846189414165,0.7843574052464687,-0.31602423572313465,ACCEPT,-0.03178356737719257,1.0,1.0,0.0
2025-01-19,C_MA20_50_trend,-0.2530691277694997,0.7798453479277523,-0.19735478199517828,ACCEPT,0.009170622908047932,0.0,1.0,0.0
2025-01-20,C_MA20_50_trend,-0.08774115188584687,0.579812955355038,-0.05087345658118814,ABSTAIN,0.040479676535688514,0.0,0.0,1.0
2025-01-21,C_MA20_50_trend,0.10536039893338195,0.7731460226425337,0.08145897337937491,ACCEPT,-0.023488299826845638,0.0,1.0,0.0
2025-01-22,C_MA20_50_trend,0.19702683172183116,0.7689832605001028,0.15151033546345882,ACCEPT,0.002962783076025932,1.0,1.0,0.0
2025-01-23,C_MA20_50_trend,0.28687532107147895,0.7716500477990766,0.2213673552171822,ACCEPT,0.008265785680243276,1.0,1.0,0.0
2025-01-24,C_MA20_50_trend,0.3609765788924113,0.6715468285916031,0.24241267675104541,ACCEPT,-0.0010001569662844156,0.0,1.0,0.0
2025-01-25,C_MA20_50_trend,0.45498789906555237,0.7692544698134005,0.3500014750671845,ACCEPT,-0.019406534499448846,0.0,1.0,0.0
2025-01-26,C_MA20_50_trend,0.4447062164831881,0.6716739428816062,0.29869757784922407,ACCEPT,-0.005792734886665207,0.0,1.0,0.0
2025-01-27,C_MA20_50_trend,0.5369740890184511,0.6851407637135679,0.367902837444499,ACCEPT,-0.007397669160641884,0.0,1.0,0.0
2025-01-28,C_MA20_50_trend,0.616174459221494,0.687645657925911,0.42370969140850673,ACCEPT,0.023395602825692086,1.0,1.0,0.0
2025-01-29,C_MA20_50_trend,0.7304870589966405,0.7940970684890966,0.5800776321184539,ACCEPT,0.009952379879751394,1.0,1.0,0.0
2025-01-30,C_MA20_50_trend,0.8164203551102965,0.7984479748199719,0.6518691791396185,ACCEPT,-0.022249243050878498,0.0,1.0,0.0
2025-01-31,C_MA20_50_trend,0.8665423169587558,0.6938854489034706,0.6012811045967797,ACCEPT,-0.017080384621634526,0.0,1.0,0.0
2025-02-01,C_MA20_50_trend,0.9019657309667307,0.7912267556999455,0.7136594190653363,ACCEPT,-0.02947596219670423,0.0,1.0,0.0
2025-02-02,C_MA20_50_trend,0.9217981773741458,0.7848855462038649,0.7235060659380336,ACCEPT,0.03804365081173988,1.0,1.0,0.0
2025-02-03,C_MA20_50_trend,0.9418098484148947,0.7794989743554384,0.7341398108772613,ACCEPT,-0.034846278405663456,0.0,1.0,0.0
2025-02-04,C_MA20_50_trend,0.9438988306436376,0.7768732610181651,0.7332897626333554,ACCEPT,-0.012836943218062724,0.0,1.0,0.0
2025-02-05,C_MA20_50_trend,0.9460749351612504,0.7732199235845687,0.7315239890706579,ACCEPT,-0.00022924323774897726,0.0,1.0,0.0
2025-02-06,C_MA20_50_trend,0.9260453448860788,0.786110086299239,0.727973585985404,ACCEPT,-0.0006647556256734743,0.0,1.0,0.0
2025-02-07,C_MA20_50_trend,0.8937712079736274,0.7837732109469091,0.7005139295253876,ACCEPT,-0.00048309597099249757,0.0,1.0,0.0
2025-02-08,C_MA20_50_trend,0.8709277152403168,0.786947674708987,0.6853745403479781,ACCEPT,0.00018283765004545316,1.0,1.0,0.0
2025-02-09,C_MA20_50_trend,0.8350680465795283,0.7877215614344063,0.6578011055556056,ACCEPT,0.009714611676219231,1.0,1.0,0.0
2025-02-10,C_MA20_50_trend,0.7442149044023751,0.703013724057728,0.5231932914431798,ACCEPT,-0.017345724709743937,0.0,1.0,0.0
2025-02-11,C_MA20_50_trend,0.6343739408876081,0.8016350876708688,0.5085364097195523,ACCEPT,0.02233406885677658,1.0,1.0,0.0
2025-02-12,C_MA20_50_trend,0.5391643849307146,0.6963931392068017,0.3754703785704048,ACCEPT,-0.012892487184132717,0.0,1.0,0.0
2025-02-13,C_MA20_50_trend,0.39922820237399836,0.5939229274118759,0.23711078265934593,ABSTAIN,0.009160278803397981,1.0,0.0,1.0
2025-02-14,C_MA20_50_trend,0.21906962704304733,0.6945810558522386,0.15216161285671595,ACCEPT,0.0007320640697474623,1.0,1.0,0.0
2025-02-15,C_MA20_50_trend,0.05870711540710427,0.5989228373766894,0.03516103213382365,ABSTAIN,-0.014401672980240199,0.0,0.0,1.0
2025-02-16,C_MA20_50_trend,-0.100782232381683,0.7955956294002339,-0.08018190360406573,ACCEPT,-0.004176223623530095,1.0,1.0,0.0
2025-02-17,C_MA20_50_trend,-0.25842351465714014,0.7957417385875761,-0.20563837684518466,ACCEPT,-0.0024415545387781457,1.0,1.0,0.0
2025-02-18,C_MA20_50_trend,-0.4620909570202197,0.8013693835093219,-0.37030554535252597,ACCEPT,0.011472343504350446,0.0,1.0,0.0
2025-02-19,C_MA20_50_trend,-0.6271537022517476,0.5981956538429318,-0.37516061897849956,ABSTAIN,0.017574558032842136,0.0,0.0,1.0
2025-02-20,C_MA20_50_trend,-0.7056386930129175,0.7954557272306841,-0.5613043397126998,ACCEPT,-0.02245807176184722,1.0,1.0,0.0
2025-02-21,C_MA20_50_trend,-0.7553457264867766,0.6955849984772374,-0.5254071560080923,ACCEPT,0.0047043783073406065,0.0,1.0,0.0
2025-02-22,C_MA20_50_trend,-0.7608394218877194,0.7001068692335299,-0.5326689056472601,ACCEPT,-0.0031460239332733453,1.0,1.0,0.0
2025-02-23,C_MA20_50_trend,-0.8035091567093771,0.6172141604834321,-0.49593722959912867,ABSTAIN,-0.05043681513571874,1.0,0.0,1.0
2025-02-24,C_MA20_50_trend,-0.8347141028079186,0.8062613370144174,-0.6729977085547023,ACCEPT,-0.029337712021491935,1.0,1.0,0.0
2025-02-25,C_MA20_50_trend,-0.8541373185582366,0.8007376621411204,-0.6839399196098078,ACCEPT,-0.04946290046952739,1.0,1.0,0.0
2025-02-26,C_MA20_50_trend,-0.8972770843422174,0.7863385226729491,-0.7055635369299504,ACCEPT,0.004234922709094535,0.0,1.0,0.0
2025-02-27,C_MA20_50_trend,-0.9298328776131748,0.7834692494873551,-0.7284954667722617,ACCEPT,-0.003910297790814532,1.0,1.0,0.0
2025-02-28,C_MA20_50_trend,-0.9550456151366172,0.7859226973568672,-0.7505920259470187,ACCEPT,0.019661575342751147,0.0,1.0,0.0
2025-03-01,C_MA20_50_trend,-0.9685713285074813,0.6788261707992554,-0.6574915660766812,ACCEPT,0.09550452979612856,0.0,1.0,0.0
2025-03-02,C_MA20_50_trend,-0.9730742628185033,0.6192504150380721,-0.6025766411132242,ABSTAIN,-0.08682040111941614,1.0,0.0,1.0
2025-03-03,C_MA20_50_trend,-0.9805870088826854,0.6022222222222222,-0.5905312875715727,ABSTAIN,0.013437685575495406,0.0,0.0,1.0
2025-03-04,C_MA20_50_trend,-0.987003580059186,0.6,-0.5922021480355115,ABSTAIN,0.03899657851208138,0.0,0.0,1.0
2025-03-05,C_MA20_50_trend,-0.9892721163796793,0.5,-0.49463605818983963,ABSTAIN,-0.007303133084179958,1.0,0.0,1.0
2025-03-06,C_MA20_50_trend,-0.9910567905782385,0.6,-0.594634074346943,ABSTAIN,-0.0357824911826653,1.0,0.0,1.0
2025-03-07,C_MA20_50_trend,-0.9934023887016801,0.5,-0.49670119435084004,ABSTAIN,-0.006779571257010009,1.0,0.0,1.0
2025-03-08,C_MA20_50_trend,-0.9943835631485075,0.5,-0.49719178157425375,ABSTAIN,-0.0644603432710168,1.0,0.0,1.0
2025-03-09,C_MA20_50_trend,-0.9959324397859323,0.7022222222222222,-0.6993658910496768,ACCEPT,-0.02567012890361897,1.0,1.0,0.0
2025-03-10,C_MA20_50_trend,-0.9973971204421636,0.7044444444444444,-0.7026108604003686,ACCEPT,0.05513944554449135,0.0,1.0,0.0
2025-03-11,C_MA20_50_trend,-0.99816123762211,0.7022222222222222,-0.7009310024190816,ACCEPT,0.010380466895202334,0.0,1.0,0.0
2025-03-12,C_MA20_50_trend,-0.9986790439394282,0.6022222222222222,-0.6014267131279667,ABSTAIN,-0.0317197970748182,1.0,0.0,1.0
2025-03-13,C_MA20_50_trend,-0.999073311226801,0.6022222222222222,-0.6016641496499179,ABSTAIN,0.03580259620308812,0.0,0.0,1.0
2025-03-14,C_MA20_50_trend,-0.9992984454804138,0.6022222222222222,-0.601799730500427,ABSTAIN,0.004454112352525463,0.0,0.0,1.0
2025-03-15,C_MA20_50_trend,-0.9994453363486855,0.6,-0.5996672018092113,ABSTAIN,-0.020907717157540473,1.0,0.0,1.0
2025-03-16,C_MA20_50_trend,-0.9994660950126598,0.6,-0.5996796570075958,ABSTAIN,0.018115835083536647,0.0,0.0,1.0
2025-03-17,C_MA20_50_trend,-0.999399768018769,0.5977777777777777,-0.5974189724378863,ABSTAIN,-0.016142449028442418,1.0,0.0,1.0
2025-03-18,C_MA20_50_trend,-0.999191762666956,0.7,-0.6994342338668691,ACCEPT,0.049997601050550955,0.0,1.0,0.0
2025-03-19,C_MA20_50_trend,-0.9987857442590293,0.6,-0.5992714465554175,ABSTAIN,-0.030937253791171848,1.0,0.0,1.0
2025-03-20,C_MA20_50_trend,-0.9982179668082296,0.6,-0.5989307800849377,ABSTAIN,-0.0014727011460912154,1.0,0.0,1.0
2025-03-21,C_MA20_50_trend,-0.9975636413620202,0.6022222222222222,-0.6007549929091277,ABSTAIN,-0.0025077306278807887,1.0,0.0,1.0
2025-03-22,C_MA20_50_trend,-0.9979887914026602,0.7063210419731744,-0.7049004830210759,ACCEPT,0.026503933905394295,0.0,1.0,0.0
2025-03-23,C_MA20_50_trend,-0.9972864819053504,0.7332680009677269,-0.7312782649788735,ACCEPT,0.016786352378946434,0.0,1.0,0.0
2025-03-24,C_MA20_50_trend,-0.9965989626212083,0.7305958797879842,-0.728111095892034,ACCEPT,-0.0003109860024155253,1.0,1.0,0.0
2025-03-25,C_MA20_50_trend,-0.9961860209750691,0.7378813844435891,-0.7350671203204343,ACCEPT,-0.00652577110204744,1.0,1.0,0.0
2025-03-26,C_MA20_50_trend,-0.9959561704724338,0.7401454242440944,-0.7371524023228431,ACCEPT,0.003178549412391707,0.0,1.0,0.0
2025-03-27,C_MA20_50_trend,-0.9949541151653958,0.6462452558586077,-0.6429843767226359,ABSTAIN,-0.032393289916566204,1.0,0.0,1.0
2025-03-28,C_MA20_50_trend,-0.9941000372113086,0.641309006042662,-0.6375253067709576,ABSTAIN,-0.020812056603918605,1.0,0.0,1.0
2025-03-29,C_MA20_50_trend,-0.9911521676175068,0.7629032275009399,-0.7561531876199484,ACCEPT,-0.0031848691098436133,1.0,1.0,0.0
2025-03-30,C_MA20_50_trend,-0.9852271550279869,0.7692730625582979,-0.7579087108639784,ACCEPT,0.0026038970780313253,0.0,1.0,0.0
2025-03-31,C_MA20_50_trend,-0.980459174692982,0.784503016331781,-0.769173179936813,ACCEPT,0.0317418810684309,0.0,1.0,0.0
2025-04-01,C_MA20_50_trend,-0.9724611692857339,0.5767461173089246,-0.5608632036192438,ABSTAIN,-0.031507420800550134,1.0,0.0,1.0
2025-04-02,C_MA20_50_trend,-0.9604069889291664,0.6768321793680214,-0.6500343553972069,ACCEPT,0.007481504135517403,0.0,1.0,0.0
2025-04-03,C_MA20_50_trend,-0.9482196981988049,0.682285560169076,-0.6469566079489238,ACCEPT,0.008916382019940938,0.0,1.0,0.0
2025-04-04,C_MA20_50_trend,-0.9337963171708131,0.7796603232221612,-0.7280439384690599,ACCEPT,-0.004043325726492686,1.0,1.0,0.0
2025-04-05,C_MA20_50_trend,-0.9061317527984319,0.6825358529764164,-0.618467408805293,ACCEPT,-0.06335339642726368,1.0,1.0,0.0
2025-04-06,C_MA20_50_trend,-0.897239523623082,0.7633075921516125,-0.6848697403599946,ACCEPT,0.013051950296130821,0.0,1.0,0.0
2025-04-07,C_MA20_50_trend,-0.8783167200130794,0.7607456936281668,-0.6681756623915664,ACCEPT,-0.03739976334343409,1.0,1.0,0.0
2025-04-08,C_MA20_50_trend,-0.8967512872684695,0.7713919513988758,-0.6917467254054785,ACCEPT,0.0826253916648998,0.0,1.0,0.0
2025-04-09,C_MA20_50_trend,-0.8752445188736464,0.633380635883636,-0.5543629299178572,ABSTAIN,-0.0356990599146636,1.0,0.0,1.0
2025-04-10,C_MA20_50_trend,-0.8592924094640613,0.630038041314979,-0.5413869065755661,ABSTAIN,0.04745546227457886,0.0,0.0,1.0
2025-04-11,C_MA20_50_trend,-0.8118329909437852,0.6172422285194736,-0.5010976045157717,ABSTAIN,0.022567917271733462,0.0,0.0,1.0
2025-04-12,C_MA20_50_trend,-0.7740052409622411,0.7158619488451357,-0.5540809002115787,ACCEPT,-0.01878516957885823,1.0,1.0,0.0
2025-04-13,C_MA20_50_trend,-0.7589445132936655,0.7180312796695878,-0.5449459000784631,ACCEPT,0.010245734631468162,0.0,1.0,0.0
2025-04-14,C_MA20_50_trend,-0.7371802975903049,0.717436085252635,-0.5288797468285609,ACCEPT,-0.01033089354397465,1.0,1.0,0.0
2025-04-15,C_MA20_50_trend,-0.739752908921047,0.5194203289800475,-0.38424269931571736,ABSTAIN,0.004360934564412222,0.0,0.0,1.0
2025-04-16,C_MA20_50_trend,-0.7567131234588876,0.717145109884479,-0.5426731160739513,ACCEPT,0.01025637449930672,0.0,1.0,0.0
2025-04-17,C_MA20_50_trend,-0.7525272312265323,0.7212256403164135,-0.5427419341968935,ACCEPT,-0.005241078764249063,1.0,1.0,0.0
2025-04-18,C_MA20_50_trend,-0.7262651944317884,0.7232196797914378,-0.5252492813606243,ACCEPT,0.007254038339443714,0.0,1.0,0.0
2025-04-19,C_MA20_50_trend,-0.6899234223395515,0.5209799277061874,-0.35943625469326496,ABSTAIN,0.0013036230231544543,0.0,0.0,1.0
2025-04-20,C_MA20_50_trend,-0.6409807405955684,0.7209784704352233,-0.4621333139330296,ACCEPT,0.027527099529631727,0.0,1.0,0.0
2025-04-21,C_MA20_50_trend,-0.5449074632653216,0.7220383900351419,-0.39344410749422604,ACCEPT,0.06767662701452015,0.0,1.0,0.0
2025-04-22,C_MA20_50_trend,-0.3560468061029143,0.7100149302352943,-0.25279854819566006,ACCEPT,0.0027527134594511615,0.0,1.0,0.0
2025-04-23,C_MA20_50_trend,-0.13365817118158121,0.707729956504479,-0.09459389167680868,ACCEPT,0.0026114175645013393,0.0,1.0,0.0
2025-04-24,C_MA20_50_trend,0.12481970238385193,0.7054736168914796,0.08805700690005405,ACCEPT,0.008267742531563593,1.0,1.0,0.0
2025-04-25,C_MA20_50_trend,0.3806820188546355,0.7081615001183597,0.26958434954018434,ACCEPT,-0.0007767095032226168,0.0,1.0,0.0
2025-04-26,C_MA20_50_trend,0.6595534951168733,0.7312203236642026,0.4822789201732162,ACCEPT,-0.00942540809771053,0.0,1.0,0.0
2025-04-27,C_MA20_50_trend,0.8106795039467433,0.6295610450193879,0.5103722356805107,ABSTAIN,0.013054325526514532,1.0,0.0,1.0
2025-04-28,C_MA20_50_trend,0.9061957577281091,0.7430247732317687,0.6733258973895191,ACCEPT,-0.007306486319308303,0.0,1.0,0.0
2025-04-29,C_MA20_50_trend,0.9300313474768875,0.6702159720764068,0.6233218636107527,ACCEPT,-0.0008217291810309613,0.0,1.0,0.0
2025-04-30,C_MA20_50_trend,0.9601185002679213,0.7802537694463535,0.7491360789492254,ACCEPT,0.02425526614507767,1.0,1.0,0.0
2025-05-01,C_MA20_50_trend,0.974459487458738,0.792088465463232,0.7718581200772793,ACCEPT,0.0043291974532626565,1.0,1.0,0.0
2025-05-02,C_MA20_50_trend,0.980838416167149,0.7961588062226628,0.7809031425129646,ACCEPT,-0.010507405827035687,0.0,1.0,0.0
2025-05-03,C_MA20_50_trend,0.9873358059547849,0.7990183025712396,0.788899379741799,ACCEPT,-0.016433317174712747,0.0,1.0,0.0
2025-05-04,C_MA20_50_trend,0.990807743293842,0.6927738650488803,0.6864057098420338,ACCEPT,0.0045811763897039,1.0,1.0,0.0
2025-05-05,C_MA20_50_trend,0.9934641380041942,0.6971010953141219,0.6925449387580237,ACCEPT,0.02168299794413664,1.0,1.0,0.0
2025-05-06,C_MA20_50_trend,0.9957171971962887,0.7976133929420572,0.7941973720664873,ACCEPT,0.0023743581586117557,1.0,1.0,0.0
2025-05-07,C_MA20_50_trend,0.9969695496669836,0.7997436778445294,0.7973200943496777,ACCEPT,0.06399043746457878,1.0,1.0,0.0
2025-05-08,C_MA20_50_trend,0.9984526329601432,0.7813923655517577,0.7801832647601072,ACCEPT,-0.002621130818400763,0.0,1.0,0.0
2025-05-09,C_MA20_50_trend,0.9991146462252141,0.7803946782630456,0.7797037528888227,ACCEPT,0.016756941758927724,1.0,1.0,0.0
2025-05-10,C_MA20_50_trend,0.9995139367013451,0.7806318189026298,0.780252382425699,ACCEPT,-0.005635047193781384,0.0,1.0,0.0
2025-05-11,C_MA20_50_trend,0.9996864952924617,0.77891784336707,0.7786736489563889,ACCEPT,-0.01242389281274392,0.0,1.0,0.0
2025-05-12,C_MA20_50_trend,0.999720966321633,0.7029282455351356,0.7027321048811558,ACCEPT,0.013197358248725033,1.0,1.0,0.0
2025-05-13,C_MA20_50_trend,0.9997667187382062,0.7024568912202142,0.7022930211902746,ACCEPT,-0.006051642240404331,0.0,1.0,0.0
2025-05-14,C_MA20_50_trend,0.9997979583603859,0.7014846895617115,0.7013429604448682,ACCEPT,0.00198211052629782,1.0,1.0,0.0
2025-05-15,C_MA20_50_trend,0.9998157728976653,0.8015106797716922,0.8013630197816676,ACCEPT,-0.0024613470244020386,0.0,1.0,0.0
2025-05-16,C_MA20_50_trend,0.9998323720288648,0.6983483521223084,0.6982312894048965,ACCEPT,-0.0028814878109744146,0.0,1.0,0.0
2025-05-17,C_MA20_50_trend,0.9998430153386315,0.6995112019557683,0.6994013894266058,ACCEPT,0.03154266519659865,1.0,1.0,0.0
2025-05-18,C_MA20_50_trend,0.999851579264294,0.7945382133024125,0.7944202873562476,ACCEPT,-0.007889709931436006,0.0,1.0,0.0
2025-05-19,C_MA20_50_trend,0.9998604083420792,0.7921939993307616,0.7920834156570001,ACCEPT,0.011220046530480143,1.0,1.0,0.0
2025-05-20,C_MA20_50_trend,0.9998744460237493,0.7945940621499427,0.7944942977059345,ACCEPT,0.027034018449719976,1.0,1.0,0.0
2025-05-21,C_MA20_50_trend,0.9998898589134954,0.7959928523747527,0.7959051808571422,ACCEPT,0.018191448638679386,1.0,1.0,0.0
2025-05-22,C_MA20_50_trend,0.9999007311282941,0.7950717574351883,0.7949928315589025,ACCEPT,-0.03927066820202352,0.0,1.0,0.0
2025-05-23,C_MA20_50_trend,0.9999046817515562,0.7820413241244375,0.7819667813152114,ACCEPT,0.004691674073487251,1.0,1.0,0.0
2025-05-24,C_MA20_50_trend,0.9999184331116796,0.6846008741447768,0.6845450333817313,ACCEPT,0.011543009819045436,1.0,1.0,0.0
2025-05-25,C_MA20_50_trend,0.9999305087552033,0.6845035820252102,0.6844560150192275,ACCEPT,0.003714175371671846,1.0,1.0,0.0
2025-05-26,C_MA20_50_trend,0.9999262583653676,0.786012896379703,0.7859549345038818,ACCEPT,-0.004072780217708405,0.0,1.0,0.0
2025-05-27,C_MA20_50_trend,0.9999216887076171,0.7831421479323485,0.7830808190586244,ACCEPT,-0.010939184653144474,0.0,1.0,0.0
2025-05-28,C_MA20_50_trend,0.9998731990760872,0.7102327685725047,0.7101427104012565,ACCEPT,-0.020041963379443528,0.0,1.0,0.0
2025-05-29,C_MA20_50_trend,0.9998140540331952,0.703826484683278,0.7036956109871207,ACCEPT,-0.015554336978341854,0.0,1.0,0.0
2025-05-30,C_MA20_50_trend,0.9996677109065146,0.7038257930086884,0.7035919193739579,ACCEPT,0.006149348357177731,1.0,1.0,0.0
2025-05-31,C_MA20_50_trend,0.9994824977111428,0.7060127990993197,0.7056474358598234,ACCEPT,0.009690618169351017,1.0,1.0,0.0
2025-06-01,C_MA20_50_trend,0.9992992222772195,0.7069242395537828,0.70642884279501,ACCEPT,0.0021715582000447764,1.0,1.0,0.0
2025-06-02,C_MA20_50_trend,0.9989573328175373,0.6104385419133588,0.6098020576787954,ABSTAIN,-0.004241178746647534,0.0,0.0,1.0
2025-06-03,C_MA20_50_trend,0.9985107774576732,0.7106412227848579,0.70958291985638,ACCEPT,-0.0066439151364365845,0.0,1.0,0.0
2025-06-04,C_MA20_50_trend,0.9977730331273431,0.8079245013738714,0.806125280273704,ACCEPT,-0.030134359325224014,0.0,1.0,0.0
2025-06-05,C_MA20_50_trend,0.996441636319578,0.7978888861428302,0.7950497073093672,ACCEPT,0.027707252931573167,1.0,1.0,0.0
2025-06-06,C_MA20_50_trend,0.9949418255416735,0.5917212150983329,0.5887281859616725,ABSTAIN,0.011737496074678777,1.0,0.0,1.0
2025-06-07,C_MA20_50_trend,0.9917967537121185,0.6986162771228703,0.6928853557409086,ACCEPT,0.0016855786016509722,1.0,1.0,0.0
2025-06-08,C_MA20_50_trend,0.987518208238657,0.6991169621605922,0.6903907298220809,ACCEPT,0.04253991795791734,1.0,1.0,0.0
2025-06-09,C_MA20_50_trend,0.9824041420240532,0.7884736453013447,0.7745997750208452,ACCEPT,-0.0003342625487465778,0.0,1.0,0.0
2025-06-10,C_MA20_50_trend,0.9728970539949163,0.7935993081351446,0.772090428937086,ACCEPT,-0.014244955298426398,0.0,1.0,0.0
2025-06-11,C_MA20_50_trend,0.9576133480451892,0.7925818291262312,0.7589869389893503,ACCEPT,-0.025371753999169577,0.0,1.0,0.0
2025-06-12,C_MA20_50_trend,0.9425017289034646,0.6997740827155383,0.659538282801231,ACCEPT,0.0015285141831733462,1.0,1.0,0.0
2025-06-13,C_MA20_50_trend,0.9212082259487454,0.7021954194675946,0.646868196637078,ACCEPT,-0.0058304915798971235,0.0,1.0,0.0
2025-06-14,C_MA20_50_trend,0.8861111328277188,0.7011523215076889,0.6212988778959632,ACCEPT,0.0007548627203146641,1.0,1.0,0.0
2025-06-15,C_MA20_50_trend,0.8341233013730444,0.8035710397609255,0.670277328573153,ACCEPT,0.011792615001237072,1.0,1.0,0.0
2025-06-16,C_MA20_50_trend,0.7699072680737793,0.6021684912960681,0.4636138980538651,ABSTAIN,-0.020559056941174436,0.0,0.0,1.0
2025-06-17,C_MA20_50_trend,0.6904821068854302,0.7997931217736266,0.5522428397947291,ACCEPT,0.0026979724986506692,1.0,1.0,0.0
2025-06-18,C_MA20_50_trend,0.6214428668467542,0.7028281008880228,0.4367675099163127,ACCEPT,-0.0018977187896134229,0.0,1.0,0.0
2025-06-19,C_MA20_50_trend,0.5662906397604159,0.7027074550237375,0.39793665426980607,ACCEPT,-0.013131746055793259,0.0,1.0,0.0
2025-06-20,C_MA20_50_trend,0.49625239540274524,0.7993156422666093,0.39666230215768866,ACCEPT,-0.010184874363913243,0.0,1.0,0.0
2025-06-21,C_MA20_50_trend,0.3899131601463792,0.7995763896628703,0.31176535687188245,ACCEPT,-0.012422235919953284,0.0,1.0,0.0
2025-06-22,C_MA20_50_trend,0.24115784746192517,0.7987503447352325,0.19262491379581936,ACCEPT,0.04545759771084712,1.0,1.0,0.0
2025-06-23,C_MA20_50_trend,0.14081379150449946,0.6817424453027804,0.09599873855263334,ACCEPT,0.004431419225533917,1.0,1.0,0.0
2025-06-24,C_MA20_50_trend,0.06525922411465167,0.6820087623446077,0.044507362670002965,ACCEPT,0.012406215749838134,1.0,1.0,0.0
2025-06-25,C_MA20_50_trend,0.10187122403727197,0.6911502864454462,0.07040832567390874,ACCEPT,-0.003737454466123835,0.0,1.0,0.0
2025-06-26,C_MA20_50_trend,0.0687827895794127,0.793884016656944,0.05460555726817354,ACCEPT,0.0012007263229245613,1.0,1.0,0.0
2025-06-27,C_MA20_50_trend,0.06718082262490874,0.7948173569918898,0.053396483879270915,ACCEPT,0.002234353778444831,1.0,1.0,0.0
2025-06-28,C_MA20_50_trend,0.062218726067112345,0.6948072811482789,0.04323002389519988,ACCEPT,0.009856422495764683,1.0,1.0,0.0
2025-06-29,C_MA20_50_trend,-0.01759673251450167,0.8123999784019693,-0.014295585114726388,ACCEPT,-0.011535062936840146,1.0,1.0,0.0
2025-06-30,C_MA20_50_trend,-0.11921360130923125,0.8135536315985437,-0.09698665828106598,ACCEPT,-0.013413452013053329,1.0,1.0,0.0
2025-07-01,C_MA20_50_trend,-0.21399564435702687,0.7137558497593907,-0.15274064298285805,ACCEPT,0.02990624847553991,0.0,1.0,0.0
2025-07-02,C_MA20_50_trend,-0.18999460381850494,0.8114534070316869,-0.15417176858616138,ACCEPT,0.007244728772290987,0.0,1.0,0.0
2025-07-03,C_MA20_50_trend,-0.16441108744436023,0.8111546894497776,-0.13336282457803025,ACCEPT,-0.014716556343200904,1.0,1.0,0.0
2025-07-04,C_MA20_50_trend,-0.14487205764641745,0.8091966814897832,-0.11722998828807757,ACCEPT,0.0018220480395592098,0.0,1.0,0.0
2025-07-05,C_MA20_50_trend,-0.12671155499926273,0.7069755905348207,-0.08958197642318919,ACCEPT,0.009247710575546852,0.0,1.0,0.0
2025-07-06,C_MA20_50_trend,-0.1261328007782259,0.7074090048897188,-0.08922747908247793,ACCEPT,-0.008534295352390808,1.0,1.0,0.0
2025-07-07,C_MA20_50_trend,-0.05736319486089143,0.811071740404115,-0.046525666290963594,ACCEPT,0.006005750382996888,0.0,1.0,0.0
2025-07-08,C_MA20_50_trend,0.00656402998794505,0.810916919749147,0.0053228829789654306,ACCEPT,0.021810695604753683,1.0,1.0,0.0
2025-07-09,C_MA20_50_trend,0.11902916966576135,0.8076167980037472,0.09612995687450694,ACCEPT,0.041864660687494615,1.0,1.0,0.0
2025-07-10,C_MA20_50_trend,0.3424842545111246,0.8003444663054026,0.2741053778947097,ACCEPT,0.013189291760499877,1.0,1.0,0.0
2025-07-11,C_MA20_50_trend,0.5772753646974235,0.8045582455762879,0.46445165463537075,ACCEPT,-0.0006957770402219454,0.0,1.0,0.0
2025-07-12,C_MA20_50_trend,0.7379552597010418,0.8051823131897518,0.5941885230366288,ACCEPT,0.014313342548076147,1.0,1.0,0.0
2025-07-13,C_MA20_50_trend,0.8189330437416361,0.8210239143016617,0.6723636131237319,ACCEPT,0.006158578325259345,1.0,1.0,0.0
2025-07-14,C_MA20_50_trend,0.878995459488406,0.8210558353223675,0.7217043512348214,ACCEPT,-0.01729262210051885,0.0,1.0,0.0
2025-07-15,C_MA20_50_trend,0.9110008929760441,0.8163224718271617,0.7436705007909559,ACCEPT,0.00816219450392297,1.0,1.0,0.0
2025-07-16,C_MA20_50_trend,0.9370133213967875,0.7192051763993407,0.6739048311037087,ACCEPT,0.004643278306736054,1.0,1.0,0.0
2025-07-17,C_MA20_50_trend,0.9549351502883162,0.7193750956780244,0.686956565104966,ACCEPT,-0.01078563897020779,0.0,1.0,0.0
2025-07-18,C_MA20_50_trend,0.9649173761879334,0.8169798477276207,0.7883180510677531,ACCEPT,-0.0005360022928398989,0.0,1.0,0.0
2025-07-19,C_MA20_50_trend,0.9703939405453804,0.7169912901865401,0.695764003420833,ACCEPT,-0.00541960002562214,0.0,1.0,0.0
2025-07-20,C_MA20_50_trend,0.9762678833092201,0.7185258869591751,0.7014737467645138,ACCEPT,0.0011828564931994912,1.0,1.0,0.0
2025-07-21,C_MA20_50_trend,0.9825723022490721,0.723981435006973,0.7113641053803884,ACCEPT,0.02176332622218302,1.0,1.0,0.0
2025-07-22,C_MA20_50_trend,0.9862432320577876,0.8296952655910708,0.8182813403595821,ACCEPT,-0.010337504434577038,0.0,1.0,0.0
2025-07-23,C_MA20_50_trend,0.9882645918932805,0.8274593885802555,0.8177488149635296,ACCEPT,-0.0032584822936673197,0.0,1.0,0.0
2025-07-24,C_MA20_50_trend,0.9904662153604562,0.6284617698372356,0.6224701506694208,ABSTAIN,-0.006185093838706357,0.0,0.0,1.0
2025-07-25,C_MA20_50_trend,0.9915349884550592,0.727325941404095,0.7211691189131744,ACCEPT,0.002647868724685587,1.0,1.0,0.0
2025-07-26,C_MA20_50_trend,0.992602609964992,0.7298069750866576,0.7244083082416722,ACCEPT,0.012727075099638885,1.0,1.0,0.0
2025-07-27,C_MA20_50_trend,0.9941710410191721,0.8308856362226402,0.8260424379313394,ACCEPT,-0.012758768211219684,0.0,1.0,0.0
2025-07-28,C_MA20_50_trend,0.9950927724465166,0.7277523695388375,0.7241811230589237,ACCEPT,-1.9742508661990676e-05,0.0,1.0,0.0
2025-07-29,C_MA20_50_trend,0.9957786938584583,0.7311621664626841,0.7280757071189322,ACCEPT,-0.0007713643170961237,0.0,1.0,0.0
2025-07-30,C_MA20_50_trend,0.9955114203804968,0.8487353513033239,0.8449257351031119,ACCEPT,-0.017592832754910526,0.0,1.0,0.0
2025-07-31,C_MA20_50_trend,0.9944480100902764,0.8445015197289446,0.8398128558126633,ACCEPT,-0.021062154747402473,0.0,1.0,0.0
2025-08-01,C_MA20_50_trend,0.992331448230626,0.839174629208564,0.8327393751209329,ACCEPT,-0.006999393518263508,0.0,1.0,0.0
2025-08-02,C_MA20_50_trend,0.9884013473081055,0.8425282700042855,0.8327560772174031,ACCEPT,0.015025363723748075,1.0,1.0,0.0
2025-08-03,C_MA20_50_trend,0.9824834561269012,0.8394165056994549,0.8247128296495672,ACCEPT,0.007478798363486527,1.0,1.0,0.0
2025-08-04,C_MA20_50_trend,0.9764734111828728,0.741502080071424,0.7240570655265391,ACCEPT,-0.008085706753543476,0.0,1.0,0.0
2025-08-05,C_MA20_50_trend,0.9670757350331795,0.7399609597381205,0.7155982890345998,ACCEPT,0.007767158415357134,1.0,1.0,0.0
2025-08-06,C_MA20_50_trend,0.952132623387376,0.7392809965635486,0.7038935546784852,ACCEPT,0.021463456180234486,1.0,1.0,0.0
2025-08-07,C_MA20_50_trend,0.9387060733458453,0.7362677626388056,0.6911390203978041,ACCEPT,-0.0068782400705657,0.0,1.0,0.0
2025-08-08,C_MA20_50_trend,0.9200935879092593,0.73351352862575,0.6749010943332475,ACCEPT,-0.0016142706587778388,0.0,1.0,0.0
2025-08-09,C_MA20_50_trend,0.8960838556993013,0.7338083969901478,0.6575538577194552,ACCEPT,0.02408918266480664,1.0,1.0,0.0
2025-08-10,C_MA20_50_trend,0.8713789461925083,0.7293878538991097,0.6355732194962214,ACCEPT,-0.004822128356753663,0.0,1.0,0.0
2025-08-11,C_MA20_50_trend,0.8182213370969323,0.8322737089807172,0.6809841069928255,ACCEPT,0.012140515376580119,1.0,1.0,0.0
2025-08-12,C_MA20_50_trend,0.7825349669574153,0.8340641178732197,0.6526843369202857,ACCEPT,0.026388279596092357,1.0,1.0,0.0
2025-08-13,C_MA20_50_trend,0.7642539975181468,0.827191159994562,0.632184150737517,ACCEPT,-0.040411222672351976,0.0,1.0,0.0
2025-08-14,C_MA20_50_trend,0.7280223899692283,0.7106820295135177,0.5173924296346127,ACCEPT,-0.008121240187970669,0.0,1.0,0.0
2025-08-15,C_MA20_50_trend,0.675221692411414,0.710125749324932,0.47949231028410416,ACCEPT,0.0007921746665282559,1.0,1.0,0.0
2025-08-16,C_MA20_50_trend,0.5955539472383786,0.7116545436528877,0.4238286725426043,ACCEPT,-0.00032588834829794244,0.0,1.0,0.0
2025-08-17,C_MA20_50_trend,0.5278973404901428,0.7130453276291477,0.3764147321043496,ACCEPT,-0.01022323279139703,0.0,1.0,0.0
2025-08-18,C_MA20_50_trend,0.4481538517767932,0.7099324385140694,0.3181589568213716,ACCEPT,-0.029428514056440758,0.0,1.0,0.0
2025-08-19,C_MA20_50_trend,0.31388748823896057,0.8008038908133215,0.2513623218593803,ACCEPT,0.012794003430595335,1.0,1.0,0.0
2025-08-20,C_MA20_50_trend,0.21507543968160958,0.8013882859779466,0.17235893796239835,ACCEPT,-0.01623902974513114,0.0,1.0,0.0
2025-08-21,C_MA20_50_trend,0.16671643589702836,0.8028935711777497,0.1338555545913915,ACCEPT,0.03962900798880531,1.0,1.0,0.0
2025-08-22,C_MA20_50_trend,0.1968067936071103,0.5912376084659731,0.11635957798212425,ABSTAIN,-0.012832252765613172,0.0,0.0,1.0
2025-08-23,C_MA20_50_trend,0.1595610767898381,0.6888967250578313,0.10992110324722061,ACCEPT,-0.016605933647771742,0.0,1.0,0.0
2025-08-24,C_MA20_50_trend,0.08111416879734468,0.6849764139631999,0.055561292464410834,ACCEPT,-0.029385900493979156,0.0,1.0,0.0
2025-08-25,C_MA20_50_trend,-0.012575124151854696,0.7794407173522465,-0.009801563789715185,ACCEPT,0.015240086898922645,0.0,1.0,0.0
2025-08-26,C_MA20_50_trend,-0.11131861378340574,0.7780653195119512,-0.08661315280101309,ACCEPT,-0.005193022862549412,1.0,1.0,0.0
2025-08-27,C_MA20_50_trend,-0.25964542660434387,0.7841372549275207,-0.20359765207201527,ACCEPT,0.01189280397942638,0.0,1.0,0.0
2025-08-28,C_MA20_50_trend,-0.34954811177136036,0.6828813993455429,-0.2386999037050188,ACCEPT,-0.036731759955323295,1.0,1.0,0.0
2025-08-29,C_MA20_50_trend,-0.4414001303074871,0.7746844640028707,-0.3419458233580529,ACCEPT,0.003664157476186425,0.0,1.0,0.0
2025-08-30,C_MA20_50_trend,-0.5549090997835587,0.7765922963032079,-0.43093813204045983,ACCEPT,-0.00525107534173741,1.0,1.0,0.0
2025-08-31,C_MA20_50_trend,-0.6487542575920199,0.771375018249802,-0.5004328272896811,ACCEPT,0.009367272930950854,0.0,1.0,0.0
2025-09-01,C_MA20_50_trend,-0.7281995713610536,0.6711673498812687,-0.48874377649507417,ACCEPT,0.017848801737061493,0.0,1.0,0.0
2025-09-02,C_MA20_50_trend,-0.8053986852395312,0.6746271243439326,-0.543343798973529,ACCEPT,0.004699840343410866,0.0,1.0,0.0
2025-09-03,C_MA20_50_trend,-0.8354970033568907,0.6846427558609325,-0.5720169708918124,ACCEPT,-0.008947195185422974,1.0,1.0,0.0
2025-09-04,C_MA20_50_trend,-0.8572385551184736,0.6820856546376101,-0.584710121048583,ACCEPT,-0.0006558419928113235,1.0,1.0,0.0
2025-09-05,C_MA20_50_trend,-0.8759610395006364,0.5818487809144244,-0.5096768629619772,ABSTAIN,-0.0038525555367432407,1.0,0.0,1.0
2025-09-06,C_MA20_50_trend,-0.8955644560418698,0.5818721005609718,-0.5211039712248269,ABSTAIN,0.008554542812086785,0.0,0.0,1.0
2025-09-07,C_MA20_50_trend,-0.905633905535304,0.6789825135487288,-0.6149095855353127,ACCEPT,0.008130177859939192,0.0,1.0,0.0
2025-09-08,C_MA20_50_trend,-0.9005429953095182,0.7850319146751122,-0.7069549918550917,ACCEPT,-0.004826232823193166,1.0,1.0,0.0
2025-09-09,C_MA20_50_trend,-0.902380410601672,0.6887024548796614,-0.6214716040166883,ACCEPT,0.02174124101370767,0.0,1.0,0.0
2025-09-10,C_MA20_50_trend,-0.8854153665022967,0.7849699534384353,-0.695024459016983,ACCEPT,0.013620945043858246,0.0,1.0,0.0
2025-09-11,C_MA20_50_trend,-0.8859042613074499,0.7953093415413364,-0.704567934729092,ACCEPT,0.005142859655061782,0.0,1.0,0.0
2025-09-12,C_MA20_50_trend,-0.8781133952268038,0.7966961137250925,-0.6995895293871408,ACCEPT,-0.0013011908618274504,1.0,1.0,0.0
2025-09-13,C_MA20_50_trend,-0.8614031304968176,0.8000281647225325,-0.6891467655776131,ACCEPT,-0.004681752350561785,1.0,1.0,0.0
2025-09-14,C_MA20_50_trend,-0.8216188355914178,0.7108987963276011,-0.5840878412620241,ACCEPT,0.0003224981011604733,0.0,1.0,0.0
2025-09-15,C_MA20_50_trend,-0.7810300230709383,0.7123468212356785,-0.5563642542242115,ACCEPT,0.012112382641498831,0.0,1.0,0.0
2025-09-16,C_MA20_50_trend,-0.7239489938071457,0.8092166177304138,-0.5858315561779547,ACCEPT,-0.0032066883445814875,1.0,1.0,0.0
2025-09-17,C_MA20_50_trend,-0.6737805180168154,0.8118068591828584,-0.5469796461098303,ACCEPT,0.005741425944741474,0.0,1.0,0.0
2025-09-18,C_MA20_50_trend,-0.5517307084063635,0.8357393242960426,-0.46110304943691116,ACCEPT,-0.012364506846338497,1.0,1.0,0.0
2025-09-19,C_MA20_50_trend,-0.43805343669840213,0.7326825977125185,-0.32095412993708156,ACCEPT,0.0002861257573012477,0.0,1.0,0.0
2025-09-20,C_MA20_50_trend,-0.31584480207936017,0.733904083945368,-0.23179979013895888,ACCEPT,-0.003593675600818802,1.0,1.0,0.0
2025-09-21,C_MA20_50_trend,-0.21543843310135527,0.7336406284642791,-0.15805438745583783,ACCEPT,-0.02218083931492132,1.0,1.0,0.0
2025-09-22,C_MA20_50_trend,-0.1705758378622686,0.7275122686584469,-0.12409601478149443,ACCEPT,-0.00651013327573835,1.0,1.0,0.0
2025-09-23,C_MA20_50_trend,-0.13835382487843154,0.726963998525254,-0.10057824974488734,ACCEPT,0.011731809832655538,0.0,1.0,0.0
2025-09-24,C_MA20_50_trend,-0.07505598715829587,0.826069990156648,-0.06200149857305096,ACCEPT,,,1.0,0.0
