date,close,raw_signal,next_return,completeness,agreement,stability,calibration,reliability,adjusted_signal,correct,adjusted_correct
2021-01-30,34269.5234375,0.8794358939745167,-0.03370820328466961,1.0,0.6666666666666666,0.5,0.26666666666666666,0.6533333333333333,0.5745647840633509,0,0
2021-01-31,33114.359375,0.47071763794523985,0.012768370405776608,1.0,0.3333333333333333,0.5,0.25806451612903225,0.5516129032258065,0.2596539228665678,1,1
2021-02-01,33537.17578125,0.6190455256690166,0.05883361479570781,1.0,0.3333333333333333,0.5,0.28125,0.55625,0.3443440736533905,1,1
2021-02-02,35510.2890625,0.9473849785399936,0.055245981743407446,1.0,0.6666666666666666,0.5,0.30303030303030304,0.6606060606060606,0.6258482585506625,1,1
2021-02-03,37472.08984375,0.9998083038763576,-0.014571470120209207,1.0,1.0,0.5,0.3235294117647059,0.7647058823529411,0.7645592911995674,0,0
2021-02-04,36926.06640625,0.9685139972055163,0.032991388091470286,1.0,1.0,0.5,0.3142857142857143,0.7628571428571428,0.738837820725351,1,1
2021-02-05,38144.30859375,0.9771828794454294,0.029406828078771152,1.0,1.0,0.5,0.3333333333333333,0.7666666666666666,0.7491735409081625,1,1
2021-02-06,39266.01171875,0.9941526759548944,-0.009233693380855112,1.0,1.0,0.5,0.35135135135135137,0.7702702702702702,0.7657662503976889,0,0
2021-02-07,38903.44140625,0.9981648090490293,0.18746473766529936,1.0,1.0,0.5,0.34210526315789475,0.7684210526315789,0.767010853269254,1,1
2021-02-08,46196.46484375,0.999999445759206,0.006161523959955284,1.0,1.0,0.5,0.358974358974359,0.7717948717948717,0.7717944440346691,1,1
2021-02-09,46481.10546875,0.9999914086842827,-0.03362488605290981,1.0,1.0,0.5,0.375,0.7749999999999999,0.774993341730319,0,0
2021-02-10,44918.18359375,0.9992938068345266,0.0665910372634968,1.0,1.0,0.5,0.36585365853658536,0.773170731707317,0.7726247238208412,1,1
2021-02-11,47909.33203125,0.999986386302427,-0.008442623839676311,1.0,1.0,0.5,0.38095238095238093,0.7761904761904761,0.7761799093680741,0,0
2021-02-12,47504.8515625,0.9998908550355539,-0.008406213773231364,1.0,1.0,0.5,0.37209302325581395,0.7744186046511627,0.7743340807600917,0,0
2021-02-13,47105.515625,0.9993198780514634,0.03421623595697554,1.0,1.0,0.5,0.36363636363636365,0.7727272727272727,0.772201723948858,1,1
2021-02-14,48717.2890625,0.9999170573925376,-0.01585126109458379,1.0,1.0,0.5,0.37777777777777777,0.7755555555555556,0.7754912289555458,0,0
2021-02-15,47945.05859375,0.6393212338313186,0.026171883752032166,1.0,1.0,0.5,0.3695652173913043,0.7739130434782608,0.4947790418346726,1,1
2021-02-16,49199.87109375,0.8242198786375436,0.05994196027730325,1.0,1.0,0.5,0.3829787234042553,0.776595744680851,0.6400856504312838,1,1
2021-02-17,52149.0078125,0.9968094306415038,-0.008997504596578998,1.0,1.0,0.5,0.3958333333333333,0.7791666666666666,0.7766806813748383,0,0
2021-02-18,51679.796875,0.9176597149366202,0.08143096900475189,1.0,1.0,0.5,0.3877551020408163,0.7775510204081633,0.7135272477364333,1,1
2021-02-19,55888.1328125,0.9982820034586083,0.0037823185014820293,1.0,1.0,0.5,0.4,0.78,0.7786599626977145,1,1
2021-02-20,56099.51953125,0.999036232361821,0.025676258785917394,1.0,1.0,0.5,0.4117647058823529,0.7823529411764706,0.7815989347301305,1,1
2021-02-21,57539.9453125,0.998572071170845,-0.05791845963531039,1.0,1.0,0.5,0.4230769230769231,0.7846153846153846,0.7834950096878938,0,0
2021-02-22,54207.3203125,0.9892918780189869,-0.09930198541853996,1.0,0.6666666666666666,0.5,0.41509433962264153,0.6830188679245283,0.6757050185714589,0,0
2021-02-23,48824.42578125,-0.15144638729411652,0.018042326886684945,1.0,0.6666666666666666,0.5,0.4074074074074074,0.6814814814814815,-0.10320790837821274,0,0
2021-02-24,49705.33203125,-0.7339284189117107,-0.052539242009451814,1.0,0.6666666666666666,0.5,0.4,0.6799999999999999,-0.4990713248599632,1,1
2021-02-25,47093.8515625,-0.9441280956303246,-0.016012490351298148,1.0,1.0,0.5,0.4107142857142857,0.7821428571428571,-0.7384430462251468,1,1
2021-02-26,46339.76171875,-0.9978490497677068,-0.003265200081699504,1.0,1.0,0.5,0.42105263157894735,0.7842105263157895,-0.7825237285020438,1,1
2021-02-27,46188.453125,-0.9982954940478478,-0.022747754528746222,1.0,1.0,0.5,0.43103448275862066,0.7862068965517242,-0.7848668022169286,1,1
2021-02-28,45137.76953125,-0.999639725412369,0.09955017057586457,1.0,1.0,0.5,0.4406779661016949,0.7881355932203389,-0.7878516479944941,0,0
2021-03-01,49631.2421875,-0.9339382198385537,-0.025231161886280384,1.0,0.3333333333333333,0.5,0.43333333333333335,0.5866666666666667,-0.5479104223052849,1,1
2021-03-02,48378.98828125,-0.18046666674478357,0.04463205996986197,1.0,0.6666666666666666,0.5,0.4426229508196721,0.6885245901639344,-0.12425573775870344,0,0
2021-03-03,50538.2421875,0.32313095201882164,-0.039120359814156846,1.0,0.6666666666666666,0.5,0.43548387096774194,0.6870967741935483,0.2220222347742226,0,0
2021-03-04,48561.16796875,0.5533144054328415,0.007539701660092213,1.0,0.3333333333333333,0.5,0.42857142857142855,0.5857142857142857,0.32408415175352145,1,1
2021-03-05,48927.3046875,0.8064425112264887,-0.0003049805235605385,1.0,0.6666666666666666,0.5,0.4375,0.6875,0.554429226468211,0,0
2021-03-06,48912.3828125,0.8272891918065419,0.046906498146797926,1.0,0.3333333333333333,0.5,0.4307692307692308,0.5861538461538461,0.48491874165891147,1,1
2021-03-07,51206.69140625,0.9908095507891466,0.020306565464276005,1.0,0.6666666666666666,0.5,0.4393939393939394,0.6878787878787879,0.6815568728155644,1,1
2021-03-08,52246.5234375,0.7833122079834814,0.049335220420617,1.0,0.6666666666666666,0.5,0.44776119402985076,0.6895522388059702,0.5401346866990574,1,1
2021-03-09,54824.1171875,0.9903476790551449,0.021604243798385436,1.0,1.0,0.5,0.45588235294117646,0.7911764705882353,0.7835397813700998,1,1
2021-03-10,56008.55078125,0.973997903480812,0.032076714848716215,1.0,1.0,0.5,0.463768115942029,0.7927536231884058,0.7721403669623249,1,1
2021-03-11,57805.12109375,0.9990137708565037,-0.008183206626845796,1.0,1.0,0.5,0.4714285714285714,0.7942857142857143,0.7935023665660229,0,0
2021-03-12,57332.08984375,0.9979277754767,0.06821652767950437,1.0,1.0,0.5,0.4647887323943662,0.7929577464788732,0.7913145599906789,1,1
2021-03-13,61243.0859375,0.9999165118428928,-0.031689610370558396,1.0,1.0,0.5,0.4722222222222222,0.7944444444444444,0.7943781177418536,0,0
2021-03-14,59302.31640625,0.9964204734641923,-0.05725100456855314,1.0,1.0,0.5,0.4657534246575342,0.7931506849315069,0.7903115810079004,0,0
2021-03-15,55907.19921875,0.8856342315260731,0.01605702194966918,1.0,0.6666666666666666,0.5,0.4594594594594595,0.6918918918918919,0.6127631439747966,1,1
2021-03-16,56804.90234375,0.6185149228141057,0.036369962842253134,1.0,0.6666666666666666,0.5,0.4666666666666667,0.6933333333333334,0.4288370131511133,1,1
2021-03-17,58870.89453125,0.7707243754451693,-0.017189693893861602,1.0,0.6666666666666666,0.5,0.47368421052631576,0.6947368421052631,0.5354506187303281,0,0
2021-03-18,57858.921875,0.018612388343676168,0.008429650137686817,1.0,1.0,0.5,0.4675324675324675,0.7935064935064935,0.014769051010371608,1,1
2021-03-19,58346.65234375,0.33985167624504453,-0.0005657190459794625,1.0,1.0,0.5,0.47435897435897434,0.7948717948717948,0.27013851188708665,0,0
2021-03-20,58313.64453125,-0.7427834750268486,-0.013551247955811196,1.0,0.6666666666666666,0.5,0.46835443037974683,0.6936708860759493,-0.5152472712844468,1,1
2021-03-21,57523.421875,-0.5370075779948232,-0.05205318540083803,1.0,0.6666666666666666,0.4501287663274939,0.475,0.6850257532654987,-0.36786402062518486,1,1
2021-03-22,54529.14453125,-0.4565778887490157,0.0038474981233158623,1.0,0.6666666666666666,0.4181691420270356,0.48148148148148145,0.6799301247017034,-0.31044106083315876,0,0
2021-03-23,54738.9453125,-0.621464065892123,-0.035891807492523076,1.0,1.0,0.43755430836449616,0.47560975609756095,0.7826328128924114,-0.4863781700007071,1,1
2021-03-24,52774.265625,-0.9687265343743874,-0.020277031922222966,1.0,1.0,0.4409784908771631,0.4819277108433735,0.7845812403441073,-0.7600446658937053,1,1
2021-03-25,51704.16015625,-0.9720114286337059,0.06639992475218648,1.0,1.0,0.4333224615069847,0.4880952380952381,0.7842835399204445,-0.7623325640919715,0,0
2021-03-26,55137.3125,-0.8005327515912105,0.015165759461888806,1.0,0.6666666666666666,0.38659766477447244,0.4823529411764706,0.6737901211901886,-0.5393910597113568,0,0
2021-03-27,55973.51171875,-0.6654890008972031,-0.0004067213991215679,1.0,0.6666666666666666,0.40589998891085843,0.47674418604651164,0.676528834991474,-0.45022249847662477,1,1
2021-03-28,55950.74609375,-0.49811422787218,0.03216137854506651,1.0,0.6666666666666666,0.40853689615474664,0.4827586206896552,0.6782591033688803,-0.33785050957186696,0,0
2021-03-29,57750.19921875,0.8278946440625367,0.020216245195582738,1.0,1.0,0.4244748208566026,0.4772727272727273,0.7803495096258659,0.6460471795160813,1,1
2021-03-30,58917.69140625,0.9098738174323139,1.9359634988669328e-05,1.0,1.0,0.42496916093594705,0.48314606741573035,0.7816230456703355,0.71117834435714,1,1
2021-03-31,58918.83203125,0.9811933564691353,0.0030037350775407035,1.0,1.0,0.4362293686854263,0.4888888888888889,0.785023651514863,0.7702599915375252,1,1
2021-04-01,59095.80859375,0.9934516955957865,0.004881969011259368,1.0,1.0,0.4373706503019963,0.5,0.7874741300603992,0.7823175097463205,1,1
2021-04-02,59384.3125,0.9122073028309013,-0.029981350293480258,1.0,1.0,0.5007206118531653,0.5111111111111111,0.8023663445928553,0.731924439083338,0,0
2021-04-03,57603.890625,0.524519056933368,0.0200448971410081,1.0,0.3333333333333333,0.5021932587744948,0.5111111111111111,0.6026608739771211,0.3161071132691189,1,1
2021-04-04,58758.5546875,0.7631318048672252,0.005094138552963257,1.0,0.6666666666666666,0.5489737135076938,0.5222222222222223,0.7142391871459832,0.545058639993614,1,1
2021-04-05,59057.87890625,0.42425899561304936,-0.014655445594718208,1.0,0.6666666666666666,0.5518265187582887,0.5333333333333333,0.7170319704183244,0.3042072635921241,0,0
2021-04-06,58192.359375,-0.24136095812327055,-0.036833390122360865,1.0,0.3333333333333333,0.5686334244957475,0.5333333333333333,0.6203933515658162,-0.14973873374723243,1,1
2021-04-07,56048.9375,-0.7505379537841138,0.04058980823677527,1.0,0.6666666666666666,0.5513368525268865,0.5444444444444444,0.7191562593942662,-0.53975406737681,0,0
2021-04-08,58323.953125,-0.2554379027784971,-0.0013536328475677317,1.0,0.6666666666666666,0.5256839806080909,0.5444444444444444,0.7140256850105071,-0.1823892235090637,1,1
2021-04-09,58245.00390625,-0.3659223834698039,0.026581343719059625,1.0,0.3333333333333333,0.5256242706614245,0.5555555555555556,0.616235965243396,-0.22549453318167867,0,0
2021-04-10,59793.234375,0.6411579197033119,0.006885903949730876,1.0,1.0,0.5191671314570158,0.5555555555555556,0.8149445374025143,0.5225081442745739,1,1
2021-04-11,60204.96484375,0.4560584268773888,-0.005174186540237491,1.0,1.0,0.5694474923381305,0.5666666666666667,0.8272228318009593,0.3772619433482043,0,0
2021-04-12,59893.453125,0.2756497149445161,0.06027376479221824,1.0,1.0,0.5667775528977654,0.5666666666666667,0.8266888439128863,0.2278765441723987,1,1
2021-04-13,63503.45703125,0.9493700482098131,-0.00620063437737306,1.0,1.0,0.5498163302832711,0.5777777777777777,0.8255188216122097,0.7837228434720916,0,0
2021-04-14,63109.6953125,0.9871229305547062,0.003237480473297971,1.0,1.0,0.5598168684255319,0.5666666666666667,0.8252967070184396,0.8146693040091909,1,1
2021-04-15,63314.01171875,0.9367887792417199,-0.027501379378466195,1.0,1.0,0.6189221430896815,0.5666666666666667,0.8371177619512695,0.7842025262998904,0,0
2021-04-16,61572.7890625,0.8153163004527967,-0.014437688523377457,1.0,0.6666666666666666,0.5979887001336329,0.5555555555555556,0.7307088511378378,0.5957588372178152,0,0
2021-04-17,60683.8203125,0.2893791427006128,-0.0736215468265391,1.0,0.6666666666666666,0.5908038782505618,0.5444444444444444,0.7270496645390013,0.21039300862506435,0,0
2021-04-18,56216.18359375,-0.8680385507040487,-0.008750468945115109,1.0,1.0,0.5098881249778924,0.5444444444444444,0.8108665138844674,-0.7038633935267175,1,1
2021-04-19,55724.265625,-0.8836542791297459,0.013436976092944253,1.0,1.0,0.5155468271058028,0.5555555555555556,0.8142204765322717,-0.7194894082428027,0,0
2021-04-20,56473.03125,-0.9764137091970903,-0.045454287638402646,1.0,1.0,0.5108054268890879,0.5555555555555556,0.8132721964889287,-0.7940901219606197,1,1
2021-04-21,53906.08984375,-0.9941608998310542,-0.0397694659817468,1.0,1.0,0.4826970321353148,0.5555555555555556,0.8076505175381741,-0.8029345652647677,1,1
2021-04-22,51762.2734375,-0.9986472160477136,-0.012917150838772984,1.0,1.0,0.4667061795170413,0.5666666666666667,0.8066745692367416,-0.8055833128247606,1,1
2021-04-23,51093.65234375,-0.9977918471315105,-0.02040928977310741,1.0,1.0,0.4743263625659615,0.5666666666666667,0.8081986058465256,-0.8064139797767164,1,1
2021-04-24,50050.8671875,-0.9981937689985726,-0.02091099195802515,1.0,1.0,0.48184461830066094,0.5777777777777777,0.8119244792156877,-0.8104579560505105,1,1
2021-04-25,49004.25390625,-0.9882548050313463,0.10238907033660749,1.0,1.0,0.48200637166944194,0.5888888888888889,0.8141790521116661,-0.8046163604052209,0,0
2021-04-26,54021.75390625,-0.544864812623962,0.018721407731506323,1.0,0.6666666666666666,0.3307681847974877,0.5888888888888889,0.6839314147372753,-0.37265016213846675,0,0
2021-04-27,55033.1171875,-0.4699042944928331,-0.003787066282106566,1.0,0.6666666666666666,0.3402780582875977,0.5777777777777777,0.683611167213075,-0.3212318232366822,1,1
2021-04-28,54824.703125,0.32820912910981254,-0.02315733013830157,1.0,0.6666666666666666,0.36097042870971563,0.5888888888888889,0.6899718635197208,0.22645506443608202,0,0
2021-04-29,53555.109375,0.5997259986518348,0.07833176806484676,1.0,0.3333333333333333,0.3560363196213845,0.5777777777777777,0.5867628194798324,0.3518969178843088,1,1
2021-04-30,57750.17578125,0.9891493049324075,0.0013484807439372304,1.0,0.6666666666666666,0.29144782678145575,0.5888888888888889,0.6760673431340689,0.6687315425485637,1,1
2021-05-01,57828.05078125,0.9960112319194897,-0.020698824187899145,1.0,0.6666666666666666,0.2919881589922553,0.6,0.678397631798451,0.6756916609788396,0,0
2021-05-02,56631.078125,0.9960509009600752,0.010051280367532334,1.0,1.0,0.2877532659121732,0.5888888888888889,0.7753284309602124,0.772266582197881,1,1
2021-05-03,57200.29296875,0.8264280530681627,-0.06760024652955021,1.0,0.6666666666666666,0.330478512809828,0.5888888888888889,0.6838734803397434,0.5651722289021226,0,0
2021-05-04,53333.5390625,-0.5494942404158218,0.07669599321369813,1.0,1.0,0.28766800584597074,0.5777777777777777,0.7730891567247496,-0.42480803894817454,0,0
2021-05-05,57424.0078125,0.7389779158709238,-0.01789307689659958,1.0,1.0,0.21767916101544682,0.5777777777777777,0.7590913877586448,0.5609517716814506,0,0
2021-05-06,56396.515625,0.7860901970106701,0.017020319573156195,1.0,0.6666666666666666,0.22085463707490816,0.5666666666666667,0.657504260748315,0.5168576538669979,1,1
2021-05-07,57356.40234375,-0.1355322074023121,0.02523475916996243,1.0,0.3333333333333333,0.21794347441773587,0.5666666666666667,0.5569220282168805,-0.07548087183520656,0,0
2021-05-08,58803.77734375,0.3252060067760409,-0.009718099130935132,1.0,1.0,0.2678407396849487,0.5666666666666667,0.766901481270323,0.24940096831455244,0,0
2021-05-09,58232.31640625,0.5120453758688099,-0.04074231762821234,1.0,1.0,0.267159807046493,0.5555555555555556,0.7645430725204098,0.391480744936608,0,0
2021-05-10,55859.796875,-0.43715038526862204,0.01512317249631967,1.0,0.6666666666666666,0.2492741165486918,0.5444444444444444,0.6587437121986273,-0.2879700675809122,0,0
2021-05-11,56704.57421875,0.852199619804892,-0.1332174549686006,1.0,0.6666666666666666,0.2705561093920089,0.5444444444444444,0.6630001107672907,0.5650084423264864,0,0
2021-05-12,49150.53515625,-0.9937368064284523,0.011508648851976444,1.0,1.0,0.11259997870676941,0.5333333333333333,0.7291866624080205,-0.7246196251915683,0,0
2021-05-13,49716.19140625,-0.9826416426253548,0.00330563837155351,1.0,1.0,0.11248020956813809,0.5333333333333333,0.7291627085802943,-0.7165056417004932,0,0
2021-05-14,49880.53515625,-0.9891750702114082,-0.06255641898138342,1.0,1.0,0.11614373452546678,0.5333333333333333,0.72989541357176,-0.7219943469668305,1,1
2021-05-15,46760.1875,-0.9994466509209826,-0.0065040138312105755,1.0,1.0,0.08578961195866852,0.5333333333333333,0.7238245890584004,-0.7234240613886748,1,1
2021-05-16,46456.05859375,-0.9993864912177455,-0.06282381595309616,1.0,1.0,0.1874077761017401,0.5444444444444444,0.7463704441092369,-0.7459125392869607,1,1
2021-05-17,43537.51171875,-0.9997056448648517,-0.014426855146374762,1.0,1.0,0.1662664366165586,0.5444444444444444,0.7421421762122006,-0.7419237228516223,1,1
2021-05-18,42909.40234375,-0.9998812120759838,-0.13766122609163733,1.0,1.0,0.1664822736354391,0.5444444444444444,0.7421853436159768,-0.7420971809597734,1,1
2021-05-19,37002.44140625,-0.999898285665809,0.10216344466291027,1.0,1.0,0.03404067152355639,0.5555555555555556,0.7179192454158224,-0.717846222737772,0,0
2021-05-20,40782.73828125,-0.9984892798068407,-0.08528232829817228,1.0,1.0,0.0,0.5444444444444444,0.7088888888888889,-0.7078179561297382,1,1
2021-05-21,37304.69140625,-0.9999165835511142,0.006217486259949112,1.0,1.0,0.0,0.5444444444444444,0.7088888888888889,-0.7088297558951232,0,0
2021-05-22,37536.6328125,-0.9992514101466563,-0.0736893688644572,1.0,0.6666666666666666,0.0,0.5333333333333333,0.6066666666666667,-0.6062125221556381,1,1
2021-05-23,34770.58203125,-0.9999146223557644,0.11318183957815453,1.0,1.0,0.0,0.5444444444444444,0.7088888888888889,-0.7088283656255309,0,0
2021-05-24,38705.98046875,-0.9766591757218944,-0.007847826326095597,1.0,0.6666666666666666,0.0,0.5444444444444444,0.6088888888888889,-0.5946769203284424,1,1
2021-05-25,38402.22265625,-0.9704978303702104,0.023227211885217036,1.0,0.6666666666666666,0.0,0.5555555555555556,0.6111111111111112,-0.593082007448462,0,0
2021-05-26,39294.19921875,0.8450862144316376,-0.021815700174415475,1.0,0.6666666666666666,0.0,0.5444444444444444,0.6088888888888889,0.5145636061205972,0,0
2021-05-27,38436.96875,-0.8178778476996647,-0.07126897282320166,1.0,1.0,0.0,0.5333333333333333,0.7066666666666667,-0.5779670123744297,1,1
2021-05-28,35697.60546875,-0.6970810686841996,-0.03029724398312339,1.0,1.0,0.0,0.5333333333333333,0.7066666666666667,-0.49260395520350103,1,1
2021-05-29,34616.06640625,-0.9147888689651106,0.03068120125307594,1.0,1.0,0.0,0.5333333333333333,0.7066666666666667,-0.6464508007353448,0,0
2021-05-30,35678.12890625,0.47925751017983065,0.04637929771620186,1.0,0.3333333333333333,0.0,0.5333333333333333,0.5066666666666666,0.24282380515778082,1,1
2021-05-31,37332.85546875,-0.6103730377552021,-0.017355481635803582,1.0,0.6666666666666666,0.0,0.5333333333333333,0.6066666666666667,-0.370292976238156,1,1
2021-06-01,36684.92578125,-0.7135472649174411,0.02426756732611457,1.0,0.6666666666666666,0.0,0.5444444444444444,0.6088888888888889,-0.43447100130528643,0,0
2021-06-02,37575.1796875,-0.7038794914547395,0.043475133082156336,1.0,0.3333333333333333,0.0,0.5444444444444444,0.5088888888888888,-0.3581964523180785,0,0
2021-06-03,39208.765625,0.3813093884640353,-0.05902658087058821,1.0,0.6666666666666666,0.0,0.5333333333333333,0.6066666666666667,0.2313276956681814,0,0
2021-06-04,36894.40625,0.5853228875633869,-0.03638625350557034,1.0,0.6666666666666666,0.0,0.5333333333333333,0.6066666666666667,0.3550958851217881,0,0
2021-06-05,35551.95703125,0.4935374424820907,0.008731498936251025,1.0,0.3333333333333333,0.0,0.5222222222222223,0.5044444444444445,0.2489622209854102,1,1
2021-06-06,35862.37890625,0.10291885513140754,-0.06418068028941804,1.0,0.6666666666666666,0.0,0.5222222222222223,0.6044444444444445,0.062208730212761895,0,0
2021-06-07,33560.70703125,-0.9654693611663682,-0.0026243254847995168,1.0,1.0,0.0,0.5111111111111111,0.7022222222222222,-0.6779740402857163,1,1
2021-06-08,33472.6328125,-0.9415219170547691,0.11569117681725527,1.0,1.0,0.1056024555226317,0.5111111111111111,0.7233427133267485,-0.6810430181389985,0,0
2021-06-09,37345.12109375,-0.12184403228245158,-0.01720501684509279,1.0,0.6666666666666666,0.08120778547804619,0.5,0.6162415570956092,-0.07508535617654565,1,1
2021-06-10,36702.59765625,-0.8560503603802527,0.01721406171757467,1.0,0.6666666666666666,0.13318505690284854,0.5111111111111111,0.628859233602792,-0.5383351735541195,0,0
2021-06-11,37334.3984375,0.23409196063688603,-0.047727642256857994,1.0,1.0,0.1311179618045729,0.5,0.7262235923609145,0.17000310459652918,0,0
2021-06-12,35552.515625,0.0003142407778693763,0.09972131894675185,1.0,0.6666666666666666,0.15738683408333876,0.5,0.6314773668166678,0.00019843593895537516,1,1
2021-06-13,39097.859375,0.9472584386934776,0.028661855288592664,1.0,1.0,0.1808543541536457,0.5111111111111111,0.7383930930529513,0.6994490884673864,1,1
2021-06-14,40218.4765625,0.9992844123540985,0.004669320789865594,1.0,1.0,0.17588242929299291,0.5111111111111111,0.7373987080808208,0.7368710346752144,1,1
2021-06-15,40406.26953125,0.999495953971006,-0.05096256237308472,1.0,1.0,0.17918731915028974,0.5111111111111111,0.7380596860522801,0.7376876699983649,0,0
2021-06-16,38347.0625,0.49039851441863164,-0.007655308506355651,1.0,0.6666666666666666,0.16031444520436755,0.5111111111111111,0.6342851112630957,0.31105247628127863,0,0
2021-06-17,38053.50390625,0.6268053033092856,-0.0595545108824469,1.0,0.3333333333333333,0.2060577760772052,0.5,0.5412115552154411,0.3392342730213047,0,0
2021-06-18,35787.24609375,-0.6798354219185466,-0.004788717174578294,1.0,1.0,0.18134702467165786,0.5,0.7362694049343316,-0.5005420215492485,1,1
2021-06-19,35615.87109375,0.03562541530541486,0.002314299179515533,1.0,0.6666666666666666,0.18790127599026485,0.5,0.637580255198053,0.022714061381963028,1,1
2021-06-20,35698.296875,-0.9401107730189326,-0.11265533282181261,1.0,1.0,0.20648223158351608,0.5,0.7412964463167032,-0.6969007751829835,1,1
2021-06-21,31676.693359375,-0.9995912632959254,0.02616961270137308,1.0,1.0,0.1091677656293103,0.5111111111111111,0.7240557753480843,-0.7237598271769023,0,0
2021-06-22,32505.66015625,-0.999198019023555,0.0374509295196066,1.0,1.0,0.1082044795597229,0.5,0.7216408959119446,-0.7210621536415984,0,0
2021-06-23,33723.02734375,-0.984048670970652,0.027856637741157764,1.0,1.0,0.11256403433116435,0.4888888888888889,0.7202905846440106,-0.7088009925316126,0,0
2021-06-24,34662.4375,-0.9449379564996065,-0.0872604012088013,1.0,0.6666666666666666,0.12862470883045363,0.4888888888888889,0.6235027195438685,-0.5891713856777304,1,1
2021-06-25,31637.779296875,-0.9808300638333668,0.017336806155961115,1.0,1.0,0.08183941682496465,0.5,0.7163678833649929,-0.7026351567690599,0,0
2021-06-26,32186.27734375,-0.9583990230888375,0.07653470332064805,1.0,1.0,0.07955987598701764,0.4888888888888889,0.7136897529751812,-0.6839995620399274,0,0
2021-06-27,34649.64453125,-0.5281012083616161,-0.006213875976586625,1.0,1.0,0.06565078456827289,0.4888888888888889,0.7109079346914323,-0.37543133934440626,1,1
2021-06-28,34434.3359375,0.9403561285311033,0.04162825758718758,1.0,0.6666666666666666,0.065210502929682,0.4888888888888889,0.6108198783637141,0.5743882160479417,1,1
2021-06-29,35867.77734375,0.9685690726545874,-0.02305527321430456,1.0,0.6666666666666666,0.15547475469778638,0.4888888888888889,0.628872728717335,0.6091066756715091,0,0
2021-06-30,35040.8359375,0.6535944441064526,-0.04191448950075438,1.0,0.6666666666666666,0.15357574198657187,0.4777777777777778,0.6262707039528699,0.4093270526102327,0,0
2021-07-01,33572.1171875,-0.557437490086337,0.00967855812266083,1.0,1.0,0.1438275924459147,0.4666666666666667,0.7220988518225163,-0.4025249715541693,0,0
2021-07-02,33897.046875,0.8912989193310826,0.022760094790705843,1.0,0.3333333333333333,0.15927889238927895,0.4666666666666667,0.5251891118111891,0.468100487801764,1,1
2021-07-03,34668.546875,0.9125294096344279,0.017861561294527206,1.0,0.3333333333333333,0.24600100495321975,0.4666666666666667,0.5425335343239773,0.49507780578353866,1,1
2021-07-04,35287.78125,0.3525359509747134,-0.043691535402215154,1.0,0.6666666666666666,0.2515907399995164,0.4666666666666667,0.6436514813332367,0.2269102870680956,0,0
2021-07-05,33746.00390625,-0.3797726799917614,0.014496276584600176,1.0,0.6666666666666666,0.23992736953614213,0.4666666666666667,0.6413188072405618,-0.24355536215486798,0,0
2021-07-06,34235.1953125,-0.7212923029043683,-0.011095808977648836,1.0,0.6666666666666666,0.25436300473735807,0.45555555555555555,0.6419837120585827,-0.46305791009783004,1,1
2021-07-07,33855.328125,-0.5893330301912217,-0.028886355129662422,1.0,0.6666666666666666,0.25391495022129196,0.4666666666666667,0.6441163233775917,-0.379599024651745,1,1
2021-07-08,32877.37109375,-0.3917645413254147,0.02800225791699673,1.0,1.0,0.2773177203591619,0.4666666666666667,0.7487968774051658,-0.29335206522253754,0,0
2021-07-09,33798.01171875,-0.058366497213786284,-0.008210311003178261,1.0,0.6666666666666666,0.26827333958425315,0.4666666666666667,0.646988001250184,-0.03776242337232202,1,1
2021-07-10,33520.51953125,-0.5798837519044188,0.021469475378479208,1.0,0.6666666666666666,0.2679169259990025,0.4666666666666667,0.6469167185331339,-0.37513649391268855,0,0
2021-07-11,34240.1875,-0.5325823102133159,-0.031668630428790756,1.0,0.6666666666666666,0.39996726188413523,0.4666666666666667,0.6733267857101605,-0.3586019350620236,1,1
2021-07-12,33155.84765625,-0.33616590720400136,-0.013687548281983153,1.0,1.0,0.3917583675269254,0.4666666666666667,0.7716850068387184,-0.2594141903996638,1,1
2021-07-13,32702.025390625,-0.714182414348283,0.003679352094793975,1.0,1.0,0.4052090447983393,0.4777777777777778,0.7765973645152233,-0.5546321807659957,0,0
2021-07-14,32822.34765625,-0.5442904884158001,-0.031734999531688124,1.0,1.0,0.41487016066074844,0.4666666666666667,0.7763073654654831,-0.4225367151099908,1,1
2021-07-15,31780.73046875,-0.5830754196988989,-0.011302175908234458,1.0,1.0,0.49943688705056233,0.4777777777777778,0.795442932965668,-0.46380322198547996,1,1
2021-07-16,31421.5390625,-0.8867014687926886,0.003549453661488622,1.0,1.0,0.5016507786827349,0.4888888888888889,0.7981079335143247,-0.7076834769022492,0,0
2021-07-17,31533.068359375,-0.8292753800537997,0.008363987433579023,1.0,1.0,0.5993366067906589,0.4888888888888889,0.8176450991359095,-0.6780529503350582,0,0
2021-07-18,31796.810546875,-0.8910910183877364,-0.030788575922789052,1.0,0.6666666666666666,0.5964838423431633,0.4777777777777778,0.7148523240241882,-0.636998485411554,1,1
2021-07-19,30817.83203125,-0.8875617944180113,-0.03278895069501786,1.0,1.0,0.625072327592613,0.4888888888888889,0.8227922432963003,-0.7302789598932852,1,1
2021-07-20,29807.34765625,-0.9436461776685579,0.07727442675168827,1.0,1.0,0.6154217518845557,0.4888888888888889,0.8208621281546888,-0.77460340962605,0,0
2021-07-21,32110.693359375,-0.4083588938014202,0.006303573302191001,1.0,0.6666666666666666,0.5258057714652563,0.4777777777777778,0.7007167098486069,-0.2861439005019478,0,0
2021-07-22,32313.10546875,0.3230332408834274,0.03925482537500802,1.0,0.6666666666666666,0.5268192495573725,0.4666666666666667,0.6986971832448079,0.22570241549969222,1,1
2021-07-23,33581.55078125,0.8797951926015836,0.021169199000986128,1.0,0.6666666666666666,0.5107818439968206,0.4666666666666667,0.6954897021326975,0.6118884964402546,1,1
2021-07-24,34292.4453125,0.9413923895039972,0.030844758309330533,1.0,1.0,0.5087858301730348,0.4666666666666667,0.7950904993679403,0.7484921450719116,1,1
2021-07-25,35350.1875,0.9773668313140916,0.05621887171744144,1.0,1.0,0.5248862626614288,0.4777777777777778,0.8005328080878413,0.7824142140037853,1,1
2021-07-26,37337.53515625,0.999577496019152,0.055424286615063156,1.0,1.0,0.48660057856469363,0.4888888888888889,0.7950978934907165,0.7947619614655528,1,1
2021-07-27,39406.94140625,0.9999949141063246,0.014945713184850051,1.0,1.0,0.45818727658345637,0.4888888888888889,0.789415233094469,0.7894112182125278,1,1
2021-07-28,39995.90625,0.9998915742923847,0.00031292265067750513,1.0,1.0,0.4773227271885516,0.5,0.7954645454377103,0.7953782966314883,1,1
2021-07-29,40008.421875,0.9998541401424625,0.055666404612466414,1.0,1.0,0.48078121695617526,0.5,0.796156243391235,0.7960401161549965,1,1
2021-07-30,42235.546875,0.9999332744394315,-0.014427457617713135,1.0,1.0,0.45797678120251617,0.5,0.7915953562405033,0.7915425365966147,0,0
2021-07-31,41626.1953125,0.9996146689657802,-0.039669750474507826,1.0,1.0,0.4507004581416888,0.5,0.7901400916283378,0.7898356261296521,0,0
2021-08-01,39974.89453125,0.9893819215849088,-0.019335866368471732,1.0,0.6666666666666666,0.44120827397438755,0.4888888888888889,0.6860194325726553,0.6787352244433225,0,0
2021-08-02,39201.9453125,0.761038708363844,-0.02675797936526192,1.0,0.6666666666666666,0.43740582140097684,0.4888888888888889,0.6852589420579731,0.521508580158574,0,0
2021-08-03,38152.98046875,-0.5624544944201197,0.041792893187100555,1.0,0.6666666666666666,0.42176334076373767,0.4888888888888889,0.6821304459305253,-0.3836673350944244,0,0
2021-08-04,39747.50390625,-0.12357896688597637,0.02822946527400849,1.0,0.6666666666666666,0.4308413132248675,0.4888888888888889,0.6839460404227513,-0.08452134508119784,0,0
2021-08-05,40869.5546875,0.40571884072232056,0.04763803587748594,1.0,1.0,0.4351711332012965,0.4777777777777778,0.7825897821958148,0.3175114191936193,1,1
2021-08-06,42816.5,0.26836537898395646,0.04062220829002827,1.0,1.0,0.42329557473309987,0.4888888888888889,0.7824368927243976,0.20997897324701226,1,1
2021-08-07,44555.80078125,0.8869786663937701,-0.017005273846830926,1.0,1.0,0.4143544602006186,0.5,0.7828708920401237,0.6943897797802501,0,0
2021-08-08,43798.1171875,0.957320948777779,0.058616336068955555,1.0,1.0,0.42734060008720287,0.5,0.7854681200174406,0.7519450858897946,1,1
2021-08-09,46365.40234375,0.9986623075418755,-0.016830892309838696,1.0,1.0,0.4454253240964632,0.5111111111111111,0.7913072870415149,0.7902487612515805,0,0
2021-08-10,45585.03125,0.9991741593810524,0.00018877838873909702,1.0,1.0,0.46998610848474776,0.5111111111111111,0.7962194439191718,0.7955618935607874,1,1
2021-08-11,45593.63671875,0.9944441563160124,-0.02555943636254754,1.0,1.0,0.4675133378196572,0.5222222222222223,0.7979471120083759,0.7935138425859679,0,0
2021-08-12,44428.2890625,0.9404013691064118,0.07574073458615982,1.0,0.6666666666666666,0.4511430803725486,0.5222222222222223,0.6946730605189542,0.6532714971933657,1,1
2021-08-13,47793.3203125,0.9810474312306491,-0.01457055076832292,1.0,1.0,0.40596206556061953,0.5222222222222223,0.7856368575565683,0.7707470209859907,0,0
2021-08-14,47096.9453125,0.8146352413505703,-0.0010603958689597848,1.0,1.0,0.3970545691281274,0.5111111111111111,0.7816331360478477,0.6367458984319415,0,0
2021-08-15,47047.00390625,0.9021353854710263,-0.02215910567498447,1.0,1.0,0.4166726533750178,0.5,0.7833345306750036,0.7066737987832599,0,0
2021-08-16,46004.484375,-0.15443844852852567,-0.028456465011732934,1.0,0.6666666666666666,0.4291526231602031,0.4888888888888889,0.6836083024098184,-0.10557540562539156,1,1
2021-08-17,44695.359375,-0.37164907443267514,0.002367765389513554,1.0,0.6666666666666666,0.4138674527576295,0.4888888888888889,0.6805512683293037,-0.25292624897856886,0,0
2021-08-18,44801.1875,-0.33425778090342867,0.04277544261522093,1.0,0.6666666666666666,0.41411562443410455,0.4888888888888889,0.6806009026645987,-0.22749614740553922,0,0
2021-08-19,46717.578125,0.7741307078909182,0.056115872471717454,1.0,1.0,0.42815592617510934,0.4777777777777778,0.7811867407905775,0.604740644643209,1,1
2021-08-20,49339.17578125,0.5695738619038685,-0.008789842693618932,1.0,1.0,0.4044413670221281,0.4888888888888889,0.7786660511822033,0.44350782990528287,0,0
2021-08-21,48905.4921875,0.645770965707706,0.00850947690403503,1.0,1.0,0.43080132065558674,0.4777777777777778,0.7817158196866729,0.5048093797880537,1,1
2021-08-22,49321.65234375,0.7473690732766175,0.004551674225862445,1.0,1.0,0.4428898037867126,0.4888888888888889,0.7863557385351203,0.587697959574743,1,1
2021-08-23,49546.1484375,0.9120705900946041,-0.037137725293038826,1.0,1.0,0.4628548957889116,0.4888888888888889,0.7903487569355601,0.720853857118753,0,0
2021-08-24,47706.1171875,0.8733991031642673,0.02630002081428562,1.0,0.6666666666666666,0.4432361626908796,0.4888888888888889,0.6864250103159537,0.5995229883994769,1,1
2021-08-25,48960.7890625,0.9523930118827028,-0.04122830434622349,1.0,0.6666666666666666,0.44341347723609037,0.5,0.688682695447218,0.6558965865484742,0,0
2021-08-26,46942.21875,0.095874250941642,0.04508626296557394,1.0,0.6666666666666666,0.41953239244189366,0.4888888888888889,0.6816842562661565,0.06535596744822808,1,1
2021-08-27,49058.66796875,-0.11321840261111771,-0.003185280633781984,1.0,0.3333333333333333,0.4151128443410834,0.4888888888888889,0.5808003466459944,-0.06575728748324293,1,1
2021-08-28,48902.40234375,-0.0012635971819507606,-0.0014839825657210204,1.0,0.6666666666666666,0.42087488500261716,0.5,0.6841749770005234,-0.0008645215728990879,1,1
2021-08-29,48829.83203125,-0.196831150077247,-0.0363476092875793,1.0,0.3333333333333333,0.4604547121202677,0.5,0.5920909424240535,-0.11654194114764747,1,1
2021-08-30,47054.984375,-0.7639332633756882,0.0023738850726162664,1.0,0.6666666666666666,0.44450463710866006,0.5,0.688900927421732,-0.5262743336278219,0,0
2021-08-31,47166.6875,-0.2223689981796862,0.03562556399047523,1.0,0.6666666666666666,0.4445563188030994,0.5,0.6889112637606198,-0.15319250755715058,0,0
2021-09-01,48847.02734375,-0.04643711904943836,0.009840830417728652,1.0,0.3333333333333333,0.44234415736637656,0.5,0.5884688314732753,-0.027326797184008367,0,0
2021-09-02,49327.72265625,0.7683787777930705,0.014143210068944922,1.0,1.0,0.5186212136759583,0.5,0.8037242427351916,0.6175646513155276,1,1
2021-09-03,50025.375,0.3748915050245359,-0.0016141808032423821,1.0,1.0,0.5212718456402803,0.5111111111111111,0.8064765913502783,0.3023412230983634,0,0
2021-09-04,49944.625,0.4021792653190395,0.03621581213694158,1.0,1.0,0.5211881484471249,0.5,0.8042376296894249,0.3234476990504187,1,1
2021-09-05,51753.41015625,0.832876908055635,0.017006125728580734,1.0,1.0,0.5170813648264206,0.5111111111111111,0.8056384951875063,0.6709976988823648,1,1
2021-09-06,52633.53515625,0.9827110877663593,-0.1106216071695616,1.0,1.0,0.5364592412435457,0.5111111111111111,0.8095140704709314,0.7955184527546622,0,0
2021-09-07,46811.12890625,-0.14963477806847023,-0.015375366885328479,1.0,1.0,0.350047396867724,0.5111111111111111,0.772231701595767,-0.11555271928571972,1,1
2021-09-08,46091.390625,-0.8104270365939412,0.006509485739778498,1.0,1.0,0.36708477049973764,0.5111111111111111,0.7756391763221697,-0.6285989591329415,0,0
2021-09-09,46391.421875,-0.8307424282974403,-0.032495484247323514,1.0,1.0,0.4075294987817175,0.5111111111111111,0.7837281219785657,-0.6510762031774661,1,1
2021-09-10,44883.91015625,-0.9677486516176735,0.0070748487352050304,1.0,1.0,0.3968389941751367,0.5222222222222223,0.7838122432794717,-0.7585332415551327,0,0
2021-09-11,45201.45703125,-0.9561835548504827,0.019066033632592516,1.0,1.0,0.39725866737813187,0.5111111111111111,0.7816739556978486,-0.7474237816932076,0,0
2021-09-12,46063.26953125,-0.9756924331991383,-0.023884438158555232,1.0,1.0,0.3916737556414096,0.5,0.7783347511282819,-0.7594153271717992,1,1
2021-09-13,44963.07421875,-0.9941371660871944,0.0473592610325122,1.0,0.6666666666666666,0.40105000089477294,0.5,0.6802100001789546,-0.6762220419220759,0,0
2021-09-14,47092.4921875,0.11963639999654843,0.023015462091804384,1.0,0.6666666666666666,0.38054634058113734,0.5,0.6761092681162274,0.08088727884172658,1,1
2021-09-15,48176.34765625,0.7185814096508275,-0.008157286726135138,1.0,0.6666666666666666,0.39571673485500636,0.5111111111111111,0.6813655691932234,0.48961663119840493,0,0
2021-09-16,47783.359375,0.537109336765548,-0.010795386730801604,1.0,0.6666666666666666,0.4203956165016801,0.5111111111111111,0.6863013455225583,0.36861886051492443,0,0
2021-09-17,47267.51953125,0.7864746561509331,0.021385589090024082,1.0,0.6666666666666666,0.41917728226640505,0.5,0.683835456453281,0.5378192554779107,1,1
2021-09-18,48278.36328125,0.8767217876621206,-0.021089044077959085,1.0,0.6666666666666666,0.4128636601381961,0.5,0.6825727320276392,0.5984263858326895,0,0
2021-09-19,47260.21875,0.4774668157955485,-0.09344895316951951,1.0,0.3333333333333333,0.42459194336689554,0.4888888888888889,0.5826961664511568,0.27821808317170676,0,0
2021-09-20,42843.80078125,-0.7364478719126669,-0.050185206746199196,1.0,1.0,0.3215766854299035,0.4888888888888889,0.7620931148637584,-0.5612418526407105,1,1
2021-09-21,40693.67578125,-0.991316316420006,0.07079311406361999,1.0,1.0,0.3194013352501459,0.5,0.7638802670500291,-0.7572469725179652,0,0
2021-09-22,43574.5078125,-0.9571202261172612,0.0303064775724482,1.0,1.0,0.2574953300516788,0.5,0.7514990660103357,-0.7192749559867231,0,0
2021-09-23,44895.09765625,-0.8363487885412079,-0.04578111561282838,1.0,0.6666666666666666,0.2485054057236905,0.4888888888888889,0.6474788589225159,-0.5415181592658898,1,1
2021-09-24,42839.75,-0.9539097854638479,-0.002874812528084303,1.0,0.6666666666666666,0.23231399915370798,0.5,0.6464627998307416,-0.6166671906969011,1,1
2021-09-25,42716.59375,-0.9802550775879834,0.011516492054097771,1.0,1.0,0.25154439408217844,0.5111111111111111,0.7525311010386578,-0.7376724328360201,0,0
2021-09-26,43208.5390625,-0.9372126452578547,-0.02251426719942695,1.0,1.0,0.25413845834131654,0.5,0.7508276916682632,-0.7036852070412619,1,1
2021-09-27,42235.73046875,-0.2764687549106938,-0.02844007873591181,1.0,1.0,0.3720072058242825,0.5,0.7744014411648564,-0.21409780223989475,1,1
2021-09-28,41034.54296875,0.1659784629672687,0.012911568502261384,1.0,0.3333333333333333,0.3665710223770794,0.5111111111111111,0.575536426697638,0.09552665148494807,1,1
2021-09-29,41564.36328125,-0.7271364379473536,0.05356827518164842,1.0,1.0,0.36429796059522845,0.5222222222222223,0.7773040365634901,-0.5652060883488758,0,0
2021-09-30,43790.89453125,-0.4557260303286048,0.09878873042688929,1.0,0.6666666666666666,0.3374492561089142,0.5222222222222223,0.6719342956662273,-0.30621794920561685,0,0
2021-10-01,48116.94140625,0.9856132913762782,-0.008426411013467638,1.0,1.0,0.23649554313119636,0.5111111111111111,0.7495213308484615,0.7387381858542805,0,0
2021-10-02,47711.48828125,0.9815622470916744,0.010237887379882071,1.0,0.6666666666666666,0.2375627627054736,0.5,0.6475125525410947,0.6355738760923029,1,1
2021-10-03,48199.953125,0.9805014709566076,0.018940873580984396,1.0,1.0,0.2447240546033278,0.5111111111111111,0.7511670331428878,0.7365203809307123,1,1
2021-10-04,49112.90234375,0.9970367458676399,0.048905889117254686,1.0,1.0,0.2619249346152508,0.5222222222222223,0.7568294313674946,0.7545867534275031,1,1
2021-10-05,51514.8125,0.9999268453937841,0.0746704982911468,1.0,1.0,0.24472505873853756,0.5222222222222223,0.7533894561921519,0.753334342283157,1,1
2021-10-06,55361.44921875,0.9999965758516457,-0.02809653406297008,1.0,1.0,0.20073191478378583,0.5222222222222223,0.7445908274012016,0.7445882778117454,0,0
2021-10-07,53805.984375,0.9997871795661236,0.0030082765538104184,1.0,1.0,0.19166976656401935,0.5222222222222223,0.7427783977572483,0.7426203193363636,1,1
2021-10-08,53967.84765625,0.9846777433001149,0.01853649985027972,1.0,1.0,0.19345022840393566,0.5222222222222223,0.7431344901252316,0.7317479927049946,1,1
2021-10-09,54968.22265625,0.9954515838317864,-0.003577422040362044,1.0,0.6666666666666666,0.20019299543676572,0.5333333333333333,0.6467052657540199,0.6437637810671955,0,0
2021-10-10,54771.578125,0.9914750694632066,0.04953684064585273,1.0,1.0,0.31013836317499344,0.5222222222222223,0.7664721170794431,0.7599379955229518,1,1
2021-10-11,57484.7890625,0.9978156307701902,-0.025114999851183484,1.0,1.0,0.34643245212465834,0.5222222222222223,0.773730934869376,0.7720408208230954,0,0
2021-10-12,56041.05859375,0.9421961965984851,0.02426861834211813,1.0,1.0,0.36270447774285053,0.5222222222222223,0.7769853399930146,0.7320726321541992,1,1
2021-10-13,57401.09765625,0.6272369718251362,-0.001386283921372633,1.0,1.0,0.36476253546190274,0.5222222222222223,0.777396951536825,0.48761210978805025,0,0
2021-10-14,57321.5234375,0.8634498653421373,0.07453440740995654,1.0,0.6666666666666666,0.4065647186570822,0.5111111111111111,0.6835351659536386,0.5901983469992848,1,1
2021-10-15,61593.94921875,0.9930058808418291,-0.01139348166745524,1.0,1.0,0.370298926888604,0.5222222222222223,0.7785042298221653,0.773059278473649,0,0
2021-10-16,60892.1796875,0.9735105591407486,0.01086243756414218,1.0,1.0,0.3600763592911953,0.5222222222222223,0.7764597163026835,0.7558917325680924,1,1
2021-10-17,61553.6171875,0.9859741436532833,0.007675599893030238,1.0,1.0,0.3800845464956366,0.5222222222222223,0.7804613537435717,0.7695147149118003,1,1
2021-10-18,62026.078125,0.9186013889873424,0.036047967727284025,1.0,1.0,0.40835509433690065,0.5222222222222223,0.7861154633118246,0.7221267565026703,1,1
2021-10-19,64261.9921875,0.9943577432264462,0.026934175102288238,1.0,1.0,0.4068695061052421,0.5333333333333333,0.7880405678877151,0.7835942406557155,1,1
2021-10-20,65992.8359375,0.9949910052357238,-0.057319313661295834,1.0,1.0,0.4196427842860613,0.5444444444444444,0.7928174457461011,0.7888462273113321,0,0
2021-10-21,62210.171875,0.9361170767954718,-0.024399647264276236,1.0,1.0,0.43380710139158674,0.5333333333333333,0.793428086944984,0.7427415813983619,0,0
2021-10-22,60692.265625,-0.28469442823480606,0.011555863919028075,1.0,0.6666666666666666,0.4211957947636241,0.5222222222222223,0.6886836033971693,-0.19606438470384305,0,0
2021-10-23,61393.6171875,0.16322369186331187,-0.007537937512081094,1.0,0.6666666666666666,0.4212579834560002,0.5111111111111111,0.6864738189134223,0.11204879109055539,0,0
2021-10-24,60930.8359375,-0.19963662842590307,0.0346128236844363,1.0,0.6666666666666666,0.416819601106558,0.5,0.6833639202213116,-0.13642446902089048,0,0
2021-10-25,63039.82421875,0.31571217897757153,-0.04244985266320056,1.0,1.0,0.42849408738834205,0.4888888888888889,0.7834765952554461,0.2473531030660258,0,0
2021-10-26,60363.79296875,-0.8376430187846714,-0.03116779376295975,1.0,0.6666666666666666,0.45544247644361735,0.4777777777777778,0.686644050844279,-0.5751625955797373,1,1
2021-10-27,58482.38671875,-0.9791337506672105,0.03658793903693369,1.0,0.6666666666666666,0.45247598729232297,0.4777777777777778,0.6860507530140201,-0.6717354469466815,0,0
2021-10-28,60622.13671875,-0.47036485724568694,0.02648913766352501,1.0,0.6666666666666666,0.4391820370362055,0.4666666666666667,0.6811697407405745,-0.3203983078635219,0,0
2021-10-29,62227.96484375,0.4668703904336755,-0.005449845794435637,1.0,1.0,0.4357168807627342,0.4666666666666667,0.7804767094858802,0.36438146608206323,0,0
2021-10-30,61888.83203125,0.15993943165851954,-0.009208042570786446,1.0,1.0,0.43514663890388483,0.4666666666666667,0.7803626611141103,0.1248107605061207,0,0
2021-10-31,61318.95703125,0.12671248872112315,-0.005129747739996526,1.0,0.6666666666666666,0.45959605224359823,0.4666666666666667,0.685252543782053,0.08683005522510434,0,0
2021-11-01,61004.40625,-0.5688061589920395,0.03642353446805324,1.0,1.0,0.47067879048159156,0.4666666666666667,0.7874690914296517,-0.44791726922105135,0,0
2021-11-02,63226.40234375,0.7390816416409959,-0.004054563588107407,1.0,0.6666666666666666,0.46182520084932166,0.4666666666666667,0.6856983735031977,0.5067870795593041,0,0
2021-11-03,62970.046875,0.9112262828779952,-0.024103783966732184,1.0,0.6666666666666666,0.4612193427150647,0.4666666666666667,0.6855772018763463,0.6247159652916799,0,0
2021-11-04,61452.23046875,0.2672113206994754,-0.005313959884109654,1.0,0.6666666666666666,0.5286503492185124,0.45555555555555555,0.6968411809548136,0.18620385228071787,0,0
2021-11-05,61125.67578125,-0.34016092691806943,0.006573419146120196,1.0,0.6666666666666666,0.5303862516772938,0.4444444444444444,0.6949661392243477,-0.2364003260952262,0,0
2021-11-06,61527.48046875,-0.11624649094894861,0.029247220896912562,1.0,0.6666666666666666,0.531547042866912,0.4444444444444444,0.6951982974622714,-0.0808143625936724,0,0
2021-11-07,63326.98828125,0.574990377448956,0.06695154718111462,1.0,1.0,0.5192825382749501,0.43333333333333335,0.7905231743216566,0.45454321838535616,1,1
2021-11-08,67566.828125,0.9733030994594517,-0.008806096371717143,1.0,1.0,0.47287874820655895,0.4444444444444444,0.7834646385302007,0.7625485609983232,0,0
2021-11-09,66971.828125,0.828948647644631,-0.029513867421399387,1.0,1.0,0.480208062151394,0.43333333333333335,0.7827082790969455,0.6488249694576694,0,0
2021-11-10,64995.23046875,0.5670888692846073,-0.0006965054346836919,1.0,1.0,0.5188159216445564,0.43333333333333335,0.7904298509955779,0.44824397044988296,0,0
2021-11-11,64949.9609375,0.8138602855275204,-0.01222509636324598,1.0,0.6666666666666666,0.5308382120535542,0.4222222222222222,0.6906120868551553,0.5620617501966935,0,0
2021-11-12,64155.94140625,0.7579956679038694,0.0048878705639170406,1.0,0.6666666666666666,0.5281310162744652,0.4222222222222222,0.6900706476993375,0.5230705615037151,1,1
2021-11-13,64469.52734375,0.7426380198498408,0.015469517787564335,1.0,0.6666666666666666,0.5298300570542589,0.43333333333333335,0.6926326780775185,0.5143753605307806,1,1
2021-11-14,65466.83984375,0.5887889034632982,-0.02915932332393234,1.0,1.0,0.5439993993640281,0.4444444444444444,0.7976887687616945,0.4696702954641865,0,0
2021-11-15,63557.87109375,-0.8295414583596749,-0.05344145330150951,1.0,0.6666666666666666,0.5614923015721722,0.43333333333333335,0.6989651269811011,-0.579820550778458,1,1
2021-11-16,60161.24609375,-0.9663436555699975,0.003436857419438999,1.0,1.0,0.5202939566695122,0.4444444444444444,0.7929476802227914,-0.7662599599822416,0,0
2021-11-17,60368.01171875,-0.890402262294337,-0.05674983989800575,1.0,1.0,0.5391492143411296,0.4444444444444444,0.7967187317571148,-0.7094001611688101,1,1
2021-11-18,56942.13671875,-0.9856747222914141,0.020677857806173483,1.0,1.0,0.49632759813823213,0.4444444444444444,0.7881544085165353,-0.7768638777372896,0,0
2021-11-19,58119.578125,-0.954650025483084,0.027144333086984274,1.0,1.0,0.4857326626388412,0.4444444444444444,0.7860354214166572,-0.7503887350860184,0,0
2021-11-20,59697.1953125,-0.901560187255165,-0.01619370466132397,1.0,1.0,0.47206074143493837,0.43333333333333335,0.7810788149536543,-0.7041895626706589,1,1
2021-11-21,58730.4765625,-0.9679008567052194,-0.041565940596482776,1.0,0.6666666666666666,0.45808968384534376,0.43333333333333335,0.6782846034357355,-0.6565122487554084,1,1
2021-11-22,56289.2890625,-0.9795868751655562,0.022735855747423095,1.0,1.0,0.4555354170486622,0.4444444444444444,0.7799959722986213,-0.7640738171457262,0,0
2021-11-23,57569.07421875,-0.6971538076195921,-0.02238438701660228,1.0,1.0,0.44261699909508356,0.43333333333333335,0.7751900664856833,-0.5404267064793788,1,1
2021-11-24,56280.42578125,-0.8750462536251283,0.017666069374003168,1.0,1.0,0.4416499488525071,0.4444444444444444,0.7772188786593903,-0.6801024680176228,0,0
2021-11-25,57274.6796875,0.1162720530507052,-0.06468677053655503,1.0,0.6666666666666666,0.42511535712602944,0.43333333333333335,0.6716897380918726,0.07809874486103249,0,0
2021-11-26,53569.765625,-0.9163347432557564,0.02324655494514305,1.0,1.0,0.3700061111246432,0.4222222222222222,0.7584456666693731,-0.6949901152409209,0,0
2021-11-27,54815.078125,-0.9268587579948552,0.044392510044424904,1.0,1.0,0.3744609970174637,0.4111111111111111,0.757114421625715,-0.7017381324880033,0,0
2021-11-28,57248.45703125,-0.4657936790667207,0.009748898117819094,1.0,1.0,0.41025038208693476,0.4,0.762050076417387,-0.3549581087275303,0,0
2021-11-29,57806.56640625,0.4923062786427877,-0.013858989986877734,1.0,0.6666666666666666,0.39867240594880204,0.4,0.6597344811897605,0.3247914273268612,0,0
2021-11-30,57005.42578125,-0.1933513996490434,0.003936508510805847,1.0,0.6666666666666666,0.40459000217033547,0.4,0.6609180004340671,-0.12778942043717395,0,0
2021-12-01,57229.828125,0.3251388560851106,-0.013140205787574133,1.0,0.3333333333333333,0.402955215296564,0.4,0.5605910430593128,0.18226993047186396,0,0
2021-12-02,56477.81640625,-0.27129412181207224,-0.05098586481791345,1.0,1.0,0.40049969251280104,0.3888888888888889,0.7578777162803381,-0.20560776947921316,1,1
2021-12-03,53598.24609375,0.010632637689576506,-0.08204639683653359,1.0,0.3333333333333333,0.37173818044649143,0.4,0.5543476360892983,0.005894177568610714,0,0
2021-12-04,49200.703125,-0.9672972473583745,0.003417522933012007,1.0,1.0,0.29547123433208955,0.3888888888888889,0.7368720246441958,-0.7127742810937229,0,0
2021-12-05,49368.84765625,-0.9919046142408117,0.02458589579002135,1.0,1.0,0.29163814725157244,0.37777777777777777,0.73388318500587,-0.7279421175210657,0,0
2021-12-06,50582.625,-0.9865969958399256,0.002322159783127109,1.0,1.0,0.30047621626543164,0.37777777777777777,0.7356507988086419,-0.7257908680918476,0,0
2021-12-07,50700.0859375,-0.9763204150829454,-0.00385184874717448,1.0,0.6666666666666666,0.29984552675929754,0.36666666666666664,0.6333024386851929,-0.6183060998101692,1,1
2021-12-08,50504.796875,-0.9819799746395921,-0.05608726213196957,1.0,0.6666666666666666,0.3329522219663851,0.37777777777777777,0.6421459999488326,-0.6305745127446701,1,1
2021-12-09,47672.12109375,-0.9960945282785486,-0.00899511908452133,1.0,1.0,0.293637998982926,0.37777777777777777,0.7342831553521407,-0.7314154332533749,1,1
2021-12-10,47243.3046875,-0.9827195481095246,0.044857216044006165,1.0,1.0,0.3135545306864419,0.3888888888888889,0.7404886839150662,-0.7276927048372304,0,0
2021-12-11,49362.5078125,0.0656786390940156,0.014906619570362878,1.0,0.3333333333333333,0.24913059887777322,0.3888888888888889,0.5276038975533324,0.03465230597200129,1,1
2021-12-12,50098.3359375,0.2872127425120728,-0.0670851717099511,1.0,0.6666666666666666,0.2574287783765259,0.3888888888888889,0.629263533453083,0.18073250520589743,0,0
2021-12-13,46737.48046875,-0.9087572444694055,-0.00267125345649466,1.0,1.0,0.2104627060969707,0.3888888888888889,0.7198703189971718,-0.6541873674671818,1,1
2021-12-14,46612.6328125,-0.9235146134683903,0.04900151967252708,1.0,1.0,0.21130722542367075,0.3888888888888889,0.7200392228625119,-0.6649667445839528,0,0
2021-12-15,48896.72265625,-0.562717173535667,-0.025181582897818466,1.0,1.0,0.16899005106174425,0.3888888888888889,0.7115757879901266,-0.400415916174219,1,1
2021-12-16,47665.42578125,-0.0028088932222637628,-0.030699007215741814,1.0,0.6666666666666666,0.20913199334432553,0.4,0.621826398668865,-0.0017466439566456594,1,1
2021-12-17,46202.14453125,-0.41427848777567644,0.013995731563123393,1.0,1.0,0.20781275496282703,0.4,0.7215625509925654,-0.29892784246075943,0,0
2021-12-18,46848.77734375,-0.7692457341991168,-0.0030259427628138713,1.0,1.0,0.24184206371622963,0.4,0.7283684127432459,-0.5602942944281235,1,1
2021-12-19,46707.015625,-0.8749625772442071,0.003709543768351198,1.0,1.0,0.24685779231987615,0.4111111111111111,0.7315937806861974,-0.6401171798450285,0,0
2021-12-20,46880.27734375,0.06102999442275963,0.04386356169401262,1.0,0.6666666666666666,0.2333428529977628,0.4,0.6266685705995525,0.038245579368609436,1,1
2021-12-21,48936.61328125,0.7603930230904857,-0.006295931447672265,1.0,0.6666666666666666,0.18746872829140127,0.4111111111111111,0.6197159678805024,0.4712276982741016,0,0
2021-12-22,48628.51171875,-0.10926707830994094,0.04433669194360079,1.0,0.6666666666666666,0.18759094035902424,0.4111111111111111,0.619740410294027,-0.06771722394343238,0,0
2021-12-23,50784.5390625,0.8639595287670848,0.0007414904357732066,1.0,1.0,0.18280431717803625,0.4,0.7165608634356073,0.6190795859067627,1,1
2021-12-24,50822.1953125,0.9640225740991742,-0.007719775485643066,1.0,1.0,0.29856509786106844,0.4,0.7397130195722137,0.7131000492226783,0,0
2021-12-25,50429.859375,0.910216197467234,0.0075284019171428795,1.0,1.0,0.2911037809253103,0.4,0.738220756185062,0.6719404895861533,1,1
2021-12-26,50809.515625,0.9421327731429564,-0.003328070621613999,1.0,1.0,0.2999009875935972,0.4,0.7399801975187195,0.6971595955591838,0,0
2021-12-27,50640.41796875,0.9222902703561523,-0.06025942562091624,1.0,0.6666666666666666,0.29964147755386417,0.3888888888888889,0.6377060732885507,0.5881501067410577,0,0
2021-12-28,47588.85546875,-0.5011328629363405,-0.02404227880624954,1.0,0.6666666666666666,0.23187130496036112,0.37777777777777777,0.6219298165476278,-0.31166946951198576,1,1
2021-12-29,46444.7109375,-0.7153990696405723,0.01579112126431248,1.0,1.0,0.27370947350464725,0.3888888888888889,0.7325196724787073,-0.524043892184684,0,0
2021-12-30,47178.125,-0.8896573878828626,-0.018476352917798256,1.0,1.0,0.2677775238850143,0.3888888888888889,0.7313332825547807,-0.6506360578294857,1,1
2021-12-31,46306.4453125,-0.9443800110818128,0.029809396471367267,1.0,0.6666666666666666,0.2997572510111861,0.4,0.6399514502022372,-0.6043573576338109,0,0
2022-01-01,47686.8125,-0.7960979989875872,-0.007163274962024402,1.0,0.3333333333333333,0.28108752353421795,0.3888888888888889,0.5339952824846214,-0.42511257585481843,1,1
2022-01-02,47345.21875,-0.8772348482626185,-0.0187368774698079,1.0,0.3333333333333333,0.3332455104510915,0.3888888888888889,0.5444268798679961,-0.4775902313510924,1,1
2022-01-03,46458.1171875,-0.9290992774713575,-0.012065555013512697,1.0,0.6666666666666666,0.3116057486113606,0.3888888888888889,0.6400989275000499,-0.5947154510504872,1,1
2022-01-04,45897.57421875,-0.6111712241665398,-0.050734060615097554,1.0,1.0,0.36965016978264664,0.3888888888888889,0.751707811734307,-0.45942218351320724,1,1
2022-01-05,43569.00390625,-0.8449802424124458,-0.009366159015892994,1.0,1.0,0.3099652133587316,0.4,0.7419930426717463,-0.6269694610651204,1,1
2022-01-06,43160.9296875,-0.9357818886058685,-0.03714070469186992,1.0,1.0,0.3249678558074457,0.4,0.7449935711614892,-0.6971514910207289,1,1
2022-01-07,41557.90234375,-0.967454025532559,0.004235994902819673,1.0,1.0,0.30603504410112947,0.4,0.7412070088202258,-0.7170837044360744,0,0
2022-01-08,41733.94140625,-0.986524998514324,0.004256970472081845,1.0,1.0,0.3038162240946377,0.4,0.7407632448189276,-0.7307814589944583,0,0
2022-01-09,41911.6015625,-0.9799110336193068,-0.0021554853640055605,1.0,1.0,0.30356144919278716,0.3888888888888889,0.7384900676163353,-0.7236545654755149,1,1
2022-01-10,41821.26171875,-0.9637541621884561,0.021869109453241498,1.0,0.6666666666666666,0.3698873379592894,0.4,0.6539774675918579,-0.6302735063691193,0,0
2022-01-11,42735.85546875,-0.8804415004496865,0.028389418684672707,1.0,0.6666666666666666,0.34735629787406075,0.3888888888888889,0.6472490373525899,-0.5698649136113294,0,0
2022-01-12,43949.1015625,0.17273145988027083,-0.030888714484173407,1.0,0.6666666666666666,0.3852328666759002,0.3888888888888889,0.6548243511129579,0.11310876613289227,0,0
2022-01-13,42591.5703125,-0.2578752105112161,0.011930269358978673,1.0,0.6666666666666666,0.3720951437863914,0.37777777777777777,0.6499745843128338,-0.1676123327566122,0,0
2022-01-14,43099.69921875,0.6303516163825141,0.001802778677309158,1.0,0.6666666666666666,0.36107448438171685,0.37777777777777777,0.647770452431899,0.40832315173528005,1,1
2022-01-15,43177.3984375,0.5991002415185228,-0.0014711291913973579,1.0,0.3333333333333333,0.3649654853046005,0.37777777777777777,0.5485486526164757,0.32863563026719084,0,0
2022-01-16,43113.87890625,0.5180864222441351,-0.020024366790964976,1.0,0.6666666666666666,0.3644149578925856,0.36666666666666664,0.6462163249118504,0.33479590376933416,0,0
2022-01-17,42250.55078125,0.20246063929006083,0.0029604828561313745,1.0,0.3333333333333333,0.4436013358244687,0.35555555555555557,0.5598313782760048,0.11334381874039581,1,1
2022-01-18,42375.6328125,-0.16700194616266445,-0.014897823244158781,1.0,1.0,0.4530600185138709,0.35555555555555557,0.7617231148138853,-0.12720924261100555,1,1
2022-01-19,41744.328125,-0.7629892861366597,-0.02548634039729203,1.0,1.0,0.46414466851385594,0.36666666666666664,0.7661622670361046,-0.5845736011907223,1,1
2022-01-20,40680.41796875,-0.7150452652350253,-0.10381165615712484,1.0,1.0,0.45688905379097167,0.37777777777777777,0.7669333663137499,-0.5483920723334061,1,1
2022-01-21,36457.31640625,-0.9958039869195633,-0.039143484680769114,1.0,1.0,0.25698301377980215,0.3888888888888889,0.7291743805337383,-0.7261147552950994,1,1
2022-01-22,35030.25,-0.9989458123422623,0.03558509252717301,1.0,1.0,0.24287603029943072,0.4,0.7285752060598862,-0.7278071510699242,0,0
2022-01-23,36276.8046875,-0.9964890888237053,0.010406744495611076,1.0,1.0,0.1903424925258509,0.4,0.7180684985051702,-0.7155474237884233,0,0
2022-01-24,36654.328125,-0.9900478949812496,0.008175727030871549,1.0,0.6666666666666666,0.18026011260764718,0.4,0.6160520225215294,-0.6099210080963815,0,0
2022-01-25,36954.00390625,-0.9880915875071473,-0.002757016878562668,1.0,0.6666666666666666,0.2112786922521811,0.3888888888888889,0.620033516228214,-0.6126499013575746,1,1
2022-01-26,36852.12109375,-0.9817538119609187,0.007763821260712289,1.0,0.6666666666666666,0.21083427026232426,0.4,0.622166854052465,-0.61081468064174,0,0
2022-01-27,37138.234375,-0.9403967284640169,0.017397102127314046,1.0,0.6666666666666666,0.22779438803216212,0.4,0.6255588776064325,-0.5882735219627114,0,0
2022-01-28,37784.33203125,0.6218299187373222,0.00936493083845824,1.0,0.6666666666666666,0.2184904308631207,0.4,0.6236980861726242,0.3878341302413463,1,1
2022-01-29,38138.1796875,0.9440925213864682,-0.005783656346668664,1.0,0.6666666666666666,0.21592860423479576,0.4111111111111111,0.6254079430691813,0.5904429618673082,0,0
2022-01-30,37917.6015625,0.7185295181530287,0.01491453610450133,1.0,0.6666666666666666,0.2159887927248475,0.4111111111111111,0.6254199807671917,0.44938271742392677,1,1
2022-01-31,38483.125,0.7606945156480984,0.00676006528835682,1.0,0.6666666666666666,0.22317992078945226,0.4222222222222222,0.6290804286023349,0.47853803193935135,1,1
2022-02-01,38743.2734375,0.7479900052418845,-0.046209029430310355,1.0,0.6666666666666666,0.24588003924931467,0.43333333333333335,0.6358426745165296,0.4756039654446329,0,0
2022-02-02,36952.984375,0.05468486279080194,0.005456046132945147,1.0,0.3333333333333333,0.22319127949692308,0.43333333333333335,0.5313049225660513,0.029054336790602167,1,1
2022-02-03,37154.6015625,0.00881396971748574,0.116978066100073,1.0,0.3333333333333333,0.22773212511597585,0.4444444444444444,0.534435313912084,0.004710496672776094,1,1
2022-02-04,41500.875,0.9616384816009677,-0.001438787435204647,1.0,1.0,0.0,0.45555555555555555,0.6911111111111111,0.6645990395064465,0,0
2022-02-05,41441.1640625,0.9393052965551874,0.023437312952531153,1.0,1.0,0.0,0.45555555555555555,0.6911111111111111,0.6491643271748073,1,1
2022-02-06,42412.43359375,0.9827030110126406,0.033665872045371525,1.0,1.0,0.0,0.45555555555555555,0.6911111111111111,0.6791569698331805,1,1
2022-02-07,43840.28515625,0.992395261796102,0.0063448528050995545,1.0,1.0,0.0,0.4666666666666667,0.6933333333333334,0.6880607148452974,1,1
2022-02-08,44118.4453125,0.9922515497266002,0.004994545046617338,1.0,1.0,0.0,0.4777777777777778,0.6955555555555555,0.6901660779209463,1,1
2022-02-09,44338.796875,0.9993258184282166,-0.01744935921313273,1.0,1.0,0.0004156161896168298,0.4888888888888889,0.6978609010157011,0.6973904160565682,0,0
2022-02-10,43565.11328125,0.9979893645019746,-0.026561982607033352,1.0,0.6666666666666666,0.20739251882142873,0.4888888888888889,0.6392562815420635,0.6379709701700593,0,0
2022-02-11,42407.9375,0.4112621328128615,-0.0038546734323026133,1.0,0.6666666666666666,0.229073763701391,0.4777777777777778,0.6413703082958337,0.2637713209125871,0,0
2022-02-12,42244.46875,0.3693622733594094,-0.001111462077505676,1.0,0.6666666666666666,0.24015564566353298,0.4666666666666667,0.64136446246604,0.23689583590839214,0,0
2022-02-13,42197.515625,-0.10100111828175998,0.009228086961576842,1.0,0.6666666666666666,0.23864931461087346,0.4666666666666667,0.6410631962555081,-0.06474809971108568,0,0
2022-02-14,42586.91796875,-0.516671096280924,0.04668769779745485,1.0,0.3333333333333333,0.23859810725778563,0.45555555555555555,0.5388307325626682,-0.27839826530300715,0,0
2022-02-15,44575.203125,0.20415053350135315,-0.013759752216496501,1.0,1.0,0.21200528796477847,0.45555555555555555,0.7335121687040668,0.14974690057066978,0,0
2022-02-16,43961.859375,-0.16840634635112653,-0.07788223029977337,1.0,0.3333333333333333,0.20128775613775296,0.4444444444444444,0.5291464401164394,-0.08911161866471473,1,1
2022-02-17,40538.01171875,-0.8831028137966259,-0.012507647384577658,1.0,0.6666666666666666,0.07272469753991684,0.45555555555555555,0.6056560506190946,-0.5348565624946741,1,1
2022-02-18,40030.9765625,-0.8079158197826374,0.0022777282826873524,1.0,1.0,0.06884285812975233,0.4666666666666667,0.7071019049592838,-0.5712788152150443,0,0
2022-02-19,40122.15625,-0.763592882719535,-0.04214073972532317,1.0,1.0,0.0702267787471672,0.45555555555555555,0.7051564668605446,-0.5384524592983655,1,1
2022-02-20,38431.37890625,-0.9452308047468597,-0.03528620868790788,1.0,1.0,0.04026386397771786,0.45555555555555555,0.6991638839066547,-0.6608712406350272,1,1
2022-02-21,37075.28125,-0.9887717043039311,0.03265642371222732,1.0,1.0,0.021248668112202274,0.4666666666666667,0.6975830669557738,-0.6897503980074238,0,0
2022-02-22,38286.02734375,-0.9929451549264094,-0.025843815613622922,1.0,1.0,0.040012548211535215,0.45555555555555555,0.6991136207534182,-0.6941814824701659,1,1
2022-02-23,37296.5703125,-0.9953634488720282,0.027778400368163814,1.0,1.0,0.027819251820785484,0.4666666666666667,0.6988971836974904,-0.6956567111720815,0,0
2022-02-24,38332.609375,-0.7961713061123199,0.022998939789759643,1.0,0.6666666666666666,0.27245460091955154,0.4666666666666667,0.6478242535172437,-0.5157790820540625,0,0
2022-02-25,39214.21875,-0.38682667049330866,-0.002781397053842838,1.0,0.6666666666666666,0.25803376797207045,0.4666666666666667,0.6449400869277475,-0.24948002649392562,1,1
2022-02-26,39105.1484375,-0.46756984563077186,-0.03568234201898368,1.0,0.6666666666666666,0.27305161159607194,0.4777777777777778,0.6501658778747699,-0.30399795915230143,1,1
2022-02-27,37709.78515625,-0.3588133373599582,0.1454118392886461,1.0,1.0,0.2863070965548973,0.4888888888888889,0.7550391970887572,-0.2709181341450002,0,0
2022-02-28,43193.234375,0.9972845162041644,0.026888524570001016,1.0,1.0,0.0,0.4888888888888889,0.6977777777777777,0.695882973529128,1,1
2022-03-01,44354.63671875,0.9964786166595121,-0.009706302725009275,1.0,0.6666666666666666,0.0,0.5,0.6,0.5978871699957072,0,0
2022-03-02,43924.1171875,0.9983641839767826,-0.03351981142193561,1.0,0.6666666666666666,0.0,0.5,0.6,0.5990185103860696,0,0
2022-03-03,42451.7890625,0.9731826929758367,-0.07806935036049167,1.0,0.6666666666666666,0.0,0.4888888888888889,0.5977777777777777,0.581746987578889,0,0
2022-03-04,39137.60546875,-0.03905436167847108,0.00671938064683042,1.0,1.0,0.0,0.4888888888888889,0.6977777777777777,-0.02725126570453315,0,0
2022-03-05,39400.5859375,0.14995952552292652,-0.024887994408395286,1.0,0.3333333333333333,0.0,0.4888888888888889,0.49777777777777776,0.07464651937141231,0,0
2022-03-06,38419.984375,0.35980836214563305,-0.009316643885282638,1.0,0.3333333333333333,0.0,0.4888888888888889,0.49777777777777776,0.1791046069347151,0,0
2022-03-07,38062.0390625,-0.9828764814630618,0.017740259990833174,1.0,0.6666666666666666,0.0,0.4888888888888889,0.5977777777777777,-0.5875417189190303,0,0
2022-03-08,38737.26953125,-0.9874622147917634,0.08378639716414904,1.0,0.6666666666666666,0.0,0.4777777777777778,0.5955555555555556,-0.588088607920428,0,0
2022-03-09,41982.92578125,-0.7083598031386461,-0.060630954045771346,1.0,0.3333333333333333,0.0,0.4666666666666667,0.4933333333333333,-0.34945750288173205,1,1
2022-03-10,39437.4609375,-0.8896236007684957,-0.016291319622939393,1.0,0.3333333333333333,0.0,0.4666666666666667,0.4933333333333333,-0.4388809763791245,1,1
2022-03-11,38794.97265625,-0.17332376678231753,0.002810649293818468,1.0,0.6666666666666666,0.0,0.4777777777777778,0.5955555555555556,-0.10322393221702468,0,0
2022-03-12,38904.01171875,-0.24685822944670735,-0.027101257933814904,1.0,1.0,0.0,0.4666666666666667,0.6933333333333334,-0.17115503908305044,1,1
2022-03-13,37849.6640625,-0.28846150916481345,0.0480080837903738,1.0,0.6666666666666666,0.0,0.4777777777777778,0.5955555555555556,-0.17179485434704447,0,0
2022-03-14,39666.75390625,0.6875056174362602,-0.008268101563720931,1.0,0.6666666666666666,0.0,0.4666666666666667,0.5933333333333334,0.40791999967884773,0,0
2022-03-15,39338.78515625,0.3009480156454701,0.04588714481344902,1.0,0.6666666666666666,0.0,0.4666666666666667,0.5933333333333334,0.17856248928297894,1,1
2022-03-16,41143.9296875,-0.3796789182856552,-0.00467993171076464,1.0,0.6666666666666666,0.0,0.4666666666666667,0.5933333333333334,-0.2252761581828221,1,1
2022-03-17,40951.37890625,0.645622888530704,0.020750884742987363,1.0,0.6666666666666666,0.0,0.4666666666666667,0.5933333333333334,0.38306958052821777,1,1
2022-03-18,41801.15625,0.9137491800735759,0.009317830622209256,1.0,1.0,0.0,0.4777777777777778,0.6955555555555555,0.6355633185845093,1,1
2022-03-19,42190.65234375,0.9340981908896301,-0.022346848712323064,1.0,1.0,0.0,0.4777777777777778,0.6955555555555555,0.6497171861076759,0,0
2022-03-20,41247.82421875,0.9463494082868762,-0.004117262624553253,1.0,1.0,0.20685022695185595,0.4777777777777778,0.7369256009459266,0.6973891064066283,0,0
2022-03-21,41077.99609375,0.6116473251711595,0.031180014163224357,1.0,0.6666666666666666,0.21988224036093773,0.4666666666666667,0.637309781405521,0.38980882310210324,1,1
2022-03-22,42358.80859375,0.9113428494882044,0.012610091153007819,1.0,1.0,0.2038430135359527,0.4777777777777778,0.736324158262746,0.6710437565381745,1,1
2022-03-23,42892.95703125,0.6911736588785056,0.024898646221148013,1.0,1.0,0.2184868672331447,0.4888888888888889,0.7414751512244067,0.5124880932392664,1,1
2022-03-24,43960.93359375,0.8995428223107332,0.008821397620525806,1.0,1.0,0.32083893696868515,0.4888888888888889,0.7619455651715148,0.6854026641415312,1,1
2022-03-25,44348.73046875,0.8393297858551583,0.003429583093865096,1.0,1.0,0.3207341123077031,0.5,0.7641468224615405,0.6413711888585445,1,1
2022-03-26,44500.828125,0.7987365854774772,0.052126312256127294,1.0,1.0,0.33879032115019425,0.5,0.7677580642300388,0.6132364546958988,1,1
2022-03-27,46820.4921875,0.991043942785355,0.0065678873583499,1.0,1.0,0.31250973139124316,0.5111111111111111,0.7647241685004709,0.7578752550939588,1,1
2022-03-28,47128.00390625,0.994488133915261,0.0071661546110000085,1.0,1.0,0.3131080763373931,0.5222222222222223,0.7670660597119231,0.7628380943126426,1,1
2022-03-29,47465.73046875,0.9840357410921411,-0.008491735032190584,1.0,1.0,0.4204817782444077,0.5222222222222223,0.7885408000933259,0.7759523306012259,0,0
2022-03-30,47062.6640625,0.9598687361883808,-0.03238210822970233,1.0,1.0,0.520386752100466,0.5222222222222223,0.8085217948645377,0.7760747934173851,0,0
2022-03-31,45538.67578125,0.6155402808561653,0.016315115388267687,1.0,0.6666666666666666,0.4945313878291475,0.5111111111111111,0.7011284997880517,0.4315728336757992,1,1
2022-04-01,46281.64453125,0.7022310321324989,-0.008917040798352427,1.0,0.6666666666666666,0.49394572846808604,0.5222222222222223,0.7032335901380616,0.49383244983289376,0,0
2022-04-02,45868.94921875,0.5475492403545371,0.012745379989237415,1.0,0.6666666666666666,0.518144274358717,0.5111111111111111,0.7058510770939657,0.3864882210662327,1,1
2022-04-03,46453.56640625,-0.15546624872744694,0.003640395949819908,1.0,0.3333333333333333,0.5571661417888207,0.5111111111111111,0.6136554505799863,-0.09540271091282167,0,0
2022-04-04,46622.67578125,-0.2112211669636019,-0.02287907280900814,1.0,0.3333333333333333,0.5641389763484449,0.5,0.6128277952696889,-0.129442202064595,1,1
2022-04-05,45555.9921875,-0.6666455110553915,-0.05156849392240015,1.0,0.6666666666666666,0.5688901318902415,0.5,0.7137780263780483,-0.47583691717490273,1,1
2022-04-06,43206.73828125,-0.9272814673877035,0.006876459247305178,1.0,0.6666666666666666,0.48458527070018476,0.5,0.6969170541400369,-0.6462382686104889,0,0
2022-04-07,43503.84765625,-0.7132018383352843,-0.02795577079433975,1.0,1.0,0.4909245547778749,0.4888888888888889,0.7959626887333527,-0.5676820528509229,1,1
2022-04-08,42287.6640625,-0.9385750027095328,0.011693070951357853,1.0,1.0,0.4711774771623849,0.5,0.794235495432477,-0.7454495822775441,0,0
2022-04-09,42782.13671875,-0.8730884675309384,-0.013427680050824398,1.0,1.0,0.4822134010064042,0.5,0.7964426802012808,-0.6953649191331696,1,1
2022-04-10,42207.671875,-0.9496316730708801,-0.06363225953812457,1.0,1.0,0.4772973559364271,0.5,0.7954594711872854,-0.7553935084836595,1,1
2022-04-11,39521.90234375,-0.995488975189254,0.015315083892861292,1.0,1.0,0.40916876064073926,0.5111111111111111,0.7840559743503701,-0.780519078397062,0,0
2022-04-12,40127.18359375,-0.9831269601568827,0.025906300465151855,1.0,1.0,0.40715890069068505,0.5111111111111111,0.7836540023603592,-0.7704313771553145,0,0
2022-04-13,41166.73046875,-0.7371919938410311,-0.029908006531745968,1.0,1.0,0.40591426090748284,0.5111111111111111,0.7834050744037188,-0.5775199487848587,1,1
2022-04-14,39935.515625,-0.9275378685775159,0.015473675726454417,1.0,0.6666666666666666,0.394824900830018,0.5222222222222223,0.6834094246104481,-0.6338881210689615,0,0
2022-04-15,40553.46484375,-0.6751741137083824,-0.0031805042860567623,1.0,0.6666666666666666,0.3876555681680286,0.5111111111111111,0.679753335855828,-0.4589518560767751,1,1
2022-04-16,40424.484375,-0.8012759580797068,-0.017502542356175654,1.0,1.0,0.46255828881554684,0.5222222222222223,0.7969561022075539,-0.6385817643438264,1,1
2022-04-17,39716.953125,-0.8275212422052982,0.027929174608607443,1.0,1.0,0.4650722747509499,0.5333333333333333,0.7996811216168567,-0.6617531151285074,0,0
2022-04-18,40826.21484375,0.5783936284319238,0.016571096753378534,1.0,0.6666666666666666,0.4402993602003923,0.5222222222222223,0.6925043164845229,0.4005400843162525,1,1
2022-04-19,41502.75,0.5951500340126151,-0.003093074404708074,1.0,0.6666666666666666,0.4281502548012194,0.5222222222222223,0.6900744954046883,0.4106978594113385,0,0
2022-04-20,41374.37890625,0.10054083502129789,-0.020471984048854197,1.0,0.6666666666666666,0.4449797254001433,0.5111111111111111,0.6912181673022508,0.06949565172245949,0,0
2022-04-21,40527.36328125,0.28801619732174255,-0.019420038833716236,1.0,0.3333333333333333,0.4506989714420917,0.5,0.5901397942884183,0.16996981943918565,0,0
2022-04-22,39740.3203125,-0.3808243302148698,-0.0063811726165236005,1.0,1.0,0.44696220257719255,0.4888888888888889,0.7871702182932162,-0.2997735711466069,1,1
2022-04-23,39486.73046875,-0.4333008786270771,-0.0004416040475622163,1.0,1.0,0.4564336712557091,0.5,0.7912867342511418,-0.3428652371969702,1,1
2022-04-24,39469.29296875,-0.12407000212801012,0.025057850055308917,1.0,1.0,0.4582812395001331,0.5111111111111111,0.7938784701222488,-0.09849650347744882,0,0
2022-04-25,40458.30859375,-0.1783039515786164,-0.057858267871623625,1.0,0.3333333333333333,0.44051292850768997,0.5111111111111111,0.5903248079237602,-0.10525724596769416,1,1
2022-04-26,38117.4609375,-0.9262545189374082,0.029478882606909007,1.0,1.0,0.4264660570091898,0.5111111111111111,0.7875154336240602,-0.7294397291272383,0,0
2022-04-27,39241.12109375,-0.7743881728602737,0.013575224570606004,1.0,1.0,0.40297382613511035,0.5111111111111111,0.7828169874492443,-0.6062042165948042,0,0
2022-04-28,39773.828125,-0.35562182700338685,-0.02926557389929385,1.0,1.0,0.409184427120694,0.5111111111111111,0.784059107646361,-0.27882853233984406,1,1
2022-04-29,38609.82421875,-0.5145815683910778,-0.023179313474195662,1.0,0.6666666666666666,0.400209934863777,0.5111111111111111,0.6822642091949777,-0.35108058682465004,1,1
2022-04-30,37714.875,-0.7150507822722064,0.019997911964443782,1.0,1.0,0.39464827197690644,0.5222222222222223,0.7833740988398258,-0.5601522621872022,0,0
2022-05-01,38469.09375,-0.4674669119508149,0.001565786170879102,1.0,1.0,0.46540312010084617,0.5111111111111111,0.7953028462423914,-0.37177776559862447,0,0
2022-05-02,38529.328125,-0.7413925530888483,-0.020215120218891713,1.0,1.0,0.4719943933472047,0.5,0.7943988786694409,-0.588961412827655,1,1
2022-05-03,37750.453125,-0.1902213004270834,0.051599856624237495,1.0,0.6666666666666666,0.4851539897409506,0.5111111111111111,0.6992530201704124,-0.13301281882438143,0,0
2022-05-04,39698.37109375,0.22891706888291574,-0.07867402068901796,1.0,0.6666666666666666,0.4349324642788671,0.5,0.6869864928557734,0.15726293430669777,0,0
2022-05-05,36575.140625,-0.9229289205064221,-0.014606061408683924,1.0,1.0,0.32051435758969893,0.4888888888888889,0.7618806492957175,-0.7031616852092285,1,1
2022-05-06,36040.921875,-0.869420020823257,-0.014954355270636377,1.0,1.0,0.31881611254585274,0.5,0.7637632225091705,-0.6640310368179608,1,1
2022-05-07,35501.953125,-0.8253912197952111,-0.040636848764922684,1.0,1.0,0.31988300881283105,0.5,0.7639766017625662,-0.6305795792238048,1,1
2022-05-08,34059.265625,-0.9798050387052023,-0.11046369999353145,1.0,1.0,0.3211859964016235,0.5,0.7642371992803246,-0.7488034586208139,1,1
2022-05-09,30296.953125,-0.999611669331494,0.02396125848050934,1.0,1.0,0.16815444617576958,0.5,0.7336308892351538,-0.7333459978615006,0,0
2022-05-10,31022.90625,-0.9983973477917755,-0.06725839173272163,1.0,1.0,0.14766233622197933,0.4888888888888889,0.7273102450221736,-0.7261446196519245,1,1
2022-05-11,28936.35546875,-0.9999609496199608,0.003849706798608521,1.0,1.0,0.10728998978829907,0.5,0.7214579979576597,-0.7214298247486572,0,0
2022-05-12,29047.751953125,-0.9994682645662836,0.008102229834508146,1.0,1.0,0.1022249854547197,0.5,0.7204449970909439,-0.7200619109579469,0,0
2022-05-13,29283.103515625,-0.9988946211514772,0.027939733537411415,1.0,1.0,0.09589213056881885,0.5,0.7191784261137637,-0.7183834614932236,0,0
2022-05-14,30101.265625,-0.9954565744608401,0.03999325713567892,1.0,0.6666666666666666,0.07419803495400601,0.5,0.6148396069908012,-0.6120461290179122,0,0
2022-05-15,31305.11328125,-0.9242272550855775,-0.046069001557128786,1.0,0.6666666666666666,0.055721974316590206,0.5,0.6111443948633181,-0.5648363065254607,1,1
2022-05-16,29862.91796875,-0.2789292982188413,0.018850785235190015,1.0,0.6666666666666666,0.06885240880836374,0.5111111111111111,0.6159927039838949,-0.17181841263015427,0,0
2022-05-17,30425.857421875,-0.3669625071237635,-0.05605711989808215,1.0,0.6666666666666666,0.07944297220765995,0.5111111111111111,0.6181108166637542,-0.2268234949632482,1,1
2022-05-18,28720.271484375,-0.14825056349503524,0.05550304428240649,1.0,1.0,0.06449838157120347,0.5111111111111111,0.7151218985364629,-0.10601722442567003,0,0
2022-05-19,30314.333984375,0.7024237531624523,-0.036734890846488066,1.0,0.6666666666666666,0.00485938404600339,0.5,0.6009718768092006,0.42213692125340163,0,0
2022-05-20,29200.740234375,-0.05619384837696216,0.007927413013061102,1.0,1.0,9.861423779999878e-05,0.5,0.70001972284756,-0.03933680216657886,0,0
2022-05-21,29432.2265625,-0.4173886170345628,0.030289794482822652,1.0,0.6666666666666666,0.008209282764541914,0.4888888888888889,0.5994196343306861,-0.25019093219664845,0,0
2022-05-22,30323.72265625,-0.5559721325297112,-0.04039123144227663,1.0,0.6666666666666666,0.0,0.4777777777777778,0.5955555555555556,-0.3311122922621392,1,1
2022-05-23,29098.91015625,-0.47125049253126855,0.019130468401079792,1.0,1.0,0.0,0.4888888888888889,0.6977777777777777,-0.3288281214551518,0,0
2022-05-24,29655.5859375,-0.46707835202297665,-0.003143576713387941,1.0,0.6666666666666666,0.022643054273016272,0.4777777777777778,0.6000841664101588,-0.28028632352193866,1,1
2022-05-25,29562.361328125,0.5273072853004955,-0.009983529917456657,1.0,0.6666666666666666,0.08223640332232174,0.4888888888888889,0.6142250584422421,0.3238853481307169,0,0
2022-05-26,29267.224609375,-0.5985178248891667,-0.02185551924250806,1.0,0.3333333333333333,0.08258007502095022,0.4888888888888889,0.5142937927819677,-0.30781400220986316,1,1
2022-05-27,28627.57421875,-0.37357326503207244,0.006543557286537771,1.0,1.0,0.0809058611162935,0.4888888888888889,0.7139589500010364,-0.2667159760507573,0,0
2022-05-28,28814.900390625,-0.3965006607265154,0.02190035821988534,1.0,1.0,0.09194722738961214,0.4777777777777778,0.713945001033478,-0.28307966463216677,0,0
2022-05-29,29445.95703125,-0.5218872903261853,0.07744470968730455,1.0,0.6666666666666666,0.255995458716219,0.4777777777777778,0.6467546472987993,-0.33753303038463806,0,0
2022-05-30,31726.390625,0.9474132102551182,0.0020777630413166825,1.0,1.0,0.16888440186712395,0.4666666666666667,0.7271102137067581,0.6888738217772047,1,1
2022-05-31,31792.310546875,0.8939042239608266,-0.06269536357891181,1.0,1.0,0.24976071572383807,0.4777777777777778,0.7455076987003231,0.666412480863534,0,0
2022-06-01,29799.080078125,0.15879349988593555,0.02243049790035867,1.0,1.0,0.17836822433488841,0.4777777777777778,0.7312292004225331,0.11611444395388826,1,1
2022-06-02,30467.48828125,0.6751842159649282,-0.02504629358369581,1.0,0.6666666666666666,0.17261380615857502,0.4888888888888889,0.6323005390094928,0.42691934368532586,0,0
2022-06-03,29704.390625,0.6365150239618864,0.004326748833952898,1.0,0.6666666666666666,0.17280400657646544,0.4888888888888889,0.6323385790930708,0.40249300582345116,1,1
2022-06-04,29832.9140625,0.6085330295838578,0.00247203631266113,1.0,1.0,0.1985757655189314,0.5,0.7397151531037862,0.45014110314733424,1,1
2022-06-05,29906.662109375,0.30308726847972595,0.048952630028413324,1.0,0.3333333333333333,0.23211481179371252,0.5111111111111111,0.5486451845809647,0.16628737035919963,1,1
2022-06-06,31370.671875,-0.22055703353736014,-0.006859698773187373,1.0,0.3333333333333333,0.2002481836386012,0.5222222222222223,0.5444940811721647,-0.12009199932198322,1,1
2022-06-07,31155.478515625,-0.38047947247244995,-0.03020730515832104,1.0,0.3333333333333333,0.256985144110069,0.5333333333333333,0.5580636954886804,-0.21233178046555906,1,1
2022-06-08,30214.35546875,0.2717171452553343,-0.003387708269364409,1.0,1.0,0.2875862181818899,0.5333333333333333,0.7641839103030447,0.20764187055760175,0,0
2022-06-09,30111.998046875,-0.22921151398609013,-0.03414563715680452,1.0,0.6666666666666666,0.3134194034768024,0.5222222222222223,0.6671283251398049,-0.15291349342829927,1,1
2022-06-10,29083.8046875,-0.3951102171067071,-0.024858994495164377,1.0,0.6666666666666666,0.29177299283252667,0.5333333333333333,0.6650212652331721,-0.2627566964868556,1,1
2022-06-11,28360.810546875,-0.7560369027471716,-0.056351073137826724,1.0,1.0,0.30017590426221297,0.5333333333333333,0.7667018475191093,-0.5796548901288816,1,1
2022-06-12,26762.6484375,-0.9706000792594782,-0.15974726027617203,1.0,1.0,0.27438674335201607,0.5444444444444444,0.7637662375592921,-0.7413115707107624,1,1
2022-06-13,22487.388671875,-0.9999759103598627,-0.012477914053041661,1.0,1.0,0.0,0.5555555555555556,0.7111111111111111,-0.7110939807003468,1,1
2022-06-14,22206.79296875,-0.999979517330144,0.01648355417709846,1.0,1.0,0.0,0.5555555555555556,0.7111111111111111,-0.7110965456569913,0,0
2022-06-15,22572.83984375,-0.9999191808955726,-0.09707194434960298,1.0,1.0,0.0,0.5444444444444444,0.7088888888888889,-0.7088315971237504,1,1
2022-06-16,20381.650390625,-0.9999951299074301,0.004407495444594733,1.0,1.0,0.0,0.5444444444444444,0.7088888888888889,-0.7088854365343783,0,0
2022-06-17,20471.482421875,-0.9999856490696243,-0.07101780974085614,1.0,1.0,0.0,0.5333333333333333,0.7066666666666667,-0.7066565253425345,1,1
2022-06-18,19017.642578125,-0.9999962148691067,0.0807475952890373,1.0,1.0,0.0,0.5444444444444444,0.7088888888888889,-0.7088862056516557,0,0
2022-06-19,20553.271484375,-0.9998135984643771,0.002251010260589048,1.0,0.6666666666666666,0.0,0.5444444444444444,0.6088888888888889,-0.6087753910649764,0,0
2022-06-20,20599.537109375,-0.9327357427249782,0.0053914098304885805,1.0,0.6666666666666666,0.0,0.5333333333333333,0.6066666666666667,-0.5658596839198201,0,0
2022-06-21,20710.59765625,-0.8734646176603964,-0.034937106663198714,1.0,0.6666666666666666,0.0,0.5222222222222223,0.6044444444444445,-0.5279608355636174,1,1
2022-06-22,19987.029296875,-0.9797418102406513,0.05497803800296652,1.0,1.0,0.0,0.5222222222222223,0.7044444444444444,-0.6901736752139699,0,0
2022-06-23,21085.876953125,0.5986495595994293,0.006913598955313738,1.0,0.6666666666666666,0.0,0.5111111111111111,0.6022222222222222,0.360520068114323,1,1
2022-06-24,21231.65625,0.6307532710629971,0.012748964915301864,1.0,0.6666666666666666,0.0,0.5111111111111111,0.6022222222222222,0.3798536365734938,1,1
2022-06-25,21502.337890625,0.9893084090449726,-0.02209261947079333,1.0,0.6666666666666666,0.0,0.5111111111111111,0.6022222222222222,0.5957835085581946,0,0
2022-06-26,21027.294921875,0.43111323326109696,-0.013877981325425726,1.0,0.3333333333333333,0.0,0.5,0.5,0.21555661663054848,0,0
2022-06-27,20735.478515625,0.13122382325076337,-0.02193553187871977,1.0,0.3333333333333333,0.0,0.4888888888888889,0.49777777777777776,0.06532030312926887,0,0
2022-06-28,20280.634765625,-0.39288788974501143,-0.008708372798288844,1.0,1.0,0.0,0.4888888888888889,0.6977777777777777,-0.2741484386220746,1,1
2022-06-29,20104.0234375,0.11653814983990178,-0.01588223750298734,1.0,0.3333333333333333,0.0,0.5,0.5,0.05826907491995089,0,0
2022-06-30,19784.7265625,-0.8437771356553025,-0.02604834458398897,1.0,1.0,0.0,0.4888888888888889,0.6977777777777777,-0.5887689346572555,1,1
2022-07-01,19269.3671875,-0.9516003248778173,-0.0014069651515379311,1.0,1.0,0.0,0.5,0.7,-0.6661202274144721,1,1
2022-07-02,19242.255859375,-0.9705782062956192,0.002848954556089245,1.0,0.6666666666666666,0.0,0.5,0.6,-0.5823469237773715,0,0
2022-07-03,19297.076171875,-0.9282635909970546,0.04841073013105235,1.0,1.0,0.2504781528518193,0.5,0.7500956305703638,-0.6962864636244459,0,0
2022-07-04,20231.26171875,-0.4513006951785639,-0.0020338071321012174,1.0,0.6666666666666666,0.2121433788439001,0.4888888888888889,0.6402064535465578,-0.28892561754336454,1,1
2022-07-05,20190.115234375,-0.08903060335556193,0.017737930428710857,1.0,0.6666666666666666,0.21779672198283928,0.4888888888888889,0.6413371221743456,-0.05709863094150172,0,0
2022-07-06,20548.24609375,0.4152380822566365,0.053013857820514154,1.0,1.0,0.34232350488536667,0.4888888888888889,0.7662424787548511,0.3181730574217359,1,1
2022-07-07,21637.587890625,0.9538672977818067,0.004322538045727464,1.0,1.0,0.30285630511019557,0.4888888888888889,0.7583490387998169,0.7233643484154118,1,1
2022-07-08,21731.1171875,0.988002452689662,-0.006392223420980114,1.0,1.0,0.3953101558720372,0.5,0.7790620311744074,0.7697151975977045,0,0
2022-07-09,21592.20703125,0.9849948871201472,-0.03388990349346599,1.0,1.0,0.5006434237224877,0.4888888888888889,0.7979064625222753,0.7859337859845644,0,0
2022-07-10,20860.44921875,0.9246707965253033,-0.04265931997884009,1.0,0.3333333333333333,0.4748208253840416,0.4777777777777778,0.5905197206323638,0.5460363404410274,0,0
2022-07-11,19970.556640625,-0.25216640335995333,-0.03237979740682695,1.0,1.0,0.4410728389728924,0.4777777777777778,0.783770123350134,-0.19764049306619025,1,1
2022-07-12,19323.9140625,-0.6952489335955986,0.04596171114078618,1.0,1.0,0.44413844683949366,0.4888888888888889,0.7866054671456765,-0.5468866121934992,0,0
2022-07-13,20212.07421875,-0.3160048636804628,0.017704551212910147,1.0,0.6666666666666666,0.46188629236647905,0.4777777777777778,0.6879328140288514,-0.21739011511850437,0,0
2022-07-14,20569.919921875,-0.7560220036648901,0.012951348577769028,1.0,0.3333333333333333,0.45618500335483503,0.4777777777777778,0.5867925562265226,-0.4436280840940183,0,0
2022-07-15,20836.328125,-0.6769755002930087,0.01698899533192111,1.0,0.3333333333333333,0.456076596162473,0.4666666666666667,0.5845486525658279,-0.39572511651635545,0,0
2022-07-16,21190.31640625,-0.3559627828513409,-0.01939436147960416,1.0,0.3333333333333333,0.4595250070828386,0.45555555555555555,0.5830161125276788,-0.20753203786252308,1,1
2022-07-17,20779.34375,-0.07760369002059736,0.08211740099467768,1.0,0.3333333333333333,0.45589578086109983,0.4666666666666667,0.5845124895055533,-0.04536032604875663,0,0
2022-07-18,22485.689453125,0.9871061209083597,0.0401919693193753,1.0,1.0,0.3577456187935365,0.45555555555555555,0.7626602348698184,0.7528265860134049,1,1
2022-07-19,23389.43359375,0.9995572892745693,-0.006742410894342465,1.0,1.0,0.3439355297497959,0.4666666666666667,0.7621204392832925,0.7617830403907518,0,0
2022-07-20,23231.732421875,0.9949346794752325,-0.0028884421706671937,1.0,1.0,0.349626807689553,0.4666666666666667,0.763258694871244,0.7593925449384055,0,0
2022-07-21,23164.62890625,0.9872076385202957,-0.01941107679491816,1.0,1.0,0.36727252418071044,0.4666666666666667,0.7667878381694755,0.7569788109653706,0,0
2022-07-22,22714.978515625,0.9471410456087334,-0.010983941711781742,1.0,0.6666666666666666,0.35578329320979574,0.45555555555555555,0.6622677697530703,0.6272609879168869,0,0
2022-07-23,22465.478515625,0.8347290322355491,0.006395837363315726,1.0,0.6666666666666666,0.3502311413272309,0.4444444444444444,0.6589351171543351,0.5500322726482563,1,1
2022-07-24,22609.1640625,0.9426359494305017,-0.05517510011323534,1.0,0.6666666666666666,0.3780282587660764,0.45555555555555555,0.6667167628643265,0.628471188763845,0,0
2022-07-25,21361.701171875,-0.7614834920141287,-0.005708686992848544,1.0,0.6666666666666666,0.3216725311892221,0.4444444444444444,0.6532233951267333,-0.4974188319864299,1,1
2022-07-26,21239.75390625,-0.9506185134060494,0.0796052030234431,1.0,0.6666666666666666,0.3239857312725185,0.45555555555555555,0.6559082573656149,-0.6235185325476532,0,0
2022-07-27,22930.548828125,-0.2536279416862096,0.0398306162434614,1.0,0.3333333333333333,0.27416085453342165,0.45555555555555555,0.5459432820177954,-0.1384664708955873,0,0
2022-07-28,23843.88671875,0.5273456996936262,-0.0016462880701044735,1.0,1.0,0.25649358639308206,0.4444444444444444,0.7401876061675053,0.3903347510789533,0,0
2022-07-29,23804.6328125,0.744015711629653,-0.006235163651508224,1.0,1.0,0.2577425499211886,0.43333333333333335,0.7382151766509044,0.5492436899917327,0,0
2022-07-30,23656.20703125,0.785683673091887,-0.013497960448739299,1.0,1.0,0.2783097981460748,0.43333333333333335,0.7423286262958816,0.583235481749403,0,0
2022-07-31,23336.896484375,0.5674474474879653,-0.0009725914343493569,1.0,0.6666666666666666,0.30884590749031193,0.43333333333333335,0.6484358481647291,0.36795326690076935,0,0
2022-08-01,23314.19921875,0.9496335878811893,-0.014415336683737068,1.0,0.6666666666666666,0.3336018807566493,0.4222222222222222,0.6511648205957743,0.6183679848843762,0,0
2022-08-02,22978.1171875,0.927037376170821,-0.0057275961266136655,1.0,0.3333333333333333,0.3474907117703492,0.4222222222222222,0.5539425867985143,0.513525482214972,0,0
2022-08-03,22846.5078125,-0.0731694846701949,-0.009434736504108754,1.0,1.0,0.34722207146782547,0.4222222222222222,0.7538888587380095,-0.055161659292461515,1,1
2022-08-04,22630.95703125,-0.7688023911877833,0.029091011085651708,1.0,1.0,0.344780172881358,0.4222222222222222,0.753400479020716,-0.5792160897931479,0,0
2022-08-05,23289.314453125,-0.40778901831320796,-0.014085221654344782,1.0,0.3333333333333333,0.3378985861578264,0.4111111111111111,0.5498019394537875,-0.22420319315655782,1,1
2022-08-06,22961.279296875,-0.5281114486415324,0.009346662498644243,1.0,0.3333333333333333,0.34158100115958034,0.4111111111111111,0.5505384224541383,-0.2907456438150789,0,0
2022-08-07,23175.890625,-0.1371148511926305,0.02733856978257987,1.0,0.3333333333333333,0.446043645569823,0.4,0.5692087291139646,-0.07804697019000759,0,0
2022-08-08,23809.486328125,0.40103377715963606,-0.02709709734425869,1.0,1.0,0.4617370240481916,0.4,0.7723474048096384,0.3097373970302517,0,0
2022-08-09,23164.318359375,0.1606640419109342,0.033815983988709775,1.0,1.0,0.4480969885273327,0.3888888888888889,0.7673971754832443,0.12329313196417248,1,1
2022-08-10,23947.642578125,0.7460297966334435,0.00041284726535173455,1.0,1.0,0.4287094589065892,0.4,0.7657418917813179,0.5712662677993249,1,1
2022-08-11,23957.529296875,0.8250246691243657,0.018586602023192844,1.0,1.0,0.43742925862792503,0.4111111111111111,0.7697080739478072,0.6350281490311424,1,1
2022-08-12,24402.818359375,0.7425931657647872,0.0008708010561344626,1.0,1.0,0.43740834985083155,0.4222222222222222,0.7719261144146107,0.573227057039657,1,1
2022-08-13,24424.068359375,0.8549145479707616,-0.004288162539464846,1.0,1.0,0.4372559108939139,0.43333333333333335,0.7741178488454494,0.6618046108218057,0,0
2022-08-14,24319.333984375,0.7559741581105444,-0.007498615226969818,1.0,1.0,0.5076405513142078,0.4222222222222222,0.785972554707286,0.5941749403428342,0,0
2022-08-15,24136.97265625,0.26835372714164707,-0.010510085263709001,1.0,0.6666666666666666,0.506637021878758,0.4222222222222222,0.685771848820196,0.18402943159971774,0,0
2022-08-16,23883.291015625,0.5516560877585628,-0.02291530796119967,1.0,0.6666666666666666,0.6379174664551337,0.4111111111111111,0.7098057155132489,0.3915686440887063,0,0
2022-08-17,23335.998046875,-0.47058242135664197,-0.005281958173694035,1.0,0.6666666666666666,0.6671974572147219,0.4111111111111111,0.7156617136651666,-0.3367778220887979,1,1
2022-08-18,23212.73828125,-0.5523518736243308,-0.10059931398792521,1.0,0.6666666666666666,0.6666483426330481,0.4222222222222222,0.7177741129710541,-0.3964638761386038,1,1
2022-08-19,20877.552734375,-0.9938321074093186,0.013819043648011897,1.0,1.0,0.4466415568472376,0.43333333333333335,0.7759949780361142,-0.7712087243606792,0,0
2022-08-20,21166.060546875,-0.9904134177296033,0.01738918520335342,1.0,1.0,0.44123068556721246,0.43333333333333335,0.7749128037801092,-0.7674840384342875,0,0
2022-08-21,21534.12109375,-0.9797198431859779,-0.006279006699941081,1.0,1.0,0.4329745362573948,0.4222222222222222,0.7710393516959234,-0.7554025527337481,1,1
2022-08-22,21398.908203125,-0.9788272382252134,0.006036741981122917,1.0,0.6666666666666666,0.43505510023726635,0.43333333333333335,0.67367768671412,-0.6594140695403327,0,0
2022-08-23,21528.087890625,-0.9620144152406963,-0.006181150878381003,1.0,0.6666666666666666,0.43375785579977133,0.4222222222222222,0.6711960156043987,-0.6457002424635508,1,1
2022-08-24,21395.01953125,-0.9306878759461983,0.009623023027591993,1.0,1.0,0.4343916207402001,0.43333333333333335,0.7735449908147067,-0.7199289444501609,0,0
2022-08-25,21600.904296875,-0.8828954729504314,-0.06207539958496022,1.0,0.6666666666666666,0.45047022172599605,0.4222222222222222,0.6745384887896436,-0.5955469780832017,1,1
2022-08-26,20260.01953125,-0.5310283061898688,-0.010773990107132536,1.0,1.0,0.3929126352249793,0.43333333333333335,0.7652491937116626,-0.406368983149867,1,1
2022-08-27,20041.73828125,-0.7865738871247188,-0.021201944769558057,1.0,1.0,0.39674190457141567,0.4444444444444444,0.768237269803172,-0.6042753755431624,1,1
2022-08-28,19616.814453125,-0.944772004285395,0.03472427641744291,1.0,1.0,0.4154583323616322,0.45555555555555555,0.7742027775834376,-0.7314451099008242,0,0
2022-08-29,20297.994140625,-0.773484525251647,-0.024691382971281484,1.0,0.6666666666666666,0.3908525220500677,0.4444444444444444,0.6670593932989025,-0.5159601181404533,1,1
2022-08-30,19796.80859375,-0.9229219261520731,0.012777568511970205,1.0,1.0,0.4154911995567443,0.45555555555555555,0.77420935102246,-0.7145347854905953,0,0
2022-08-31,20049.763671875,-0.8503848058437915,0.0038592451457939436,1.0,0.6666666666666666,0.4088171280964177,0.4444444444444444,0.6706523145081724,-0.5703125382617216,0,0
2022-09-01,20127.140625,-0.8774416119193472,-0.007818752974256604,1.0,1.0,0.4192302643374529,0.4444444444444444,0.7727349417563795,-0.6780297928811205,1,1
2022-09-02,19969.771484375,-0.2789314234500158,-0.006894600364241943,1.0,0.6666666666666666,0.42106151784968393,0.4444444444444444,0.6731011924588257,-0.1877490737384433,1,1
2022-09-03,19832.087890625,-0.20621383471769433,0.007796708085036963,1.0,1.0,0.42144077808258695,0.4444444444444444,0.7731770445054063,-0.15943980326315324,0,0
2022-09-04,19986.712890625,0.36020709994239625,-0.008722884940063236,1.0,0.3333333333333333,0.41626959387048057,0.43333333333333335,0.5699205854407627,0.2052894412790898,0,0
2022-09-05,19812.37109375,-0.445036399741296,-0.04919669232863699,1.0,1.0,0.41631404453100385,0.4222222222222222,0.7677072533506452,-0.3416576720864501,1,1
2022-09-06,18837.66796875,-0.7482579571800821,0.024029314602578067,1.0,1.0,0.38932976436392974,0.4222222222222222,0.7623103973172304,-0.5704048206337275,0,0
2022-09-07,19290.32421875,-0.6396342639062269,0.0020481649337233954,1.0,1.0,0.3699771575673816,0.4222222222222222,0.7584398759579207,-0.48512413177547464,0,0
2022-09-08,19329.833984375,-0.6596931513342322,0.10612188190716765,1.0,1.0,0.5400537147974651,0.4111111111111111,0.7902329651817153,-0.5213112750889204,0,0
2022-09-09,21381.15234375,0.8882387158102345,0.014002365912589188,1.0,1.0,0.3304346278006297,0.4,0.7460869255601259,0.6627032926423323,1,1
2022-09-10,21680.5390625,0.9530563512303176,0.004092001431295067,1.0,1.0,0.3319989613011485,0.4,0.7463997922602297,0.7113610625706016,1,1
2022-09-11,21769.255859375,0.9450946965614587,0.027616624254801714,1.0,1.0,0.3327184555272751,0.4,0.746543691105455,0.7055544832151814,1,1
2022-09-12,22370.44921875,0.9886343495250959,-0.09270006906083372,1.0,1.0,0.3211327549855554,0.4,0.7442265509971111,0.7357679321443346,0,0
2022-09-13,20296.70703125,0.9136311669088939,-0.0027402074343571003,1.0,0.6666666666666666,0.18754905865454852,0.4,0.6175098117309097,0.5641762098694024,0,0
2022-09-14,20241.08984375,0.7555415014564834,-0.026672422800232853,1.0,0.6666666666666666,0.16765388761430078,0.3888888888888889,0.6113085553006379,0.46186898372503765,0,0
2022-09-15,19701.2109375,0.36639490393762747,0.003622774615297697,1.0,0.3333333333333333,0.20196023099575067,0.3888888888888889,0.5181698239769279,0.18985478287940383,1,1
2022-09-16,19772.583984375,-0.9059868244846779,0.017953757980268437,1.0,1.0,0.20331351709853385,0.3888888888888889,0.7184404811974845,-0.650897610141353,0,0
2022-09-17,20127.576171875,-0.8921955277432236,-0.035179114785287124,1.0,0.6666666666666666,0.20630154047429328,0.3888888888888889,0.6190380858726365,-0.552303011718292,1,1
2022-09-18,19419.505859375,-0.9736859958123711,0.006417415961943007,1.0,1.0,0.20539909761466724,0.4,0.7210798195229335,-0.7021053221323924,0,0
2022-09-19,19544.12890625,-0.9873093008062928,-0.033428956945789956,1.0,1.0,0.21307683515906062,0.4,0.7226153670318121,-0.713444872776061,1,1
2022-09-20,18890.7890625,-0.8821470916340926,-0.018177571658806957,1.0,0.6666666666666666,0.20060670254774693,0.4,0.6201213405095494,-0.5470382369907337,1,1
2022-09-21,18547.400390625,-0.9320150293848517,0.04669928789927913,1.0,1.0,0.19783891171883683,0.4111111111111111,0.7217900045659895,-0.6727191323152629,0,0
2022-09-22,19413.55078125,-0.28399554926385434,-0.005970680514919002,1.0,0.6666666666666666,0.16454817258049537,0.4,0.6129096345160991,-0.17406360830350778,1,1
2022-09-23,19297.638671875,-0.4465702526444122,-0.01868762076318642,1.0,0.6666666666666666,0.16469731316767433,0.4,0.6129394626335349,-0.27372053068398794,1,1
2022-09-24,18937.01171875,-0.8284009496418832,-0.007124358610731463,1.0,0.6666666666666666,0.16162823607539167,0.4111111111111111,0.6145478694373006,-0.5090920386422558,1,1
2022-09-25,18802.09765625,-0.5620767974887856,0.022368473265013344,1.0,1.0,0.1618955992680532,0.4222222222222222,0.716823564298055,-0.4029098933851474,0,0
2022-09-26,19222.671875,-0.31758156381916314,-0.005832956039052206,1.0,1.0,0.18885700895560553,0.4222222222222222,0.7222158462355656,-0.22936243786247118,1,1
2022-09-27,19110.546875,0.2285522010623738,0.016544467837213528,1.0,0.6666666666666666,0.19585800895023375,0.4222222222222222,0.6236160462344912,0.14252881998470804,1,1
2022-09-28,19426.720703125,0.7389612232788451,0.007532412719634118,1.0,0.6666666666666666,0.19220847444284828,0.43333333333333335,0.6251083615552363,0.46193083953669195,1,1
2022-09-29,19573.05078125,0.16285512406942224,-0.0072171538473359,1.0,0.6666666666666666,0.37984281801691233,0.43333333333333335,0.6626352302700491,0.10791354263839902,0,0
2022-09-30,19431.7890625,0.13814398897654145,-0.0061596674907298254,1.0,0.6666666666666666,0.38617548881936026,0.4222222222222222,0.6616795422083165,0.09140705138482867,0,0
2022-10-01,19312.095703125,0.37664008708848484,-0.013876706359042923,1.0,0.3333333333333333,0.38783730158856367,0.4222222222222222,0.5620119047621571,0.2116762127543841,0,0
2022-10-02,19044.107421875,0.2518887291586719,0.030427924155919772,1.0,0.3333333333333333,0.4094738241450159,0.4222222222222222,0.5663392092734476,0.14265446369661583,1,1
2022-10-03,19623.580078125,0.3945015560644401,0.036347275524413414,1.0,1.0,0.5569815720752858,0.4222222222222222,0.7958407588595016,0.3139604177495782,1,1
2022-10-04,20336.84375,0.8573806936985449,-0.008660486125090072,1.0,1.0,0.5227527760447429,0.43333333333333335,0.7912172218756153,0.6783743705579505,0,0
2022-10-05,20160.716796875,0.6385112439070674,-0.01018185214187517,1.0,1.0,0.5393880638557765,0.4222222222222222,0.7923220572155997,0.5059065423277391,0,0
2022-10-06,19955.443359375,0.3719926165442228,-0.02047530303595302,1.0,1.0,0.5363864964568661,0.4111111111111111,0.7894995215135954,0.29368799276825425,0,0
2022-10-07,19546.849609375,0.11787453864329214,-0.006665076603316944,1.0,0.6666666666666666,0.5344797674639588,0.4111111111111111,0.689118175715014,0.0812294870331144,0,0
2022-10-08,19416.568359375,0.10777380896888988,0.0015377290838616275,1.0,0.6666666666666666,0.5645568496030892,0.4111111111111111,0.6951335921428401,0.07491719496746066,1,1
2022-10-09,19446.42578125,0.3990446890082481,-0.01568110303046133,1.0,0.6666666666666666,0.5655773564390678,0.4222222222222222,0.697559915732258,0.2783575796379986,0,0
2022-10-10,19141.484375,-0.45528192080326957,-0.00470529894576166,1.0,1.0,0.5900015666204275,0.4111111111111111,0.8002225355463077,-0.36432685305358564,1,1
2022-10-11,19051.41796875,-0.852200078494511,0.005565325579645286,1.0,1.0,0.5997723281555221,0.4222222222222222,0.8043989100755489,-0.6855088143072818,0,0
2022-10-12,19157.4453125,-0.7596020437623417,0.011768739552548313,1.0,1.0,0.6667757708815975,0.4222222222222222,0.8177995986207639,-0.621202246500355,0,0
2022-10-13,19382.904296875,-0.5181572996969553,-0.010176392755898878,1.0,0.6666666666666666,0.6630752726299822,0.4222222222222222,0.7170594989704409,-0.37154961370857537,1,1
2022-10-14,19185.65625,-0.3536127623370783,-0.0061515479500473536,1.0,0.6666666666666666,0.6720103654108751,0.43333333333333335,0.7210687397488417,-0.2549791088975037,1,1
2022-10-15,19067.634765625,-0.3447016395343704,0.010513049302600663,1.0,1.0,0.6725239347288161,0.43333333333333335,0.8211714536124299,-0.2830591463990268,0,0
2022-10-16,19268.09375,-0.18137930207257083,0.014670058500208416,1.0,0.6666666666666666,0.686235008588021,0.43333333333333335,0.7239136683842708,-0.13130295593233354,0,0
2022-10-17,19550.7578125,0.40333857995316985,-0.011065647631146036,1.0,0.6666666666666666,0.6806787958703174,0.4222222222222222,0.7205802036185079,0.29063779606985496,0,0
2022-10-18,19334.416015625,0.2886461174136826,-0.010079479991405349,1.0,0.6666666666666666,0.6851030410292738,0.4222222222222222,0.7214650526502991,0.20824808629716696,0,0
2022-10-19,19139.53515625,-0.01869567581817599,-0.004482602172654282,1.0,1.0,0.6841918591821932,0.4222222222222222,0.8212828162808831,-0.01535443728822598,1,1
2022-10-20,19053.740234375,-0.32715926404557094,0.006231244583192241,1.0,1.0,0.6851825455570829,0.43333333333333335,0.8237031757780833,-0.2694821247795573,0,0
2022-10-21,19172.46875,-0.013746383377467319,0.0018631248583989013,1.0,1.0,0.6846306882837143,0.43333333333333335,0.8235928043234095,-0.01132142243515301,0,0
2022-10-22,19208.189453125,0.1463686006491066,0.018680488353712166,1.0,0.6666666666666666,0.6918540490253698,0.4222222222222222,0.7228152542495184,0.10579745729233021,1,1
2022-10-23,19567.0078125,0.300681280806645,-0.011316781236911488,1.0,1.0,0.7142594071772381,0.43333333333333335,0.8295185481021143,0.24942069949621232,0,0
2022-10-24,19345.572265625,-0.20687111774692804,0.03878330120960949,1.0,0.3333333333333333,0.7739703884510529,0.4222222222222222,0.6392385221346549,-0.13223998758089048,0,0
2022-10-25,20095.857421875,0.6570779207682034,0.03356831063305088,1.0,1.0,0.7047961662281552,0.4222222222222222,0.8254036776900755,0.5423545323310232,1,1
2022-10-26,20770.44140625,0.9359354835637812,-0.0233314959115013,1.0,1.0,0.6700234673265695,0.43333333333333335,0.8206713601319806,0.7680954462920713,0,0
2022-10-27,20285.8359375,0.859984428118798,0.015257721000682789,1.0,1.0,0.6652300739238171,0.43333333333333335,0.8197126814514301,0.7049401415797345,1,1
2022-10-28,20595.3515625,0.9022701213137241,0.01083375534148523,1.0,1.0,0.6625384406259467,0.4444444444444444,0.8213965770140782,0.74112158918917,1,1
2022-10-29,20818.4765625,0.9324277175392544,-0.008784170461560437,1.0,1.0,0.6606952360832754,0.45555555555555555,0.8232501583277663,0.7676212660933889,0,0
2022-10-30,20635.603515625,0.7976950977271782,-0.006776156462742766,1.0,1.0,0.6683280655796134,0.45555555555555555,0.8247767242270339,0.6579203496353857,0,0
2022-10-31,20495.7734375,0.8303028015022186,-0.0005123007449325812,1.0,0.6666666666666666,0.6669392376147731,0.45555555555555555,0.7244989586340658,0.6015535150393048,0,0
2022-11-01,20485.2734375,0.3692535233877368,-0.015902620594443806,1.0,0.6666666666666666,0.6664720514206294,0.45555555555555555,0.7244055213952371,0.2674892911367219,0,0
2022-11-02,20159.50390625,-0.5286544799286204,0.0025042468919260763,1.0,0.6666666666666666,0.6572292541166522,0.4444444444444444,0.7203347397122194,-0.3808081871970815,0,0
2022-11-03,20209.98828125,-0.07463985687623549,0.0463751969796804,1.0,0.6666666666666666,0.6626519847079713,0.4444444444444444,0.7214192858304832,-0.05384663224214329,0,0
2022-11-04,21147.23046875,0.4898976800163388,0.006405611254872046,1.0,1.0,0.6086823408877416,0.43333333333333335,0.808403134844215,0.39603482027811643,1,1
2022-11-05,21282.69140625,0.4185759970958293,-0.01673684363155281,1.0,1.0,0.6094679632301923,0.4444444444444444,0.8107824815349274,0.33937408563631305,0,0
2022-11-06,20926.486328125,0.27468414923688617,-0.015466997985227438,1.0,1.0,0.5994921406787059,0.4444444444444444,0.8087873170246301,0.22216105609049427,0,0
2022-11-07,20602.81640625,0.10407546752989297,-0.10006131594948431,1.0,0.6666666666666666,0.5952324669322708,0.4444444444444444,0.707935382275343,0.07367870589125983,0,0
2022-11-08,18541.271484375,-0.9560616734954199,-0.14349022466876316,1.0,1.0,0.36810981351448135,0.43333333333333335,0.7602886293695629,-0.7268828193346033,1,1
2022-11-09,15880.7802734375,-0.9995889510688032,0.10742489862358795,1.0,1.0,0.07889947441130774,0.43333333333333335,0.7024465615489282,-0.7021578216405806,0,0
2022-11-10,17586.771484375,-0.9889388928476357,-0.03141443647663533,1.0,1.0,0.0,0.4222222222222222,0.6844444444444444,-0.6768737311046039,1,1
2022-11-11,17034.29296875,-0.9991640107648774,-0.013802006476365758,1.0,1.0,0.0,0.4222222222222222,0.6844444444444444,-0.6838722562568493,1,1
2022-11-12,16799.185546875,-0.9995621563170487,-0.026538209918333333,1.0,0.6666666666666666,0.0,0.43333333333333335,0.5866666666666667,-0.5864097983726686,1,1
2022-11-13,16353.365234375,-0.9996803614598266,0.016194463988263186,1.0,1.0,0.0,0.4444444444444444,0.6888888888888889,-0.6886686934501028,0,0
2022-11-14,16618.19921875,-0.9991268058208447,0.016031463998783302,1.0,1.0,0.012682725738084155,0.4444444444444444,0.6914254340365057,-0.690821685372185,0,0
2022-11-15,16884.61328125,-0.9454425506170161,-0.0127437818409466,1.0,0.6666666666666666,0.02481056822532668,0.4444444444444444,0.5938510025339543,-0.5614520065221739,1,1
2022-11-16,16669.439453125,0.7587339989300659,0.0010845070736082985,1.0,0.6666666666666666,0.026841826598759888,0.4444444444444444,0.5942572542086408,0.45088318287892276,1,1
2022-11-17,16687.517578125,-0.770942917366602,0.0006148167681003791,1.0,0.6666666666666666,0.03190297489335581,0.4444444444444444,0.5952694838675601,-0.4589187925121682,0,0
2022-11-18,16697.77734375,-0.3757517394912603,0.0008246325823211276,1.0,1.0,0.03517377018222001,0.4444444444444444,0.6959236429253329,-0.2614945193822885,0,0
2022-11-19,16711.546875,-0.10395984240453006,-0.025115259939095247,1.0,0.6666666666666666,0.03405117239307831,0.4444444444444444,0.5956991233675045,-0.06192878698580248,1,1
2022-11-20,16291.83203125,-0.0751127437472006,-0.030969374751391165,1.0,1.0,0.03167081123971005,0.4444444444444444,0.6952230511368309,-0.05222011088718772,1,1
2022-11-21,15787.2841796875,-0.7615967226264957,0.025494274188105903,1.0,1.0,0.028636296937297745,0.45555555555555555,0.6968383704985707,-0.5307098191720991,0,0
2022-11-22,16189.76953125,-0.6767263233982503,0.02600021570334854,1.0,1.0,0.015326960313285842,0.4444444444444444,0.6919542809515461,-0.46826367650801975,0,0
2022-11-23,16610.70703125,-0.07035077618879942,-0.0003757930043709612,1.0,0.3333333333333333,0.004095749695579798,0.4444444444444444,0.48970803882800484,-0.034451340637444865,1,1
2022-11-24,16604.46484375,-0.09921130838470994,-0.004975953615638518,1.0,0.6666666666666666,0.03570248336717319,0.4444444444444444,0.5960293855623235,-0.059132855177372864,1,1
2022-11-25,16521.841796875,-0.20766445495494118,-0.0034839061881034583,1.0,0.6666666666666666,0.03853954626413958,0.4444444444444444,0.5965967981417168,-0.1238919489139627,1,1
2022-11-26,16464.28125,-0.2875761630719454,-0.0011937537130568554,1.0,1.0,0.03827132006635814,0.4444444444444444,0.6965431529021605,-0.2003092073256387,1,1
2022-11-27,16444.626953125,0.18540313603225125,-0.013822428939733733,1.0,0.6666666666666666,0.03765395496795099,0.45555555555555555,0.5986419021047014,0.11099008601052358,0,0
2022-11-28,16217.322265625,0.49660559141895344,0.014038085481754337,1.0,0.3333333333333333,0.13143483913239873,0.4444444444444444,0.5151758567153686,0.2558392110089016,1,1
2022-11-29,16444.982421875,0.3052299060032076,0.044000289316970864,1.0,0.3333333333333333,0.4066538793482928,0.45555555555555555,0.5724418869807697,0.1747263833554391,1,1
2022-11-30,17168.56640625,0.5860881590115419,-0.011732697360023692,1.0,1.0,0.6016097759546051,0.4666666666666667,0.8136552885242544,0.47687373012118517,0,0
2022-12-01,16967.1328125,0.41101494493785723,0.007162515027905547,1.0,1.0,0.6233051003264867,0.45555555555555555,0.8157721311764085,0.33529453757731,1,1
2022-12-02,17088.66015625,0.595499304261448,-0.010558102652595158,1.0,1.0,0.6276433036658707,0.45555555555555555,0.8166397718442853,0.48630841596549956,0,0
2022-12-03,16908.236328125,0.4924539846450091,0.013144481522908036,1.0,0.6666666666666666,0.6454576533694831,0.45555555555555555,0.7202026417850078,0.35466666069888925,1,1
2022-12-04,17130.486328125,0.6826948865406542,-0.00908673304822849,1.0,1.0,0.6477199631961305,0.4666666666666667,0.8228773259725595,0.5617741426917134,0,0
2022-12-05,16974.826171875,0.7325419470118962,0.006755753090715411,1.0,0.6666666666666666,0.65125126235045,0.45555555555555555,0.7213613635812012,0.5284274577769295,1,1
2022-12-06,17089.50390625,0.6549120050227742,-0.01412428087141393,1.0,1.0,0.655699661740333,0.4666666666666667,0.8244732656814,0.5399574395150801,0,0
2022-12-07,16848.126953125,-0.35686277570814173,0.022871839541696026,1.0,0.6666666666666666,0.6490168469136941,0.4666666666666667,0.7231367027160722,-0.25806057094769086,0,0
2022-12-08,17233.474609375,0.30402652799696095,-0.005821360340788395,1.0,1.0,0.6356889867201083,0.4666666666666667,0.820471130677355,0.24944498918157706,0,0
2022-12-09,17133.15234375,0.0520251640164122,-0.00025843080632004245,1.0,1.0,0.6341840653815698,0.45555555555555555,0.8179479241874251,0.04255387491273468,0,0
2022-12-10,17128.724609375,0.2550490436325184,-0.0014321702613265819,1.0,1.0,0.6550690340385172,0.4444444444444444,0.8199026956965924,0.20911539840913965,0,0
2022-12-11,17104.193359375,-0.030687643694444166,0.005977723618808328,1.0,0.6666666666666666,0.6909730384590244,0.43333333333333335,0.7248612743584716,-0.022244284515413514,0,0
2022-12-12,17206.4375,0.26631008406843015,0.033410801008343594,1.0,1.0,0.7068766804211746,0.43333333333333335,0.8280420027509016,0.22051593536478387,1,1
2022-12-13,17781.318359375,0.6693897811662061,0.0019307922256450727,1.0,1.0,0.6930216300367162,0.4444444444444444,0.8274932148962322,0.5539155020359092,1,1
2022-12-14,17815.650390625,0.8172643352178284,-0.02530276169357326,1.0,1.0,0.6933484300834449,0.45555555555555555,0.8297807971278002,0.6781502515411714,0,0
2022-12-15,17364.865234375,0.15131212486518128,-0.04131220425223303,1.0,1.0,0.6690722334165614,0.4444444444444444,0.8227033355722012,0.12448498983910204,0,0
2022-12-16,16647.484375,-0.5131037261433237,0.008866650272798315,1.0,1.0,0.6138494783703377,0.4444444444444444,0.8116587845629565,-0.41646514671621415,0,0
2022-12-17,16795.091796875,-0.3709803568081092,-0.0022098857704312413,1.0,1.0,0.6110338660606922,0.43333333333333335,0.8088734398788051,-0.3000761573388418,1,1
2022-12-18,16757.9765625,-0.38407635503344484,-0.01899375344110854,1.0,1.0,0.6135849872956816,0.4444444444444444,0.8116058863480252,-0.3117186305522378,1,1
2022-12-19,16439.6796875,-0.7120082557237944,0.028384068842582266,1.0,1.0,0.606203897746393,0.4444444444444444,0.8101296684381675,-0.5768190121347555,0,0
2022-12-20,16906.3046875,-0.7548758857357312,-0.005250676176186131,1.0,0.6666666666666666,0.6377700903813497,0.43333333333333335,0.7142206847429367,-0.5391479720061048,1,1
2022-12-21,16817.53515625,-0.8077401957771119,0.0007615052090579333,1.0,0.6666666666666666,0.6397954546488972,0.4444444444444444,0.7168479798186683,-0.5790269275611583,0,0
2022-12-22,16830.341796875,-0.5480835654128754,-0.001983838015767403,1.0,0.6666666666666666,0.6413058149174891,0.43333333333333335,0.7149278296501644,-0.3918401938875509,1,1
2022-12-23,16796.953125,0.17766367176182082,0.003024520816182319,1.0,0.3333333333333333,0.6436372100334481,0.43333333333333335,0.6153941086733563,0.10933317692750147,1,1
2022-12-24,16847.755859375,0.06263154616353638,-0.000342451024228807,1.0,0.6666666666666666,0.6484896602782324,0.43333333333333335,0.7163645987223132,0.044867022434799765,0,0
2022-12-25,16841.986328125,0.09992780267638454,0.004620497716771643,1.0,0.6666666666666666,0.6505842544238201,0.43333333333333335,0.7167835175514307,0.07162660190356418,1,1
2022-12-26,16919.8046875,0.5256426642995492,-0.011975957353969946,1.0,0.6666666666666666,0.6507289221969648,0.43333333333333335,0.7168124511060596,0.3767872066024795,0,0
2022-12-27,16717.173828125,-0.2200798616417006,-0.009846255365429935,1.0,1.0,0.6521783132596055,0.4222222222222222,0.8148801070963655,-0.17933870122434228,1,1
2022-12-28,16552.572265625,-0.3050724507895121,0.0054232979508825885,1.0,1.0,0.668084014228165,0.4222222222222222,0.8180612472900775,-0.24956794960670906,0,0
2022-12-29,16642.341796875,-0.21976202051396623,-0.002388838052975517,1.0,1.0,0.6353183535205921,0.4222222222222222,0.8115081151485628,-0.17833866304852852,1,1
2022-12-30,16602.5859375,-0.22738626100047943,-0.0033181483870876605,1.0,1.0,0.6353268196930238,0.43333333333333335,0.8137320306052714,-0.18503148389566038,1,1
2022-12-31,16547.49609375,-0.3420734593093721,0.0046885633896178724,1.0,1.0,0.635204848161228,0.4444444444444444,0.8159298585211345,-0.27910794925813104,0,0
2023-01-01,16625.080078125,-0.25202875393956914,0.0038129515588565255,1.0,1.0,0.6358465315834647,0.43333333333333335,0.8138359729833596,-0.205110066182193,0,0
2023-01-02,16688.470703125,-0.2668298919883833,-0.000516121662866742,1.0,0.3333333333333333,0.6838147597502651,0.4222222222222222,0.6212073963944974,-0.16575670248232854,1,1
2023-01-03,16679.857421875,-0.04461475884844727,0.010994150293785143,1.0,0.6666666666666666,0.6845978372809801,0.43333333333333335,0.7235862341228627,-0.03228262534144762,0,0
2023-01-04,16863.23828125,0.3586788537360233,-0.0015715814888571655,1.0,1.0,0.6997096368056833,0.43333333333333335,0.8266085940278033,0.29648702299423835,0,0
2023-01-05,16836.736328125,0.22945527838726779,0.006844106816741524,1.0,1.0,0.785253516081162,0.43333333333333335,0.843717369882899,0.19359540398665398,1,1
2023-01-06,16951.96875,0.3976694913239477,0.00018342264818071996,1.0,1.0,0.78707035850835,0.4444444444444444,0.8463029605905589,0.3365488678439985,1,1
2023-01-07,16955.078125,0.4562940440930472,0.008025112314249405,1.0,1.0,0.7875386289221056,0.4444444444444444,0.8463966146733101,0.3862057342159492,1,1
2023-01-08,17091.14453125,0.5084790775141572,0.006167530562816603,1.0,1.0,0.8116257722655572,0.45555555555555555,0.8534362655642226,0.4339544850312232,1,1
2023-01-09,17196.5546875,0.5433552680895389,0.014522576515372032,1.0,1.0,0.8698378132938939,0.45555555555555555,0.8650786737698899,0.4700450547047813,1,1
2023-01-10,17446.29296875,0.7254217820179045,0.02800615102017323,1.0,1.0,0.8573444957058893,0.4666666666666667,0.8648022324745113,0.6273463765747221,1,1
2023-01-11,17934.896484375,0.8540682622097217,0.052115795988246116,1.0,1.0,0.8067561764928383,0.4777777777777778,0.8569067908541232,0.7318568937404905,1,1
2023-01-12,18869.587890625,0.984146628991498,0.05511441660269112,1.0,1.0,0.6906153581653229,0.4777777777777778,0.8336786271886201,0.8204620106099402,1,1
2023-01-13,19909.57421875,0.9981388731714307,0.05357847423830919,1.0,1.0,0.6055068181576024,0.4777777777777778,0.8166569191870761,0.8151370170850403,1,1
2023-01-14,20976.298828125,0.9998483132264143,-0.004552757413617381,1.0,1.0,0.5492745064817288,0.4888888888888889,0.8076326790741235,0.8075101718787924,0,0
2023-01-15,20880.798828125,0.9997187523459282,0.013832516023570829,1.0,1.0,0.5434398999519308,0.4888888888888889,0.8064657577681639,0.8062389411657024,1,1
2023-01-16,21169.6328125,0.9998061677527719,-0.00038325091993141047,1.0,1.0,0.5593142564301692,0.5,0.8118628512860339,0.811705486085128,0,0
2023-01-17,21161.51953125,0.999600437689493,-0.022339524368838015,1.0,1.0,0.5692664275001253,0.5,0.813853285500025,0.8135281004008569,0,0
2023-01-18,20688.78125,0.9957078167403178,0.019238045679950355,1.0,0.6666666666666666,0.5361106917515865,0.4888888888888889,0.7049999161280951,0.7019739272900127,1,1
2023-01-19,21086.79296875,0.9819744819541467,0.07539125404137925,1.0,0.6666666666666666,0.5401250821636567,0.5,0.7080250164327313,0.6952624987221075,1,1
2023-01-20,22676.552734375,0.9923250153363611,0.004457126566322689,1.0,1.0,0.4504393384241546,0.5111111111111111,0.7923100899070531,0.7862291221181701,1,1
2023-01-21,22777.625,0.9375597364360514,-0.002511630794474806,1.0,1.0,0.4503109885847113,0.5111111111111111,0.7922844199391644,0.7428139719405529,0,0
2023-01-22,22720.416015625,0.9427279684426804,0.009419529327844067,1.0,1.0,0.44568506757670345,0.5111111111111111,0.791359235737563,0.7460364846152249,1,1
2023-01-23,22934.431640625,0.931192858933506,-0.012991945703908492,1.0,1.0,0.45119838172999893,0.5222222222222223,0.7946841207904443,0.7400041783879134,0,0
2023-01-24,22636.46875,0.8840460282740744,0.021266153759075257,1.0,0.6666666666666666,0.4322806227361271,0.5111111111111111,0.6886783467694476,0.6088233572198859,1,1
2023-01-25,23117.859375,0.9819092663880897,-0.003680359408276712,1.0,1.0,0.4385106943449788,0.5222222222222223,0.7921465833134402,0.777816070493132,0,0
2023-01-26,23032.77734375,0.9513383942007679,0.0019950339114214177,1.0,1.0,0.4314380406417818,0.5111111111111111,0.7885098303505785,0.7501396758172393,1,1
2023-01-27,23078.728515625,0.3405426865978975,-0.0020641809553220147,1.0,1.0,0.432672299092009,0.5111111111111111,0.788756682040624,0.2686053195741577,0,0
2023-01-28,23031.08984375,0.21895287344823874,0.03228143207915801,1.0,0.6666666666666666,0.4268035638804494,0.5111111111111111,0.6875829349983121,0.150548259351854,1,1
2023-01-29,23774.56640625,0.7296284082968564,-0.03930367092328346,1.0,1.0,0.4229278327473044,0.5222222222222223,0.7890300109939054,0.5756987110199343,0,0
2023-01-30,22840.138671875,-0.08204347332460565,0.013097316769725253,1.0,0.6666666666666666,0.3585536193365,0.5222222222222223,0.6761551683117445,-0.05547411851467886,0,0
2023-01-31,23139.283203125,0.41716243653128904,0.025259482888651652,1.0,1.0,0.36283925603815703,0.5222222222222223,0.7770122956520759,0.32414034246899026,1,1
2023-02-01,23723.76953125,0.48092912982207947,-0.01061797692681965,1.0,0.6666666666666666,0.39256011266906676,0.5333333333333333,0.6851786892004801,0.32952239076981993,0,0
2023-02-02,23471.87109375,0.36381621000642206,-0.0009606745041729203,1.0,1.0,0.4278736979949861,0.5333333333333333,0.7922414062656639,0.2882302658377319,0,0
2023-02-03,23449.322265625,0.31055192057684944,-0.005009723012217249,1.0,1.0,0.47801030725258564,0.5222222222222223,0.8000465058949616,0.24845597895647803,0,0
2023-02-04,23331.84765625,0.25539468210568106,-0.01612309690031044,1.0,0.6666666666666666,0.4777658219797769,0.5222222222222223,0.6999976088403999,0.1787756667845308,0,0
2023-02-05,22955.666015625,-0.5972670032097763,-0.008518883333286542,1.0,0.6666666666666666,0.4684638858052137,0.5222222222222223,0.6981372216054872,-0.41697432617750885,1,1
2023-02-06,22760.109375,-0.06996327801129697,0.022151986720186922,1.0,1.0,0.46502255328816733,0.5333333333333333,0.7996711773243002,-0.055947616896761164,0,0
2023-02-07,23264.291015625,0.10762961733437809,-0.013965290320121615,1.0,0.6666666666666666,0.47635216481564446,0.5222222222222223,0.6997148774075733,0.07531004449854839,0,0
2023-02-08,22939.3984375,-0.579196901865692,-0.04883996317743455,1.0,1.0,0.47191046460212394,0.5222222222222223,0.7988265373648692,-0.46267785556983065,1,1
2023-02-09,21819.0390625,-0.8871435159719887,-0.007693073387383564,1.0,1.0,0.5516403263469138,0.5222222222222223,0.8147725097138272,-0.722820148984846,1,1
2023-02-10,21651.18359375,-0.9110451088121293,0.010146854341645195,1.0,1.0,0.5519391495460289,0.5222222222222223,0.8148322743536502,-0.7423489580521561,0,0
2023-02-11,21870.875,-0.8489390726483222,-0.003779998514005456,1.0,1.0,0.5476155267451741,0.5111111111111111,0.8117453275712571,-0.6891223256149516,1,1
2023-02-12,21788.203125,-0.7687014215102689,0.0009132665684197239,1.0,1.0,0.5513618721402301,0.5222222222222223,0.8147168188724905,-0.6262739767956077,0,0
2023-02-13,21808.1015625,-0.6839817548237367,0.018924303145655852,1.0,0.6666666666666666,0.5546534402158217,0.5222222222222223,0.7153751324876089,-0.48930353847613783,0,0
2023-02-14,22220.8046875,-0.7148688158686145,0.09392266116037784,1.0,0.6666666666666666,0.5576850719945425,0.5111111111111111,0.7137592366211307,-0.5102442202986339,0,0
2023-02-15,24307.841796875,0.8315360901494326,-0.028154173176657027,1.0,1.0,0.34872238581097237,0.5,0.7697444771621944,0.6400703129535704,0,0
2023-02-16,23623.474609375,0.9294046076965757,0.03988096453648349,1.0,1.0,0.3301987502400836,0.5,0.7660397500480167,0.7119608733733599,1,1
2023-02-17,24565.6015625,0.9908659118527489,0.0030805588480080637,1.0,1.0,0.3038835874600576,0.5111111111111111,0.7629989397142337,0.7560296401426247,1,1
2023-02-18,24641.27734375,0.9874742582962269,-0.012728023845912761,1.0,1.0,0.32034452131877056,0.5111111111111111,0.7662911264859763,0.7566927617657196,0,0
2023-02-19,24327.642578125,0.9812825747254998,0.020614650916729094,1.0,1.0,0.35077416625296554,0.5,0.7701548332505931,0.7557395177094299,1,1
2023-02-20,24829.1484375,0.9921865853048604,-0.01581991113645098,1.0,1.0,0.3467877008199497,0.5111111111111111,0.7715797623862122,0.7655510897323115,0,0
2023-02-21,24436.353515625,0.9636098718663096,-0.01012875204423358,1.0,0.6666666666666666,0.34981031760429593,0.5111111111111111,0.6721842857430814,0.6477234134554376,0,0
2023-02-22,24188.84375,-0.09759751902057005,-0.00997780485063493,1.0,0.6666666666666666,0.3500531389969629,0.5,0.6700106277993926,-0.0653913749906353,1,1
2023-02-23,23947.4921875,0.26763843454471364,-0.03129201289670536,1.0,0.6666666666666666,0.34745088836802573,0.5,0.6694901776736051,0.17918130309562585,0,0
2023-02-24,23198.126953125,-0.8052344980798825,-0.0009807668166905703,1.0,0.6666666666666666,0.32767091806401094,0.4888888888888889,0.6633119613905799,-0.534121674300726,1,1
2023-02-25,23175.375,-0.8305150060294154,0.016648614774302573,1.0,0.6666666666666666,0.33306480615845124,0.4888888888888889,0.664390739009468,-0.551786478614336,0,0
2023-02-26,23561.212890625,-0.5581138855204545,-0.0016273269569350157,1.0,0.6666666666666666,0.33053860491508735,0.4888888888888889,0.6638854987607952,-0.37052371525407224,1,1
2023-02-27,23522.87109375,-0.782665145847102,-0.01596393470118429,1.0,0.3333333333333333,0.3387335905954072,0.4888888888888889,0.5655244958968592,-0.4426163120612241,1,1
2023-02-28,23147.353515625,-0.783737094672356,0.02156606219747892,1.0,0.6666666666666666,0.3374719573600067,0.4888888888888889,0.665272169249779,-0.5213984770941977,0,0
2023-03-01,23646.55078125,-0.4205686864502096,-0.007235050302163204,1.0,0.6666666666666666,0.38462082769848416,0.4888888888888889,0.6747019433174746,-0.28375851004643404,1,1
2023-03-02,23475.466796875,-0.37498993663448943,-0.047402129167592566,1.0,1.0,0.3848531114763708,0.4888888888888889,0.7747484000730519,-0.2905228534510658,1,1
2023-03-03,22362.6796875,-0.6170773309784399,-0.0004172164631153219,1.0,1.0,0.3338023319969865,0.5,0.7667604663993972,-0.47315050210552373,1,1
2023-03-04,22353.349609375,-0.6102976559161687,0.0036756935285233716,1.0,1.0,0.3342949274843062,0.5,0.7668589854968612,-0.46801224126698554,0,0
2023-03-05,22435.513671875,-0.7422866378025971,-0.00025655126328649747,1.0,1.0,0.3342365735691588,0.5,0.7668473147138317,-0.5692205149468802,1,1
2023-03-06,22429.7578125,-0.7303162007968306,-0.00936203961743065,1.0,0.6666666666666666,0.34031961785817566,0.5,0.6680639235716351,-0.48789790655226073,1,1
2023-03-07,22219.76953125,-0.6648522415954197,-0.022578517406286358,1.0,1.0,0.557330408596963,0.5111111111111111,0.8136883039416148,-0.5409824928355578,1,1
2023-03-08,21718.080078125,-0.9262152184832719,-0.06239311158608585,1.0,1.0,0.564420387178574,0.5222222222222223,0.8173285218801593,-0.7570221154658414,1,1
2023-03-09,20363.021484375,-0.9900991165880147,-0.008632183779056501,1.0,1.0,0.5363714629438479,0.5333333333333333,0.8139409592554363,-0.8058822247136088,1,1
2023-03-10,20187.244140625,-0.9599752608110783,0.022051846825845045,1.0,1.0,0.5408125153888366,0.5444444444444444,0.8170513919666562,-0.7843491230992454,0,0
2023-03-11,20632.41015625,-0.9120799975510584,0.07422977009964415,1.0,1.0,0.5146279763509347,0.5444444444444444,0.8118144841590759,-0.7404397527237236,0,0
2023-03-12,22163.94921875,-0.23746363389647582,0.09175187888693825,1.0,0.6666666666666666,0.37696069274873234,0.5444444444444444,0.6842810274386354,-0.16249185938199243,0,0
2023-03-13,24197.533203125,0.9180184524564133,0.022669294883089997,1.0,1.0,0.2138981815569353,0.5333333333333333,0.7494463029780537,0.6880055352590931,1,1
2023-03-14,24746.07421875,0.9790420550718854,-0.014956444322371198,1.0,1.0,0.2080259844346044,0.5333333333333333,0.7482718635535875,0.7325896230459737,0,0
2023-03-15,24375.9609375,0.9851469195430204,0.027766213062754286,1.0,1.0,0.20570161569361367,0.5333333333333333,0.7478069898053894,0.7366997524195182,1,1
2023-03-16,25052.7890625,0.9998004157767969,0.0946457745317153,1.0,1.0,0.21498282264311475,0.5444444444444444,0.7518854534175119,0.7517353889433539,1,1
2023-03-17,27423.9296875,0.9999988152498465,-0.01670259464889101,1.0,1.0,0.09572759758311156,0.5555555555555556,0.7302566306277335,0.7302557654560783,0,0
2023-03-18,26965.87890625,0.9999907003788081,0.039783493752593824,1.0,1.0,0.08760637698231655,0.5444444444444444,0.7264101642853522,0.7264034089459944,1,1
2023-03-19,28038.67578125,0.9999502842001287,-0.00968089417783835,1.0,1.0,0.07514459308936028,0.5444444444444444,0.7239178075067609,0.7238818173539197,0,0
2023-03-20,27767.236328125,0.994541183156207,0.014714466837708162,1.0,1.0,0.07919363720487593,0.5444444444444444,0.724727616329864,0.7207714610106806,1,1
2023-03-21,28175.81640625,0.9922079670239088,-0.030820008681536337,1.0,1.0,0.0808376081668003,0.5444444444444444,0.725056410522249,0.7194067470619333,0,0
2023-03-22,27307.4375,0.9838430128770164,0.03759177902540278,1.0,0.6666666666666666,0.06210105353628215,0.5444444444444444,0.6213090995961453,0.6112706164745778,1,1
2023-03-23,28333.97265625,0.9894431133874646,-0.02967065403073854,1.0,1.0,0.09967330643436967,0.5444444444444444,0.7288235501757628,0.7211294425960117,0,0
2023-03-24,27493.28515625,0.05053716555716875,5.17171735541222e-05,1.0,0.6666666666666666,0.07689591595722245,0.5333333333333333,0.6220458498581112,0.0314364340984291,1,1
2023-03-25,27494.70703125,0.3732726662949121,0.018171608313816145,1.0,1.0,0.0759417948439397,0.5444444444444444,0.7240772478576768,0.27027824491131697,1,1
2023-03-26,27994.330078125,-0.031621264171379726,-0.03052194511765327,1.0,0.6666666666666666,0.07726218852549571,0.5444444444444444,0.6243413265939881,-0.019742462021338163,1,1
2023-03-27,27139.888671875,-0.42342819641821516,0.004725228944394866,1.0,0.6666666666666666,0.05853073636267436,0.5555555555555556,0.622817258383646,-0.2637183884155247,0,0
2023-03-28,27268.130859375,-0.5678210405880929,0.0396180637553154,1.0,0.6666666666666666,0.07430023288379217,0.5444444444444444,0.6237489354656474,-0.35417776960181907,0,0
2023-03-29,28348.44140625,0.6425075255666388,-0.0111074503792854,1.0,1.0,0.15363632003770966,0.5444444444444444,0.7396161528964308,0.47520894426660254,0,0
2023-03-30,28033.5625,-0.2089273202869937,0.015871042968584437,1.0,0.3333333333333333,0.15154887376626403,0.5333333333333333,0.5369764414199194,-0.11218904896310962,0,0
2023-03-31,28478.484375,0.6148507949235971,-0.0023684272611504964,1.0,1.0,0.15191339083392297,0.5222222222222223,0.7348271226112291,0.4518090404689337,0,0
2023-04-01,28411.03515625,0.5827050695893251,-0.00745226498561502,1.0,1.0,0.20325200666081222,0.5222222222222223,0.7450948457766069,0.4341705439589052,0,0
2023-04-02,28199.30859375,0.14540493476253238,-0.014507018470504951,1.0,1.0,0.31443112656898353,0.5222222222222223,0.7673306697582412,0.11157366597748733,0,0
2023-04-03,27790.220703125,0.4456382998392794,0.0135971982612757,1.0,0.6666666666666666,0.3100117769292282,0.5111111111111111,0.6642245776080679,0.29600391147672284,1,1
2023-04-04,28168.08984375,0.5784174279730889,0.000351267384649967,1.0,0.3333333333333333,0.3183976369503748,0.5222222222222223,0.5681239718345195,0.3286128065583784,1,1
2023-04-05,28177.984375,-0.11968208924875127,-0.004749940528704033,1.0,0.6666666666666666,0.3259130115937814,0.5333333333333333,0.671849268985423,-0.08040832417242169,1,1
2023-04-06,28044.140625,0.007546614301327004,-0.004217681389550476,1.0,0.6666666666666666,0.5109008272471294,0.5333333333333333,0.7088468321160926,0.005349393640697646,0,0
2023-04-07,27925.859375,-0.36972110579029244,0.0007854922772632111,1.0,0.6666666666666666,0.5191119787712115,0.5222222222222223,0.7082668401986868,-0.26186119935285485,0,0
2023-04-08,27947.794921875,-0.3150110384488092,0.013784839213681899,1.0,0.6666666666666666,0.5622260382238569,0.5111111111111111,0.7146674298669936,-0.22512812922794315,0,0
2023-04-09,28333.05078125,0.09457147653088455,0.04658621825410658,1.0,1.0,0.5601900346532585,0.5,0.8120380069306516,0.07679563331462838,1,1
2023-04-10,29652.98046875,0.8718130503885851,0.019629666758571807,1.0,1.0,0.5085463699709138,0.5,0.8017092739941828,0.6989406076856864,1,1
2023-04-11,30235.05859375,0.8991178659273326,-0.003175315803583212,1.0,1.0,0.5353330545649273,0.5,0.8070666109129855,0.7256480088652884,0,0
2023-04-12,30139.052734375,0.8835915573904932,0.00862713483952482,1.0,1.0,0.56619496580114,0.4888888888888889,0.8110167709380057,0.7166075717029213,1,1
2023-04-13,30399.06640625,0.932789141532923,0.002849851088919886,1.0,1.0,0.6019456562313023,0.4888888888888889,0.8181669090240382,0.7631772086991777,1,1
2023-04-14,30485.69921875,0.9501490162987781,-0.005484641300179338,1.0,1.0,0.6026502306905379,0.4888888888888889,0.8183078239158853,0.7775143739232722,0,0
2023-04-15,30318.49609375,0.9349727541131945,-0.00010358775680330279,1.0,1.0,0.6051815506887214,0.4888888888888889,0.818814087915522,0.765568862885059,0,0
2023-04-16,30315.35546875,0.8851976184312086,-0.028708571396173888,1.0,0.6666666666666666,0.6485644661946095,0.4777777777777778,0.7252684487944774,0.6420059035961684,0,0
2023-04-17,29445.044921875,-0.13933364853934135,0.032348662229154,1.0,0.6666666666666666,0.6087043128658747,0.4777777777777778,0.7172964181287305,-0.09994352702207697,0,0
2023-04-18,30397.552734375,0.10707518650078282,-0.0518092051895368,1.0,1.0,0.6247686658982949,0.4777777777777778,0.8205092887352146,0.08785618511694776,0,0
2023-04-19,28822.6796875,-0.7031647766041768,-0.020008250880993006,1.0,0.6666666666666666,0.5376102091550008,0.4666666666666667,0.7008553751643335,-0.4928168133092651,1,1
2023-04-20,28245.98828125,-0.8888753714122692,-0.034308522518338824,1.0,0.6666666666666666,0.5319976400269381,0.4666666666666667,0.699732861338721,-0.6219753070118256,1,1
2023-04-21,27276.91015625,-0.9707480442141325,0.01981858797984626,1.0,1.0,0.5018200610740129,0.4666666666666667,0.793697345548136,-0.7704801458888015,0,0
2023-04-22,27817.5,-0.9288322861684174,-0.008128524647254443,1.0,1.0,0.49140987399267266,0.4666666666666667,0.7916153081318679,-0.735277856418039,1,1
2023-04-23,27591.384765625,-0.9465037984327059,-0.002393679129772508,1.0,1.0,0.49506871847189027,0.4666666666666667,0.7923470770277115,-0.7499595180837807,1,1
2023-04-24,27525.33984375,-0.8627299247699497,0.02841955147295372,1.0,0.6666666666666666,0.5001946085371922,0.4777777777777778,0.6955944772629941,-0.6001101710394954,0,0
2023-04-25,28307.59765625,-0.8798450289816211,0.004066170397882152,1.0,0.6666666666666666,0.4790591732980618,0.4666666666666667,0.6891451679929458,-0.6063409503052976,0,0
2023-04-26,28422.701171875,-0.2706307498831655,0.036980508331842854,1.0,0.6666666666666666,0.479527333933519,0.4666666666666667,0.6892388001200372,-0.1865292133250589,0,0
2023-04-27,29473.787109375,0.7010496129714822,-0.00453030993708059,1.0,0.6666666666666666,0.4502956278319591,0.45555555555555555,0.681170236677503,0.47753413079045637,0,0
2023-04-28,29340.26171875,0.9074510040330295,-0.0031279011203009244,1.0,0.6666666666666666,0.449093273106123,0.45555555555555555,0.6809297657323358,0.6179103995897837,0,0
2023-04-29,29248.48828125,0.7734428145182651,0.000694680667924441,1.0,0.6666666666666666,0.4515460404352504,0.4444444444444444,0.679198096975939,0.5253208877405199,1,1
2023-04-30,29268.806640625,0.838441366301345,-0.04022160164248023,1.0,0.3333333333333333,0.5045737958076375,0.45555555555555555,0.5920258702726386,0.496378979557134,0,0
2023-05-01,28091.568359375,0.38968064810544584,0.020966033026897257,1.0,0.3333333333333333,0.47859682425346217,0.45555555555555555,0.5868304759618035,0.22867648020082285,1,1
2023-05-02,28680.537109375,0.25755760461701965,0.01135862564681589,1.0,0.3333333333333333,0.46452435775353573,0.45555555555555555,0.5840159826618182,0.15041775755243278,1,1
2023-05-03,29006.30859375,0.38903538282323497,-0.005467695268338013,1.0,0.6666666666666666,0.462898344955199,0.4666666666666667,0.6859130023243732,0.266844427442697,0,0
2023-05-04,28847.7109375,-0.40099659707706614,0.023803407820215394,1.0,0.3333333333333333,0.46329193137953184,0.4666666666666667,0.5859917196092397,-0.2349806854786434,0,0
2023-05-05,29534.384765625,0.13155840047790987,-0.021323001096775096,1.0,1.0,0.4478430314339408,0.4666666666666667,0.7829019396201216,0.10299732690747636,0,0
2023-05-06,28904.623046875,-0.23089407004324394,-0.015556145829018653,1.0,0.6666666666666666,0.43864759379178253,0.4666666666666667,0.6810628520916899,-0.15725337387471014,1,1
2023-05-07,28454.978515625,-0.5050826226074757,-0.026733637409259936,1.0,0.6666666666666666,0.45136318866641423,0.4666666666666667,0.6836059710666162,-0.3452774966964567,1,1
2023-05-08,27694.2734375,-0.27554728746737667,-0.0012817829272578907,1.0,0.6666666666666666,0.46778321670070944,0.4777777777777778,0.6891121988956974,-0.1898829971663888,1,1
2023-05-09,27658.775390625,-0.6122497900848733,-0.0013384371045779275,1.0,1.0,0.5032917212006627,0.4888888888888889,0.7984361220179103,-0.4888423481016459,1,1
2023-05-10,27621.755859375,-0.7418837961476563,-0.022481076150133283,1.0,1.0,0.509516447231319,0.4888888888888889,0.7996810672240415,-0.5932704258595811,1,1
2023-05-11,27000.7890625,-0.8566083269215411,-0.007251596524522896,1.0,1.0,0.5242226922341148,0.4888888888888889,0.8026223162246007,-0.6875329594510473,1,1
2023-05-12,26804.990234375,-0.9515839521285726,-0.0007801573211611013,1.0,1.0,0.5361040033502191,0.5,0.8072208006700438,-0.768138359741991,1,1
2023-05-13,26784.078125,-0.8990554776959837,0.005471927993601522,1.0,1.0,0.5371480823745854,0.5,0.8074296164749171,-0.7259240195457415,0,0
2023-05-14,26930.638671875,-0.7899898453123775,0.009730726801279843,1.0,1.0,0.5352889094026061,0.5,0.8070577818805212,-0.6375674522659435,0,0
2023-05-15,27192.693359375,-0.3471737445507016,-0.005738415341494774,1.0,0.6666666666666666,0.5612352940588762,0.5,0.7122470588117752,-0.24727347845290779,1,1
2023-05-16,27036.650390625,-0.4217816386161862,0.013394867282656264,1.0,0.6666666666666666,0.56126273402786,0.5111111111111111,0.7144747690277942,-0.3013523388304642,0,0
2023-05-17,27398.802734375,-0.1600451035633443,-0.02067950762275983,1.0,0.6666666666666666,0.6102846610823331,0.5111111111111111,0.7242791544386888,-0.1159173322809114,1,1
2023-05-18,26832.208984375,-0.1242254851941868,0.0021585968530852817,1.0,1.0,0.5964912450353395,0.5111111111111111,0.8215204712292901,-0.10205377913541554,0,0
2023-05-19,26890.12890625,0.06343918346326191,0.008905016115201336,1.0,0.3333333333333333,0.591385028346675,0.5,0.618277005669335,0.03922298839377317,1,1
2023-05-20,27129.5859375,0.2524191648340952,-0.013850552916312875,1.0,0.3333333333333333,0.5838258255662794,0.5111111111111111,0.6189873873354781,0.15624427935406,0,0
2023-05-21,26753.826171875,-0.13056002885422652,0.0036425134576618667,1.0,1.0,0.6165608511933262,0.5,0.8233121702386652,-0.10749166070239598,0,0
2023-05-22,26851.27734375,-0.2459605193964052,0.013945303754316907,1.0,1.0,0.6396761089444942,0.5,0.8279352217888988,-0.20363937717777547,0,0
2023-05-23,27225.7265625,0.13896159264094227,-0.03272302765106416,1.0,0.6666666666666666,0.6348686083326258,0.5,0.7269737216665252,0.10102142617089342,0,0
2023-05-24,26334.818359375,-0.6507882577782835,0.005368887301425707,1.0,1.0,0.5723319376033726,0.4888888888888889,0.8122441652984522,-0.5285989652251558,0,0
2023-05-25,26476.20703125,-0.259296629750427,0.009181223884829448,1.0,1.0,0.6046980169709444,0.4888888888888889,0.8187173811719666,-0.21229065765598662,0,0
2023-05-26,26719.291015625,-0.12638421181588905,0.005578834405180588,1.0,1.0,0.6083293057434427,0.4777777777777778,0.8172214167042442,-0.10328388462923013,0,0
2023-05-27,26868.353515625,-0.19023521825113646,0.0453058267244435,1.0,0.3333333333333333,0.609444734191128,0.4777777777777778,0.6174445023937811,-0.1174596896708453,0,0
2023-05-28,28085.646484375,0.7597447598705075,-0.0120973437068298,1.0,1.0,0.5358810401858689,0.4666666666666667,0.8005095413705071,0.608182929282586,0,0
2023-05-29,27745.884765625,0.5825688655364168,-0.0015690671469931194,1.0,1.0,0.5287522343424064,0.45555555555555555,0.7968615579795923,0.4642267338217528,0,0
2023-05-30,27702.349609375,0.33648813622482476,-0.01742420455507676,1.0,1.0,0.5287161146016051,0.45555555555555555,0.7968543340314321,0.26813202970091055,0,0
2023-05-31,27219.658203125,0.5862889303395838,-0.014683709247646393,1.0,0.3333333333333333,0.5380995718200274,0.4444444444444444,0.5965088032528943,0.3497265081972847,0,0
2023-06-01,26819.97265625,0.2539951788625405,0.01601855426947596,1.0,0.3333333333333333,0.530422441849564,0.43333333333333335,0.5927511550365794,0.15055593564449346,1,1
2023-06-02,27249.58984375,0.37732834816280986,-0.0064023326039167605,1.0,0.6666666666666666,0.5198258417754158,0.43333333333333335,0.6906318350217499,0.26059496949740707,0,0
2023-06-03,27075.12890625,0.15271337050785785,0.001622799291266075,1.0,0.3333333333333333,0.5186017986693812,0.43333333333333335,0.5903870264005429,0.09015999270573856,1,1
2023-06-04,27119.06640625,-0.596894535319128,-0.05011119223804861,1.0,0.3333333333333333,0.5225412050857334,0.43333333333333335,0.5911749076838133,-0.3528690718142581,1,1
2023-06-05,25760.09765625,-0.8919552271350895,0.057402171630208665,1.0,1.0,0.42625547461891455,0.43333333333333335,0.7719177615904496,-0.6885160823690193,0,0
2023-06-06,27238.783203125,-0.3227166277184202,-0.03277624957004588,1.0,0.3333333333333333,0.3174297109799957,0.4222222222222222,0.5479303866404436,-0.17682624660105406,1,1
2023-06-07,26345.998046875,-0.5662144297011126,0.0061572444403654725,1.0,0.6666666666666666,0.297806918681365,0.4222222222222222,0.6440058281807174,-0.3646453927275376,0,0
2023-06-08,26508.216796875,-0.2283806802351728,-0.0010503081775867784,1.0,0.3333333333333333,0.29667343191905626,0.4111111111111111,0.5415569086060334,-0.12368113517350322,1,1
2023-06-09,26480.375,-0.5113601983307376,-0.02375852931180167,1.0,1.0,0.2994494883171709,0.4222222222222222,0.7443343421078786,-0.38062295680466396,1,1
2023-06-10,25851.240234375,-0.7182731665846835,0.0034399794195076883,1.0,1.0,0.28892044915849036,0.43333333333333335,0.7444507564983647,-0.5347190022364435,0,0
2023-06-11,25940.16796875,-0.7010813911091649,-0.001452109670044499,1.0,1.0,0.28898060331664077,0.43333333333333335,0.7444627873299948,-0.5219290065703192,1,1
2023-06-12,25902.5,0.11011211632701837,0.0006265231396582749,1.0,0.3333333333333333,0.2964443319735288,0.43333333333333335,0.5459555330613723,0.060116319165833154,1,1
2023-06-13,25918.728515625,-0.7483729558873077,-0.030636253390914137,1.0,0.6666666666666666,0.3267002714615067,0.4444444444444444,0.6542289431811903,-0.48960724803553685,1,1
2023-06-14,25124.67578125,-0.7292579790761919,0.017979087727655774,1.0,1.0,0.30168376461102686,0.4444444444444444,0.7492256418110943,-0.5463787774192215,0,0
2023-06-15,25576.39453125,-0.6062964311102301,0.029365685552642073,1.0,1.0,0.29332475805693414,0.43333333333333335,0.7453316182780535,-0.4518919001555962,0,0
2023-06-16,26327.462890625,-0.11498014086718704,0.006959002900740696,1.0,0.6666666666666666,0.2669442861836778,0.43333333333333335,0.6400555239034023,-0.0735936743012344,0,0
2023-06-17,26510.67578125,0.47008318010234024,-0.006580854145875503,1.0,0.6666666666666666,0.331641528128958,0.4222222222222222,0.650772750070236,0.305917323876962,0,0
2023-06-18,26336.212890625,0.2962033266446678,0.019547852547670663,1.0,0.6666666666666666,0.3340534144509689,0.4222222222222222,0.6512551273346382,0.19290393521091656,1,1
2023-06-19,26851.029296875,0.624521910747214,0.05498705349618893,1.0,1.0,0.3196355901979021,0.4222222222222222,0.7483715624840248,0.46737443815140123,1,1
2023-06-20,28327.48828125,0.9525587660844548,0.06000562340273241,1.0,1.0,0.24146630763986243,0.43333333333333335,0.7349599281946392,0.700092522322605,1,1
2023-06-21,30027.296875,0.9991851682842079,-0.0038303689299371557,1.0,1.0,0.1677301083255276,0.43333333333333335,0.7202126883317722,0.7196258361912036,0,0
2023-06-22,29912.28125,0.9977324673564605,0.02618280743799839,1.0,1.0,0.16826095972090027,0.43333333333333335,0.7203188586108467,0.7186855120851894,1,1
2023-06-23,30695.46875,0.9973800203372666,-0.0047815994828226405,1.0,1.0,0.16162032074317512,0.43333333333333335,0.7189907308153016,0.7171069897228717,0,0
2023-06-24,30548.6953125,0.9954914467801453,-0.002240147837737516,1.0,1.0,0.15898495502683263,0.4222222222222222,0.7162414354498109,0.7130122228198204,0,0
2023-06-25,30480.26171875,0.9963123570730059,-0.006861189753050945,1.0,1.0,0.24512545022698928,0.4111111111111111,0.7312473122676201,0.7285507332886529,0,0
2023-06-26,30271.130859375,0.9878191462497866,0.013776598074988877,1.0,0.6666666666666666,0.31378954841977524,0.4111111111111111,0.6449801319061772,0.6371237232476347,1,1
2023-06-27,30688.1640625,0.9311144699252302,-0.01961401038928634,1.0,1.0,0.3623342938906583,0.4222222222222222,0.756911303222576,0.7047710668805041,0,0
2023-06-28,30086.24609375,0.0392435887877897,0.011935868224670187,1.0,0.6666666666666666,0.33874492487298724,0.4222222222222222,0.6521934294190419,0.025594410754219223,1,1
2023-06-29,30445.3515625,0.3420588789647261,0.0010477918298796851,1.0,1.0,0.3399866750084787,0.43333333333333335,0.7546640016683623,0.2581395224057142,1,1
2023-06-30,30477.251953125,-0.1412313508445492,0.0037019798257575953,1.0,0.6666666666666666,0.371477584201393,0.4444444444444444,0.6631844057291675,-0.09366242948016992,0,0
2023-07-01,30590.078125,0.02708638756602392,0.0010033124506771962,1.0,1.0,0.3715649766835539,0.4444444444444444,0.7632018842255996,0.02067238202725431,1,1
2023-07-02,30620.76953125,0.09193559624186036,0.01749367929268808,1.0,1.0,0.3730278286437556,0.45555555555555555,0.7657166768398622,0.07039661923760863,1,1
2023-07-03,31156.439453125,0.5262317578562992,-0.012159843310882601,1.0,1.0,0.37301674695417286,0.45555555555555555,0.7657144605019457,0.40294326656592666,0,0
2023-07-04,30777.58203125,0.05820933746012117,-0.0085586975402272,1.0,1.0,0.41360435590455236,0.4444444444444444,0.7716097600697994,0.044914892911426085,0,0
2023-07-05,30514.166015625,0.2770298576887327,-0.019821224171432172,1.0,0.6666666666666666,0.4040149561333002,0.43333333333333335,0.6674696578933267,0.18490902433773537,0,0
2023-07-06,29909.337890625,-0.33825014540296133,0.014474667943441766,1.0,1.0,0.39334339309104505,0.43333333333333335,0.7653353452848757,-0.2588747918246348,0,0
2023-07-07,30342.265625,-0.08835072566046957,-0.0016387902600796256,1.0,1.0,0.3912816010373853,0.43333333333333335,0.7649229868741437,-0.06758150096470444,1,1
2023-07-08,30292.541015625,-0.19211449518762402,-0.004004505286051452,1.0,1.0,0.39516830974008044,0.4444444444444444,0.767922550836905,-0.14752905319722454,1,1
2023-07-09,30171.234375,-0.28545823038050017,0.008061862007427312,1.0,0.6666666666666666,0.3970394301735679,0.4444444444444444,0.6682967749236025,-0.19077081473868698,0,0
2023-07-10,30414.470703125,-0.4432642436733908,0.006788889103658935,1.0,0.3333333333333333,0.4928468716395502,0.43333333333333335,0.5852360409945767,-0.25941421108187057,0,0
2023-07-11,30620.951171875,-0.10143240634410208,-0.007488490028050299,1.0,0.6666666666666666,0.6582771413310549,0.43333333333333335,0.7183220949328777,-0.07286113861917833,1,1
2023-07-12,30391.646484375,-0.08013120699314485,0.03568093437476372,1.0,0.3333333333333333,0.6552778398445872,0.43333333333333335,0.6177222346355841,-0.049498828247851984,0,0
2023-07-13,31476.048828125,0.7808871453269346,-0.036280934592069825,1.0,1.0,0.6219310421331926,0.4222222222222222,0.8088306528710829,0.6316054595734207,0,0
2023-07-14,30334.068359375,-0.005403146854868387,-0.001261344778969442,1.0,1.0,0.553419900090927,0.4222222222222222,0.7951284244626299,-0.004296195645851714,1,1
2023-07-15,30295.806640625,0.002156055471308083,-0.001540603578530031,1.0,0.3333333333333333,0.5535635049854813,0.43333333333333335,0.5973793676637629,0.0012879830540980187,0,0
2023-07-16,30249.1328125,0.051591706993165155,-0.0034131272874816654,1.0,0.3333333333333333,0.555671118667393,0.43333333333333335,0.5978008904001453,0.03084156837777753,0,0
2023-07-17,30145.888671875,-0.17480089710385852,-0.009597533349379406,1.0,1.0,0.5648690214585119,0.43333333333333335,0.7996404709583691,-0.13977787168407485,1,1
2023-07-18,29856.5625,-0.4615338909572486,0.0019212301525000086,1.0,1.0,0.5788775487226709,0.4444444444444444,0.8046643986334231,-0.3713798908160583,0,0
2023-07-19,29913.923828125,-0.3044143153026403,-0.0040752996439197275,1.0,1.0,0.586490088676344,0.43333333333333335,0.8039646844019355,-0.24473835892971849,1,1
2023-07-20,29792.015625,-0.7894766827853908,0.0039181140710413676,1.0,1.0,0.5861707846466025,0.43333333333333335,0.8039008235959871,-0.6346609555010035,0,0
2023-07-21,29908.744140625,-0.2733000066150421,-0.004578641136054662,1.0,0.6666666666666666,0.5860632681924014,0.43333333333333335,0.703879320305147,-0.19237022289558803,1,1
2023-07-22,29771.802734375,-0.33275671965173026,0.010504447141318263,1.0,1.0,0.5857059403693001,0.43333333333333335,0.8038078547405267,-0.26747246497375216,0,0
2023-07-23,30084.5390625,-0.10839785356955713,-0.03016908602087709,1.0,0.6666666666666666,0.5969655895750029,0.4222222222222222,0.7038375623594451,-0.07629448102139316,1,1
2023-07-24,29176.916015625,-0.5668407562818503,0.0017299501204297574,1.0,1.0,0.5622338318167717,0.43333333333333335,0.799113433030021,-0.4529700627337228,0,0
2023-07-25,29227.390625,-0.39816224563193175,0.004365152978824893,1.0,1.0,0.5633526089857299,0.43333333333333335,0.7993371884638126,-0.3182658899758663,0,0
2023-07-26,29354.97265625,-0.3572293609578297,-0.004915119656712763,1.0,1.0,0.5784407365870503,0.43333333333333335,0.8023548139840767,-0.28662469746097,1,1
2023-07-27,29210.689453125,-0.3715812086567594,0.0037163327075591113,1.0,0.6666666666666666,0.5905382180422174,0.4444444444444444,0.7069965324973324,-0.26270662606149664,0,0
2023-07-28,29319.24609375,-0.3749734561889037,0.001284885528077373,1.0,0.6666666666666666,0.5890364360433888,0.4444444444444444,0.7066961760975666,-0.26499230762678666,0,0
2023-07-29,29356.91796875,-0.2717106172527042,-0.002779902682116475,1.0,0.6666666666666666,0.5890146234637283,0.43333333333333335,0.7044695913594123,-0.1914118675040262,1,1
2023-07-30,29275.30859375,-0.4914505485353553,-0.0015438698273756435,1.0,0.6666666666666666,0.5937313941561835,0.4444444444444444,0.7076351677201256,-0.34776769133896385,1,1
2023-07-31,29230.111328125,0.03644781954645076,0.015245275282999904,1.0,0.3333333333333333,0.5978001214641736,0.4444444444444444,0.6084489131817236,0.022176636190881546,1,1
2023-08-01,29675.732421875,0.29751916907103515,-0.01764989082843693,1.0,0.6666666666666666,0.5847028772790175,0.4444444444444444,0.7058294643446924,0.2099977957376867,0,0
2023-08-02,29151.958984375,-0.13744101136059506,0.0009166006009861949,1.0,1.0,0.6527577164875569,0.4444444444444444,0.8194404321864003,-0.11262472174946196,0,0
2023-08-03,29178.6796875,-0.02191296549695846,-0.0035843942133476636,1.0,1.0,0.7287697210548238,0.4444444444444444,0.8346428330998537,-0.018289499604000753,1,1
2023-08-04,29074.091796875,-0.16568927485789373,-0.0010994270766331304,1.0,1.0,0.7285990319236881,0.45555555555555555,0.8368309174958488,-0.13865390789855309,1,1
2023-08-05,29042.126953125,-0.2112293968262515,-9.347950838400898e-06,1.0,1.0,0.7285519331040936,0.45555555555555555,0.8368214977319298,-0.17676130021715591,1,1
2023-08-06,29041.85546875,-0.15814941987447712,0.004776645775930843,1.0,1.0,0.7284485415082838,0.45555555555555555,0.8368008194127678,-0.13233956414061632,0,0
2023-08-07,29180.578125,-0.03387893098284038,0.020044635853149417,1.0,0.3333333333333333,0.7305955016390341,0.4444444444444444,0.6350079892166957,-0.02151339184022468,0,0
2023-08-08,29765.4921875,0.06042003125228547,-0.006853508270246889,1.0,1.0,0.6991486807994194,0.43333333333333335,0.8264964028265506,0.049936938488681706,0,0
2023-08-09,29561.494140625,0.27379870349635715,-0.004461964714047806,1.0,1.0,0.6971131090252016,0.4222222222222222,0.8238670662494848,0.22557373459245633,0,0
2023-08-10,29429.591796875,0.17030735484204812,-0.001083159880198692,1.0,1.0,0.6974329503707943,0.4111111111111111,0.821708812296381,0.13994305427259768,0,0
2023-08-11,29397.71484375,0.2190133761386245,0.0006207965516027425,1.0,0.6666666666666666,0.6984988288775302,0.4,0.719699765775506,0.15762387550867085,1,1
2023-08-12,29415.96484375,0.251904446204968,-0.004523080645381872,1.0,0.6666666666666666,0.7075417549983372,0.4111111111111111,0.7237305732218896,0.18231094924906413,0,0
2023-08-13,29282.9140625,0.16449935570774257,0.004286776125049352,1.0,0.6666666666666666,0.7794819874912595,0.4111111111111111,0.7381186197204741,0.12142003737990624,1,1
2023-08-14,29408.443359375,0.15491846431018394,-0.008096168172366025,1.0,1.0,0.7781374148950562,0.4111111111111111,0.8378497052012335,0.12979838965251542,0,0
2023-08-15,29170.34765625,-0.3798539167876845,-0.016063173634291772,1.0,1.0,0.7736632063415991,0.4111111111111111,0.836954863490542,-0.3179205830713842,1,1
2023-08-16,28701.779296875,-0.523860061465733,-0.07097917151940503,1.0,1.0,0.7537459309372647,0.4111111111111111,0.8329714084096751,-0.4363604532086906,1,1
2023-08-17,26664.55078125,-0.9544110080842406,-0.02306411031148714,1.0,1.0,0.49292162573252496,0.4222222222222222,0.7830287695909494,-0.7473312773442605,1,1
2023-08-18,26049.556640625,-0.9792036299104442,0.0017907574452629138,1.0,1.0,0.48140349096865753,0.4222222222222222,0.7807251426381759,-0.7644888936336511,0,0
2023-08-19,26096.205078125,-0.9783331959775706,0.00357825614760654,1.0,1.0,0.4794628786164771,0.4222222222222222,0.7803370201677399,-0.7634296108803189,0,0
2023-08-20,26189.583984375,-0.9711834706549105,-0.002498831574187843,1.0,1.0,0.47676782296249876,0.4222222222222222,0.7797980090369442,-0.7573269368262887,1,1
2023-08-21,26124.140625,-0.9773007527853027,-0.0035401882238949023,1.0,0.6666666666666666,0.49456384813392806,0.43333333333333335,0.6855794362934523,-0.6700172991837144,1,1
2023-08-22,26031.65625,-0.9733302494147996,0.015365306423789304,1.0,1.0,0.5002361609873558,0.4444444444444444,0.78893612108636,-0.7678953915093314,0,0
2023-08-23,26431.640625,-0.918895002204777,-0.01018731988472621,1.0,0.6666666666666666,0.4841732294976341,0.4444444444444444,0.6857235347884157,-0.6301079290112688,1,1
2023-08-24,26162.373046875,-0.3598061343668247,-0.004384352975912553,1.0,0.6666666666666666,0.483111967520251,0.45555555555555555,0.6877335046151614,-0.24745073377013,1,1
2023-08-25,26047.66796875,-0.001450059651534086,-0.0015051281432193475,1.0,0.6666666666666666,0.48377198904810326,0.4666666666666667,0.6900877311429541,-0.0010006683749491001,1,1
2023-08-26,26008.462890625,-0.06714399418672751,0.0031232321991347956,1.0,1.0,0.48433235851036505,0.4777777777777778,0.7924220272576286,-0.05320637999162104,0,0
2023-08-27,26089.693359375,-0.07613509152136891,0.0006307866874213364,1.0,1.0,0.48560641678106997,0.4777777777777778,0.7926768389117695,-0.06035052367741697,0,0
2023-08-28,26106.150390625,-0.013772010481389926,0.062101924766441385,1.0,0.6666666666666666,0.512381482134751,0.4777777777777778,0.6980318519825057,-0.00961330198184709,0,0
2023-08-29,27727.392578125,0.8624489747614454,-0.015512708305083889,1.0,0.6666666666666666,0.3463914529759192,0.4777777777777778,0.6648338461507395,0.5733852689994138,0,0
2023-08-30,27297.265625,0.5750206238053686,-0.0500340578984273,1.0,0.6666666666666666,0.34154312819554045,0.4777777777777778,0.6638641811946637,0.38173559559259573,0,0
2023-08-31,25931.47265625,-0.17470269466399788,-0.005042060225742162,1.0,1.0,0.27865336715387323,0.4666666666666667,0.749064006764108,-0.1308635004575008,1,1
2023-09-01,25800.724609375,-0.18736877192087872,0.0026384615075991658,1.0,1.0,0.27994863212427024,0.4777777777777778,0.7515452819804096,-0.14081611652759984,0,0
2023-09-02,25868.798828125,-0.10698790052791356,0.0038953327054152,1.0,1.0,0.27779161140387576,0.4666666666666667,0.7488916556141085,-0.08012234595702673,0,0
2023-09-03,25969.56640625,-0.09182824415790795,-0.006051329012069284,1.0,0.6666666666666666,0.2780215134759505,0.45555555555555555,0.6467154138063013,-0.05938674091968751,1,1
2023-09-04,25812.416015625,-0.2213077447642742,-0.0012565113521479931,1.0,0.6666666666666666,0.2781703979131924,0.4666666666666667,0.6489674129159718,-0.14362151457793923,1,1
2023-09-05,25779.982421875,-0.8863597507399598,-0.0010374752516241204,1.0,1.0,0.2810056307687394,0.4666666666666667,0.7495344594870812,-0.6643571766819798,1,1
2023-09-06,25753.236328125,-0.8114535725588122,0.018908652030005024,1.0,1.0,0.43226277595763785,0.4777777777777778,0.7820081107470831,-0.6345632752356879,0,0
2023-09-07,26240.1953125,0.23370649794757614,-0.012749181613965876,1.0,1.0,0.43724549072045815,0.4666666666666667,0.780782431477425,0.18247392771958235,0,0
2023-09-08,25905.654296875,0.08115965443230999,-0.0003851113886439439,1.0,0.6666666666666666,0.43105388975586567,0.45555555555555555,0.6773218890622843,0.0549712104557344,0,0
2023-09-09,25895.677734375,0.020777955635678982,-0.0024502611024840304,1.0,0.6666666666666666,0.4309031289823638,0.45555555555555555,0.6772917369075839,0.01407273766187774,0,0
2023-09-10,25832.2265625,-0.10537717186062254,-0.02592003689674205,1.0,1.0,0.3607628247497614,0.4444444444444444,0.7610414538388411,-0.0801963960742336,1,1
2023-09-11,25162.654296875,-0.46482526850688044,0.026654161568650414,1.0,1.0,0.3222206028901873,0.4444444444444444,0.7533330094669264,-0.35016821840056034,0,0
2023-09-12,25833.34375,0.041373857775678556,0.01528956036711282,1.0,0.3333333333333333,0.2977188373212596,0.43333333333333335,0.5462104341309186,0.022598832817324267,1,1
2023-09-13,26228.32421875,0.3530763890421468,0.011870739692642074,1.0,0.6666666666666666,0.2843936899098001,0.4444444444444444,0.6457676268708489,0.22800530185587572,1,1
2023-09-14,26539.673828125,0.22437599558382407,0.0026006171627044328,1.0,1.0,0.26747922403099544,0.45555555555555555,0.7446069559173102,0.16707192705258708,1,1
2023-09-15,26608.693359375,0.4950809934879872,-0.001518755875352329,1.0,1.0,0.26426373536027403,0.4666666666666667,0.7461860804053881,0.36942254601400665,0,0
2023-09-16,26568.28125,0.4772921234853742,-0.0012832501161511578,1.0,1.0,0.2590023630828786,0.4666666666666667,0.7451338059499091,0.35564649652257085,0,0
2023-09-17,26534.1875,0.4956153466385854,0.008294723552398242,1.0,0.6666666666666666,0.2578088723178291,0.45555555555555555,0.6426728855746769,0.3185185449593135,1,1
2023-09-18,26754.28125,0.8524560574151652,0.017075246134672373,1.0,1.0,0.38953001349413907,0.45555555555555555,0.769017113809939,0.65555329692321,1,1
2023-09-19,27211.1171875,0.7882006399872018,-0.00290724465500225,1.0,1.0,0.3746196499268012,0.45555555555555555,0.7660350410964714,0.6037893096448611,0,0
2023-09-20,27132.0078125,0.5973969828466548,-0.02080107760178318,1.0,1.0,0.5441490219743056,0.45555555555555555,0.7999409155059722,0.4778822893788586,0,0
2023-09-21,26567.6328125,0.02106645924943467,0.0004492514240630463,1.0,0.6666666666666666,0.4972100636729043,0.4444444444444444,0.6883309016234698,0.01450069488917745,1,1
2023-09-22,26579.568359375,-0.021887845423755273,-6.686879658768241e-06,1.0,0.6666666666666666,0.4963301693580717,0.45555555555555555,0.6903771449827255,-0.01511086823347538,1,1
2023-09-23,26579.390625,0.008362690769556433,-0.01213588594546644,1.0,0.6666666666666666,0.4966051913556616,0.4666666666666667,0.6926543716044657,0.005792454319909577,0,0
2023-09-24,26256.826171875,-0.20606620466969305,0.0015864178176880905,1.0,0.6666666666666666,0.4863386286476751,0.4666666666666667,0.6906010590628684,-0.14230953918195582,0,0
2023-09-25,26298.48046875,-0.32812993240736055,-0.0030887894396227633,1.0,0.6666666666666666,0.48585381989922294,0.45555555555555555,0.6882818750909557,-0.22584588515080667,1,1
2023-09-26,26217.25,-0.6233626701668826,0.005167086436411061,1.0,0.6666666666666666,0.48406993334688553,0.4666666666666667,0.6901473200027105,-0.43021207620540763,0,0
2023-09-27,26352.716796875,-0.5186155267785909,0.02537992888096885,1.0,0.3333333333333333,0.506269854182101,0.45555555555555555,0.5923650819475313,-0.30720972901946214,0,0
2023-09-28,27021.546875,0.3289983038586773,-0.004064392478456136,1.0,1.0,0.4725420552473053,0.4444444444444444,0.78339729993835,0.2577363829271846,0,0
2023-09-29,26911.720703125,0.24485340329872518,0.0020881352448591795,1.0,1.0,0.46978572582148537,0.4444444444444444,0.782846034053186,0.19168251569683228,1,1
2023-09-30,26967.916015625,0.28429710957671417,0.037668241913332734,1.0,1.0,0.468520704696079,0.4444444444444444,0.7825930298281046,0.2224889363550134,1,1
2023-10-01,27983.75,0.8656377657639736,-0.016186709920936293,1.0,1.0,0.44552795423802605,0.4444444444444444,0.777994479736494,0.6734614032158037,0,0
2023-10-02,27530.78515625,0.733918373720032,-0.003661597010505724,1.0,1.0,0.45105179977018184,0.4444444444444444,0.7790992488429253,0.5717952536772982,0,0
2023-10-03,27429.978515625,0.7283189404191209,0.013467601347721292,1.0,1.0,0.4600722387503199,0.4444444444444444,0.7809033366389528,0.5687466907106382,1,1
2023-10-04,27799.39453125,0.7997558329339727,-0.01379463216164356,1.0,0.6666666666666666,0.45745854685892473,0.45555555555555555,0.6826028204828961,0.5459155872583776,0,0
2023-10-05,27415.912109375,0.2838729416192193,0.01935684447622399,1.0,0.6666666666666666,0.4380749057986273,0.45555555555555555,0.6787260922708366,0.19267197236664002,1,1
2023-10-06,27946.59765625,0.64640007193182,0.0007958817661306572,1.0,1.0,0.4167250391374392,0.45555555555555555,0.774456118938599,0.5006084909899485,1,1
2023-10-07,27968.83984375,0.6305370569852031,-0.001206700034343422,1.0,1.0,0.41762247226133553,0.45555555555555555,0.7746356055633783,0.4884364549678832,0,0
2023-10-08,27935.08984375,-0.034763423820496596,-0.012579594744121514,1.0,0.3333333333333333,0.4190936636296665,0.45555555555555555,0.5749298438370444,-0.019986529828359096,1,1
2023-10-09,27583.677734375,0.03840541596945534,-0.006984500217130485,1.0,0.6666666666666666,0.4223074434884423,0.4666666666666667,0.6777948220310218,0.026030992082044346,0,0
2023-10-10,27391.01953125,-0.028398497618114346,-0.018900326735168282,1.0,0.6666666666666666,0.4189067997982515,0.45555555555555555,0.6748924710707614,-0.019165932232186326,1,1
2023-10-11,26873.3203125,-0.5825110010703284,-0.0043359541366684295,1.0,0.6666666666666666,0.42469295409035235,0.4666666666666667,0.6782719241514038,-0.3951008575353321,1,1
2023-10-12,26756.798828125,-0.4469043646315029,0.003945769916393171,1.0,1.0,0.42291406172638,0.4777777777777778,0.7801383679008316,-0.3486472416313788,0,0
2023-10-13,26862.375,-0.6503613173075836,-2.4866332556272575e-05,1.0,1.0,0.42206519836465184,0.4666666666666667,0.7777463730062637,-0.505816155679549,1,1
2023-10-14,26861.70703125,-0.6593654616069903,0.011091823470242623,1.0,1.0,0.43483527133917854,0.4777777777777778,0.7825226098233913,-0.5159683818441071,0,0
2023-10-15,27159.65234375,-0.50438568355423,0.05006744695824206,1.0,0.6666666666666666,0.42783583670804837,0.4777777777777778,0.6811227228971652,-0.34354855017280506,0,0
2023-10-16,28519.466796875,0.5905494149619971,-0.0036367703063566736,1.0,1.0,0.2828247438551107,0.4666666666666667,0.7498982821043555,0.44285199177773377,0,0
2023-10-17,28415.748046875,0.634087175263519,-0.0030759792019486865,1.0,1.0,0.2792667984851259,0.4666666666666667,0.7491866930303586,0.4750496739286372,0,0
2023-10-18,28328.341796875,0.7942625854157889,0.013818840741083749,1.0,1.0,0.3067417895170633,0.45555555555555555,0.7524594690145238,0.5976504032800674,1,1
2023-10-19,28719.806640625,0.8990604695130086,0.033535830870205396,1.0,1.0,0.3024771393293806,0.4666666666666667,0.7538287611992095,0.6777376399761709,1,1
2023-10-20,29682.94921875,0.9704530135492451,0.007932597562652743,1.0,1.0,0.2515022997247386,0.4666666666666667,0.743633793278281,0.7216616556639642,1,1
2023-10-21,29918.412109375,0.9791231015832532,0.002523007395046406,1.0,1.0,0.3178991843148189,0.4777777777777778,0.7591353924185194,0.7432869999464408,1,1
2023-10-22,29993.896484375,0.9696913196729484,0.10309890521346299,1.0,1.0,0.3438178814886622,0.4777777777777778,0.764319131853288,0.7411536276180971,1,1
2023-10-23,33086.234375,0.9966993236780182,0.02464145540134477,1.0,1.0,0.0,0.4888888888888889,0.6977777777777777,0.6954746391886615,1,1
2023-10-24,33901.52734375,0.999114593171768,0.017736456610143003,1.0,1.0,0.0,0.5,0.7,0.6993802152202375,1,1
2023-10-25,34502.8203125,0.9996729714682392,-0.010033147199696724,1.0,1.0,0.0,0.5,0.7,0.6997710800277674,0,0
2023-10-26,34156.6484375,0.9989714664806846,-0.007226928505637331,1.0,1.0,0.0,0.5,0.7,0.6992800265364791,0,0
2023-10-27,33909.80078125,0.993303739346766,0.005301518539129857,1.0,1.0,0.0,0.5,0.7,0.6953126175427361,1,1
2023-10-28,34089.57421875,0.9924585932686023,0.013168432293093613,1.0,0.6666666666666666,0.0,0.5,0.6,0.5954751559611614,1,1
2023-10-29,34538.48046875,0.9953452230292976,-0.0010457086417764438,1.0,1.0,0.0,0.5,0.7,0.6967416561205083,0,0
2023-10-30,34502.36328125,0.694202951196189,0.004794395311462418,1.0,1.0,0.0,0.4888888888888889,0.6977777777777777,0.48439939261245185,1,1
2023-10-31,34667.78125,0.4235800518075101,0.022195613001625203,1.0,1.0,0.0,0.5,0.7,0.29650603626525707,1,1
2023-11-01,35437.25390625,0.4942407415076066,-0.014081557224217889,1.0,1.0,0.0,0.5111111111111111,0.7022222222222222,0.3470668318142304,0,0
2023-11-02,34938.2421875,0.4281689909327221,-0.005893770145759425,1.0,1.0,0.0,0.5,0.7,0.2997182936529054,0,0
2023-11-03,34732.32421875,0.4503381015403582,0.010073356782761111,1.0,1.0,0.0,0.4888888888888889,0.6977777777777777,0.31423591974149434,1,1
2023-11-04,35082.1953125,0.5243789812852329,-0.0009360829177728069,1.0,0.6666666666666666,0.0,0.4888888888888889,0.5977777777777777,0.3134621021460614,0,0
2023-11-05,35049.35546875,0.28749137606594194,-0.0003419285416157436,1.0,1.0,0.02701440041742076,0.4888888888888889,0.7031806578612618,0.20215837495148847,0,0
2023-11-06,35037.37109375,0.30055373234200694,0.011593090279608864,1.0,1.0,0.030446426337009225,0.4888888888888889,0.7038670630451795,0.2115498728708354,1,1
2023-11-07,35443.5625,0.4198844361878794,0.005973294692089626,1.0,1.0,0.03880919165366503,0.5,0.7077618383307329,0.29717818044279687,1,1
2023-11-08,35655.27734375,0.12243032051721237,0.029107827327892632,1.0,1.0,0.03786769380727406,0.5111111111111111,0.709795760983677,0.08690052251899023,1,1
2023-11-09,36693.125,0.7635037400798013,0.01691989303173269,1.0,1.0,0.0453230544421972,0.5222222222222223,0.7135090553328839,0.5447668323274627,1,1
2023-11-10,37313.96875,0.9026962295020842,-0.0047145338500075296,1.0,1.0,0.04437043805413987,0.5222222222222223,0.7133185320552724,0.6439099493202559,0,0
2023-11-11,37138.05078125,0.824919336793566,-0.002249209321512735,1.0,1.0,0.036991548977779565,0.5222222222222223,0.7118427542400003,0.5872128527289665,0,0
2023-11-12,37054.51953125,0.8158217039940886,-0.014901395821212304,1.0,1.0,0.5281613783330672,0.5111111111111111,0.8078544978888357,0.6590652330469587,0,0
2023-11-13,36502.35546875,0.6838129305436789,-0.026428838121854925,1.0,0.6666666666666666,0.5288919007148221,0.5111111111111111,0.7080006023651866,0.4841399667300281,0,0
2023-11-14,35537.640625,0.05303634441316037,0.06592844558740318,1.0,0.6666666666666666,0.4791979064783033,0.5,0.6958395812956607,0.03690478768990597,1,1
2023-11-15,37880.58203125,0.8477874031573487,-0.04555929205565723,1.0,1.0,0.24688286739754206,0.5,0.7493765734795084,0.6353120192171445,0,0
2023-11-16,36154.76953125,-0.285294871244792,0.012222842746045792,1.0,0.6666666666666666,0.13107622701253308,0.4888888888888889,0.6239930231802844,-0.17802200920586775,0,0
2023-11-17,36596.68359375,-0.36657385657975616,-0.000300039994658885,1.0,0.3333333333333333,0.1278224295965914,0.4888888888888889,0.523342263697096,-0.19184359191462422,1,1
2023-11-18,36585.703125,-0.28898320420140705,0.021889527372586093,1.0,0.6666666666666666,0.1314909590876554,0.5,0.6262981918175311,-0.1809896582569776,0,0
2023-11-19,37386.546875,0.17731598182128053,0.0024182537251242753,1.0,1.0,0.1174630362410981,0.4888888888888889,0.7212703850259974,0.12789276647949777,1,1
2023-11-20,37476.95703125,0.48842804397137357,-0.04437779006078835,1.0,1.0,0.11733476608025739,0.4888888888888889,0.7212447309938292,0.35227615318397554,0,0
2023-11-21,35813.8125,0.15418543775897525,0.045192824521265385,1.0,0.6666666666666666,0.0393363776901573,0.4888888888888889,0.6056450533158092,0.09338164767205595,1,1
2023-11-22,37432.33984375,-0.23233913798044012,-0.003812712499291715,1.0,0.3333333333333333,0.0,0.4888888888888889,0.49777777777777776,-0.11565325979470796,1,1
2023-11-23,37289.62109375,0.556517670593292,0.011549062275727495,1.0,0.6666666666666666,0.0,0.4888888888888889,0.5977777777777777,0.33267389642132345,1,1
2023-11-24,37720.28125,0.5469671093360768,0.0020283973558654633,1.0,1.0,0.0,0.4888888888888889,0.6977777777777777,0.3816614940700625,1,1
2023-11-25,37796.79296875,0.5797302740975427,-0.008404730932136117,1.0,1.0,9.024810795943417e-05,0.5,0.7000180496215919,0.40582165578035273,0,0
2023-11-26,37479.12109375,0.04948229839873443,-0.006002091789647501,1.0,1.0,0.0,0.5,0.7,0.034637608879114094,0,0
2023-11-27,37254.16796875,-0.11833682237750001,0.01548599794884531,1.0,0.6666666666666666,0.0,0.5,0.6,-0.0710020934265,0,0
2023-11-28,37831.0859375,0.8098296086502713,0.0007244373065387055,1.0,1.0,0.0,0.5,0.7,0.5668807260551899,1,1
2023-11-29,37858.4921875,0.2238371907950025,-0.0038497596002547985,1.0,0.6666666666666666,0.017345367383848065,0.5111111111111111,0.6056912956989918,0.1355762381182475,0,0
2023-11-30,37712.74609375,0.22312251496617433,0.025879947957747618,1.0,1.0,0.02567508198815538,0.5,0.705135016397631,0.157331498249354,1,1
2023-12-01,38688.75,0.47266795782549537,0.020356874575942596,1.0,1.0,0.0045269942852214085,0.5111111111111111,0.7031276210792665,0.33234589674623566,1,1
2023-12-02,39476.33203125,0.710761141334262,0.012717964611113297,1.0,1.0,0.0,0.5222222222222223,0.7044444444444444,0.5006917373399135,1,1
2023-12-03,39978.390625,0.8701474055871083,0.05006972516793251,1.0,1.0,0.005591338831348214,0.5222222222222223,0.7055627122107141,0.6139435635091565,1,1
2023-12-04,41980.09765625,0.987566304716056,0.05003682455553493,1.0,1.0,0.0,0.5222222222222223,0.7044444444444444,0.695685596877755,1,1
2023-12-05,44080.6484375,0.9973042022613058,-0.007581629055975703,1.0,1.0,0.03959129970585318,0.5222222222222223,0.7123627043856151,0.7104423186180022,0,0
2023-12-06,43746.4453125,0.9960334153256821,-0.010372985662227885,1.0,1.0,0.15172574359426172,0.5222222222222223,0.7347895931632967,0.7318749880242069,0,0
2023-12-07,43292.6640625,0.9946350879744549,0.02018673414826888,1.0,1.0,0.13518111208615147,0.5222222222222223,0.7314806668616747,0.7275563374355747,1,1
2023-12-08,44166.6015625,0.9930833627962898,-0.009976252913108663,1.0,1.0,0.13384545203526999,0.5333333333333333,0.7334357570737207,0.7283628480298132,0,0
2023-12-09,43725.984375,0.9733848655496724,0.0012284421841561866,1.0,0.6666666666666666,0.12569550480536384,0.5333333333333333,0.6318057676277394,0.6149901721758347,1,1
2023-12-10,43779.69921875,0.956381192844339,-0.05792335792051162,1.0,1.0,0.12505372184263785,0.5333333333333333,0.7316774110351942,0.6997625151430967,0,0
2023-12-11,41243.83203125,-0.33705726426211474,0.005004157345118276,1.0,0.6666666666666666,0.05887905610773769,0.5333333333333333,0.6184424778882143,-0.2084505297004849,0,0
2023-12-12,41450.22265625,-0.8316490438182462,0.03475299863154757,1.0,0.6666666666666666,0.12120547772730761,0.5222222222222223,0.628685539989906,-0.5228457281949631,0,0
2023-12-13,42890.7421875,-0.37240319738751654,0.0031062756659134827,1.0,0.6666666666666666,0.09148532494501893,0.5111111111111111,0.620519287211226,-0.23108336659808323,0,0
2023-12-14,43023.97265625,-0.12349430950390838,-0.025432678020983368,1.0,0.3333333333333333,0.0916556554015524,0.5,0.5183311310803105,-0.06401094512714277,1,1
2023-12-15,41929.7578125,-0.7669637097801532,0.007401888090740938,1.0,0.3333333333333333,0.051775619193278555,0.5111111111111111,0.5125773460608779,-0.3931282228841163,0,0
2023-12-16,42240.1171875,-0.5912766173353976,-0.02072563201266564,1.0,0.6666666666666666,0.05984581946662415,0.5111111111111111,0.614191386115547,-0.36315700517893973,1,1
2023-12-17,41364.6640625,-0.801669513891938,0.030433584522719714,1.0,0.6666666666666666,0.034700075312955825,0.5111111111111111,0.6091622372848133,-0.4883467946454417,0,0
2023-12-18,42623.5390625,0.5843539053594943,-0.008282083715112631,1.0,1.0,0.014442862574861048,0.5,0.7028885725149722,0.41073568238168406,0,0
2023-12-19,42270.52734375,0.37635153681321737,0.032687613405284255,1.0,0.6666666666666666,0.007190238005625238,0.5,0.6014380476011251,0.2263521335126244,1,1
2023-12-20,43652.25,0.3408835661955099,0.0049688697318006625,1.0,0.6666666666666666,0.0,0.5111111111111111,0.6022222222222222,0.20528765875329597,1,1
2023-12-21,43869.15234375,0.37384709779040404,0.002934864092908329,1.0,1.0,0.0,0.5111111111111111,0.7022222222222222,0.26252373978170596,1,1
2023-12-22,43997.90234375,0.7558576188119552,-0.005872083923035065,1.0,0.6666666666666666,0.005701929469106637,0.5111111111111111,0.6033626081160436,0.4560562242507636,0,0
2023-12-23,43739.54296875,0.6106476223912508,-0.01653939964043194,1.0,1.0,0.0030423463591041644,0.5111111111111111,0.702830691494043,0.4291818907044361,0,0
2023-12-24,43016.1171875,0.663188932028474,0.013879063861056418,1.0,0.3333333333333333,0.07466776150237275,0.5111111111111111,0.5171557745226967,0.3429719857980655,1,1
2023-12-25,43613.140625,0.43361895494213737,-0.025055253200995553,1.0,0.6666666666666666,0.17303347648829093,0.5111111111111111,0.6368289175198804,0.2761410896919031,0,0
2023-12-26,42520.40234375,0.11767880685921699,0.021694364920222586,1.0,0.6666666666666666,0.14838688863916416,0.5111111111111111,0.6318995999500551,0.07436119097693901,1,1
2023-12-27,43442.85546875,-0.09564430884597325,-0.01876027694786908,1.0,0.3333333333333333,0.13127605913639206,0.5222222222222223,0.5306996562717228,-0.050758401828904495,1,1
2023-12-28,42627.85546875,-0.5123483182062526,-0.012396896798793966,1.0,1.0,0.1355914628440852,0.5333333333333333,0.7337849592354837,-0.3759534897893437,1,1
2023-12-29,42099.40234375,-0.697797909563344,0.0013658151137276864,1.0,0.6666666666666666,0.13355010817690027,0.5333333333333333,0.6333766883020467,-0.4419689290633219,0,0
2023-12-30,42156.90234375,-0.6191748659364172,0.002568622223877659,1.0,1.0,0.13351469918990477,0.5222222222222223,0.7311473842824254,-0.4527080836428329,0,0
2023-12-31,42265.1875,-0.33561152987264864,0.0450049945064126,1.0,0.6666666666666666,0.2947006963333779,0.5222222222222223,0.6633845837111201,-0.22263951503321916,0,0
2024-01-01,44167.33203125,0.2488060277193453,0.017900939051301412,1.0,1.0,0.20314619864964256,0.5222222222222223,0.7450736841743729,0.18537882371764375,1,1
2024-01-02,44957.96875,0.8166044978822583,-0.04692812036242189,1.0,1.0,0.24162607173575512,0.5222222222222223,0.7527696587915954,0.6147150892385097,0,0
2024-01-03,42848.17578125,-0.26713452706616636,0.03108057856532498,1.0,0.6666666666666666,0.13304196931972456,0.5222222222222223,0.6310528383083893,-0.16857600151527352,0,0
2024-01-04,44179.921875,0.6219589198222384,-0.0003900067727314882,1.0,1.0,0.12628708336576822,0.5111111111111111,0.7274796388953758,0.45246245040003996,0,0
2024-01-05,44162.69140625,0.7531519261112678,-0.003928567037593367,1.0,0.6666666666666666,0.12685166718827157,0.5,0.6253703334376542,0.4709988711614151,0,0
2024-01-06,43989.1953125,0.7010046015309913,-0.0010479313368322307,1.0,1.0,0.14940473479974126,0.5,0.7298809469599482,0.5116499023887211,0,0
2024-01-07,43943.09765625,0.6606643187849973,0.06889378335779228,1.0,0.6666666666666666,0.1843327376803936,0.4888888888888889,0.6346443253138565,0.4192868608542432,1,1
2024-01-08,46970.50390625,0.8536191412975694,-0.017687130611972357,1.0,1.0,0.011187802546331782,0.5,0.7022375605092663,0.5994434233888198,0,0
2024-01-09,46139.73046875,0.4821014683321703,0.010577584004972662,1.0,1.0,0.023486689384022874,0.4888888888888889,0.7024751156545823,0.3386642847238853,1,1
2024-01-10,46627.77734375,0.9429683825912767,-0.005558733892443213,1.0,1.0,0.021502996045952627,0.4888888888888889,0.7020783769869683,0.6620377115997101,0,0
2024-01-11,46368.5859375,0.757701452751452,-0.07581464687080208,1.0,0.6666666666666666,0.0185620928550283,0.4888888888888889,0.6014901963487834,0.4557499955892293,0,0
2024-01-12,42853.16796875,-0.5320821573212228,-0.0002516769882185965,1.0,0.6666666666666666,0.0,0.4777777777777778,0.5955555555555556,-0.3168844848046394,1,1
2024-01-13,42842.3828125,-0.47878478162898036,-0.0244177193838242,1.0,0.6666666666666666,0.0,0.4888888888888889,0.5977777777777777,-0.2862069027959905,1,1
2024-01-14,41796.26953125,-0.7518054176998705,0.01712351907901466,1.0,1.0,0.0,0.5,0.7,-0.5262637923899093,0,0
2024-01-15,42511.96875,-0.9561037432284247,0.015124600939588229,1.0,1.0,0.0,0.5,0.7,-0.6692726202598973,0,0
2024-01-16,43154.9453125,-0.8601191968182289,-0.009553782672285682,1.0,0.6666666666666666,0.0,0.5,0.6,-0.5160715180909373,1,1
2024-01-17,42742.65234375,-0.931079752348819,-0.034639725632667706,1.0,0.6666666666666666,0.0,0.5,0.6,-0.5586478514092914,1,1
2024-01-18,41262.05859375,-0.9758664942792097,0.00863620644230223,1.0,1.0,0.0,0.5,0.7,-0.6831065459954467,0,0
2024-01-19,41618.40625,-0.5199531789164801,0.0011336255217606617,1.0,1.0,0.0,0.4888888888888889,0.6977777777777777,-0.36281177373283274,0,0
2024-01-20,41665.5859375,-0.5000411972629065,-0.0028752933279206916,1.0,1.0,0.0,0.4777777777777778,0.6955555555555555,-0.34780643276286605,1,1
2024-01-21,41545.78515625,-0.11928897779190482,-0.049064374667218136,1.0,0.6666666666666666,0.0,0.4777777777777778,0.5955555555555556,-0.07104321344051222,1,1
2024-01-22,39507.3671875,-0.8882418360121425,0.008560013431039293,1.0,1.0,0.0,0.4777777777777778,0.6955555555555555,-0.6178215437151123,0,0
2024-01-23,39845.55078125,-0.91106016884726,0.005810521700930993,1.0,1.0,0.0,0.4666666666666667,0.6933333333333334,-0.6316683837341003,0,0
2024-01-24,40077.07421875,-0.8475159007010612,-0.0035747525934159974,1.0,1.0,0.0,0.4666666666666667,0.6933333333333334,-0.5876110244860692,1,1
2024-01-25,39933.80859375,-0.5674893709155934,0.04715459322091098,1.0,0.6666666666666666,0.0,0.4777777777777778,0.5955555555555556,-0.33797144756750896,0,0
2024-01-26,41816.87109375,0.09508546315082615,0.007250269707417489,1.0,0.6666666666666666,0.0,0.4666666666666667,0.5933333333333334,0.05641737480282352,1,1
2024-01-27,42120.0546875,0.214754712984156,-0.002005242826170095,1.0,0.6666666666666666,0.0,0.4666666666666667,0.5933333333333334,0.12742112970393257,0,0
2024-01-28,42035.59375,0.23151738326846893,0.029799801358818767,1.0,1.0,0.04577566744046546,0.4666666666666667,0.7024884668214264,0.1626382916147753,1,1
2024-01-29,43288.24609375,0.9574210945356401,-0.007753530092744043,1.0,1.0,0.011191625897970514,0.4666666666666667,0.6955716585129275,0.6659549786214175,0,0
2024-01-30,42952.609375,0.915347699454284,-0.00861423582021903,1.0,0.6666666666666666,0.017330482785904766,0.45555555555555555,0.5945772076682921,0.5442448791871233,0,0
2024-01-31,42582.60546875,0.8483835409163739,0.011581441842771323,1.0,0.6666666666666666,0.016617780745149413,0.45555555555555555,0.594434667260141,0.504308587853605,1,1
2024-02-01,43075.7734375,0.917594350338417,0.0025556346111748063,1.0,0.6666666666666666,0.2294443512903136,0.4666666666666667,0.6392222035913961,0.5865466826263385,1,1
2024-02-02,43185.859375,0.574861661821083,-0.0044831659668692625,1.0,1.0,0.22928811202282562,0.4666666666666667,0.7391909557378985,0.42493254121860297,0,0
2024-02-03,42992.25,0.39198840895820525,-0.009505619472114146,1.0,1.0,0.2580973272594621,0.4666666666666667,0.7449527987852258,0.2920128623447827,0,0
2024-02-04,42583.58203125,0.25497431288691486,0.0017632602500394778,1.0,0.6666666666666666,0.26535966481792095,0.4666666666666667,0.6464052662969175,0.16481673862053978,1,1
2024-02-05,42658.66796875,-0.28294195954877416,0.009986338686479135,1.0,0.6666666666666666,0.27630175803638946,0.4666666666666667,0.6485936849406113,-0.18351436816805683,0,0
2024-02-06,43084.671875,0.061414800074464024,0.028630850081180936,1.0,1.0,0.2760761132526113,0.45555555555555555,0.7463263337616334,0.04583548257827842,1,1
2024-02-07,44318.22265625,0.6724360384166117,0.022188248784866804,1.0,1.0,0.3085566517119466,0.45555555555555555,0.7528224414535004,0.5062249401621134,1,1
2024-02-08,45301.56640625,0.7752809303489298,0.040741037427910465,1.0,1.0,0.2931382371880099,0.45555555555555555,0.7497387585487131,0.5812581622462979,1,1
2024-02-09,47147.19921875,0.9502696866596704,0.013236801662479536,1.0,1.0,0.23448546164014628,0.4666666666666667,0.7402304256613627,0.7034185346491775,1,1
2024-02-10,47771.27734375,0.9768303830661687,0.010940478338881565,1.0,1.0,0.23689812952720324,0.4777777777777778,0.7429351814609961,0.7257216578998784,1,1
2024-02-11,48293.91796875,0.9906782936498546,0.034461993507690414,1.0,1.0,0.4099271093778595,0.4888888888888889,0.7797631996533496,0.7724944760835313,1,1
2024-02-12,49958.22265625,0.9978719157224242,-0.004319233922406296,1.0,1.0,0.3779541254792983,0.5,0.7755908250958596,0.7739403024551411,0,0
2024-02-13,49742.44140625,0.995872244657801,0.041900916949929146,1.0,1.0,0.36604668946405505,0.4888888888888889,0.7709871156705888,0.7678046694851128,1,1
2024-02-14,51826.6953125,0.997722925207209,0.0021583350882306007,1.0,1.0,0.3315886020722968,0.5,0.7663177204144593,0.7645727576500345,1,1
2024-02-15,51938.5546875,0.9943152714136678,0.004267512618200353,1.0,1.0,0.39360069294498934,0.5111111111111111,0.78094236081122,0.7765029154484387,1,1
2024-02-16,52160.203125,0.9719576483672941,-0.009532306269177337,1.0,1.0,0.3918093555247121,0.5111111111111111,0.7805840933271646,0.7586946797031874,0,0
2024-02-17,51662.99609375,0.9259637187183063,0.008895163192163213,1.0,0.6666666666666666,0.377666931972372,0.5111111111111111,0.6777556086166966,0.6275771037369053,1,1
2024-02-18,52122.546875,0.9194647351121142,-0.006588364620277343,1.0,1.0,0.4001825773351537,0.5111111111111111,0.7822587376892529,0.7192593230385858,0,0
2024-02-19,51779.14453125,0.6224396076045454,0.009767068832988945,1.0,0.6666666666666666,0.40245947225482315,0.5111111111111111,0.6827141166731868,0.4249483068881422,1,1
2024-02-20,52284.875,0.7707769900243114,-0.008524364120598982,1.0,1.0,0.42312020696039854,0.5111111111111111,0.7868462636143019,0.6064829946805075,0,0
2024-02-21,51839.1796875,0.004817701894990812,-0.010305082651198116,1.0,0.6666666666666666,0.4029070421167211,0.5,0.6805814084233442,0.0032788383410566613,0,0
2024-02-22,51304.97265625,-0.23924553300410892,-0.011168964874795462,1.0,0.6666666666666666,0.38358127898765904,0.4888888888888889,0.6744940335753096,-0.16136968457081627,1,1
2024-02-23,50731.94921875,-0.49875027979406933,0.016540904827679226,1.0,0.6666666666666666,0.3711787035483961,0.4888888888888889,0.6720135184874569,-0.33516693037101614,0,0
2024-02-24,51571.1015625,-0.035559604369200484,0.003143945229742817,1.0,0.6666666666666666,0.38763878691612885,0.4888888888888889,0.6753055351610036,-0.024013597658656495,0,0
2024-02-25,51733.23828125,-0.14828070675021468,0.053914352844811164,1.0,0.3333333333333333,0.38880125375020846,0.4888888888888889,0.5755380285278194,-0.08534118563173028,0,0
2024-02-26,54522.40234375,0.7855105308966946,0.04700762695380023,1.0,1.0,0.2905267073882277,0.4888888888888889,0.7558831192554233,0.5937541503021772,1,1
2024-02-27,57085.37109375,0.9504372650275955,0.09493531994124749,1.0,1.0,0.24582616700882665,0.4888888888888889,0.7469430111795431,0.7099224726769616,1,1
2024-02-28,62504.7890625,0.999466945278988,-0.020900898468654838,1.0,1.0,0.0,0.5,0.7,0.6996268616952916,0,0
2024-02-29,61198.3828125,0.9991068105027533,0.020298739001094468,1.0,1.0,0.0,0.4888888888888889,0.6977777777777777,0.6971545299952545,1,1
2024-03-01,62440.6328125,0.9998042658802209,-0.006578811548619723,1.0,1.0,0.0,0.4888888888888889,0.6977777777777777,0.697641198858643,0,0
2024-03-02,62029.84765625,0.9994004018835676,0.01833832389535761,1.0,0.6666666666666666,0.0,0.4777777777777778,0.5955555555555556,0.5951984615662137,1,1
2024-03-03,63167.37109375,0.9997106397462217,0.08173591649219114,1.0,1.0,0.000443178148006651,0.4777777777777778,0.695644191185157,0.6954428994054562,1,1
2024-03-04,68330.4140625,0.9999202847128973,-0.06628402455760396,1.0,1.0,0.0,0.4777777777777778,0.6955555555555555,0.6955001091447485,0,0
2024-03-05,63801.19921875,0.9820769645495661,0.03613733749494208,1.0,1.0,0.0,0.4777777777777778,0.6955555555555555,0.6830890886755869,1,1
2024-03-06,66106.8046875,0.8185992833166561,0.012384196927533564,1.0,1.0,0.0,0.4888888888888889,0.6977777777777777,0.5712003888031778,1,1
2024-03-07,66925.484375,0.9537435899595181,0.020539401213709896,1.0,0.6666666666666666,0.0,0.4888888888888889,0.5977777777777777,0.5701267237758008,1,1
2024-03-08,68300.09375,0.9542075345918559,0.0029105240064184468,1.0,1.0,0.0,0.5,0.7,0.6679452742142991,1,1
2024-03-09,68498.8828125,0.9696125615980428,0.007604594828588107,1.0,1.0,0.0,0.5,0.7,0.6787287931186299,1,1
2024-03-10,69019.7890625,0.9520265355619184,0.04497430707429584,1.0,1.0,0.0,0.5111111111111111,0.7022222222222222,0.6685341894168138,1,1
2024-03-11,72123.90625,0.8041817767568348,-0.008909905479502545,1.0,1.0,0.0,0.5222222222222223,0.7044444444444444,0.5665013849598147,0,0
2024-03-12,71481.2890625,0.9839161577200034,0.022414410239567806,1.0,1.0,0.0,0.5222222222222223,0.7044444444444444,0.6931142711049801,1,1
2024-03-13,73083.5,0.9710704585483968,-0.0230819028918976,1.0,1.0,0.0,0.5333333333333333,0.7066666666666667,0.686223124040867,0,0
2024-03-14,71396.59375,0.8707433378743169,-0.027911980219644583,1.0,0.6666666666666666,0.0,0.5222222222222223,0.6044444444444445,0.5263159731151427,0,0
2024-03-15,69403.7734375,0.31238433906531676,-0.05891115205258901,1.0,0.6666666666666666,0.0,0.5222222222222223,0.6044444444444445,0.18881897827948035,0,0
2024-03-16,65315.1171875,-0.7303988425128942,0.04708722796395115,1.0,0.6666666666666666,0.0,0.5111111111111111,0.6022222222222222,-0.43986241404665405,0,0
2024-03-17,68390.625,-0.1803206618873838,-0.0123120859035869,1.0,0.6666666666666666,0.0,0.5111111111111111,0.6022222222222222,-0.10859310971440224,1,1
2024-03-18,67548.59375,-0.8534549040075855,-0.08343356981432348,1.0,1.0,0.0,0.5222222222222223,0.7044444444444444,-0.6012115657120102,1,1
2024-03-19,61912.7734375,-0.9905900331238867,0.09692504638897836,1.0,1.0,0.0,0.5222222222222223,0.7044444444444444,-0.6978156455561602,0,0
2024-03-20,67913.671875,-0.8885034161495551,-0.03566706353999505,1.0,0.6666666666666666,0.0,0.5111111111111111,0.6022222222222222,-0.5350765017256209,1,1
2024-03-21,65491.390625,-0.9294313684316364,-0.02615044343853401,1.0,1.0,0.0,0.5111111111111111,0.7022222222222222,-0.6526673609431046,1,1
2024-03-22,63778.76171875,-0.9247623064420655,0.004444134671348854,1.0,0.6666666666666666,0.0,0.5222222222222223,0.6044444444444445,-0.5589674385605373,0,0
2024-03-23,64062.203125,-0.3658748912950945,0.04951388799118828,1.0,1.0,0.0,0.5222222222222223,0.7044444444444444,-0.2577385345345443,0,0
2024-03-24,67234.171875,-0.3258610291973158,0.04052464020923141,1.0,0.6666666666666666,0.0,0.5111111111111111,0.6022222222222222,-0.19624075313882797,0,0
2024-03-25,69958.8125,0.6129450349379701,0.00041486463910467286,1.0,0.6666666666666666,0.0,0.5111111111111111,0.6022222222222222,0.369129121040422,1,1
2024-03-26,69987.8359375,0.9892119792045704,-0.007608353371227561,1.0,0.6666666666666666,0.0,0.5111111111111111,0.6022222222222222,0.5957254363654191,0,0
2024-03-27,69455.34375,0.42518905832626896,0.018567460837021654,1.0,0.6666666666666666,0.0,0.5,0.6,0.2551134349957614,1,1
2024-03-28,70744.953125,0.9223210417347912,-0.01204502883045766,1.0,0.6666666666666666,0.0,0.5,0.6,0.5533926250408747,0,0
2024-03-29,69892.828125,0.9576920677738611,-0.0035414711944022903,1.0,0.6666666666666666,0.0,0.5,0.6,0.5746152406643166,0,0
2024-03-30,69645.3046875,0.9405764826665128,0.02424203264779501,1.0,1.0,0.0,0.5,0.7,0.6584035378665589,1,1
2024-03-31,71333.6484375,0.8394954637309282,-0.022871394296192005,1.0,1.0,0.0,0.5111111111111111,0.7022222222222222,0.5895123700866073,0,0
2024-04-01,69702.1484375,-0.07324436094125943,-0.061047985989492126,1.0,0.6666666666666666,0.0,0.5,0.6,-0.04394661656475565,1,1
2024-04-02,65446.97265625,-0.8611079174675281,0.008156830210526378,1.0,0.6666666666666666,0.0,0.5111111111111111,0.6022222222222222,-0.5185783236304448,0,0
2024-04-03,65980.8125,-0.7618074079186447,0.038314642609167615,1.0,1.0,0.0,0.5111111111111111,0.7022222222222222,-0.5349580908939816,0,0
2024-04-04,68508.84375,-0.5595383129928393,-0.009797320875087778,1.0,0.6666666666666666,0.0,0.5111111111111111,0.6022222222222222,-0.33696640626902097,1,1
2024-04-05,67837.640625,-0.5285254404714472,0.015602971156545964,1.0,0.3333333333333333,0.0,0.5222222222222223,0.5044444444444445,-0.2666117221933745,0,0
2024-04-06,68896.109375,-0.2118867524543079,0.006770270726916605,1.0,0.3333333333333333,0.024688560787349156,0.5222222222222223,0.5093821566019143,-0.10793133092055132,0,0
2024-04-07,69362.5546875,-0.5024967195155793,0.03270935878474601,1.0,0.3333333333333333,0.027412869689503405,0.5111111111111111,0.5077047961601229,-0.2551199945527876,0,0
2024-04-08,71631.359375,0.5031825026266415,-0.03479403115822832,1.0,1.0,0.15075915181951782,0.5111111111111111,0.7323740525861258,0.36851780863910233,0,0
2024-04-09,69139.015625,0.8104211165677723,0.0209558550176423,1.0,0.6666666666666666,0.2938340348232199,0.5,0.658766806964644,0.5338785312580728,1,1
2024-04-10,70587.8828125,0.8845901342711562,-0.007469744331340511,1.0,1.0,0.32004324519678307,0.5111111111111111,0.7662308712615788,0.677800269291985,0,0
2024-04-11,70060.609375,0.42437153385370013,-0.04088948430588779,1.0,0.3333333333333333,0.3390566806369345,0.5111111111111111,0.5700335583496091,0.24190601550490629,0,0
2024-04-12,67195.8671875,-0.18698264154426406,-0.05021729270691988,1.0,1.0,0.292274986220034,0.5,0.7584549972440068,-0.1418179188771319,1,1
2024-04-13,63821.47265625,-0.9001723287803829,0.03004089104268326,1.0,1.0,0.2893871931408062,0.5,0.7578774386281611,-0.6822202988600236,0,0
2024-04-14,65738.7265625,-0.7798135700824207,-0.03517737178558533,1.0,1.0,0.307376119173967,0.5,0.7614752238347934,-0.5938087128279206,1,1
2024-04-15,63426.2109375,-0.9797360435236033,0.006080330797783695,1.0,1.0,0.2851696076338267,0.5111111111111111,0.7592561437489875,-0.7438706102976212,0,0
2024-04-16,63811.86328125,-0.9122878249871513,-0.03972884891052719,1.0,1.0,0.2830967735975739,0.5,0.7566193547195147,-0.690254625460248,1,1
2024-04-17,61276.69140625,-0.9898300593687779,0.03649124077498622,1.0,1.0,0.2694731069125774,0.5,0.7538946213825154,-0.7462275578408576,0,0
2024-04-18,63512.75390625,-0.9535213063170278,0.005208661031110617,1.0,0.6666666666666666,0.23279081564586435,0.5,0.6465581631291728,-0.6165069843168668,0,0
2024-04-19,63843.5703125,-0.7606555015330853,0.018026421268684478,1.0,0.6666666666666666,0.2310019592287823,0.5,0.6462003918457564,-0.49153588315031005,0,0
2024-04-20,64994.44140625,0.3518714784585234,-0.0010431180502996629,1.0,0.6666666666666666,0.23751587193466206,0.4888888888888889,0.6452809521647102,0.22705596265932027,0,0
2024-04-21,64926.64453125,-0.2421563408708957,0.029433758205850147,1.0,0.6666666666666666,0.2451519649006888,0.4777777777777778,0.6445859485356933,-0.15609057467419896,0,0
2024-04-22,66837.6796875,0.7916096534726612,-0.006439574982440521,1.0,0.6666666666666666,0.3047723648672599,0.4777777777777778,0.6565100285290075,0.5196996761851745,0,0
2024-04-23,66407.2734375,0.6714928658366611,-0.03208044676017341,1.0,0.6666666666666666,0.3046316467310862,0.4777777777777778,0.6564818849017728,0.44082290226254456,0,0
2024-04-24,64276.8984375,0.7527335596723385,0.0031863484195515657,1.0,0.3333333333333333,0.31823901839970903,0.4666666666666667,0.5569811370132751,0.41925839393434905,1,1
2024-04-25,64481.70703125,0.29599182780417155,-0.011265004482557628,1.0,0.3333333333333333,0.3187337557001231,0.4777777777777778,0.5593023066955802,0.16554891205391412,0,0
2024-04-26,63755.3203125,-0.027638656088650643,-0.005272966802647994,1.0,1.0,0.3250617797246711,0.4666666666666667,0.7583456892782676,-0.02095965570227276,1,1
2024-04-27,63419.140625,-0.4500391630258382,-0.004823625063903991,1.0,1.0,0.3276618365527425,0.4777777777777778,0.761087922866104,-0.34251937179573516,1,1
2024-04-28,63113.23046875,-0.506940899944325,0.011533090916022948,1.0,1.0,0.36237597691062107,0.4777777777777778,0.7680307509376798,-0.38934620006526316,0,0
2024-04-29,63841.12109375,-0.714671317506841,-0.050191249309274655,1.0,0.3333333333333333,0.3783329463956766,0.4777777777777778,0.5712221448346908,-0.40823608283809204,1,1
2024-04-30,60636.85546875,-0.9399811390263201,-0.03929695449375714,1.0,1.0,0.3457283961289207,0.4888888888888889,0.7669234570035619,-0.7208935846602111,1,1
2024-05-01,58254.01171875,-0.9539593332195779,0.014924669552331737,1.0,1.0,0.3223192041995947,0.4888888888888889,0.7622416186176967,-0.7271475062487498,0,0
2024-05-02,59123.43359375,-0.9304795634994503,0.06370405294167747,1.0,1.0,0.33707604605247476,0.4777777777777778,0.7629707647660504,-0.7099287041623563,0,0
2024-05-03,62889.8359375,-0.26502175697474245,0.015926845790239064,1.0,0.6666666666666666,0.28473823079989136,0.4777777777777778,0.6525032017155339,-0.17292754495029558,0,0
2024-05-04,63891.47265625,0.14786369525064108,0.002185896653241981,1.0,0.6666666666666666,0.29979460708079764,0.4777777777777778,0.6555144769717152,0.09692679285532907,1,1
2024-05-05,64031.1328125,0.28293975903872726,-0.013574390387488533,1.0,0.6666666666666666,0.3282672603709963,0.4777777777777778,0.6612090076297548,0.1870823172929988,0,0
2024-05-06,63161.94921875,-0.20961575389689616,-0.01309542885757653,1.0,0.6666666666666666,0.32446703561497137,0.4777777777777778,0.6604489626785499,-0.13844050722228726,1,1
2024-05-07,62334.81640625,0.5080089975427352,-0.018398626419713127,1.0,0.3333333333333333,0.35921599238485025,0.4777777777777778,0.5673987540325256,0.2882436722430603,0,0
2024-05-08,61187.94140625,0.7646381713548369,0.03043115176709965,1.0,0.3333333333333333,0.38498329873839243,0.4666666666666667,0.5703299930810118,0.4360960829782817,1,1
2024-05-09,63049.9609375,0.8688203344722347,-0.035799920573900024,1.0,0.3333333333333333,0.3609193557433804,0.4666666666666667,0.5655172044820094,0.49133284674786254,0,0
2024-05-10,60792.77734375,-0.5829363825148348,1.5356984674586016e-05,1.0,1.0,0.34177166603017484,0.45555555555555555,0.7594654443171461,-0.4427200387552589,0,0
2024-05-11,60793.7109375,-0.7485701770231336,0.010768936188532141,1.0,1.0,0.3416456393726911,0.4444444444444444,0.7572180167634271,-0.5668308248537047,0,0
2024-05-12,61448.39453125,-0.6677731556393842,0.023646747788683697,1.0,1.0,0.3632616773575792,0.43333333333333335,0.7593190021381825,-0.5070528461947624,0,0
2024-05-13,62901.44921875,-0.0822998000004005,-0.02144084393922019,1.0,0.6666666666666666,0.34582353639188235,0.43333333333333335,0.6558313739450431,-0.05397479090966492,1,1
2024-05-14,61552.7890625,-0.24577566509149865,0.07659609250545496,1.0,0.3333333333333333,0.35873944050466644,0.43333333333333335,0.5584145547675999,-0.13724470859477997,0,0
2024-05-15,66267.4921875,0.9302590688436888,-0.01563225228621834,1.0,1.0,0.22666508666375862,0.4222222222222222,0.7297774617771962,0.6788821020559652,0,0
2024-05-16,65231.58203125,0.5992840922270674,0.02790508695432159,1.0,1.0,0.22393783137932055,0.4111111111111111,0.7270097884980863,0.4356854011402679,1,1
2024-05-17,67051.875,0.9679773037424333,-0.0016564833198177142,1.0,1.0,0.21192746855727618,0.4222222222222222,0.7268299381558997,0.7035548838154273,0,0
2024-05-18,66940.8046875,0.965568298180084,-0.009895869986810912,1.0,1.0,0.2127724298466307,0.4111111111111111,0.7247767081915483,0.6998214126890766,0,0
2024-05-19,66278.3671875,0.9173499519569075,0.07800174241430358,1.0,1.0,0.21097448583001133,0.4111111111111111,0.7244171193882244,0.664544009667549,1,1
2024-05-20,71448.1953125,0.9913154697460618,-0.018358253231772315,1.0,1.0,0.16885898776206498,0.4111111111111111,0.7159940197746352,0.7097759480482635,0,0
2024-05-21,70136.53125,0.9924692377629901,-0.01446030042296964,1.0,1.0,0.20007253181270535,0.4111111111111111,0.7222367285847633,0.7167977355029556,0,0
2024-05-22,69122.3359375,0.6970873500519007,-0.017255976976508713,1.0,1.0,0.18977461474904522,0.4111111111111111,0.7201771451720312,0.5020263776959143,0,0
2024-05-23,67929.5625,0.6789700427545935,0.008781729788116976,1.0,0.6666666666666666,0.24557079850205632,0.4,0.6291141597004113,0.4271496679093084,1,1
2024-05-24,68526.1015625,0.4134182685129347,0.010796524727518797,1.0,0.6666666666666666,0.24806320831435502,0.4111111111111111,0.6318348638850932,0.261212075413481,1,1
2024-05-25,69265.9453125,0.600983674250177,-0.010796814497022966,1.0,1.0,0.24720987439604813,0.4222222222222222,0.7338864193236541,0.4410537567674357,0,0
2024-05-26,68518.09375,0.5888177622287505,0.012791671360530277,1.0,1.0,0.24916874596008076,0.4222222222222222,0.7342781936364605,0.4323560428303898,1,1
2024-05-27,69394.5546875,-0.5189205930040784,-0.015827408107827234,1.0,0.3333333333333333,0.2550271658235431,0.4222222222222222,0.5354498776091531,-0.27785596801290297,1,1
2024-05-28,68296.21875,-0.4813808086934389,-0.01051485738366742,1.0,0.6666666666666666,0.25756108413693457,0.4222222222222222,0.6359566612718314,-0.3061373318970136,1,1
2024-05-29,67578.09375,-0.4192767880794644,0.011644282841286824,1.0,0.6666666666666666,0.2665001189091628,0.43333333333333335,0.6399666904484992,-0.2683231784490916,0,0
2024-05-30,68364.9921875,0.12750259931064523,-0.012778150001159894,1.0,0.6666666666666666,0.30277173224355736,0.4222222222222222,0.6449987908931559,0.0822390223911007,0,0
2024-05-31,67491.4140625,-0.2931267094412082,0.0031933460054698326,1.0,0.6666666666666666,0.2956002210729137,0.4222222222222222,0.6435644886590272,-0.1886459408738344,0,0
2024-06-01,67706.9375,-0.4220233770351808,0.0006596674454519835,1.0,0.3333333333333333,0.29613372903252966,0.4111111111111111,0.5414489680287281,-0.22850412197969747,0,0
2024-06-02,67751.6015625,-0.22007434980774349,0.015544720172089965,1.0,0.6666666666666666,0.3039801675626904,0.4,0.640796033512538,-0.1410227704346528,0,0
2024-06-03,68804.78125,-0.1683585652567277,0.025622992224831664,1.0,0.6666666666666666,0.3176050498924785,0.4,0.6435210099784958,-0.10834227395253991,0,0
2024-06-04,70567.765625,0.5818164193881379,0.007298724608017615,1.0,1.0,0.43907340232027314,0.3888888888888889,0.7655924582418323,0.44543426276482534,1,1
2024-06-05,71082.8203125,0.776794825678119,-0.004581363662391591,1.0,1.0,0.44977373561956546,0.3888888888888889,0.7677325249016909,0.596370652848431,0,0
2024-06-06,70757.1640625,0.6042558208284272,-0.01999201273457618,1.0,1.0,0.46493308492429175,0.37777777777777777,0.7685421725404139,0.4643960813096705,0,0
2024-06-07,69342.5859375,0.49944404638312256,-0.0005308786729295578,1.0,0.6666666666666666,0.4506141699817863,0.36666666666666664,0.6634561673296906,0.3313592328089787,0,0
2024-06-08,69305.7734375,0.44004069834709697,0.00493781012787653,1.0,0.6666666666666666,0.45467486512798094,0.35555555555555557,0.6620460841367073,0.2913272212014776,1,1
2024-06-09,69647.9921875,0.5078341296995388,-0.0019485261992140401,1.0,0.6666666666666666,0.6727959928692153,0.35555555555555557,0.7056703096849541,0.3583634675736627,0,0
2024-06-10,69512.28125,0.20280324226555033,-0.03136496113771259,1.0,1.0,0.688147882065208,0.35555555555555557,0.8087406875241527,0.16401523358196848,0,0
2024-06-11,67332.03125,-0.7245023465311506,0.013502581655740586,1.0,1.0,0.6520002966981482,0.34444444444444444,0.7992889482285185,-0.579086718547977,0,0
2024-06-12,68241.1875,-0.6637724286161202,-0.021757960505889518,1.0,0.6666666666666666,0.6560542963325642,0.34444444444444444,0.7000997481554018,-0.4647069101066451,1,1
2024-06-13,66756.3984375,-0.8113079121933859,-0.011164543099157487,1.0,1.0,0.6393366776622966,0.35555555555555557,0.7989784466435704,-0.6482175354339097,1,1
2024-06-14,66011.09375,-0.7446687491508847,0.0027253941690672523,1.0,1.0,0.6423988556234084,0.36666666666666664,0.801813104458015,-0.5970851615495376,0,0
2024-06-15,66191.0,-0.7157372729551436,0.006768999939568809,1.0,1.0,0.6449049931604101,0.36666666666666664,0.8023143319654154,-0.5742462720137541,0,0
2024-06-16,66639.046875,-0.6983352091977509,-0.0022321747830370553,1.0,1.0,0.6512133455908582,0.35555555555555557,0.8013537802292827,-0.5596135597578247,1,1
2024-06-17,66490.296875,-0.7011109272261719,-0.02029695827328193,1.0,0.6666666666666666,0.6605908512121788,0.35555555555555557,0.7032292813535469,-0.49304173350237973,1,1
2024-06-18,65140.74609375,-0.5722683769787263,-0.0027701435671353414,1.0,1.0,0.6480337979281128,0.36666666666666664,0.802940092918956,-0.45949722378587865,1,1
2024-06-19,64960.296875,-0.7449707025521507,-0.00202647819256907,1.0,1.0,0.6566758570820166,0.36666666666666664,0.8046685047497367,-0.599454461305,1,1
2024-06-20,64828.65625,-0.5208790096864868,-0.011298352821403679,1.0,1.0,0.6619227671996266,0.36666666666666664,0.8057178867732587,-0.4196815349491439,1,1
2024-06-21,64096.19921875,-0.5227915582735989,0.0024397531859308152,1.0,1.0,0.659511991680906,0.37777777777777777,0.8074579538917368,-0.42213220195547285,0,0
2024-06-22,64252.578125,-0.5267999836509943,-0.01668075089399379,1.0,1.0,0.6588206307865102,0.37777777777777777,0.8073196817128576,-0.42529599512745936,1,1
2024-06-23,63180.796875,-0.7770594228082727,-0.04595356431233677,1.0,1.0,0.6673435303664079,0.3888888888888889,0.8112464838510594,-0.6303867244965449,1,1
2024-06-24,60277.4140625,-0.9534860147704339,0.025336630415439876,1.0,1.0,0.6396178728459507,0.3888888888888889,0.8057013523469678,-0.7682249715444596,0,0
2024-06-25,61804.640625,-0.7716024897368757,-0.016072632592061153,1.0,1.0,0.6037109260956963,0.3888888888888889,0.7985199629969171,-0.6161399915530191,1,1
2024-06-26,60811.27734375,-0.8557910861086419,0.013048951973404943,1.0,1.0,0.6007666317672433,0.3888888888888889,0.7979311041312265,-0.6828623262443301,0,0
2024-06-27,61604.80078125,-0.7593073357902428,-0.020853310881755127,1.0,0.6666666666666666,0.5926106200674323,0.3888888888888889,0.6962999017912643,-0.5287056233401326,1,1
2024-06-28,60320.13671875,-0.826898517411614,0.009403861104374522,1.0,1.0,0.5856423101924574,0.4,0.7971284620384915,-0.6591443434462287,0,0
2024-06-29,60887.37890625,-0.7808289178663379,0.029413551620566913,1.0,0.6666666666666666,0.5809108069042994,0.3888888888888889,0.6939599391586377,-0.5418639883358288,0,0
2024-06-30,62678.29296875,-0.15774037018836023,0.002771094932125795,1.0,0.6666666666666666,0.5366824369518777,0.3888888888888889,0.6851142651681532,-0.10807017780895088,0,0
2024-07-01,62851.98046875,0.6932776272419275,-0.013093697885290578,1.0,0.6666666666666666,0.5612035218365488,0.37777777777777777,0.6877962599228653,0.4768337591051961,0,0
2024-07-02,62029.015625,0.07248049130968097,-0.02990687070088416,1.0,0.6666666666666666,0.5693091815753852,0.37777777777777777,0.6894173918706327,0.04996931128022231,0,0
2024-07-03,60173.921875,-0.20660037796935785,-0.05311634426354228,1.0,1.0,0.5568093061747716,0.37777777777777777,0.78691741679051,-0.16257743573959005,1,1
2024-07-04,56977.703125,-0.9055427426692467,-0.005534237213954074,1.0,1.0,0.4840714417158519,0.37777777777777777,0.772369843898726,-0.6994139067990703,1,1
2024-07-05,56662.375,-0.8375123471002452,0.02896391234041995,1.0,1.0,0.4871040458941478,0.3888888888888889,0.7751985869566074,-0.6492383880308218,0,0
2024-07-06,58303.5390625,-0.6904041361571549,-0.042097439142912196,1.0,1.0,0.4538894835813603,0.3888888888888889,0.7685556744940498,-0.530614016537744,1,1
2024-07-07,55849.109375,-0.9747219084983846,0.015326802715911692,1.0,1.0,0.4205747022167581,0.4,0.7641149404433516,-0.7447995730610731,0,0
2024-07-08,56705.09765625,-0.9607824290052195,0.02299844211812685,1.0,0.6666666666666666,0.4107735999360408,0.4,0.6621547199872082,-0.6361866202465809,0,0
2024-07-09,58009.2265625,-0.8607156812438018,-0.004598069730556098,1.0,1.0,0.38872234429567665,0.3888888888888889,0.7555222466369131,-0.6502898452089384,1,1
2024-07-10,57742.49609375,-0.6685588926453406,-0.006885432015347748,1.0,0.6666666666666666,0.3890039887478822,0.4,0.6578007977495766,-0.4397785729246786,1,1
2024-07-11,57344.9140625,0.12818723629884277,0.009670444019596935,1.0,0.6666666666666666,0.3898631662383609,0.4111111111111111,0.6601948554698944,0.0846285539413997,1,1
2024-07-12,57899.46484375,0.4108662961445272,0.023013827240820017,1.0,0.3333333333333333,0.38567108355735624,0.4111111111111111,0.5593564389336935,0.22982070828927903,1,1
2024-07-13,59231.953125,0.3081283147551397,0.026266900915231206,1.0,0.6666666666666666,0.3712754289694804,0.4222222222222222,0.6586995302383405,0.20296397618234202,1,1
2024-07-14,60787.79296875,0.943453687854601,0.06715755212726138,1.0,0.6666666666666666,0.4041582888932872,0.4222222222222222,0.6652761022231019,0.62765719208392,1,1
2024-07-15,64870.15234375,0.9937154553262356,0.003499237870556282,1.0,1.0,0.31171370290980316,0.43333333333333335,0.7490094072486273,0.7443022241677035,1,1
2024-07-16,65097.1484375,0.9850315360360589,-0.01502916014346345,1.0,1.0,0.3204484771244156,0.43333333333333335,0.7507563620915497,0.7395186925398828,0,0
2024-07-17,64118.79296875,0.9761484695420556,-0.0022571629283560934,1.0,1.0,0.31511813287097357,0.43333333333333335,0.7496902932408613,0.7318090323776016,0,0
2024-07-18,63974.06640625,0.9805648869183851,0.042768734230136385,1.0,0.6666666666666666,0.32769443418578514,0.43333333333333335,0.6522055535038237,0.6395298648190196,1,1
2024-07-19,66710.15625,0.9954653728199399,0.0067979482134701286,1.0,1.0,0.29379916455264365,0.4444444444444444,0.7476487217994177,0.7442584135844088,1,1
2024-07-20,67163.6484375,0.9906082370974724,0.014753144342986024,1.0,1.0,0.30793860680113627,0.45555555555555555,0.7526988324713384,0.7456296634997582,1,1
2024-07-21,68154.5234375,0.9844263759413588,-0.00835268752223095,1.0,1.0,0.3053883675092216,0.4666666666666667,0.7544110068351777,0.7426620934290257,0,0
2024-07-22,67585.25,0.6842629948867097,-0.02452573786440093,1.0,1.0,0.3087220070114425,0.4666666666666667,0.7550777347356219,0.5166717521424692,0,0
2024-07-23,65927.671875,0.2497670119325499,-0.008426492953570563,1.0,0.6666666666666666,0.3167188415982455,0.4666666666666667,0.6566771016529824,0.16401627748439276,0,0
2024-07-24,65372.1328125,0.37217294371373066,0.00619673448871394,1.0,0.6666666666666666,0.3984342769643142,0.45555555555555555,0.670797966503974,0.24965285383096852,1,1
2024-07-25,65777.2265625,0.5107293254117006,0.032455548053117234,1.0,0.6666666666666666,0.40289012123903145,0.4666666666666667,0.6739113575811396,0.3441862930446988,1,1
2024-07-26,67912.0625,0.34551067241697614,-0.0014537411892032726,1.0,1.0,0.3986416376590546,0.4666666666666667,0.7730616608651443,0.26710105426530034,0,0
2024-07-27,67813.3359375,0.191085946760942,0.006525726007755361,1.0,1.0,0.4689967335229507,0.45555555555555555,0.7849104578157012,0.1499853579542777,1,1
2024-07-28,68255.8671875,0.02973064096986988,-0.021037797689324123,1.0,1.0,0.46961954145741647,0.4666666666666667,0.7872572416248167,0.02340566240167753,0,0
2024-07-29,66819.9140625,-0.22268569843605854,-0.009262185475442442,1.0,0.6666666666666666,0.45025100512694816,0.45555555555555555,0.6811613121365008,-0.15168488254073875,1,1
2024-07-30,66201.015625,0.08273277267807681,-0.023893373992326827,1.0,0.6666666666666666,0.4464378498244139,0.45555555555555555,0.6803986810759939,0.056291269411923486,0,0
2024-07-31,64619.25,-0.22634862321734758,0.011424614182306447,1.0,0.6666666666666666,0.42522845697247746,0.45555555555555555,0.6761568025056066,-0.15304716132618806,0,0
2024-08-01,65357.5,-0.12693226311488204,-0.06032105869640059,1.0,0.6666666666666666,0.4248139053130012,0.45555555555555555,0.6760738921737114,-0.08581558916649593,1,1
2024-08-02,61415.06640625,-0.9573663417867587,-0.011967302150066583,1.0,1.0,0.3272595151204749,0.4666666666666667,0.7587852363574283,-0.7264354459333122,1,1
2024-08-03,60680.09375,-0.9706716437245266,-0.04223983565450573,1.0,1.0,0.3381168789185449,0.4666666666666667,0.7609567091170424,-0.738639099641846,1,1
2024-08-04,58116.9765625,-0.9947586339477187,-0.07098647891315102,1.0,1.0,0.4222249958066959,0.4777777777777778,0.7800005547168947,-0.775912286288641,1,1
2024-08-05,53991.45703125,-0.99907594263375,0.03783671505322772,1.0,1.0,0.3213864531539422,0.4777777777777778,0.759832846186344,-0.7591307170477067,0,0
2024-08-06,56034.31640625,-0.9957119602005755,-0.017968550940289485,1.0,1.0,0.2756592794111795,0.4777777777777778,0.7506874114377915,-0.7474684339406193,1,1
2024-08-07,55027.4609375,-0.9947362268063524,0.12144256099404904,1.0,1.0,0.27329585606934126,0.4777777777777778,0.7502147267694237,-0.7462657666011752,0,0
2024-08-08,61710.13671875,-0.8062175159757692,-0.013450358103773374,1.0,0.6666666666666666,0.017233322179653454,0.4777777777777778,0.5990022199914862,-0.48292608186550723,1,1
2024-08-09,60880.11328125,-0.1724678731802644,0.001079157301276501,1.0,0.6666666666666666,0.0174502774842048,0.4888888888888889,0.6012678332746187,-0.1036993844165793,0,0
2024-08-10,60945.8125,0.08735696714963674,-0.036529632368097475,1.0,0.6666666666666666,0.022978973179152096,0.4888888888888889,0.6023735724136081,0.05262152837714489,0,0
2024-08-11,58719.484375,0.2044220509212831,0.010814659848586317,1.0,0.3333333333333333,0.00756414942828898,0.4888888888888889,0.4992906076634356,0.1020660100242932,1,1
2024-08-12,59354.515625,0.9630708682680602,0.021144992390795814,1.0,0.3333333333333333,0.009251025064067941,0.4888888888888889,0.49962798279059134,0.48117715519715426,1,1
2024-08-13,60609.56640625,0.9264900559042579,-0.0308911115194338,1.0,0.3333333333333333,0.0004843085105189493,0.5,0.5000968617021038,0.46333476935592605,0,0
2024-08-14,58737.26953125,0.8736628228401248,-0.020041310813293967,1.0,0.6666666666666666,0.0,0.5,0.6,0.5241976937040749,0,0
2024-08-15,57560.09765625,-0.872870461084345,0.023175912946963972,1.0,1.0,0.015711520026175596,0.4888888888888889,0.7009200817830128,-0.6118124349692151,0,0
2024-08-16,58894.10546875,-0.573305140882344,0.00993082725079053,1.0,1.0,0.0018045657362789624,0.4888888888888889,0.6981386909250336,-0.40024650055619154,0,0
2024-08-17,59478.97265625,-0.4473310851032537,-0.016728732324455264,1.0,0.6666666666666666,0.0002554038528578273,0.4888888888888889,0.5978288585483493,-0.2674274320004727,1,1
2024-08-18,58483.96484375,-0.0800469010842635,0.01726094125025579,1.0,0.3333333333333333,0.002012298908489085,0.4888888888888889,0.4981802375594756,-0.039877784198058236,0,0
2024-08-19,59493.453125,0.046781978399599,-0.008079210921579816,1.0,1.0,0.0,0.4888888888888889,0.6977777777777777,0.03264342492772019,0,0
2024-08-20,59012.79296875,-0.4830115169769444,0.03664287570061453,1.0,0.6666666666666666,0.0015588568346500686,0.4888888888888889,0.5980895491447078,-0.288884140420442,0,0
2024-08-21,61175.19140625,0.6805354566469538,-0.012967304646127387,1.0,1.0,0.0,0.4888888888888889,0.6977777777777777,0.47486251863809664,0,0
2024-08-22,60381.9140625,0.7532721416199551,0.061482671821355916,1.0,0.6666666666666666,0.03672179139270004,0.4777777777777778,0.6028999138340956,0.4541477092762956,1,1
2024-08-23,64094.35546875,0.9431656283694986,0.0013205019089592707,1.0,1.0,0.0,0.4777777777777778,0.6955555555555555,0.6560240926214511,1,1
2024-08-24,64178.9921875,0.91866387173857,0.0024081210374646833,1.0,1.0,0.01822341570249153,0.4888888888888889,0.701422460918276,0.6443714736715792,1,1
2024-08-25,64333.54296875,0.96405611828169,-0.022583597070127692,1.0,1.0,0.12123328081859164,0.4888888888888889,0.7220244339414961,0.6960720730901733,0,0
2024-08-26,62880.66015625,0.8139699006173741,-0.05369739018896724,1.0,0.6666666666666666,0.12068189861081113,0.4777777777777778,0.6196919352777177,0.5044105829713921,0,0
2024-08-27,59504.1328125,0.16499752154726652,-0.00800797843742207,1.0,0.3333333333333333,0.06978254399919481,0.4666666666666667,0.5072898421331723,0.08370156665807753,0,0
2024-08-28,59027.625,-0.6057013801360179,0.006108236397788236,1.0,0.6666666666666666,0.35341091812643766,0.4666666666666667,0.6640155169586209,-0.40219511505356814,0,0
2024-08-29,59388.1796875,-0.31775651686966966,-0.004524521990973862,1.0,0.6666666666666666,0.3555607790964319,0.4666666666666667,0.6644454891526198,-0.21113188428290033,1,1
2024-08-30,59119.4765625,-0.9141742074622669,-0.002530098940268344,1.0,0.6666666666666666,0.3553777589027294,0.4777777777777778,0.6666311073361015,-0.609416964218674,1,1
2024-08-31,58969.8984375,-0.9251017549592541,-0.027885585694078285,1.0,1.0,0.387772915149298,0.4888888888888889,0.7753323608076373,-0.7172613276598468,1,1
2024-09-01,57325.48828125,-0.9746989541189531,0.031172733823612075,1.0,1.0,0.3720401118364164,0.5,0.7744080223672832,-0.7548146894627178,0,0
2024-09-02,59112.48046875,-0.8332019633148532,-0.02844504270361159,1.0,1.0,0.358567817656418,0.5,0.7717135635312835,-0.6429932562509671,1,1
2024-09-03,57431.0234375,-0.6023295520693405,0.00941156177702851,1.0,1.0,0.362004453353719,0.5,0.7724008906707438,-0.4652398824956687,0,0
2024-09-04,57971.5390625,-0.34329917202902466,-0.031240343288065575,1.0,0.6666666666666666,0.36961402874897664,0.5,0.6739228057497954,-0.23135714122538195,1,1
2024-09-05,56160.48828125,-0.7957736318751926,-0.03938239218868078,1.0,1.0,0.3606686353579922,0.5111111111111111,0.7743559492938207,-0.6162120461337062,1,1
2024-09-06,53948.75390625,-0.9412895576430219,0.003539165966313096,1.0,1.0,0.33369459555666525,0.5222222222222223,0.7711833635557774,-0.7259068471430755,0,0
2024-09-07,54139.6875,-0.9272198768690358,0.012964221602682846,1.0,1.0,0.33615546981566,0.5111111111111111,0.7694533161853542,-0.7134524090898554,0,0
2024-09-08,54841.56640625,-0.6996440638117652,0.039713831911113884,1.0,1.0,0.3399465156426825,0.5111111111111111,0.7702115253507587,-0.5388739215910633,0,0
2024-09-09,57019.53515625,-0.6094984579269033,0.011034389872275785,1.0,0.6666666666666666,0.2997457770878177,0.5111111111111111,0.6621713776397857,-0.4035924335547825,0,0
2024-09-10,57648.7109375,0.0756634424150474,-0.005300015516934153,1.0,0.6666666666666666,0.3298334972422935,0.5111111111111111,0.6681889216706809,0.05055747399720218,0,0
2024-09-11,57343.171875,-0.2134513878312601,0.013669279499548104,1.0,0.6666666666666666,0.3322364538359427,0.5,0.6664472907671886,-0.14225409913063974,0,0
2024-09-12,58127.01171875,0.6045726124151657,0.04205082955798245,1.0,0.6666666666666666,0.4306954988034759,0.4888888888888889,0.683916877538473,0.41347741332825755,1,1
2024-09-13,60571.30078125,0.9853665686182098,-0.00934732588201681,1.0,1.0,0.37446933693604134,0.5,0.7748938673872082,0.7635545111506274,0,0
2024-09-14,60005.12109375,0.974098227056864,-0.013703582981947293,1.0,1.0,0.3741148342108853,0.5,0.774822966842177,0.7547536782839039,0,0
2024-09-15,59182.8359375,0.9191008026791236,-0.016733367188517922,1.0,1.0,0.38094066131675275,0.4888888888888889,0.7739659100411282,0.7113526891650793,0,0
2024-09-16,58192.5078125,0.3896848009413152,0.0363626062794542,1.0,0.3333333333333333,0.4465600387952141,0.4777777777777778,0.5848675633145983,0.22791399998728132,1,1
2024-09-17,60308.5390625,0.7272056966748621,0.02223798894564699,1.0,1.0,0.4122284191055977,0.4777777777777778,0.7780012393766751,0.5657669332948212,1,1
2024-09-18,61649.6796875,0.9055112492575584,0.020937291974474137,1.0,1.0,0.4015306909208085,0.4777777777777778,0.7758616937397174,0.7025514915493367,1,1
2024-09-19,62940.45703125,0.9297010732098241,0.004012038411551844,1.0,1.0,0.39344897856820915,0.4777777777777778,0.7742453512691974,0.71981673400269,1,1
2024-09-20,63192.9765625,0.6991569972199422,0.003194394254405042,1.0,1.0,0.39421530259940385,0.4888888888888889,0.7766208382976585,0.5429798932826252,1,1
2024-09-21,63394.83984375,0.810954163027552,0.004004601863112578,1.0,1.0,0.4207667683379359,0.4888888888888889,0.781931131445365,0.6341103062464627,1,1
2024-09-22,63648.7109375,0.9067932670473153,-0.005010473135318549,1.0,1.0,0.4397531265698976,0.4888888888888889,0.7857284030917573,0.7124932256514445,0,0
2024-09-23,63329.80078125,0.9431273884447375,0.01535087678718594,1.0,1.0,0.46569291228796317,0.4888888888888889,0.7909163602353704,0.7459348813070021,1,1
2024-09-24,64301.96875,0.8678574666818925,-0.018021597802944433,1.0,1.0,0.4626795798229244,0.4888888888888889,0.7903136937423626,0.6858796401352558,0,0
2024-09-25,63143.14453125,0.44984061362101646,0.032273891570151925,1.0,0.6666666666666666,0.48665445140030816,0.4888888888888889,0.6951086680578393,0.3126881097724259,1,1
2024-09-26,65181.01953125,0.611906038807617,0.00935309904070647,1.0,1.0,0.5407631904550785,0.4888888888888889,0.8059304158687934,0.4931536883288488,1,1
2024-09-27,65790.6640625,0.6762353258956083,0.0014741358273548943,1.0,1.0,0.5392772599211733,0.5,0.8078554519842346,0.5463003948491029,1,1
2024-09-28,65887.6484375,0.6563869827815796,-0.003829909793174213,1.0,1.0,0.5368618367620663,0.5111111111111111,0.8095945895746355,0.5314073499271863,0,0
2024-09-29,65635.3046875,0.5540711245226864,-0.035130555094979754,1.0,1.0,0.5656738882369872,0.5111111111111111,0.8153569998696196,0.451765769805204,0,0
2024-09-30,63329.5,-9.498885055267123e-05,-0.039357521968434894,1.0,0.6666666666666666,0.5045747650310214,0.5111111111111111,0.7031371752284266,-6.679019205580041e-05,1,1
2024-10-01,60837.0078125,-0.7923503317794928,-0.0033568819965540397,1.0,0.6666666666666666,0.4459666945068781,0.5222222222222223,0.69363778334582,-0.5496041277688525,1,1
2024-10-02,60632.78515625,-0.6613069551849416,0.0020882627636797935,1.0,1.0,0.4480151963641855,0.5222222222222223,0.7940474837172815,-0.5251091237293399,0,0
2024-10-03,60759.40234375,-0.8756299540560487,0.021528753876634443,1.0,1.0,0.48589071758315894,0.5111111111111111,0.799400365738854,-0.6999789055243012,0,0
2024-10-04,62067.4765625,-0.811644141930215,0.0003620681473552878,1.0,0.6666666666666666,0.4462322747232754,0.5111111111111111,0.6914686771668773,-0.5612265011507309,0,0
2024-10-05,62089.94921875,-0.8186730454399685,0.011741093613744757,1.0,0.6666666666666666,0.4553301784195287,0.5,0.6910660356839057,-0.565757136033469,0,0
2024-10-06,62818.953125,-0.6953197614393419,-0.009269383518558882,1.0,0.6666666666666666,0.46755136786146545,0.5,0.6935102735722931,-0.4822113979760196,1,1
2024-10-07,62236.66015625,-0.33204793105199126,-0.001682150134457161,1.0,0.6666666666666666,0.5053940831269155,0.5111111111111111,0.7033010388476053,-0.23352965485606347,1,1
2024-10-08,62131.96875,0.4017339523896605,-0.024944762232405493,1.0,0.6666666666666666,0.5233652355064446,0.5111111111111111,0.7068952693235111,0.28398383047088765,0,0
2024-10-09,60582.1015625,-0.016716656557376485,-0.005077433013489285,1.0,1.0,0.5180584300899764,0.5,0.8036116860179953,-0.013433700560657093,1,1
2024-10-10,60274.5,-0.15827212650752986,0.036011743668549645,1.0,1.0,0.5191546608105782,0.5,0.8038309321621157,-0.12722403098582802,0,0
2024-10-11,62445.08984375,0.12108133745698238,0.011977460447594401,1.0,0.6666666666666666,0.4650367460101179,0.4888888888888889,0.6907851269798013,0.08364118707010575,1,1
2024-10-12,63193.0234375,0.3410806192442389,-0.005406426515387475,1.0,0.6666666666666666,0.4600861352547825,0.4888888888888889,0.6897950048287342,0.23527570739856743,0,0
2024-10-13,62851.375,0.010321956007104335,0.050830232433260125,1.0,0.6666666666666666,0.45993923343035936,0.4777777777777778,0.6875434022416274,0.007096792750912917,1,1
2024-10-14,66046.125,0.8408848633570676,0.015064992457922477,1.0,1.0,0.38083273746273216,0.4777777777777778,0.7717221030481021,0.6489294351712321,1,1
2024-10-15,67041.109375,0.9186378334475621,0.008526251733136592,1.0,1.0,0.38916683704798116,0.4888888888888889,0.775611145187374,0.7125057420127118,1,1
2024-10-16,67612.71875,0.9809080236423136,-0.0031485616380424464,1.0,1.0,0.4173604120662534,0.5,0.7834720824132506,0.7685140519389094,0,0
2024-10-17,67399.8359375,0.982477045297434,0.015118035686984221,1.0,1.0,0.41853383951645273,0.4888888888888889,0.7814845456810683,0.7677906273863435,1,1
2024-10-18,68418.7890625,0.9573587572161737,-0.0008192879217548965,1.0,1.0,0.412449308418406,0.4888888888888889,0.7802676394614589,0.7469960576108198,0,0
2024-10-19,68362.734375,0.9269345561644273,0.009346740674458287,1.0,1.0,0.41337020021186577,0.4777777777777778,0.7782295955979288,0.7213679047895879,1,1
2024-10-20,69001.703125,0.9608680912520436,-0.023678423698328066,1.0,1.0,0.4647871546541823,0.4888888888888889,0.7907352087086141,0.7597922306776325,0,0
2024-10-21,67367.8515625,0.38015727830911117,-9.567341618454961e-05,1.0,0.6666666666666666,0.5091434426144542,0.4888888888888889,0.6996064663006686,0.26596049011631706,0,0
2024-10-22,67361.40625,0.09526263133721359,-0.01379441121005398,1.0,0.6666666666666666,0.5110202377960174,0.4888888888888889,0.6999818253369812,0.06668211056982667,0,0
2024-10-23,66432.1953125,-0.3356672813116556,0.02602442034118191,1.0,0.6666666666666666,0.4971219998744285,0.4777777777777778,0.6949799555304412,-0.2332820322389985,0,0
2024-10-24,68161.0546875,0.22211662759463197,-0.022280180844656217,1.0,1.0,0.49037960897630517,0.4666666666666667,0.7914092551285944,0.17578515479634307,0,0
2024-10-25,66642.4140625,-0.47713273556163716,0.00558625096700216,1.0,0.6666666666666666,0.46403906878005075,0.4666666666666667,0.6861411470893436,-0.3273804024921382,0,0
2024-10-26,67014.6953125,-0.37512860102260215,0.01364777618155344,1.0,0.3333333333333333,0.4663781432975945,0.45555555555555555,0.58438673977063,-0.21922018014631592,0,0
2024-10-27,67929.296875,-0.30119628178293595,0.029125296867722028,1.0,0.6666666666666666,0.46946747426050206,0.45555555555555555,0.6850046059632116,-0.20632084032030448,0,0
2024-10-28,69907.7578125,0.6375535957880516,0.04023493905417541,1.0,1.0,0.45037533127393115,0.4444444444444444,0.7789639551436751,0.4966312705911326,1,1
2024-10-29,72720.4921875,0.9203246001343486,-0.005238593875544262,1.0,1.0,0.4507780534735928,0.45555555555555555,0.7812667218058297,0.7190189833442235,0,0
2024-10-30,72339.5390625,0.9445290792053973,-0.029366396164960396,1.0,1.0,0.4506082052225452,0.45555555555555555,0.7812327521556202,0.7378970520386463,0,0
2024-10-31,70215.1875,0.5389887400802597,-0.010435331387529279,1.0,1.0,0.4301305615861609,0.4444444444444444,0.7749150012061211,0.4176704601693801,0,0
2024-11-01,69482.46875,0.6922829198456273,-0.0027804900426771084,1.0,0.6666666666666666,0.42272491539919366,0.43333333333333335,0.6712116497465054,0.4646683607209112,0,0
2024-11-02,69289.2734375,0.5907580217970835,-0.00791112711687536,1.0,0.6666666666666666,0.4243822720713214,0.4222222222222222,0.6693208988587087,0.3954066901572165,0,0
2024-11-03,68741.1171875,0.2345691300163258,-0.013523338185854272,1.0,0.3333333333333333,0.5022448150551184,0.4111111111111111,0.5826711852332458,0.13667667300574388,0,0
2024-11-04,67811.5078125,-0.5368494754674364,0.02282879023690776,1.0,0.6666666666666666,0.5007104776656282,0.4111111111111111,0.6823643177553478,-0.36632692606465356,0,0
2024-11-05,69359.5625,-0.7279449569782172,0.09053568676993895,1.0,0.3333333333333333,0.48430572453801723,0.4,0.5768611449076034,-0.41992316131217045,0,0
2024-11-06,75639.078125,0.722204060968283,0.003513808689745934,1.0,1.0,0.24885964664973825,0.4,0.7297719293299476,0.527044250942747,1,1
2024-11-07,75904.859375,0.9247167943388277,0.008439738809541852,1.0,1.0,0.25100702757175264,0.4,0.7302014055143504,0.6752295029289365,1,1
2024-11-08,76545.4765625,0.9662885701420344,0.0030490452928257916,1.0,1.0,0.2519777006334466,0.4111111111111111,0.7326177623489115,0.7079201700407864,1,1
2024-11-09,76778.8671875,0.9738441934003379,0.048129393514959595,1.0,1.0,0.2520940246511011,0.4222222222222222,0.7348632493746646,0.7156423083468216,1,1
2024-11-10,80474.1875,0.9978349929825342,0.10223522760015435,1.0,1.0,0.23417059801332873,0.4222222222222222,0.7312785640471101,0.7296953408242258,1,1
2024-11-11,88701.484375,0.9999910980100826,-0.008406532091926988,1.0,1.0,0.04777932332276846,0.4222222222222222,0.6940003091089981,0.6939941311252438,0,0
2024-11-12,87955.8125,0.9999560045101715,0.029882636380625716,1.0,1.0,0.0535829372751887,0.4222222222222222,0.6951610318994822,0.6951304479493741,1,1
2024-11-13,90584.1640625,0.9992612786885507,-0.03680261786927608,1.0,1.0,0.051441099012545455,0.43333333333333335,0.6969548864691757,0.6964400310414223,0,0
2024-11-14,87250.4296875,0.9949492513216331,0.04373133907381366,1.0,0.6666666666666666,0.024916540309904645,0.43333333333333335,0.5916499747286476,0.5886616994007311,1,1
2024-11-15,91066.0078125,0.9989874497282633,-0.005573223886622736,1.0,1.0,0.01009927247738307,0.4444444444444444,0.6909087433843655,0.6902091635485064,0,0
2024-11-16,90558.4765625,0.9984760815516907,-0.007869224693816235,1.0,0.6666666666666666,0.005279255276854911,0.43333333333333335,0.5877225177220377,0.5868268765347943,0,0
2024-11-17,89845.8515625,0.9812115433378613,0.007755383808848215,1.0,1.0,0.004739025791888007,0.43333333333333335,0.6876144718250442,0.6746952571209,1,1
2024-11-18,90542.640625,0.392824360621429,0.019892819836786257,1.0,0.6666666666666666,0.019655180770879355,0.4444444444444444,0.5928199250430648,0.2328741080186854,1,1
2024-11-19,92343.7890625,0.760655351708197,0.02161166598491282,1.0,1.0,0.024602254672940527,0.45555555555555555,0.6960315620456993,0.5294401326278771,1,1
2024-11-20,94339.4921875,0.6800116346004529,0.044151545428309014,1.0,1.0,0.06224014035200798,0.4666666666666667,0.7057813614037349,0.47993953723868676,1,1
2024-11-21,98504.7265625,0.9885769080907701,0.005004201495724558,1.0,1.0,0.06206161183562686,0.4666666666666667,0.7057456557004588,0.6976838582108528,1,1
2024-11-22,98997.6640625,0.9404532541873959,-0.012327389984975179,1.0,1.0,0.06768296856065048,0.4666666666666667,0.7068699270454635,0.6647781231771133,0,0
2024-11-23,97777.28125,0.9208038688797078,0.002419161787646784,1.0,1.0,0.062398398240378294,0.45555555555555555,0.7035907907591867,0.6478691222391921,1,1
2024-11-24,98013.8203125,0.9486604810964674,-0.05011051933125821,1.0,0.6666666666666666,0.0787116941146414,0.4666666666666667,0.6090756721562617,0.5778060201719134,0,0
2024-11-25,93102.296875,0.5119755872677066,-0.011997304040733403,1.0,0.6666666666666666,0.002946119119948798,0.4666666666666667,0.5939225571573231,0.3040738499921586,0,0
2024-11-26,91985.3203125,-0.07748225319900916,0.04323745271515378,1.0,0.6666666666666666,0.11192950473292707,0.4666666666666667,0.6157192342799188,-0.04770731360997671,0,0
2024-11-27,95962.53125,0.3311192048392217,-0.0032310787967048116,1.0,0.6666666666666666,0.0916884808463212,0.4666666666666667,0.6116710295025977,0.20253602491208825,0,0
2024-11-28,95652.46875,-0.5220188790008425,0.018912786163713058,1.0,0.3333333333333333,0.0870983076848173,0.45555555555555555,0.5085307726480746,-0.2654626638751802,0,0
2024-11-29,97461.5234375,-0.3007452502296335,-0.010388394458550332,1.0,0.3333333333333333,0.0878610317298888,0.4444444444444444,0.5064610952348666,-0.1523157688179842,1,1
2024-11-30,96449.0546875,-0.26519118352396986,0.008613193542348574,1.0,0.3333333333333333,0.10707829144827985,0.4444444444444444,0.5103045471785448,-0.1353282668239418,0,0
2024-12-01,97279.7890625,-0.1486710505725452,-0.01454037255458307,1.0,0.3333333333333333,0.32567798572532924,0.4444444444444444,0.5540244860339547,-0.08236740238158244,1,1
2024-12-02,95865.3046875,0.5324385208085736,0.0014276215513644441,1.0,0.6666666666666666,0.3200867847907194,0.4444444444444444,0.6529062458470328,0.34763243576547304,1,1
2024-12-03,96002.1640625,0.7030804052842744,0.02881567529768403,1.0,0.6666666666666666,0.33903047535000486,0.45555555555555555,0.6589172061811122,0.46327177637059813,1,1
2024-12-04,98768.53125,0.5261537903508331,-0.022020788503929523,1.0,1.0,0.37321892295896286,0.45555555555555555,0.7657548957029037,0.40290484085378964,0,0
2024-12-05,96593.5703125,0.19427416137111467,0.03444474217316973,1.0,0.6666666666666666,0.3976998999413395,0.4444444444444444,0.6684288688771568,0.1298584579373524,1,1
2024-12-06,99920.7109375,0.46576460192916286,2.627082989481444e-05,1.0,1.0,0.3723678238474918,0.45555555555555555,0.7655846758806095,0.35658224180459924,1,1
2024-12-07,99923.3359375,0.617180927962106,0.013136868131795154,1.0,1.0,0.37683288589419683,0.4666666666666667,0.7686999105121727,0.47442692409429055,1,1
2024-12-08,101236.015625,0.6714455145603416,-0.03756861480096407,1.0,1.0,0.3752839709884348,0.4777777777777778,0.7706123497532424,0.5174242057066198,0,0
2024-12-09,97432.71875,0.31582564035915994,-0.007772430783165474,1.0,0.6666666666666666,0.3305625566335564,0.4777777777777778,0.6616680668822668,0.20897174092829937,0,0
2024-12-10,96675.4296875,0.13934790868139357,0.04652269534294651,1.0,0.6666666666666666,0.3384020951688613,0.4777777777777778,0.6632359745893279,0.09242054602128874,1,1
2024-12-11,101173.03125,0.4517493340199215,-0.011169293200355757,1.0,0.6666666666666666,0.33246919279345166,0.4888888888888889,0.664271616336468,0.30008426028833624,0,0
2024-12-12,100043.0,0.6133132567519698,0.014156490833941326,1.0,1.0,0.3285148878437747,0.4777777777777778,0.7612585331243105,0.4668899501806981,1,1
2024-12-13,101459.2578125,0.2985742206039512,-0.0008504799301751742,1.0,1.0,0.3293681571105159,0.4888888888888889,0.763651409199881,0.2280066243149635,0,0
2024-12-14,101372.96875,0.2822719488083798,0.02886101293644905,1.0,1.0,0.32913116785657714,0.4888888888888889,0.7636040113490932,0.2155439924014047,1,1
2024-12-15,104298.6953125,0.5406384754161067,0.016596788984881483,1.0,1.0,0.3978653110429323,0.5,0.7795730622085865,0.42146719182791587,1,1
2024-12-16,106029.71875,0.943026169971411,0.001045771070669721,1.0,1.0,0.40575801201628214,0.5,0.7811516024032564,0.7366464037813734,1,1
2024-12-17,106140.6015625,0.9609471809857248,-0.057462106019896764,1.0,1.0,0.4501330142991734,0.5,0.7900266028598346,0.7591738369218869,0,0
2024-12-18,100041.5390625,-0.22001765665040002,-0.025495268879325628,1.0,0.6666666666666666,0.33407365123807664,0.4888888888888889,0.664592508025393,-0.14622208624315913,1,1
2024-12-19,97490.953125,-0.47009321928387576,0.002717960528709318,1.0,0.6666666666666666,0.32221942065962694,0.4888888888888889,0.6622216619097031,-0.3113059129266507,0,0
2024-12-20,97755.9296875,-0.6230732142941259,-0.005433973434635808,1.0,1.0,0.32552018644921454,0.4777777777777778,0.7606595928453985,-0.47394661749784356,1,1
2024-12-21,97224.7265625,-0.6742045746270904,-0.021802983021374844,1.0,1.0,0.32628538729336376,0.4777777777777778,0.7608126330142282,-0.5129433576122744,1,1
2024-12-22,95104.9375,-0.9428334597861282,-0.004402456102765462,1.0,1.0,0.31884695396844787,0.4888888888888889,0.7615471685714673,-0.7180121517345663,1,1
2024-12-23,94686.2421875,-0.9726753685431595,0.04213760595334648,1.0,1.0,0.31844043829217106,0.4888888888888889,0.761465865436212,-0.7406590912962033,0,0
2024-12-24,98676.09375,-0.8867554252890308,0.0063146152104343045,1.0,0.3333333333333333,0.2925494864740593,0.4888888888888889,0.5562876750725896,-0.4932911138920404,0,0
2024-12-25,99299.1953125,-0.14732707789217228,-0.03528406928650052,1.0,0.6666666666666666,0.30613957408256487,0.4777777777777778,0.6567834703720685,-0.09676198949779696,1,1
2024-12-26,95795.515625,-0.33443575163886047,-0.017022260795415023,1.0,0.6666666666666666,0.30470315181071905,0.4777777777777778,0.6564961859176994,-0.21955579538543088,1,1
2024-12-27,94164.859375,-0.6259331196150404,0.010609799867287384,1.0,1.0,0.298872116167889,0.4777777777777778,0.7553299787891334,-0.4727860499622446,0,0
2024-12-28,95163.9296875,-0.40023140046551886,-0.017167251608511402,1.0,1.0,0.3008708756456937,0.4777777777777778,0.7557297306846942,-0.3024667684853646,1,1
2024-12-29,93530.2265625,-0.3195557889868142,-0.00948373223930199,1.0,1.0,0.3292908160571194,0.4888888888888889,0.7636359409892016,-0.24402428562149261,1,1
2024-12-30,92643.2109375,-0.4066050728097359,0.008484077565384274,1.0,1.0,0.32862805092675096,0.4888888888888889,0.7635033879631279,-0.3104443506532277,0,0
2024-12-31,93429.203125,-0.7869834906978972,0.010602195613021781,1.0,1.0,0.3973357680245928,0.4777777777777778,0.7750227091604742,-0.6099300770252511,0,0
2025-01-01,94419.7578125,-0.7542645988645024,0.026129247147606893,1.0,0.6666666666666666,0.3933621724361164,0.4777777777777778,0.6742279900427788,-0.5085463044528362,0,0
2025-01-02,96886.875,0.22398898190241973,0.012597729955682757,1.0,0.6666666666666666,0.37672813513409276,0.4777777777777778,0.6709011825823741,0.1502744728437554,1,1
2025-01-03,98107.4296875,0.6844167896048302,0.0013128146911018934,1.0,1.0,0.37054274376828145,0.4888888888888889,0.771886326531434,0.5282919615445097,1,1
2025-01-04,98236.2265625,0.5687580818545387,0.0008014800420892421,1.0,1.0,0.39973365826003804,0.5,0.7799467316520076,0.44360100704311245,1,1
2025-01-05,98314.9609375,0.771143130041011,0.03827621924594227,1.0,1.0,0.4116941198080588,0.5,0.7823388239616117,0.6032952094623607,1,1
2025-01-06,102078.0859375,0.9665386442815006,-0.05050430525956884,1.0,1.0,0.36038554839664416,0.5,0.7720771096793287,0.7462423628702378,0,0
2025-01-07,96922.703125,0.6338579487508562,-0.019388436629511285,1.0,0.3333333333333333,0.3824554593427686,0.5,0.5764910918685537,0.36541346096494287,0,0
2025-01-08,95043.5234375,0.13136255653304466,-0.026929603222076492,1.0,0.3333333333333333,0.39049689675641275,0.4888888888888889,0.5758771571290603,0.07564869560945522,0,0
2025-01-09,92484.0390625,-0.7205852036740409,0.023976181025154863,1.0,1.0,0.3716794970117746,0.4888888888888889,0.7721136771801327,-0.5563736913303585,0,0
2025-01-10,94701.453125,-0.6007603730998032,-0.001424047578467369,1.0,0.6666666666666666,0.3523377331358363,0.4777777777777778,0.6660231021827228,-0.4001202873603809,1,1
2025-01-11,94566.59375,-0.6334179295249407,-0.0008264678561502592,1.0,1.0,0.3657289686255514,0.4888888888888889,0.770923571502888,-0.4883168124833319,1,1
2025-01-12,94488.4375,-0.6517996922940391,0.00029724205673309356,1.0,0.3333333333333333,0.366304507013575,0.4888888888888889,0.5710386791804928,-0.3722028353778397,0,0
2025-01-13,94516.5234375,-0.9017533375846769,0.021345722040169157,1.0,0.6666666666666666,0.4244147583247758,0.4777777777777778,0.6804385072205108,-0.6135876949072309,0,0
2025-01-14,96534.046875,-0.08002771441562637,0.041129999632577796,1.0,0.3333333333333333,0.4093465904021818,0.4666666666666667,0.5752026514137697,-0.046032153518452246,0,0
2025-01-15,100504.4921875,0.8174726797345522,-0.0074383335632930425,1.0,1.0,0.3986664959413466,0.4666666666666667,0.7730666325216027,0.6319608517008009,0,0
2025-01-16,99756.90625,0.917467340913666,0.04716598568833419,1.0,1.0,0.4078871602813834,0.45555555555555555,0.7726885431673878,0.7089165030542377,1,1
2025-01-17,104462.0390625,0.9681143875464292,-0.000516635042589142,1.0,1.0,0.35220655796420086,0.4666666666666667,0.7637746449261735,0.7394212225961939,0,0
2025-01-18,104408.0703125,0.9693483316612462,-0.03178356737719257,1.0,1.0,0.3662314706767875,0.45555555555555555,0.7643574052464687,0.7409285755685835,0,0
2025-01-19,101089.609375,0.8847545571858343,0.009170622908047932,1.0,1.0,0.33256007297209456,0.45555555555555555,0.75762312570553,0.6703105130973439,1,1
2025-01-20,102016.6640625,0.9196963866045333,0.040479676535688514,1.0,0.3333333333333333,0.33239811010852327,0.4666666666666667,0.5598129553550379,0.5148579522144333,1,1
2025-01-21,106146.265625,0.9634197358125454,-0.023488299826845638,1.0,1.0,0.2990634465460026,0.4777777777777778,0.7553682448647561,0.7277366749087893,0,0
2025-01-22,103653.0703125,0.5556753019062386,0.002962783076025932,1.0,1.0,0.2893607469449585,0.4777777777777778,0.7534277049445472,0.41866116740958575,1,1
2025-01-23,103960.171875,0.6872374001882998,0.008265785680243276,1.0,1.0,0.2915835723287167,0.4888888888888889,0.7560944922435211,0.51961641314613,1,1
2025-01-24,104819.484375,0.06832880883489727,-0.0010001569662844156,1.0,0.6666666666666666,0.2910674762913491,0.5,0.6582134952582698,0.04497494409005187,0,0
2025-01-25,104714.6484375,0.05865948147499474,-0.019406534499448846,1.0,1.0,0.29071679351144675,0.5,0.7581433587022893,0.04447229630518723,0,0
2025-01-26,102682.5,0.30510978186710985,-0.005792734886665207,1.0,0.6666666666666666,0.31392526996358616,0.5,0.6627850539927173,0.2022222032484986,0,0
2025-01-27,102087.6875,0.013922989665678244,-0.007397669160641884,1.0,0.6666666666666666,0.3923704852345059,0.4888888888888889,0.676251874824679,0.009415447864579542,0,0
2025-01-28,101332.4765625,-0.7196943104411845,0.023395602825692086,1.0,0.6666666666666666,0.40489495629622185,0.4888888888888889,0.6787567690370221,-0.48849738484938593,0,0
2025-01-29,103703.2109375,0.009674399518023851,0.009952379879751394,1.0,1.0,0.4260408980010383,0.4888888888888889,0.7829859573779854,0.007574918968677026,1,1
2025-01-30,104735.3046875,0.14802551373887482,-0.022249243050878498,1.0,1.0,0.43668431854430356,0.5,0.7873368637088607,0.11654594373605857,0,0
2025-01-31,102405.0234375,-0.4306458733675911,-0.017080384621634526,1.0,0.6666666666666666,0.41387168896179705,0.5,0.6827743377923594,-0.29403395101156926,1,1
2025-02-01,100655.90625,-0.6499432598135688,-0.02947596219670423,1.0,1.0,0.40057822294417167,0.5111111111111111,0.7823378668110565,-0.5084752234307717,1,1
2025-02-02,97688.9765625,-0.7498508768309533,0.03804365081173988,1.0,1.0,0.3688721754637686,0.5222222222222223,0.7782188795371981,-0.5835481091873701,0,0
2025-02-03,101405.421875,-0.1328723210385503,-0.034846278405663456,1.0,1.0,0.3419393162216362,0.5222222222222223,0.7728323076887716,-0.10268802249618614,1,1
2025-02-04,97871.8203125,-0.5934857053770193,-0.012836943218062724,1.0,1.0,0.3399218606463813,0.5333333333333333,0.7746510387959429,-0.4597443181808509,1,1
2025-02-05,96615.4453125,-0.8779912739124045,-0.00022924323774897726,1.0,1.0,0.3327662845895102,0.5333333333333333,0.7732199235845687,-0.6788803457224676,1,1
2025-02-06,96593.296875,-0.9145704219840776,-0.0006647556256734743,1.0,1.0,0.4083282092739726,0.5333333333333333,0.7883323085214612,-0.7209854120681548,1,1
2025-02-07,96529.0859375,-0.8169533726171753,-0.00048309597099249757,1.0,1.0,0.4077549436234347,0.5333333333333333,0.7882176553913536,-0.6439370719283687,1,1
2025-02-08,96482.453125,-0.6800738992209154,0.00018283765004545316,1.0,1.0,0.43473837354493505,0.5333333333333333,0.7936143413756537,-0.5397163996169795,0,0
2025-02-09,96500.09375,-0.23870614813881136,0.009714611676219231,1.0,1.0,0.4386078071720316,0.5222222222222223,0.7921660058788508,-0.18909489594984746,0,0
2025-02-10,97437.5546875,-0.654182181626463,-0.017345724709743937,1.0,0.6666666666666666,0.5039575091775288,0.5222222222222223,0.7052359462799502,-0.46135278989882095,1,1
2025-02-11,95747.4296875,-0.408756122125238,0.02233406885677658,1.0,1.0,0.5081754383543442,0.5222222222222223,0.8060795321153132,-0.3294899436719817,0,0
2025-02-12,97885.859375,0.25708410556638744,-0.012892487184132717,1.0,0.6666666666666666,0.4708545849228972,0.5222222222222223,0.6986153614290239,0.17960290532791912,0,0
2025-02-13,96623.8671875,0.006329611935494938,0.009160278803397981,1.0,0.3333333333333333,0.4696146370593799,0.5111111111111111,0.5961451496340981,0.0037733674544114036,1,1
2025-02-14,97508.96875,0.2002791264908093,0.0007320640697474623,1.0,0.6666666666666666,0.4617941681500818,0.5222222222222223,0.6968032780744609,0.13955515186868553,1,1
2025-02-15,97580.3515625,0.22373557971180852,-0.014401672980240199,1.0,0.3333333333333333,0.4723919646612247,0.5333333333333333,0.6011450595989116,0.13449753840025216,0,0
2025-02-16,96175.03125,-0.06726865930742605,-0.004176223623530095,1.0,1.0,0.4668670358900582,0.5222222222222223,0.7978178516224561,-0.05366813725017359,1,1
2025-02-17,95773.3828125,-0.3288937904957875,-0.0024415545387781457,1.0,1.0,0.46759758182676947,0.5222222222222223,0.7979639608097984,-0.2624453917497666,1,1
2025-02-18,95539.546875,-0.04339589112233411,0.011472343504350446,1.0,1.0,0.4957358064354983,0.5222222222222223,0.8035916057315441,-0.03487257382914773,0,0
2025-02-19,96635.609375,-0.2500354115742037,0.017574558032842136,1.0,0.3333333333333333,0.49097826921465915,0.5111111111111111,0.600417876065154,-0.15012573075846,0,0
2025-02-20,98333.9375,0.33988665103746835,-0.02245807176184722,1.0,1.0,0.4883897472645322,0.5,0.7976779494529064,0.2711200868459833,0,0
2025-02-21,96125.546875,-0.27637476152297674,0.0047043783073406065,1.0,0.6666666666666666,0.47792499238618713,0.5,0.6955849984772374,-0.19224213807310664,0,0
2025-02-22,96577.7578125,-0.20264655260245898,-0.0031460239332733453,1.0,0.6666666666666666,0.5116454572787608,0.4888888888888889,0.7001068692335299,-0.14187424350347538,1,1
2025-02-23,96273.921875,0.02056182057610769,-0.05043681513571874,1.0,0.3333333333333333,0.5860708024171607,0.5,0.6172141604834321,0.01269104682489327,0,0
2025-02-24,91418.171875,-0.7208837934188427,-0.029337712021491935,1.0,1.0,0.5201955739609758,0.5,0.8040391147921951,-0.5796187671285259,1,1
2025-02-25,88736.171875,-0.8904720032130728,-0.04946290046952739,1.0,1.0,0.49257719959449087,0.5111111111111111,0.8007376621411204,-0.7130344700549562,1,1
2025-02-26,84347.0234375,-0.9877174944640702,0.004234922709094535,1.0,1.0,0.4094703911425235,0.5222222222222223,0.7863385226729491,-0.7766803154151037,0,0
2025-02-27,84704.2265625,-0.9922107459487901,-0.003910297790814532,1.0,1.0,0.4062351363256643,0.5222222222222223,0.7856914717095773,-0.7795715212305624,1,1
2025-02-28,84373.0078125,-0.9850767963033006,0.019661575342751147,1.0,1.0,0.4073912645621134,0.5222222222222223,0.7859226973568672,-0.7741942128543512,0,0
2025-03-01,86031.9140625,-0.9749596493636306,0.09550452979612856,1.0,0.6666666666666666,0.38301974288516594,0.5222222222222223,0.6810483930214777,-0.6639947024598839,0,0
2025-03-02,94248.3515625,-0.39759840256324147,-0.08682040111941614,1.0,0.6666666666666666,0.08514096407924954,0.5111111111111111,0.6192504150380721,-0.24621297580576176,1,1
2025-03-03,86065.671875,-0.8245901035344587,0.013437685575495406,1.0,0.6666666666666666,0.0,0.5111111111111111,0.6022222222222222,-0.496586484572974,0,0
2025-03-04,87222.1953125,-0.328575922961221,0.03899657851208138,1.0,0.6666666666666666,0.0,0.5,0.6,-0.1971455537767326,0,0
2025-03-05,90623.5625,0.9030051219294613,-0.007303133084179958,1.0,0.3333333333333333,0.0,0.5,0.5,0.4515025609647306,0,0
2025-03-06,89961.7265625,0.8458482734770918,-0.0357824911826653,1.0,0.6666666666666666,0.0,0.4888888888888889,0.5977777777777777,0.505629301256306,0,0
2025-03-07,86742.671875,0.509246125217521,-0.006779571257010009,1.0,0.3333333333333333,0.0,0.4777777777777778,0.4955555555555555,0.25235974649668264,0,0
2025-03-08,86154.59375,0.02851184667509853,-0.0644603432710168,1.0,0.3333333333333333,0.0,0.4666666666666667,0.4933333333333333,0.014065844359715274,0,0
2025-03-09,80601.0390625,-0.9939152157989475,-0.02567012890361897,1.0,1.0,0.0,0.4666666666666667,0.6933333333333334,-0.6891145496206036,1,1
2025-03-10,78532.0,-0.9414528641132047,0.05513944554449135,1.0,1.0,0.0,0.4777777777777778,0.6955555555555555,-0.654832769927629,0,0
2025-03-11,82862.2109375,-0.7614857596742738,0.010380466895202334,1.0,1.0,0.0,0.4666666666666667,0.6933333333333334,-0.5279634600408298,0,0
2025-03-12,83722.359375,-0.9092274116651989,-0.0317197970748182,1.0,0.6666666666666666,0.0,0.4666666666666667,0.5933333333333334,-0.5394749309213515,1,1
2025-03-13,81066.703125,-0.9624039187091691,0.03580259620308812,1.0,0.6666666666666666,0.0,0.4666666666666667,0.5933333333333334,-0.5710263251007737,0,0
2025-03-14,83969.1015625,-0.5645548308703761,0.004454112352525463,1.0,0.6666666666666666,0.0,0.4666666666666667,0.5933333333333334,-0.33496919964975647,0,0
2025-03-15,84343.109375,-0.3973680005078164,-0.020907717157540473,1.0,0.6666666666666666,0.0,0.45555555555555555,0.5911111111111111,-0.23488864030017592,1,1
2025-03-16,82579.6875,0.4549886915201205,0.018115835083536647,1.0,0.6666666666666666,0.0,0.45555555555555555,0.5911111111111111,0.268948870987449,1,1
2025-03-17,84075.6875,0.8878818852036452,-0.016142449028442418,1.0,0.6666666666666666,0.0,0.45555555555555555,0.5911111111111111,0.5248368476981548,0,0
2025-03-18,82718.5,-0.034672820679567715,0.049997601050550955,1.0,1.0,0.0,0.45555555555555555,0.6911111111111111,-0.023962771625212355,0,0
2025-03-19,86854.2265625,0.634047261235746,-0.030937253791171848,1.0,0.6666666666666666,0.0,0.4444444444444444,0.5888888888888889,0.3733833871721615,0,0
2025-03-20,84167.1953125,0.6439679808476744,-0.0014727011460912154,1.0,0.6666666666666666,0.0,0.4444444444444444,0.5888888888888889,0.37922558872140827,0,0
2025-03-21,84043.2421875,0.017657190057232684,-0.0025077306278807887,1.0,0.6666666666666666,0.0,0.43333333333333335,0.5866666666666667,0.010358884833576507,0,0
2025-03-22,83832.484375,-0.12049451808773537,0.026503933905394295,1.0,1.0,0.009382987643649643,0.4222222222222222,0.6863210419731743,-0.08269792320603005,0,0
2025-03-23,86054.375,0.6866215809729098,0.016786352378946434,1.0,1.0,0.1441177826164125,0.4111111111111111,0.7110457787455047,0.48821937674635224,1,1
2025-03-24,87498.9140625,0.6719666079886966,-0.0003109860024155253,1.0,1.0,0.14186828782881,0.4222222222222222,0.7128181020102065,0.47898996212073913,0,0
2025-03-25,87471.703125,0.8175047706357772,-0.00652577110204744,1.0,1.0,0.17829581110683446,0.4222222222222222,0.7201036066658113,0.58868813380133,0,0
2025-03-26,86900.8828125,0.010743162846302978,0.003178549412391707,1.0,1.0,0.17850489899824984,0.4111111111111111,0.7179232020218721,0.007712765870460243,1,1
2025-03-27,87177.1015625,0.6139401978001358,-0.032393289916566204,1.0,0.6666666666666666,0.20900405707081648,0.4111111111111111,0.6240230336363854,0.38311282470256325,0,0
2025-03-28,84353.1484375,0.07361582127464344,-0.020812056603918605,1.0,0.6666666666666666,0.1843228079910879,0.4111111111111111,0.6190867838204398,0.04557458203121932,0,0
2025-03-29,82597.5859375,-0.2863731967463396,-0.0031848691098436133,1.0,1.0,0.2811828041713659,0.4,0.7362365608342731,-0.21083841748764173,1,1
2025-03-30,82334.5234375,-0.6985869211441682,0.0026038970780313253,1.0,1.0,0.30192086834704457,0.4,0.740384173669409,-0.5172227003475816,0,0
2025-03-31,82548.9140625,-0.8115124159869931,0.0317418810684309,1.0,1.0,0.38918174832557173,0.4,0.7578363496651144,-0.6149936070395007,0,0
2025-04-01,85169.171875,-0.48267283662386323,-0.031507420800550134,1.0,0.3333333333333333,0.36150836432240097,0.4,0.5523016728644802,-0.2665810151136036,1,1
2025-04-02,82485.7109375,-0.7682895379439117,0.007481504135517403,1.0,0.6666666666666666,0.36193867461788487,0.4111111111111111,0.6546099571457992,-0.5029299815090299,0,0
2025-04-03,83102.828125,-0.7327831553465459,0.008916382019940938,1.0,0.6666666666666666,0.40031668973426915,0.4,0.6600633379468539,-0.4836832955092691,0,0
2025-04-04,83843.8046875,-0.1201809331719384,-0.004043325726492686,1.0,1.0,0.3983016161108057,0.3888888888888889,0.7574381009999389,-0.09102961779815358,1,1
2025-04-05,83504.796875,0.21620359078327459,-0.06335339642726368,1.0,0.6666666666666666,0.41267926488208173,0.3888888888888889,0.6603136307541941,0.14276217801219807,0,0
2025-04-06,78214.484375,-0.7619319186582547,0.013051950296130821,1.0,1.0,0.30542684964695155,0.37777777777777777,0.7366409254849459,-0.5612702337169373,0,0
2025-04-07,79235.3359375,-0.665607948398911,-0.03739976334343409,1.0,1.0,0.3037284681408341,0.37777777777777777,0.7363012491837224,-0.49008796387273285,1,1
2025-04-08,76271.953125,-0.969822733580532,0.0826253916648998,1.0,1.0,0.35695975699437954,0.3888888888888889,0.7491697291766537,-0.7265618346658891,0,0
2025-04-09,82573.953125,0.021392486976636992,-0.0356990599146636,1.0,0.6666666666666666,0.17801429052929119,0.3888888888888889,0.613380635883636,0.013121737264862,0,0
2025-04-10,79626.140625,-0.6840675378958316,0.04745546227457886,1.0,0.6666666666666666,0.15019020657489512,0.3888888888888889,0.6078158190927567,-0.4157870708609203,0,0
2025-04-11,83404.8359375,-0.10433004858265908,0.022567917271733462,1.0,0.6666666666666666,0.09732225370847958,0.37777777777777777,0.5950200062972515,-0.06207846616464636,0,0
2025-04-12,85287.109375,0.40270779983186006,-0.01878516957885823,1.0,1.0,0.1015319664479003,0.36666666666666664,0.6936397266229134,0.2793341281842863,0,0
2025-04-13,83684.9765625,0.8851014690330925,0.010245734631468162,1.0,1.0,0.10126750945905016,0.36666666666666664,0.6935868352251434,0.613894726759788,1,1
2025-04-14,84542.390625,0.8715683659897747,-0.01033089354397465,1.0,1.0,0.09829153737428653,0.37777777777777777,0.6952138630304129,0.605926410614856,0,0
2025-04-15,83668.9921875,0.9595061262427788,0.004360934564412222,1.0,0.3333333333333333,0.09710164490023765,0.37777777777777777,0.49497588453560304,0.4749323935543494,1,1
2025-04-16,84033.8671875,0.3395657425492012,0.01025637449930672,1.0,1.0,0.09683666053350615,0.3888888888888889,0.697145109884479,0.23672659690246756,1,1
2025-04-17,84895.75,0.8676733907456039,-0.005241078764249063,1.0,1.0,0.11723931269317844,0.3888888888888889,0.7012256403164134,0.6084348290110997,0,0
2025-04-18,84450.8046875,0.24568677408648115,0.007254038339443714,1.0,1.0,0.1272095100683004,0.3888888888888889,0.7032196797914378,0.1727717746020866,1,1
2025-04-19,85063.4140625,-0.05240894108237912,0.0013036230231544543,1.0,0.3333333333333333,0.12712186075315923,0.4,0.5054243721506319,-0.026488756141640923,0,0
2025-04-20,85174.3046875,0.34163004652695983,0.027527099529631727,1.0,1.0,0.1271145743983385,0.3888888888888889,0.7032006926574454,0.24023448535035347,1,1
2025-04-21,87518.90625,0.6069937584202694,0.06767662701452015,1.0,1.0,0.13241417239793174,0.3888888888888889,0.704260612257364,0.4274817959414574,1,1
2025-04-22,93441.890625,0.9814694298977117,0.0027527134594511615,1.0,1.0,0.0722968733986935,0.4,0.6944593746797387,0.6815906465540446,1,1
2025-04-23,93699.109375,0.9801090312119644,0.0026114175645013393,1.0,1.0,0.07198311585572847,0.4,0.6943966231711456,0.6805844016131309,1,1
2025-04-24,93943.796875,0.9722346319424929,0.008267742531563593,1.0,1.0,0.07181252890184253,0.4,0.6943625057803684,0.6750832752420436,1,1
2025-04-25,94720.5,0.9846826198427644,-0.0007767095032226168,1.0,1.0,0.07414083392513127,0.4111111111111111,0.6970503890072485,0.6863734032100755,0,0
2025-04-26,94646.9296875,0.9781675241013181,-0.00942540809771053,1.0,1.0,0.18943495165434643,0.4111111111111111,0.7201092125530915,0.7043874455256073,0,0
2025-04-27,93754.84375,0.9650597127484228,0.013054325526514532,1.0,0.6666666666666666,0.18113855843027282,0.4111111111111111,0.6184499339082767,0.5968411155668026,1,1
2025-04-28,94978.75,0.9359988483359278,-0.007306486319308303,1.0,1.0,0.23734608838106586,0.4222222222222222,0.7319136621206576,0.6850703448262668,0,0
2025-04-29,94284.7890625,0.17847905181258622,-0.0008217291810309613,1.0,0.6666666666666666,0.3844131937153673,0.4222222222222222,0.6613270831875179,0.11803303074529152,0,0
2025-04-30,94207.3125,0.10805206865184475,0.02425526614507767,1.0,1.0,0.445713291676212,0.4111111111111111,0.7713648805574645,0.08334757102961718,1,1
2025-05-01,96492.3359375,0.4949284470159731,0.0043291974532626565,1.0,1.0,0.49377566064949296,0.4222222222222222,0.783199576574343,0.3876277501375073,1,1
2025-05-02,96910.0703125,0.43197511665884636,-0.010507405827035687,1.0,1.0,0.5030162533355362,0.4222222222222222,0.7850476951115517,0.339121069678571,0,0
2025-05-03,95891.796875,0.2571507074949444,-0.016433317174712747,1.0,1.0,0.51731373507842,0.4111111111111111,0.7856849692379062,0.2020394457076712,0,0
2025-05-04,94315.9765625,0.1191336850380155,0.0045811763897039,1.0,0.6666666666666666,0.4972026585777344,0.4111111111111111,0.6816627539377691,0.08120899582976844,1,1
2025-05-05,94748.0546875,-0.04854012392391137,0.02168299794413664,1.0,0.6666666666666666,0.5077276987928311,0.4111111111111111,0.6837677619807885,-0.033190171901723006,0,0
2025-05-06,96802.4765625,0.48847858047304327,0.0023743581586117557,1.0,1.0,0.4991780758213977,0.4,0.7798356151642796,0.3809329942977697,1,1
2025-05-07,97032.3203125,0.5368665153861963,0.06399043746457878,1.0,1.0,0.49871838922264733,0.4,0.7797436778445295,0.4186182712188094,1,1
2025-05-08,103241.4609375,0.8851122376081019,-0.002621130818400763,1.0,1.0,0.39585071664767746,0.4,0.7591701433295355,0.6719507842876685,0,0
2025-05-09,102970.8515625,0.8485092906380994,0.016756941758927724,1.0,1.0,0.3908622802041174,0.3888888888888889,0.7559502338186013,0.6414307966551268,1,1
2025-05-10,104696.328125,0.9504432878720109,-0.005635047193781384,1.0,1.0,0.39204798340203817,0.4,0.7584095966804076,0.7208253106226123,0,0
2025-05-11,104106.359375,0.9690265155126653,-0.01242389281274392,1.0,1.0,0.3945892168353503,0.4,0.75891784336707,0.7354115133183785,0,0
2025-05-12,102812.953125,0.9357069511564791,0.013197358248725033,1.0,0.6666666666666666,0.514641227675678,0.3888888888888889,0.6807060233129134,0.6369413577079773,1,1
2025-05-13,104169.8125,0.9090695048905043,-0.006051642240404331,1.0,0.6666666666666666,0.5122844561010709,0.4,0.6824568912202142,0.6204007482106729,0,0
2025-05-14,103539.4140625,0.8719654247979808,0.00198211052629782,1.0,0.6666666666666666,0.5074234478085574,0.4,0.6814846895617115,0.5942310868269978,1,1
2025-05-15,103744.640625,0.0971687230599751,-0.0024613470244020386,1.0,1.0,0.5075533988584613,0.4,0.7815106797716922,0.07593839481114845,0,0
2025-05-16,103489.2890625,0.10035700527324776,-0.0028814878109744146,1.0,0.6666666666666666,0.502852871722653,0.3888888888888889,0.6783483521223084,0.06807700915103743,0,0
2025-05-17,103191.0859375,-0.2798731240754541,0.03154266519659865,1.0,0.6666666666666666,0.5086671208899527,0.3888888888888889,0.6795112019557683,-0.1901769229356277,0,0
2025-05-18,106446.0078125,0.42146548587727334,-0.007889709931436006,1.0,1.0,0.48380217762317357,0.37777777777777777,0.7723159910801903,0.3255045344314003,0,0
2025-05-19,105606.1796875,0.49552777038033885,0.011220046530480143,1.0,1.0,0.4831922188760308,0.36666666666666664,0.7699717771085395,0.3815423979663818,1,1
2025-05-20,106791.0859375,0.46468440408634304,0.027034018449719976,1.0,1.0,0.4840814218608248,0.37777777777777777,0.7723718399277205,0.3589091481698851,1,1
2025-05-21,109678.078125,0.8292604041653249,0.018191448638679386,1.0,1.0,0.47996426187376373,0.3888888888888889,0.7737706301525304,0.6416573454915455,1,1
2025-05-22,111673.28125,0.9101661123270086,-0.03927066820202352,1.0,1.0,0.47535878717594193,0.4,0.7750717574351884,0.7054440482392477,0,0
2025-05-23,107287.796875,0.6255594540600036,0.004691674073487251,1.0,1.0,0.4102066206221876,0.4,0.7620413241244375,0.47670215469044536,1,1
2025-05-24,107791.15625,0.7121651179004713,0.011543009819045436,1.0,0.6666666666666666,0.4230043707238842,0.4,0.6646008741447769,0.4733055598920713,1,1
2025-05-25,109035.390625,0.45144663199109236,0.003714175371671846,1.0,0.6666666666666666,0.42251791012605133,0.4111111111111111,0.6667258042474324,0.3009911187890557,1,1
2025-05-26,109440.3671875,0.6206916331829141,-0.004072780217708405,1.0,1.0,0.43006448189851476,0.4111111111111111,0.7682351186019252,0.47683711043349863,0,0
2025-05-27,108994.640625,0.39075021783162317,-0.010939184653144474,1.0,1.0,0.4268218507728536,0.4,0.7653643701545707,0.29906629435846155,0,0
2025-05-28,107802.328125,-0.32930317667301173,-0.020041963379443528,1.0,0.6666666666666666,0.5622749539736347,0.4,0.692454990794727,-0.2280276281717847,1,1
2025-05-29,105641.7578125,-0.7932765399403863,-0.015554336978341854,1.0,0.6666666666666666,0.5413546456386125,0.4,0.6882709291277225,-0.5459891811999945,1,1
2025-05-30,103998.5703125,-0.54634732359447,0.006149348357177731,1.0,0.6666666666666666,0.541351187265664,0.4111111111111111,0.690492459675355,-0.37724870730579274,0,0
2025-05-31,104638.09375,-0.5263129951305435,0.009690618169351017,1.0,0.6666666666666666,0.5411751066077096,0.4111111111111111,0.6904572435437641,-0.36339661985909766,0,0
2025-06-01,105652.1015625,-0.551535548592293,0.0021715582000447764,1.0,0.6666666666666666,0.5457323088800251,0.4,0.689146461776005,-0.38008877185606665,0,0
2025-06-02,105881.53125,-0.571918915918646,-0.004241178746647534,1.0,0.3333333333333333,0.5521927095667939,0.4,0.5904385419133589,-0.33768297080767423,1,1
2025-06-03,105432.46875,-0.5741164018423794,-0.0066439151364365845,1.0,0.6666666666666666,0.5532061139242896,0.4111111111111111,0.6928634450070801,-0.39778426801558014,1,1
2025-06-04,104731.984375,-0.5150836447084859,-0.030134359325224014,1.0,1.0,0.5507336179804684,0.4222222222222222,0.7945911680405381,-0.40928091488749335,1,1
2025-06-05,101575.953125,-0.6467749749695308,0.027707252931573167,1.0,1.0,0.5116666529363727,0.43333333333333335,0.7889999972539412,-0.5103054534748778,0,0
2025-06-06,104390.34375,0.07519984634876464,0.011737496074678777,1.0,0.3333333333333333,0.48082829771388624,0.43333333333333335,0.5828323262094439,0.04382890137804325,1,1
2025-06-07,105615.625,0.18469619409949706,0.0016855786016509722,1.0,0.6666666666666666,0.5153036078365736,0.4444444444444444,0.6919496104562036,0.12780045955989036,1,1
2025-06-08,105793.6484375,0.02678848926242323,0.04253991795791734,1.0,0.6666666666666666,0.5178070330251834,0.4444444444444444,0.6924502954939256,0.01854969730560082,1,1
2025-06-09,110294.1015625,0.6823465762672707,-0.0003342625487465778,1.0,1.0,0.45347933761783454,0.45555555555555555,0.7818069786346781,0.5334633151732319,0,0
2025-06-10,110257.234375,0.7236346335697839,-0.014244955298426398,1.0,1.0,0.479107651786834,0.45555555555555555,0.786932641468478,0.5694517136531442,0,0
2025-06-11,108686.625,0.6382365328196381,-0.025371753999169577,1.0,1.0,0.48513136785337774,0.4444444444444444,0.7859151624595645,0.501599768378575,0,0
2025-06-12,105929.0546875,0.6947670286907831,0.0015285141831733462,1.0,0.6666666666666666,0.5210926357999139,0.4444444444444444,0.6931074160488717,0.481548180011821,1,1
2025-06-13,106090.96875,0.3147602050820697,-0.0058304915798971235,1.0,0.6666666666666666,0.5220882084490841,0.45555555555555555,0.695528752800928,0.21892477287209625,0,0
2025-06-14,105472.40625,-0.02711410289695149,0.0007548627203146641,1.0,0.6666666666666666,0.5279838297606663,0.4444444444444444,0.6944856548410222,-0.018830355505816212,0,0
2025-06-15,105552.0234375,-0.0456468022684397,0.011792615001237072,1.0,1.0,0.5289663099157387,0.43333333333333335,0.7924599286498144,-0.03617326166873991,0,0
2025-06-16,106796.7578125,-0.5609272456024543,-0.020559056941174436,1.0,0.3333333333333333,0.5219535675914522,0.43333333333333335,0.591057380184957,-0.3315401882601506,1,1
2025-06-17,104601.1171875,-0.7722933249508922,0.0026979724986506692,1.0,1.0,0.5100767199792445,0.4444444444444444,0.7909042328847378,-0.6108100597322889,0,0
2025-06-18,104883.328125,-0.6042819207877281,-0.0018977187896134229,1.0,0.6666666666666666,0.5252516155512252,0.4444444444444444,0.693939211999134,-0.41933491993675914,1,1
2025-06-19,104684.2890625,-0.2307852506027936,-0.013131746055793259,1.0,0.6666666666666666,0.5357594973409096,0.45555555555555555,0.6982630105792931,-0.16114880388320327,1,1
2025-06-20,103309.6015625,-0.4810398245561773,-0.010184874363913243,1.0,1.0,0.52991154466638,0.4666666666666667,0.7993156422666093,-0.38450265632093794,1,1
2025-06-21,102257.40625,-0.5438723156804325,-0.012422235919953284,1.0,1.0,0.5312152816476843,0.4777777777777778,0.8017986118850924,-0.43607606775530156,1,1
2025-06-22,100987.140625,-0.6988013592507464,0.04545759771084712,1.0,1.0,0.5270850570094956,0.4777777777777778,0.8009725669574548,-0.5597207185124289,0,0
2025-06-23,105577.7734375,-0.22439669118463304,0.004431419225533917,1.0,0.6666666666666666,0.4420455598472347,0.4777777777777778,0.6839646675250026,-0.15347940827980822,0,0
2025-06-24,106045.6328125,0.26937988413454445,0.012406215749838134,1.0,0.6666666666666666,0.4433771450563716,0.4777777777777778,0.68423098456683,0.18431806334387793,1,1
2025-06-25,107361.2578125,0.44022644066138095,-0.003737454466123835,1.0,0.6666666666666666,0.4779736544494535,0.4777777777777778,0.6911502864454462,0.3042626305639727,0,0
2025-06-26,106960.0,0.40930495813306567,0.0012007263229245613,1.0,1.0,0.502753416618053,0.4777777777777778,0.7961062388791662,0.3258502307739095,1,1
2025-06-27,107088.4296875,0.624015210675835,0.002234353778444831,1.0,1.0,0.507420118292782,0.4888888888888889,0.7992618014363342,0.4987515214084415,1,1
2025-06-28,107327.703125,0.7580749111275498,0.009856422495764683,1.0,0.6666666666666666,0.5073697390747278,0.4888888888888889,0.6992517255927233,0.5300851897344895,1,1
2025-06-29,108385.5703125,0.8986620987892286,-0.011535062936840146,1.0,1.0,0.584222114232069,0.5,0.8168444228464138,0.7340671234194344,0,0
2025-06-30,107135.3359375,0.2867807693160546,-0.013413452013053329,1.0,1.0,0.5788792691038295,0.5,0.8157758538207659,0.23394882694818056,0,0
2025-07-01,105698.28125,-0.06541627675187514,0.02990624847553991,1.0,0.6666666666666666,0.5798903599080645,0.4888888888888889,0.7137558497593907,-0.046691250201130116,0,0
2025-07-02,108859.3203125,0.2720436412011719,0.007244728772290987,1.0,1.0,0.5683781462695456,0.4888888888888889,0.8114534070316869,0.22075073951399674,1,1
2025-07-03,109647.9765625,0.4641699904761881,-0.014716556343200904,1.0,1.0,0.5668845583599995,0.5,0.8133769116719999,0.37754515334434346,0,0
2025-07-04,108034.3359375,0.17484381710000285,0.0018220480395592098,1.0,1.0,0.5570945185600273,0.4888888888888889,0.8091966814897832,0.1414830365763289,1,1
2025-07-05,108231.1796875,0.16678564773646745,0.009247710575546852,1.0,0.6666666666666666,0.5571001748963258,0.5,0.7114200349792651,0.11865465134671706,1,1
2025-07-06,109232.0703125,0.15494349719311143,-0.008534295352390808,1.0,0.6666666666666666,0.5592672466708157,0.5111111111111111,0.7140756715563854,0.11064138181146596,0,0
2025-07-07,108299.8515625,0.2140304587813323,0.006005750382996888,1.0,1.0,0.5775809242427974,0.5,0.8155161848485595,0.174545303186739,1,1
2025-07-08,108950.2734375,0.5478715829364701,0.021810695604753683,1.0,1.0,0.5768068209679571,0.5111111111111111,0.8175835864158136,0.4479308136725081,1,1
2025-07-09,111326.5546875,0.42459847279877583,0.041864660687494615,1.0,1.0,0.5603062122409586,0.5222222222222223,0.8165056868926361,0.3466870676861287,1,1
2025-07-10,115987.203125,0.8198261483027101,0.013189291760499877,1.0,1.0,0.512833442638124,0.5333333333333333,0.8092333551942915,0.6634306646670148,1,1
2025-07-11,117516.9921875,0.9419970736443811,-0.0006957770402219454,1.0,1.0,0.5227912278814393,0.5444444444444444,0.8134471344651768,0.7662648202306039,0,0
2025-07-12,117435.2265625,0.9355105572721159,0.014313342548076147,1.0,1.0,0.5370226770598702,0.5444444444444444,0.8162934243008629,0.763651116265264,1,1
2025-07-13,119116.1171875,0.9478047630664748,0.006158578325259345,1.0,1.0,0.6051195715083082,0.5444444444444444,0.8299128031905506,0.7865953077938537,1,1
2025-07-14,119849.703125,0.9723097163841128,-0.01729262210051885,1.0,1.0,0.6052791766118373,0.5555555555555556,0.8321669464334787,0.8091240076709688,0,0
2025-07-15,117777.1875,0.9246759160978438,0.00816219450392297,1.0,1.0,0.5816123591358088,0.5444444444444444,0.8252113607160506,0.7630530709444624,1,1
2025-07-16,118738.5078125,0.8696324436347583,0.004643278306736054,1.0,0.6666666666666666,0.5849147708855923,0.5444444444444444,0.7258718430660074,0.6312417046511578,1,1
2025-07-17,119289.84375,0.5149799463425575,-0.01078563897020779,1.0,0.6666666666666666,0.5857643672790107,0.5555555555555556,0.7282639845669133,0.37504134769548614,0,0
2025-07-18,118003.2265625,0.08256295908405688,-0.0005360022928398989,1.0,1.0,0.5737881275269922,0.5444444444444444,0.8236465143942874,0.0680026934676616,0,0
2025-07-19,117939.9765625,0.08575116564043944,-0.00541960002562214,1.0,0.6666666666666666,0.573845339821589,0.5444444444444444,0.7236579568532068,0.062054513325141315,0,0
2025-07-20,117300.7890625,-0.29569887257164046,0.0011828564931994912,1.0,0.6666666666666666,0.581518323684764,0.5333333333333333,0.7229703314036195,-0.21378151189879557,0,0
2025-07-21,117439.5390625,-0.38182787266702045,0.02176332622218302,1.0,0.6666666666666666,0.5976849528126423,0.5222222222222223,0.723981435006973,-0.2764362911791292,0,0
2025-07-22,119995.4140625,0.35982239835280655,-0.010337504434577038,1.0,1.0,0.6151429946220202,0.5111111111111111,0.8252508211466263,0.2969437297076021,0,0
2025-07-23,118754.9609375,0.0027713137350355087,-0.0032584822936673197,1.0,1.0,0.6039636095679441,0.5,0.8207927219135888,0.002274674143856309,0,0
2025-07-24,118368.0,-0.1533362865151779,-0.006185093838706357,1.0,0.3333333333333333,0.6200866269639558,0.4888888888888889,0.6217951031705689,-0.09534375209349694,1,1
2025-07-25,117635.8828125,-0.062179628549429454,0.002647868724685587,1.0,0.6666666666666666,0.614407484798253,0.5,0.7228814969596505,-0.04494850296620659,0,0
2025-07-26,117947.3671875,0.0012532851618037028,0.012727075099638885,1.0,0.6666666666666666,0.6157015420999548,0.5,0.7231403084199909,0.0009063010184449279,1,1
2025-07-27,119448.4921875,0.3506523159181251,-0.012758768211219684,1.0,1.0,0.6210948477798675,0.5,0.8242189695559735,0.2890142904984528,0,0
2025-07-28,117924.4765625,0.08239780771628794,-1.9742508661990676e-05,1.0,0.6666666666666666,0.6054285143608541,0.5,0.7210857028721708,0.05941588109222546,0,0
2025-07-29,117922.1484375,-0.3324298155549848,-0.0007713643170961237,1.0,0.6666666666666666,0.622477498980087,0.5,0.7244954997960174,-0.24084390536760658,1,1
2025-07-30,117831.1875,-0.15433323857215117,-0.017592832754910526,1.0,1.0,0.7214545342943973,0.5,0.8442909068588794,-0.1303021499525493,1,1
2025-07-31,115758.203125,-0.4144425568689347,-0.021062154747402473,1.0,1.0,0.7113964875336118,0.5,0.8422792975067224,-0.34907638565645616,1,1
2025-08-01,113320.0859375,-0.6253573516068999,-0.006999393518263508,1.0,1.0,0.6847620349317093,0.5111111111111111,0.839174629208564,-0.5247840236575698,1,1
2025-08-02,112526.9140625,-0.7254859785719215,0.015025363723748075,1.0,1.0,0.7015302389103169,0.5222222222222223,0.8447504922265078,-0.6128546375020604,0,0
2025-08-03,114217.671875,-0.7043234052460867,0.007478798363486527,1.0,1.0,0.6859714173861633,0.5111111111111111,0.8394165056994549,-0.5912206917140113,0,0
2025-08-04,115071.8828125,-0.4492818266344266,-0.008085706753543476,1.0,0.6666666666666666,0.6963992892460089,0.5111111111111111,0.741502080071424,-0.33314340898771627,1,1
2025-08-05,114141.4453125,-0.5657297939198395,0.007767158415357134,1.0,0.6666666666666666,0.6998047986906026,0.5111111111111111,0.7421831819603427,-0.4198751385811954,0,0
2025-08-06,115028.0,-0.44287142958455883,0.021463456180234486,1.0,0.6666666666666666,0.6964049828177432,0.5,0.7392809965635486,-0.3274064318127961,0,0
2025-08-07,117496.8984375,0.29167974714592276,-0.0068782400705657,1.0,0.6666666666666666,0.6702277020829167,0.5,0.7340455404165833,0.21410621762230125,0,0
2025-08-08,116688.7265625,0.5331497351163739,-0.0016142706587778388,1.0,0.6666666666666666,0.6675676431287503,0.4888888888888889,0.7312913064035278,0.3898877663019478,0,0
2025-08-09,116500.359375,0.6083018550850152,0.02408918266480664,1.0,0.6666666666666666,0.669041984950739,0.4888888888888889,0.7315861747679255,0.44502522726587923,1,1
2025-08-10,119306.7578125,0.7119467696349451,-0.004822128356753663,1.0,0.6666666666666666,0.6358281583844373,0.5,0.7271656316768874,0.5177032224619142,0,0
2025-08-11,118731.4453125,0.5622027287910379,0.012140515376580119,1.0,1.0,0.6613685449035858,0.4888888888888889,0.8300514867584949,0.46665721089268397,1,1
2025-08-12,120172.90625,0.7844513301964955,0.026388279596092357,1.0,1.0,0.6592094782549873,0.5,0.8318418956509974,0.6525394815565994,1,1
2025-08-13,123344.0625,0.894883101541079,-0.040411222672351976,1.0,1.0,0.6248446888616994,0.5,0.8249689377723398,0.7382507617087608,0,0
2025-08-14,118359.578125,0.14579654510505355,-0.008121240187970669,1.0,0.6666666666666666,0.5422990364564773,0.5,0.7084598072912954,0.1032909922488629,0,0
2025-08-15,117398.3515625,0.12103078199283476,0.0007921746665282559,1.0,0.6666666666666666,0.5395176355135487,0.5,0.7079035271027098,0.08567811746072686,1,1
2025-08-16,117491.3515625,0.1685043350081858,-0.00032588834829794244,1.0,0.6666666666666666,0.5471616071533276,0.5111111111111111,0.7116545436528877,0.11991687563378377,0,0
2025-08-17,117453.0625,-0.3011141494908904,-0.01022323279139703,1.0,0.6666666666666666,0.5541155270346279,0.5111111111111111,0.7130453276291477,-0.2147080373775041,1,1
2025-08-18,116252.3125,-0.39490951387455014,-0.029428514056440758,1.0,0.6666666666666666,0.5496621925703471,0.5111111111111111,0.7121546607362916,-0.2812366508748641,1,1
2025-08-19,112831.1796875,-0.8402021405429171,0.012794003430595335,1.0,1.0,0.5151305651777185,0.5111111111111111,0.805248335257766,-0.6765713749521954,0,0
2025-08-20,114274.7421875,-0.8996866384679963,-0.01623902974513114,1.0,1.0,0.5180525410008447,0.5,0.8036105082001689,-0.7229976367601681,1,1
2025-08-21,112419.03125,-0.7631910651483644,0.03962900798880531,1.0,1.0,0.5255789669998601,0.5111111111111111,0.8073380156221942,-0.6161531600774692,0,0
2025-08-22,116874.0859375,-0.08907723696809025,-0.012832252765613172,1.0,0.3333333333333333,0.4672991534409765,0.5,0.5934598306881953,-0.052863761969255095,1,1
2025-08-23,115374.328125,-0.3455407259460676,-0.016605933647771742,1.0,0.6666666666666666,0.46670584751137867,0.5,0.6933411695022758,-0.23957761103811187,1,1
2025-08-24,113458.4296875,-0.5916553947451505,-0.029385900493979156,1.0,0.6666666666666666,0.4582154031493322,0.5,0.6916430806298665,-0.40921435989281557,1,1
2025-08-25,110124.3515625,-0.7834539109986058,0.015240086898922645,1.0,1.0,0.4305369200945657,0.5111111111111111,0.7883296062411353,-0.6176199131656085,0,0
2025-08-26,111802.65625,-0.1803185432290214,-0.005193022862549412,1.0,1.0,0.4236599308930894,0.5111111111111111,0.7869542084008401,-0.1419024364467872,1,1
2025-08-27,111222.0625,-0.4886385115863144,0.01189280397942638,1.0,1.0,0.4429084968598255,0.5111111111111111,0.7908039215941873,-0.3864172512044042,0,0
2025-08-28,112544.8046875,0.022372092991093228,-0.036731759955323295,1.0,0.6666666666666666,0.43662921894993656,0.5,0.6873258437899873,0.015376917692451213,0,0
2025-08-29,108410.8359375,-0.895349868518139,0.003664157476186425,1.0,1.0,0.3956445422365763,0.5,0.7791289084473152,-0.6975929657369848,0,0
2025-08-30,108808.0703125,-0.8138249342355756,-0.00525107534173741,1.0,1.0,0.4162948148493726,0.5,0.7832589629698745,-0.6374356740283832,1,1
2025-08-31,108236.7109375,-0.7261167425021087,0.009367272930950854,1.0,1.0,0.3902084245823434,0.5111111111111111,0.7802639071386909,-0.566562686543514,0,0
2025-09-01,109250.59375,-0.1573669863358747,0.017848801737061493,1.0,0.6666666666666666,0.38917008273967646,0.5,0.6778340165479353,-0.10666869642009,0,0
2025-09-02,111200.5859375,-0.10728780878360582,0.004699840343410866,1.0,0.6666666666666666,0.4064689550529961,0.4888888888888889,0.6790715687883769,-0.07285610062255062,0,0
2025-09-03,111723.2109375,0.08987357465153128,-0.008947195185422974,1.0,0.6666666666666666,0.45654711263799563,0.4777777777777778,0.6868649780831546,0.06173101088327879,0,0
2025-09-04,110723.6015625,-0.3127950070508884,-0.0006558419928113235,1.0,0.6666666666666666,0.4437616065213834,0.4777777777777778,0.6843078768598323,-0.21404808716734972,1,1
2025-09-05,110650.984375,0.39124584515904176,-0.0038525555367432407,1.0,0.3333333333333333,0.4425772379054551,0.4777777777777778,0.5840710031366465,0.2285153532550866,0,0
2025-09-06,110224.6953125,0.25465998930745776,0.008554542812086785,1.0,0.3333333333333333,0.4426938361381927,0.4666666666666667,0.5818721005609718,0.14817954290716506,1,1
2025-09-07,111167.6171875,0.494178058101762,0.008130177859939192,1.0,0.6666666666666666,0.43935701218808865,0.4666666666666667,0.6812047357709511,0.33663643349301253,1,1
2025-09-08,112071.4296875,0.4749147074447171,-0.004826232823193166,1.0,1.0,0.4696040178200054,0.4777777777777778,0.7894763591195566,0.37493393412578463,0,0
2025-09-09,111530.546875,0.059275609377438074,0.02174124101370767,1.0,0.6666666666666666,0.47684560773164,0.4777777777777778,0.6909246771018835,0.04095498126912378,1,1
2025-09-10,113955.359375,0.37959419545624773,0.013620945043858246,1.0,1.0,0.4581831005255098,0.4888888888888889,0.7894143978828797,0.29965712324592997,1,1
2025-09-11,115507.5390625,0.6983755727250799,0.005142859655061782,1.0,1.0,0.5209911521511259,0.4888888888888889,0.801976008208003,0.5600804540440374,1,1
2025-09-12,116101.578125,0.7553024164980044,-0.0013011908618274504,1.0,1.0,0.5279250130699072,0.5,0.8055850026139814,0.6084602991688913,0,0
2025-09-13,115950.5078125,0.7774670027543106,-0.004681752350561785,1.0,1.0,0.5445852680571064,0.5,0.8089170536114213,0.6289063171481197,0,0
2025-09-14,115407.65625,0.6427344661255103,0.0003224981011604733,1.0,0.6666666666666666,0.5989384260824498,0.5,0.71978768521649,0.46263235358133753,1,1
2025-09-15,115444.875,0.5384832666834045,0.012112382641498831,1.0,0.6666666666666666,0.606178550622837,0.5,0.7212357101245673,0.38837336123660204,1,1
2025-09-16,116843.1875,0.7409934997436062,-0.0032066883445814875,1.0,1.0,0.6016386442076243,0.5111111111111111,0.8225499510637471,0.609504166952658,0,0
2025-09-17,116468.5078125,0.4145359007783132,0.005741425944741474,1.0,1.0,0.6034787403587364,0.5,0.8206957480717473,0.34020785119185337,1,1
2025-09-18,117137.203125,0.27491642650519593,-0.012364506846338497,1.0,1.0,0.7231410659246571,0.5,0.8446282131849314,0.23220217009427016,0,0
2025-09-19,115688.859375,-0.07097660085661665,0.0002861257573012477,1.0,0.6666666666666666,0.696746321895926,0.4888888888888889,0.7371270421569629,-0.05231877185179319,0,0
2025-09-20,115721.9609375,-0.0394010447550488,-0.003593675600818802,1.0,0.6666666666666666,0.7028537530601728,0.4777777777777778,0.7361263061675902,-0.029004145534677978,1,1
2025-09-21,115306.09375,-0.017598834800992568,-0.02218083931492132,1.0,0.6666666666666666,0.7015364756547287,0.4888888888888889,0.7380850729087235,-0.01298943726719918,1,1
2025-09-22,112748.5078125,-0.4358745428297754,-0.00651013327573835,1.0,0.6666666666666666,0.6708946766255672,0.5,0.7341789353251135,-0.3200099077900851,1,1
2025-09-23,112014.5,-0.6786053787085277,0.011731809832655538,1.0,0.6666666666666666,0.6681533259596026,0.5,0.7336306651919206,-0.4978457153847523,0,0
