semester,source_file,source_sheet,source_row_id,student_id,timestamp,source,disposition,reason
2025_fall,2025秋-数学模型-问答记录导出20260502导出_已标注_已更新.xlsx,问答记录,2025秋-数学模型-问答记录导出20260502导出_已标注_已更新.xlsx::问答记录::R2,258258,2026-01-12 10:21:52,AI智能体,included,included_in_cohort_and_text_available
2025_fall,2025秋-数学模型-问答记录导出20260502导出_已标注_已更新.xlsx,问答记录,2025秋-数学模型-问答记录导出20260502导出_已标注_已更新.xlsx::问答记录::R3,258931,2025-12-29 20:11:40,AI智能体,included,included_in_cohort_and_text_available
2025_fall,2025秋-数学模型-问答记录导出20260502导出_已标注_已更新.xlsx,问答记录,2025秋-数学模型-问答记录导出20260502导出_已标注_已更新.xlsx::问答记录::R4,259340,2026-01-05 11:33:12,AI智能体,included,included_in_cohort_and_text_available
2025_fall,2025秋-数学模型-问答记录导出20260502导出_已标注_已更新.xlsx,问答记录,2025秋-数学模型-问答记录导出20260502导出_已标注_已更新.xlsx::问答记录::R5,259317,2025-12-08 22:12:08,AI智能体,included,included_in_cohort_and_text_available
2025_fall,2025秋-数学模型-问答记录导出20260502导出_已标注_已更新.xlsx,问答记录,2025秋-数学模型-问答记录导出20260502导出_已标注_已更新.xlsx::问答记录::R6,259439,2025-11-21 14:08:02,AI智能体,included,included_in_cohort_and_text_available
2025_fall,2025秋-数学模型-问答记录导出20260502导出_已标注_已更新.xlsx,问答记录,2025秋-数学模型-问答记录导出20260502导出_已标注_已更新.xlsx::问答记录::R7,259106,2026-01-02 18:54:04,AI智能体,included,included_in_cohort_and_text_available
2025_fall,2025秋-数学模型-问答记录导出20260502导出_已标注_已更新.xlsx,问答记录,2025秋-数学模型-问答记录导出20260502导出_已标注_已更新.xlsx::问答记录::R8,258868,2025-11-24 09:05:35,AI智能体,included,included_in_cohort_and_text_available
2025_fall,2025秋-数学模型-问答记录导出20260502导出_已标注_已更新.xlsx,问答记录,2025秋-数学模型-问答记录导出20260502导出_已标注_已更新.xlsx::问答记录::R9,258914,2025-11-19 15:39:10,AI智能体,included,included_in_cohort_and_text_available
2025_fall,2025秋-数学模型-问答记录导出20260502导出_已标注_已更新.xlsx,问答记录,2025秋-数学模型-问答记录导出20260502导出_已标注_已更新.xlsx::问答记录::R10,259873,2025-11-04 16:29:56,AI智能体,included,included_in_cohort_and_text_available
2025_fall,2025秋-数学模型-问答记录导出20260502导出_已标注_已更新.xlsx,问答记录,2025秋-数学模型-问答记录导出20260502导出_已标注_已更新.xlsx::问答记录::R11,259870,2025-12-02 16:50:00,AI智能体,included,included_in_cohort_and_text_available
2025_fall,2025秋-数学模型-问答记录导出20260502导出_已标注_已更新.xlsx,问答记录,2025秋-数学模型-问答记录导出20260502导出_已标注_已更新.xlsx::问答记录::R12,258878,2025-11-07 17:38:36,AI智能体,included,included_in_cohort_and_text_available
2025_fall,2025秋-数学模型-问答记录导出20260502导出_已标注_已更新.xlsx,问答记录,2025秋-数学模型-问答记录导出20260502导出_已标注_已更新.xlsx::问答记录::R13,259936,2026-01-13 11:27:33,AI智能体,included,included_in_cohort_and_text_available
2025_fall,2025秋-数学模型-问答记录导出20260502导出_已标注_已更新.xlsx,问答记录,2025秋-数学模型-问答记录导出20260502导出_已标注_已更新.xlsx::问答记录::R14,259024,2025-11-05 10:10:51,AI智能体,included,included_in_cohort_and_text_available
2025_fall,2025秋-数学模型-问答记录导出20260502导出_已标注_已更新.xlsx,问答记录,2025秋-数学模型-问答记录导出20260502导出_已标注_已更新.xlsx::问答记录::R15,259323,2025-12-16 21:02:00,AI智能体,included,included_in_cohort_and_text_available
2025_fall,2025秋-数学模型-问答记录导出20260502导出_已标注_已更新.xlsx,问答记录,2025秋-数学模型-问答记录导出20260502导出_已标注_已更新.xlsx::问答记录::R16,258921,2026-01-09 21:11:08,AI智能体,included,included_in_cohort_and_text_available
2025_fall,2025秋-数学模型-问答记录导出20260502导出_已标注_已更新.xlsx,问答记录,2025秋-数学模型-问答记录导出20260502导出_已标注_已更新.xlsx::问答记录::R17,258953,2026-01-11 22:54:06,AI智能体,included,included_in_cohort_and_text_available
2025_fall,2025秋-数学模型-问答记录导出20260502导出_已标注_已更新.xlsx,问答记录,2025秋-数学模型-问答记录导出20260502导出_已标注_已更新.xlsx::问答记录::R18,259101,2025-12-14 15:09:54,AI智能体,included,included_in_cohort_and_text_available
2025_fall,2025秋-数学模型-问答记录导出20260502导出_已标注_已更新.xlsx,问答记录,2025秋-数学模型-问答记录导出20260502导出_已标注_已更新.xlsx::问答记录::R19,259039,2025-11-04 16:57:19,AI智能体,included,included_in_cohort_and_text_available
2025_fall,2025秋-数学模型-问答记录导出20260502导出_已标注_已更新.xlsx,问答记录,2025秋-数学模型-问答记录导出20260502导出_已标注_已更新.xlsx::问答记录::R20,258959,2025-11-17 12:34:36,AI智能体,included,included_in_cohort_and_text_available
2025_fall,2025秋-数学模型-问答记录导出20260502导出_已标注_已更新.xlsx,问答记录,2025秋-数学模型-问答记录导出20260502导出_已标注_已更新.xlsx::问答记录::R21,259339,2025-11-27 14:40:35,AI智能体,included,included_in_cohort_and_text_available
2025_fall,2025秋-数学模型-问答记录导出20260502导出_已标注_已更新.xlsx,问答记录,2025秋-数学模型-问答记录导出20260502导出_已标注_已更新.xlsx::问答记录::R22,259439,2025-11-21 14:08:36,AI智能体,included,included_in_cohort_and_text_available
2025_fall,2025秋-数学模型-问答记录导出20260502导出_已标注_已更新.xlsx,问答记录,2025秋-数学模型-问答记录导出20260502导出_已标注_已更新.xlsx::问答记录::R23,258917,2025-12-23 16:16:15,AI智能体,included,included_in_cohort_and_text_available
2025_fall,2025秋-数学模型-问答记录导出20260502导出_已标注_已更新.xlsx,问答记录,2025秋-数学模型-问答记录导出20260502导出_已标注_已更新.xlsx::问答记录::R24,259789,2025-11-09 22:39:54,AI智能体,included,included_in_cohort_and_text_available
2025_fall,2025秋-数学模型-问答记录导出20260502导出_已标注_已更新.xlsx,问答记录,2025秋-数学模型-问答记录导出20260502导出_已标注_已更新.xlsx::问答记录::R25,259437,2025-11-04 16:31:18,AI智能体,included,included_in_cohort_and_text_available
2025_fall,2025秋-数学模型-问答记录导出20260502导出_已标注_已更新.xlsx,问答记录,2025秋-数学模型-问答记录导出20260502导出_已标注_已更新.xlsx::问答记录::R26,258773,2025-12-22 11:37:05,AI智能体,included,included_in_cohort_and_text_available
2025_fall,2025秋-数学模型-问答记录导出20260502导出_已标注_已更新.xlsx,问答记录,2025秋-数学模型-问答记录导出20260502导出_已标注_已更新.xlsx::问答记录::R27,259926,2026-01-18 22:39:29,AI智能体,included,included_in_cohort_and_text_available
2025_fall,2025秋-数学模型-问答记录导出20260502导出_已标注_已更新.xlsx,问答记录,2025秋-数学模型-问答记录导出20260502导出_已标注_已更新.xlsx::问答记录::R28,259097,2025-12-04 09:52:59,AI智能体,included,included_in_cohort_and_text_available
2025_fall,2025秋-数学模型-问答记录导出20260502导出_已标注_已更新.xlsx,问答记录,2025秋-数学模型-问答记录导出20260502导出_已标注_已更新.xlsx::问答记录::R29,258963,2025-11-25 16:57:58,AI智能体,included,included_in_cohort_and_text_available
2025_fall,2025秋-数学模型-问答记录导出20260502导出_已标注_已更新.xlsx,问答记录,2025秋-数学模型-问答记录导出20260502导出_已标注_已更新.xlsx::问答记录::R30,258868,2025-11-24 09:07:39,AI智能体,included,included_in_cohort_and_text_available
2025_fall,2025秋-数学模型-问答记录导出20260502导出_已标注_已更新.xlsx,问答记录,2025秋-数学模型-问答记录导出20260502导出_已标注_已更新.xlsx::问答记录::R31,258856,2025-11-27 21:17:48,AI智能体,included,included_in_cohort_and_text_available
2025_fall,2025秋-数学模型-问答记录导出20260502导出_已标注_已更新.xlsx,问答记录,2025秋-数学模型-问答记录导出20260502导出_已标注_已更新.xlsx::问答记录::R32,259843,2025-11-11 14:29:22,AI智能体,included,included_in_cohort_and_text_available
2025_fall,2025秋-数学模型-问答记录导出20260502导出_已标注_已更新.xlsx,问答记录,2025秋-数学模型-问答记录导出20260502导出_已标注_已更新.xlsx::问答记录::R33,258917,2026-01-04 15:28:41,AI智能体,included,included_in_cohort_and_text_available
2025_fall,2025秋-数学模型-问答记录导出20260502导出_已标注_已更新.xlsx,问答记录,2025秋-数学模型-问答记录导出20260502导出_已标注_已更新.xlsx::问答记录::R34,258922,2026-01-06 16:29:58,AI智能体,included,included_in_cohort_and_text_available
2025_fall,2025秋-数学模型-问答记录导出20260502导出_已标注_已更新.xlsx,问答记录,2025秋-数学模型-问答记录导出20260502导出_已标注_已更新.xlsx::问答记录::R35,259854,2025-12-16 16:21:11,AI智能体,included,included_in_cohort_and_text_available
2025_fall,2025秋-数学模型-问答记录导出20260502导出_已标注_已更新.xlsx,问答记录,2025秋-数学模型-问答记录导出20260502导出_已标注_已更新.xlsx::问答记录::R36,259092,2025-11-08 10:34:25,AI智能体,included,included_in_cohort_and_text_available
2025_fall,2025秋-数学模型-问答记录导出20260502导出_已标注_已更新.xlsx,问答记录,2025秋-数学模型-问答记录导出20260502导出_已标注_已更新.xlsx::问答记录::R37,259926,2026-01-12 23:55:54,AI智能体,included,included_in_cohort_and_text_available
2025_fall,2025秋-数学模型-问答记录导出20260502导出_已标注_已更新.xlsx,问答记录,2025秋-数学模型-问答记录导出20260502导出_已标注_已更新.xlsx::问答记录::R38,259407,2026-01-12 11:12:25,AI智能体,included,included_in_cohort_and_text_available
2025_fall,2025秋-数学模型-问答记录导出20260502导出_已标注_已更新.xlsx,问答记录,2025秋-数学模型-问答记录导出20260502导出_已标注_已更新.xlsx::问答记录::R39,259425,2026-01-12 13:04:37,AI智能体,included,included_in_cohort_and_text_available
2025_fall,2025秋-数学模型-问答记录导出20260502导出_已标注_已更新.xlsx,问答记录,2025秋-数学模型-问答记录导出20260502导出_已标注_已更新.xlsx::问答记录::R40,259873,2025-11-04 16:31:52,AI智能体,included,included_in_cohort_and_text_available
2025_fall,2025秋-数学模型-问答记录导出20260502导出_已标注_已更新.xlsx,问答记录,2025秋-数学模型-问答记录导出20260502导出_已标注_已更新.xlsx::问答记录::R41,258960,2025-12-30 18:17:38,AI智能体,included,included_in_cohort_and_text_available
2025_fall,2025秋-数学模型-问答记录导出20260502导出_已标注_已更新.xlsx,问答记录,2025秋-数学模型-问答记录导出20260502导出_已标注_已更新.xlsx::问答记录::R42,258889,2025-12-07 22:15:42,AI智能体,included,included_in_cohort_and_text_available
2025_fall,2025秋-数学模型-问答记录导出20260502导出_已标注_已更新.xlsx,问答记录,2025秋-数学模型-问答记录导出20260502导出_已标注_已更新.xlsx::问答记录::R43,258524,2026-01-07 10:43:51,AI智能体,included,included_in_cohort_and_text_available
2025_fall,2025秋-数学模型-问答记录导出20260502导出_已标注_已更新.xlsx,问答记录,2025秋-数学模型-问答记录导出20260502导出_已标注_已更新.xlsx::问答记录::R44,258540,2025-11-13 15:56:27,AI智能体,included,included_in_cohort_and_text_available
2025_fall,2025秋-数学模型-问答记录导出20260502导出_已标注_已更新.xlsx,问答记录,2025秋-数学模型-问答记录导出20260502导出_已标注_已更新.xlsx::问答记录::R45,259438,2025-12-16 12:30:02,AI智能体,included,included_in_cohort_and_text_available
2025_fall,2025秋-数学模型-问答记录导出20260502导出_已标注_已更新.xlsx,问答记录,2025秋-数学模型-问答记录导出20260502导出_已标注_已更新.xlsx::问答记录::R46,259850,2025-12-16 14:25:26,AI智能体,included,included_in_cohort_and_text_available
2025_fall,2025秋-数学模型-问答记录导出20260502导出_已标注_已更新.xlsx,问答记录,2025秋-数学模型-问答记录导出20260502导出_已标注_已更新.xlsx::问答记录::R47,258937,2025-11-07 09:54:41,AI智能体,included,included_in_cohort_and_text_available
2025_fall,2025秋-数学模型-问答记录导出20260502导出_已标注_已更新.xlsx,问答记录,2025秋-数学模型-问答记录导出20260502导出_已标注_已更新.xlsx::问答记录::R48,259382,2026-01-11 21:35:32,AI智能体,included,included_in_cohort_and_text_available
2025_fall,2025秋-数学模型-问答记录导出20260502导出_已标注_已更新.xlsx,问答记录,2025秋-数学模型-问答记录导出20260502导出_已标注_已更新.xlsx::问答记录::R49,258964,2025-11-04 11:35:55,AI智能体,included,included_in_cohort_and_text_available
2025_fall,2025秋-数学模型-问答记录导出20260502导出_已标注_已更新.xlsx,问答记录,2025秋-数学模型-问答记录导出20260502导出_已标注_已更新.xlsx::问答记录::R50,258945,2026-01-13 14:43:52,AI智能体,included,included_in_cohort_and_text_available
2025_fall,2025秋-数学模型-问答记录导出20260502导出_已标注_已更新.xlsx,问答记录,2025秋-数学模型-问答记录导出20260502导出_已标注_已更新.xlsx::问答记录::R51,259931,2025-11-05 20:35:29,AI智能体,included,included_in_cohort_and_text_available
2025_fall,2025秋-数学模型-问答记录导出20260502导出_已标注_已更新.xlsx,问答记录,2025秋-数学模型-问答记录导出20260502导出_已标注_已更新.xlsx::问答记录::R52,258938,2025-11-10 11:26:15,AI智能体,included,included_in_cohort_and_text_available
2025_fall,2025秋-数学模型-问答记录导出20260502导出_已标注_已更新.xlsx,问答记录,2025秋-数学模型-问答记录导出20260502导出_已标注_已更新.xlsx::问答记录::R53,258536,2026-01-18 12:07:37,AI智能体,included,included_in_cohort_and_text_available
2025_fall,2025秋-数学模型-问答记录导出20260502导出_已标注_已更新.xlsx,问答记录,2025秋-数学模型-问答记录导出20260502导出_已标注_已更新.xlsx::问答记录::R54,258430,2026-01-11 10:42:03,AI智能体,included,included_in_cohort_and_text_available
2025_fall,2025秋-数学模型-问答记录导出20260502导出_已标注_已更新.xlsx,问答记录,2025秋-数学模型-问答记录导出20260502导出_已标注_已更新.xlsx::问答记录::R55,259043,2025-11-09 06:20:15,AI智能体,included,included_in_cohort_and_text_available
2025_fall,2025秋-数学模型-问答记录导出20260502导出_已标注_已更新.xlsx,问答记录,2025秋-数学模型-问答记录导出20260502导出_已标注_已更新.xlsx::问答记录::R56,259398,2026-01-06 18:35:05,AI智能体,included,included_in_cohort_and_text_available
2025_fall,2025秋-数学模型-问答记录导出20260502导出_已标注_已更新.xlsx,问答记录,2025秋-数学模型-问答记录导出20260502导出_已标注_已更新.xlsx::问答记录::R57,258963,2025-11-25 16:59:20,AI智能体,included,included_in_cohort_and_text_available
2025_fall,2025秋-数学模型-问答记录导出20260502导出_已标注_已更新.xlsx,问答记录,2025秋-数学模型-问答记录导出20260502导出_已标注_已更新.xlsx::问答记录::R58,259419,2025-12-29 19:47:05,AI智能体,included,included_in_cohort_and_text_available
2025_fall,2025秋-数学模型-问答记录导出20260502导出_已标注_已更新.xlsx,问答记录,2025秋-数学模型-问答记录导出20260502导出_已标注_已更新.xlsx::问答记录::R59,259851,2025-11-12 15:27:38,AI智能体,included,included_in_cohort_and_text_available
2025_fall,2025秋-数学模型-问答记录导出20260502导出_已标注_已更新.xlsx,问答记录,2025秋-数学模型-问答记录导出20260502导出_已标注_已更新.xlsx::问答记录::R60,258913,2025-12-09 13:57:59,AI智能体,included,included_in_cohort_and_text_available
2025_fall,2025秋-数学模型-问答记录导出20260502导出_已标注_已更新.xlsx,问答记录,2025秋-数学模型-问答记录导出20260502导出_已标注_已更新.xlsx::问答记录::R61,258857,2025-11-25 14:01:55,AI智能体,included,included_in_cohort_and_text_available
2025_fall,2025秋-数学模型-问答记录导出20260502导出_已标注_已更新.xlsx,问答记录,2025秋-数学模型-问答记录导出20260502导出_已标注_已更新.xlsx::问答记录::R62,258932,2025-12-09 14:08:11,AI智能体,included,included_in_cohort_and_text_available
2025_fall,2025秋-数学模型-问答记录导出20260502导出_已标注_已更新.xlsx,问答记录,2025秋-数学模型-问答记录导出20260502导出_已标注_已更新.xlsx::问答记录::R63,259790,2026-01-03 15:09:06,AI智能体,included,included_in_cohort_and_text_available
2025_fall,2025秋-数学模型-问答记录导出20260502导出_已标注_已更新.xlsx,问答记录,2025秋-数学模型-问答记录导出20260502导出_已标注_已更新.xlsx::问答记录::R64,258872,2025-12-20 11:08:01,AI智能体,included,included_in_cohort_and_text_available
2025_fall,2025秋-数学模型-问答记录导出20260502导出_已标注_已更新.xlsx,问答记录,2025秋-数学模型-问答记录导出20260502导出_已标注_已更新.xlsx::问答记录::R65,259316,2025-11-25 16:59:43,AI智能体,included,included_in_cohort_and_text_available
2025_fall,2025秋-数学模型-问答记录导出20260502导出_已标注_已更新.xlsx,问答记录,2025秋-数学模型-问答记录导出20260502导出_已标注_已更新.xlsx::问答记录::R66,258880,2026-01-17 18:08:52,AI智能体,included,included_in_cohort_and_text_available
2025_fall,2025秋-数学模型-问答记录导出20260502导出_已标注_已更新.xlsx,问答记录,2025秋-数学模型-问答记录导出20260502导出_已标注_已更新.xlsx::问答记录::R67,259016,2025-12-15 16:52:51,AI智能体,included,included_in_cohort_and_text_available
2025_fall,2025秋-数学模型-问答记录导出20260502导出_已标注_已更新.xlsx,问答记录,2025秋-数学模型-问答记录导出20260502导出_已标注_已更新.xlsx::问答记录::R68,259047,2025-12-16 14:17:35,AI智能体,included,included_in_cohort_and_text_available
2025_fall,2025秋-数学模型-问答记录导出20260502导出_已标注_已更新.xlsx,问答记录,2025秋-数学模型-问答记录导出20260502导出_已标注_已更新.xlsx::问答记录::R69,259043,2025-11-09 06:42:35,AI智能体,included,included_in_cohort_and_text_available
2025_fall,2025秋-数学模型-问答记录导出20260502导出_已标注_已更新.xlsx,问答记录,2025秋-数学模型-问答记录导出20260502导出_已标注_已更新.xlsx::问答记录::R70,25A148,2025-11-04 14:34:58,AI智能体,included,included_in_cohort_and_text_available
2025_fall,2025秋-数学模型-问答记录导出20260502导出_已标注_已更新.xlsx,问答记录,2025秋-数学模型-问答记录导出20260502导出_已标注_已更新.xlsx::问答记录::R71,259411,2025-11-23 20:41:15,AI智能体,included,included_in_cohort_and_text_available
2025_fall,2025秋-数学模型-问答记录导出20260502导出_已标注_已更新.xlsx,问答记录,2025秋-数学模型-问答记录导出20260502导出_已标注_已更新.xlsx::问答记录::R72,259416,2025-11-17 17:14:51,AI智能体,included,included_in_cohort_and_text_available
2025_fall,2025秋-数学模型-问答记录导出20260502导出_已标注_已更新.xlsx,问答记录,2025秋-数学模型-问答记录导出20260502导出_已标注_已更新.xlsx::问答记录::R73,259920,2025-11-17 19:26:50,AI智能体,included,included_in_cohort_and_text_available
2025_fall,2025秋-数学模型-问答记录导出20260502导出_已标注_已更新.xlsx,问答记录,2025秋-数学模型-问答记录导出20260502导出_已标注_已更新.xlsx::问答记录::R74,259438,2025-12-16 12:31:23,AI智能体,included,included_in_cohort_and_text_available
2025_fall,2025秋-数学模型-问答记录导出20260502导出_已标注_已更新.xlsx,问答记录,2025秋-数学模型-问答记录导出20260502导出_已标注_已更新.xlsx::问答记录::R75,260002,2025-12-10 17:05:49,AI智能体,included,included_in_cohort_and_text_available
2025_fall,2025秋-数学模型-问答记录导出20260502导出_已标注_已更新.xlsx,问答记录,2025秋-数学模型-问答记录导出20260502导出_已标注_已更新.xlsx::问答记录::R76,258938,2025-11-10 11:07:35,AI智能体,included,included_in_cohort_and_text_available
2025_fall,2025秋-数学模型-问答记录导出20260502导出_已标注_已更新.xlsx,问答记录,2025秋-数学模型-问答记录导出20260502导出_已标注_已更新.xlsx::问答记录::R77,259044,2025-11-10 18:43:38,AI智能体,included,included_in_cohort_and_text_available
2025_fall,2025秋-数学模型-问答记录导出20260502导出_已标注_已更新.xlsx,问答记录,2025秋-数学模型-问答记录导出20260502导出_已标注_已更新.xlsx::问答记录::R78,258924,2026-01-12 03:25:10,AI智能体,included,included_in_cohort_and_text_available
2025_fall,2025秋-数学模型-问答记录导出20260502导出_已标注_已更新.xlsx,问答记录,2025秋-数学模型-问答记录导出20260502导出_已标注_已更新.xlsx::问答记录::R79,259920,2025-11-17 19:27:06,AI智能体,included,included_in_cohort_and_text_available
2025_fall,2025秋-数学模型-问答记录导出20260502导出_已标注_已更新.xlsx,问答记录,2025秋-数学模型-问答记录导出20260502导出_已标注_已更新.xlsx::问答记录::R80,259329,2025-11-16 22:48:32,AI智能体,included,included_in_cohort_and_text_available
2025_fall,2025秋-数学模型-问答记录导出20260502导出_已标注_已更新.xlsx,问答记录,2025秋-数学模型-问答记录导出20260502导出_已标注_已更新.xlsx::问答记录::R81,259865,2025-11-12 21:22:34,AI智能体,included,included_in_cohort_and_text_available
2025_fall,2025秋-数学模型-问答记录导出20260502导出_已标注_已更新.xlsx,问答记录,2025秋-数学模型-问答记录导出20260502导出_已标注_已更新.xlsx::问答记录::R82,258428,2025-12-13 11:20:15,AI智能体,included,included_in_cohort_and_text_available
2025_fall,2025秋-数学模型-问答记录导出20260502导出_已标注_已更新.xlsx,问答记录,2025秋-数学模型-问答记录导出20260502导出_已标注_已更新.xlsx::问答记录::R83,259843,2025-11-11 14:31:22,AI智能体,included,included_in_cohort_and_text_available
2025_fall,2025秋-数学模型-问答记录导出20260502导出_已标注_已更新.xlsx,问答记录,2025秋-数学模型-问答记录导出20260502导出_已标注_已更新.xlsx::问答记录::R84,258961,2025-12-26 10:23:11,AI智能体,included,included_in_cohort_and_text_available
2025_fall,2025秋-数学模型-问答记录导出20260502导出_已标注_已更新.xlsx,问答记录,2025秋-数学模型-问答记录导出20260502导出_已标注_已更新.xlsx::问答记录::R85,258857,2025-11-25 14:22:42,AI智能体,included,included_in_cohort_and_text_available
2025_fall,2025秋-数学模型-问答记录导出20260502导出_已标注_已更新.xlsx,问答记录,2025秋-数学模型-问答记录导出20260502导出_已标注_已更新.xlsx::问答记录::R86,258486,2026-01-08 21:50:55,AI智能体,included,included_in_cohort_and_text_available
2025_fall,2025秋-数学模型-问答记录导出20260502导出_已标注_已更新.xlsx,问答记录,2025秋-数学模型-问答记录导出20260502导出_已标注_已更新.xlsx::问答记录::R87,258874,2025-11-25 14:47:46,AI智能体,included,included_in_cohort_and_text_available
2025_fall,2025秋-数学模型-问答记录导出20260502导出_已标注_已更新.xlsx,问答记录,2025秋-数学模型-问答记录导出20260502导出_已标注_已更新.xlsx::问答记录::R88,259434,2025-12-18 23:47:27,AI智能体,included,included_in_cohort_and_text_available
2025_fall,2025秋-数学模型-问答记录导出20260502导出_已标注_已更新.xlsx,问答记录,2025秋-数学模型-问答记录导出20260502导出_已标注_已更新.xlsx::问答记录::R89,25P027,2025-12-15 14:24:58,AI智能体,included,included_in_cohort_and_text_available
2025_fall,2025秋-数学模型-问答记录导出20260502导出_已标注_已更新.xlsx,问答记录,2025秋-数学模型-问答记录导出20260502导出_已标注_已更新.xlsx::问答记录::R90,258917,2026-01-04 15:40:51,AI智能体,included,included_in_cohort_and_text_available
2025_fall,2025秋-数学模型-问答记录导出20260502导出_已标注_已更新.xlsx,问答记录,2025秋-数学模型-问答记录导出20260502导出_已标注_已更新.xlsx::问答记录::R91,258854,2026-01-09 19:26:16,AI智能体,included,included_in_cohort_and_text_available
2025_fall,2025秋-数学模型-问答记录导出20260502导出_已标注_已更新.xlsx,问答记录,2025秋-数学模型-问答记录导出20260502导出_已标注_已更新.xlsx::问答记录::R92,259322,2025-12-31 09:47:25,AI智能体,included,included_in_cohort_and_text_available
2025_fall,2025秋-数学模型-问答记录导出20260502导出_已标注_已更新.xlsx,问答记录,2025秋-数学模型-问答记录导出20260502导出_已标注_已更新.xlsx::问答记录::R93,259016,2025-12-15 18:01:26,AI智能体,included,included_in_cohort_and_text_available
2025_fall,2025秋-数学模型-问答记录导出20260502导出_已标注_已更新.xlsx,问答记录,2025秋-数学模型-问答记录导出20260502导出_已标注_已更新.xlsx::问答记录::R94,258859,2025-11-04 18:13:18,AI智能体,included,included_in_cohort_and_text_available
2025_fall,2025秋-数学模型-问答记录导出20260502导出_已标注_已更新.xlsx,问答记录,2025秋-数学模型-问答记录导出20260502导出_已标注_已更新.xlsx::问答记录::R95,258912,2026-01-16 10:40:38,AI智能体,included,included_in_cohort_and_text_available
2025_fall,2025秋-数学模型-问答记录导出20260502导出_已标注_已更新.xlsx,问答记录,2025秋-数学模型-问答记录导出20260502导出_已标注_已更新.xlsx::问答记录::R96,258941,2026-01-17 21:36:40,AI智能体,included,included_in_cohort_and_text_available
2025_fall,2025秋-数学模型-问答记录导出20260502导出_已标注_已更新.xlsx,问答记录,2025秋-数学模型-问答记录导出20260502导出_已标注_已更新.xlsx::问答记录::R97,259028,2025-11-08 19:30:41,AI智能体,included,included_in_cohort_and_text_available
2025_fall,2025秋-数学模型-问答记录导出20260502导出_已标注_已更新.xlsx,问答记录,2025秋-数学模型-问答记录导出20260502导出_已标注_已更新.xlsx::问答记录::R98,258892,2026-01-12 21:50:24,AI智能体,included,included_in_cohort_and_text_available
2025_fall,2025秋-数学模型-问答记录导出20260502导出_已标注_已更新.xlsx,问答记录,2025秋-数学模型-问答记录导出20260502导出_已标注_已更新.xlsx::问答记录::R99,258428,2025-12-13 11:21:48,AI智能体,included,included_in_cohort_and_text_available
2025_fall,2025秋-数学模型-问答记录导出20260502导出_已标注_已更新.xlsx,问答记录,2025秋-数学模型-问答记录导出20260502导出_已标注_已更新.xlsx::问答记录::R100,258857,2025-11-25 14:23:27,AI智能体,included,included_in_cohort_and_text_available
2025_fall,2025秋-数学模型-问答记录导出20260502导出_已标注_已更新.xlsx,问答记录,2025秋-数学模型-问答记录导出20260502导出_已标注_已更新.xlsx::问答记录::R101,259322,2025-12-31 09:47:56,AI智能体,included,included_in_cohort_and_text_available
2025_fall,2025秋-数学模型-问答记录导出20260502导出_已标注_已更新.xlsx,问答记录,2025秋-数学模型-问答记录导出20260502导出_已标注_已更新.xlsx::问答记录::R102,259873,2025-11-04 18:58:00,AI智能体,included,included_in_cohort_and_text_available
2025_fall,2025秋-数学模型-问答记录导出20260502导出_已标注_已更新.xlsx,问答记录,2025秋-数学模型-问答记录导出20260502导出_已标注_已更新.xlsx::问答记录::R103,259019,2025-12-16 15:17:58,AI智能体,included,included_in_cohort_and_text_available
2025_fall,2025秋-数学模型-问答记录导出20260502导出_已标注_已更新.xlsx,问答记录,2025秋-数学模型-问答记录导出20260502导出_已标注_已更新.xlsx::问答记录::R104,259323,2025-12-16 20:47:26,AI智能体,included,included_in_cohort_and_text_available
2025_fall,2025秋-数学模型-问答记录导出20260502导出_已标注_已更新.xlsx,问答记录,2025秋-数学模型-问答记录导出20260502导出_已标注_已更新.xlsx::问答记录::R105,259778,2026-01-12 14:15:31,AI智能体,included,included_in_cohort_and_text_available
2025_fall,2025秋-数学模型-问答记录导出20260502导出_已标注_已更新.xlsx,问答记录,2025秋-数学模型-问答记录导出20260502导出_已标注_已更新.xlsx::问答记录::R106,258858,2026-01-05 12:44:00,AI智能体,included,included_in_cohort_and_text_available
2025_fall,2025秋-数学模型-问答记录导出20260502导出_已标注_已更新.xlsx,问答记录,2025秋-数学模型-问答记录导出20260502导出_已标注_已更新.xlsx::问答记录::R107,259024,2025-11-05 10:15:13,AI智能体,included,included_in_cohort_and_text_available
2025_fall,2025秋-数学模型-问答记录导出20260502导出_已标注_已更新.xlsx,问答记录,2025秋-数学模型-问答记录导出20260502导出_已标注_已更新.xlsx::问答记录::R108,259042,2026-01-14 16:29:27,AI智能体,included,included_in_cohort_and_text_available
2025_fall,2025秋-数学模型-问答记录导出20260502导出_已标注_已更新.xlsx,问答记录,2025秋-数学模型-问答记录导出20260502导出_已标注_已更新.xlsx::问答记录::R109,259952,2025-11-16 19:21:47,AI智能体,included,included_in_cohort_and_text_available
2025_fall,2025秋-数学模型-问答记录导出20260502导出_已标注_已更新.xlsx,问答记录,2025秋-数学模型-问答记录导出20260502导出_已标注_已更新.xlsx::问答记录::R110,258938,2025-11-10 11:28:01,AI智能体,included,included_in_cohort_and_text_available
2025_fall,2025秋-数学模型-问答记录导出20260502导出_已标注_已更新.xlsx,问答记录,2025秋-数学模型-问答记录导出20260502导出_已标注_已更新.xlsx::问答记录::R111,259326,2025-11-13 19:31:08,AI智能体,included,included_in_cohort_and_text_available
2025_fall,2025秋-数学模型-问答记录导出20260502导出_已标注_已更新.xlsx,问答记录,2025秋-数学模型-问答记录导出20260502导出_已标注_已更新.xlsx::问答记录::R112,259438,2025-12-16 12:33:35,AI智能体,included,included_in_cohort_and_text_available
2025_fall,2025秋-数学模型-问答记录导出20260502导出_已标注_已更新.xlsx,问答记录,2025秋-数学模型-问答记录导出20260502导出_已标注_已更新.xlsx::问答记录::R113,258937,2025-11-19 11:58:09,AI智能体,included,included_in_cohort_and_text_available
2025_fall,2025秋-数学模型-问答记录导出20260502导出_已标注_已更新.xlsx,问答记录,2025秋-数学模型-问答记录导出20260502导出_已标注_已更新.xlsx::问答记录::R114,25A171,2025-12-04 14:59:03,AI智能体,included,included_in_cohort_and_text_available
2025_fall,2025秋-数学模型-问答记录导出20260502导出_已标注_已更新.xlsx,问答记录,2025秋-数学模型-问答记录导出20260502导出_已标注_已更新.xlsx::问答记录::R115,259329,2025-11-16 22:50:39,AI智能体,included,included_in_cohort_and_text_available
2025_fall,2025秋-数学模型-问答记录导出20260502导出_已标注_已更新.xlsx,问答记录,2025秋-数学模型-问答记录导出20260502导出_已标注_已更新.xlsx::问答记录::R116,259753,2025-11-01 20:33:59,AI智能体,included,included_in_cohort_and_text_available
2025_fall,2025秋-数学模型-问答记录导出20260502导出_已标注_已更新.xlsx,问答记录,2025秋-数学模型-问答记录导出20260502导出_已标注_已更新.xlsx::问答记录::R117,258526,2025-11-04 14:36:35,AI智能体,included,included_in_cohort_and_text_available
2025_fall,2025秋-数学模型-问答记录导出20260502导出_已标注_已更新.xlsx,问答记录,2025秋-数学模型-问答记录导出20260502导出_已标注_已更新.xlsx::问答记录::R118,259873,2025-11-04 19:00:58,AI智能体,included,included_in_cohort_and_text_available
2025_fall,2025秋-数学模型-问答记录导出20260502导出_已标注_已更新.xlsx,问答记录,2025秋-数学模型-问答记录导出20260502导出_已标注_已更新.xlsx::问答记录::R119,260002,2025-12-10 17:07:33,AI智能体,included,included_in_cohort_and_text_available
2025_fall,2025秋-数学模型-问答记录导出20260502导出_已标注_已更新.xlsx,问答记录,2025秋-数学模型-问答记录导出20260502导出_已标注_已更新.xlsx::问答记录::R120,259896,2025-11-17 10:37:38,AI智能体,included,included_in_cohort_and_text_available
2025_fall,2025秋-数学模型-问答记录导出20260502导出_已标注_已更新.xlsx,问答记录,2025秋-数学模型-问答记录导出20260502导出_已标注_已更新.xlsx::问答记录::R121,258522,2025-11-27 10:09:22,AI智能体,included,included_in_cohort_and_text_available
2025_fall,2025秋-数学模型-问答记录导出20260502导出_已标注_已更新.xlsx,问答记录,2025秋-数学模型-问答记录导出20260502导出_已标注_已更新.xlsx::问答记录::R122,259339,2025-11-27 15:05:34,AI智能体,included,included_in_cohort_and_text_available
2025_fall,2025秋-数学模型-问答记录导出20260502导出_已标注_已更新.xlsx,问答记录,2025秋-数学模型-问答记录导出20260502导出_已标注_已更新.xlsx::问答记录::R123,258923,2025-12-16 15:51:57,AI智能体,included,included_in_cohort_and_text_available
2025_fall,2025秋-数学模型-问答记录导出20260502导出_已标注_已更新.xlsx,问答记录,2025秋-数学模型-问答记录导出20260502导出_已标注_已更新.xlsx::问答记录::R124,259316,2025-11-25 16:33:17,AI智能体,included,included_in_cohort_and_text_available
2025_fall,2025秋-数学模型-问答记录导出20260502导出_已标注_已更新.xlsx,问答记录,2025秋-数学模型-问答记录导出20260502导出_已标注_已更新.xlsx::问答记录::R125,258890,2025-12-16 14:18:11,AI智能体,included,included_in_cohort_and_text_available
2025_fall,2025秋-数学模型-问答记录导出20260502导出_已标注_已更新.xlsx,问答记录,2025秋-数学模型-问答记录导出20260502导出_已标注_已更新.xlsx::问答记录::R126,258939,2025-12-27 23:24:14,AI智能体,included,included_in_cohort_and_text_available
2025_fall,2025秋-数学模型-问答记录导出20260502导出_已标注_已更新.xlsx,问答记录,2025秋-数学模型-问答记录导出20260502导出_已标注_已更新.xlsx::问答记录::R127,250698,2025-12-23 19:49:04,AI智能体,included,included_in_cohort_and_text_available
2025_fall,2025秋-数学模型-问答记录导出20260502导出_已标注_已更新.xlsx,问答记录,2025秋-数学模型-问答记录导出20260502导出_已标注_已更新.xlsx::问答记录::R128,259382,2026-01-11 21:38:58,AI智能体,included,included_in_cohort_and_text_available
2025_fall,2025秋-数学模型-问答记录导出20260502导出_已标注_已更新.xlsx,问答记录,2025秋-数学模型-问答记录导出20260502导出_已标注_已更新.xlsx::问答记录::R129,259342,2025-12-05 20:46:54,AI智能体,included,included_in_cohort_and_text_available
2025_fall,2025秋-数学模型-问答记录导出20260502导出_已标注_已更新.xlsx,问答记录,2025秋-数学模型-问答记录导出20260502导出_已标注_已更新.xlsx::问答记录::R130,259019,2025-12-16 15:19:07,AI智能体,included,included_in_cohort_and_text_available
2025_fall,2025秋-数学模型-问答记录导出20260502导出_已标注_已更新.xlsx,问答记录,2025秋-数学模型-问答记录导出20260502导出_已标注_已更新.xlsx::问答记录::R131,258274,2025-11-06 15:04:19,AI智能体,included,included_in_cohort_and_text_available
2025_fall,2025秋-数学模型-问答记录导出20260502导出_已标注_已更新.xlsx,问答记录,2025秋-数学模型-问答记录导出20260502导出_已标注_已更新.xlsx::问答记录::R132,258427,2025-12-23 19:16:01,AI智能体,included,included_in_cohort_and_text_available
2025_fall,2025秋-数学模型-问答记录导出20260502导出_已标注_已更新.xlsx,问答记录,2025秋-数学模型-问答记录导出20260502导出_已标注_已更新.xlsx::问答记录::R133,25P025,2025-11-17 11:26:46,AI智能体,included,included_in_cohort_and_text_available
2025_fall,2025秋-数学模型-问答记录导出20260502导出_已标注_已更新.xlsx,问答记录,2025秋-数学模型-问答记录导出20260502导出_已标注_已更新.xlsx::问答记录::R134,259419,2025-11-11 15:08:35,AI智能体,included,included_in_cohort_and_text_available
2025_fall,2025秋-数学模型-问答记录导出20260502导出_已标注_已更新.xlsx,问答记录,2025秋-数学模型-问答记录导出20260502导出_已标注_已更新.xlsx::问答记录::R135,259932,2025-11-12 20:46:41,AI智能体,included,included_in_cohort_and_text_available
2025_fall,2025秋-数学模型-问答记录导出20260502导出_已标注_已更新.xlsx,问答记录,2025秋-数学模型-问答记录导出20260502导出_已标注_已更新.xlsx::问答记录::R136,25A120,2025-12-11 11:50:44,AI智能体,included,included_in_cohort_and_text_available
2025_fall,2025秋-数学模型-问答记录导出20260502导出_已标注_已更新.xlsx,问答记录,2025秋-数学模型-问答记录导出20260502导出_已标注_已更新.xlsx::问答记录::R137,25A085,2025-12-18 16:15:21,AI智能体,included,included_in_cohort_and_text_available
2025_fall,2025秋-数学模型-问答记录导出20260502导出_已标注_已更新.xlsx,问答记录,2025秋-数学模型-问答记录导出20260502导出_已标注_已更新.xlsx::问答记录::R138,25P021,2026-01-09 18:51:03,AI智能体,included,included_in_cohort_and_text_available
2025_fall,2025秋-数学模型-问答记录导出20260502导出_已标注_已更新.xlsx,问答记录,2025秋-数学模型-问答记录导出20260502导出_已标注_已更新.xlsx::问答记录::R139,259161,2026-01-10 18:14:39,AI智能体,included,included_in_cohort_and_text_available
2025_fall,2025秋-数学模型-问答记录导出20260502导出_已标注_已更新.xlsx,问答记录,2025秋-数学模型-问答记录导出20260502导出_已标注_已更新.xlsx::问答记录::R140,240801,2025-12-26 23:20:15,AI智能体,included,included_in_cohort_and_text_available
2025_fall,2025秋-数学模型-问答记录导出20260502导出_已标注_已更新.xlsx,问答记录,2025秋-数学模型-问答记录导出20260502导出_已标注_已更新.xlsx::问答记录::R141,25A085,2025-12-22 10:33:11,AI智能体,included,included_in_cohort_and_text_available
2025_fall,2025秋-数学模型-问答记录导出20260502导出_已标注_已更新.xlsx,问答记录,2025秋-数学模型-问答记录导出20260502导出_已标注_已更新.xlsx::问答记录::R142,259331,2026-01-12 20:40:01,AI智能体,included,included_in_cohort_and_text_available
2025_fall,2025秋-数学模型-问答记录导出20260502导出_已标注_已更新.xlsx,问答记录,2025秋-数学模型-问答记录导出20260502导出_已标注_已更新.xlsx::问答记录::R143,259037,2026-01-08 22:44:51,AI智能体,included,included_in_cohort_and_text_available
2025_fall,2025秋-数学模型-问答记录导出20260502导出_已标注_已更新.xlsx,问答记录,2025秋-数学模型-问答记录导出20260502导出_已标注_已更新.xlsx::问答记录::R144,259053,2025-11-09 19:17:34,AI智能体,included,included_in_cohort_and_text_available
2025_fall,2025秋-数学模型-问答记录导出20260502导出_已标注_已更新.xlsx,问答记录,2025秋-数学模型-问答记录导出20260502导出_已标注_已更新.xlsx::问答记录::R145,258890,2025-12-16 14:03:53,AI智能体,included,included_in_cohort_and_text_available
2025_fall,2025秋-数学模型-问答记录导出20260502导出_已标注_已更新.xlsx,问答记录,2025秋-数学模型-问答记录导出20260502导出_已标注_已更新.xlsx::问答记录::R146,258931,2025-12-29 20:02:19,AI智能体,included,included_in_cohort_and_text_available
2025_fall,2025秋-数学模型-问答记录导出20260502导出_已标注_已更新.xlsx,问答记录,2025秋-数学模型-问答记录导出20260502导出_已标注_已更新.xlsx::问答记录::R147,258871,2025-11-19 15:01:34,AI智能体,included,included_in_cohort_and_text_available
2025_fall,2025秋-数学模型-问答记录导出20260502导出_已标注_已更新.xlsx,问答记录,2025秋-数学模型-问答记录导出20260502导出_已标注_已更新.xlsx::问答记录::R148,259037,2026-01-08 22:45:14,AI智能体,included,included_in_cohort_and_text_available
2025_fall,2025秋-数学模型-问答记录导出20260502导出_已标注_已更新.xlsx,问答记录,2025秋-数学模型-问答记录导出20260502导出_已标注_已更新.xlsx::问答记录::R149,259789,2025-11-09 22:06:23,AI智能体,included,included_in_cohort_and_text_available
2025_fall,2025秋-数学模型-问答记录导出20260502导出_已标注_已更新.xlsx,问答记录,2025秋-数学模型-问答记录导出20260502导出_已标注_已更新.xlsx::问答记录::R150,259440,2026-01-10 21:08:13,AI智能体,included,included_in_cohort_and_text_available
2025_fall,2025秋-数学模型-问答记录导出20260502导出_已标注_已更新.xlsx,问答记录,2025秋-数学模型-问答记录导出20260502导出_已标注_已更新.xlsx::问答记录::R151,259022,2025-11-04 14:54:55,AI智能体,included,included_in_cohort_and_text_available
2025_fall,2025秋-数学模型-问答记录导出20260502导出_已标注_已更新.xlsx,问答记录,2025秋-数学模型-问答记录导出20260502导出_已标注_已更新.xlsx::问答记录::R152,258902,2025-12-09 17:12:01,AI智能体,included,included_in_cohort_and_text_available
2025_fall,2025秋-数学模型-问答记录导出20260502导出_已标注_已更新.xlsx,问答记录,2025秋-数学模型-问答记录导出20260502导出_已标注_已更新.xlsx::问答记录::R153,258939,2025-12-27 23:25:18,AI智能体,included,included_in_cohort_and_text_available
2025_fall,2025秋-数学模型-问答记录导出20260502导出_已标注_已更新.xlsx,问答记录,2025秋-数学模型-问答记录导出20260502导出_已标注_已更新.xlsx::问答记录::R154,258862,2026-01-10 23:54:41,AI智能体,included,included_in_cohort_and_text_available
2025_fall,2025秋-数学模型-问答记录导出20260502导出_已标注_已更新.xlsx,问答记录,2025秋-数学模型-问答记录导出20260502导出_已标注_已更新.xlsx::问答记录::R155,258987,2026-01-12 14:46:15,AI智能体,included,included_in_cohort_and_text_available
2025_fall,2025秋-数学模型-问答记录导出20260502导出_已标注_已更新.xlsx,问答记录,2025秋-数学模型-问答记录导出20260502导出_已标注_已更新.xlsx::问答记录::R156,258894,2026-01-13 14:47:39,AI智能体,included,included_in_cohort_and_text_available
2025_fall,2025秋-数学模型-问答记录导出20260502导出_已标注_已更新.xlsx,问答记录,2025秋-数学模型-问答记录导出20260502导出_已标注_已更新.xlsx::问答记录::R157,259004,2026-01-11 13:47:48,AI智能体,included,included_in_cohort_and_text_available
2025_fall,2025秋-数学模型-问答记录导出20260502导出_已标注_已更新.xlsx,问答记录,2025秋-数学模型-问答记录导出20260502导出_已标注_已更新.xlsx::问答记录::R158,243718,2025-12-06 15:43:31,AI智能体,included,included_in_cohort_and_text_available
2025_fall,2025秋-数学模型-问答记录导出20260502导出_已标注_已更新.xlsx,问答记录,2025秋-数学模型-问答记录导出20260502导出_已标注_已更新.xlsx::问答记录::R159,25A070,2026-01-12 18:21:03,AI智能体,included,included_in_cohort_and_text_available
2025_fall,2025秋-数学模型-问答记录导出20260502导出_已标注_已更新.xlsx,问答记录,2025秋-数学模型-问答记录导出20260502导出_已标注_已更新.xlsx::问答记录::R160,259917,2025-11-12 23:04:46,AI智能体,included,included_in_cohort_and_text_available
2025_fall,2025秋-数学模型-问答记录导出20260502导出_已标注_已更新.xlsx,问答记录,2025秋-数学模型-问答记录导出20260502导出_已标注_已更新.xlsx::问答记录::R161,258942,2025-12-28 14:52:34,AI智能体,included,included_in_cohort_and_text_available
2025_fall,2025秋-数学模型-问答记录导出20260502导出_已标注_已更新.xlsx,问答记录,2025秋-数学模型-问答记录导出20260502导出_已标注_已更新.xlsx::问答记录::R162,259001,2025-12-19 22:14:55,AI智能体,included,included_in_cohort_and_text_available
2025_fall,2025秋-数学模型-问答记录导出20260502导出_已标注_已更新.xlsx,问答记录,2025秋-数学模型-问答记录导出20260502导出_已标注_已更新.xlsx::问答记录::R163,259873,2025-11-04 19:04:24,AI智能体,included,included_in_cohort_and_text_available
2025_fall,2025秋-数学模型-问答记录导出20260502导出_已标注_已更新.xlsx,问答记录,2025秋-数学模型-问答记录导出20260502导出_已标注_已更新.xlsx::问答记录::R164,259416,2025-11-17 16:11:16,AI智能体,included,included_in_cohort_and_text_available
2025_fall,2025秋-数学模型-问答记录导出20260502导出_已标注_已更新.xlsx,问答记录,2025秋-数学模型-问答记录导出20260502导出_已标注_已更新.xlsx::问答记录::R165,259846,2025-12-13 10:39:59,AI智能体,included,included_in_cohort_and_text_available
2025_fall,2025秋-数学模型-问答记录导出20260502导出_已标注_已更新.xlsx,问答记录,2025秋-数学模型-问答记录导出20260502导出_已标注_已更新.xlsx::问答记录::R166,259400,2025-12-26 15:13:44,AI智能体,included,included_in_cohort_and_text_available
2025_fall,2025秋-数学模型-问答记录导出20260502导出_已标注_已更新.xlsx,问答记录,2025秋-数学模型-问答记录导出20260502导出_已标注_已更新.xlsx::问答记录::R167,259107,2025-12-19 15:48:21,AI智能体,included,included_in_cohort_and_text_available
2025_fall,2025秋-数学模型-问答记录导出20260502导出_已标注_已更新.xlsx,问答记录,2025秋-数学模型-问答记录导出20260502导出_已标注_已更新.xlsx::问答记录::R168,259034,2025-11-11 17:08:57,AI智能体,included,included_in_cohort_and_text_available
2025_fall,2025秋-数学模型-问答记录导出20260502导出_已标注_已更新.xlsx,问答记录,2025秋-数学模型-问答记录导出20260502导出_已标注_已更新.xlsx::问答记录::R169,259873,2025-11-04 17:03:20,AI智能体,included,included_in_cohort_and_text_available
2025_fall,2025秋-数学模型-问答记录导出20260502导出_已标注_已更新.xlsx,问答记录,2025秋-数学模型-问答记录导出20260502导出_已标注_已更新.xlsx::问答记录::R170,259448,2026-01-08 17:04:21,AI智能体,included,included_in_cohort_and_text_available
2025_fall,2025秋-数学模型-问答记录导出20260502导出_已标注_已更新.xlsx,问答记录,2025秋-数学模型-问答记录导出20260502导出_已标注_已更新.xlsx::问答记录::R171,259944,2026-01-13 10:38:22,AI智能体,included,included_in_cohort_and_text_available
2025_fall,2025秋-数学模型-问答记录导出20260502导出_已标注_已更新.xlsx,问答记录,2025秋-数学模型-问答记录导出20260502导出_已标注_已更新.xlsx::问答记录::R172,25A083,2025-12-22 14:50:33,AI智能体,included,included_in_cohort_and_text_available
2025_fall,2025秋-数学模型-问答记录导出20260502导出_已标注_已更新.xlsx,问答记录,2025秋-数学模型-问答记录导出20260502导出_已标注_已更新.xlsx::问答记录::R173,259311,2026-01-03 16:56:34,AI智能体,included,included_in_cohort_and_text_available
2025_fall,2025秋-数学模型-问答记录导出20260502导出_已标注_已更新.xlsx,问答记录,2025秋-数学模型-问答记录导出20260502导出_已标注_已更新.xlsx::问答记录::R174,259933,2026-01-05 14:42:53,AI智能体,included,included_in_cohort_and_text_available
2025_fall,2025秋-数学模型-问答记录导出20260502导出_已标注_已更新.xlsx,问答记录,2025秋-数学模型-问答记录导出20260502导出_已标注_已更新.xlsx::问答记录::R175,259004,2026-01-11 14:13:57,AI智能体,included,included_in_cohort_and_text_available
2025_fall,2025秋-数学模型-问答记录导出20260502导出_已标注_已更新.xlsx,问答记录,2025秋-数学模型-问答记录导出20260502导出_已标注_已更新.xlsx::问答记录::R176,259416,2025-11-17 16:11:51,AI智能体,included,included_in_cohort_and_text_available
2025_fall,2025秋-数学模型-问答记录导出20260502导出_已标注_已更新.xlsx,问答记录,2025秋-数学模型-问答记录导出20260502导出_已标注_已更新.xlsx::问答记录::R177,259870,2025-12-02 16:58:12,AI智能体,included,included_in_cohort_and_text_available
2025_fall,2025秋-数学模型-问答记录导出20260502导出_已标注_已更新.xlsx,问答记录,2025秋-数学模型-问答记录导出20260502导出_已标注_已更新.xlsx::问答记录::R178,259385,2025-12-10 16:29:58,AI智能体,included,included_in_cohort_and_text_available
2025_fall,2025秋-数学模型-问答记录导出20260502导出_已标注_已更新.xlsx,问答记录,2025秋-数学模型-问答记录导出20260502导出_已标注_已更新.xlsx::问答记录::R179,259107,2025-12-19 15:48:53,AI智能体,included,included_in_cohort_and_text_available
2025_fall,2025秋-数学模型-问答记录导出20260502导出_已标注_已更新.xlsx,问答记录,2025秋-数学模型-问答记录导出20260502导出_已标注_已更新.xlsx::问答记录::R180,259342,2025-12-05 20:51:51,AI智能体,included,included_in_cohort_and_text_available
2025_fall,2025秋-数学模型-问答记录导出20260502导出_已标注_已更新.xlsx,问答记录,2025秋-数学模型-问答记录导出20260502导出_已标注_已更新.xlsx::问答记录::R181,25A086,2025-12-26 22:53:22,AI智能体,included,included_in_cohort_and_text_available
2025_fall,2025秋-数学模型-问答记录导出20260502导出_已标注_已更新.xlsx,问答记录,2025秋-数学模型-问答记录导出20260502导出_已标注_已更新.xlsx::问答记录::R182,259102,2026-01-13 11:07:30,AI智能体,included,included_in_cohort_and_text_available
2025_fall,2025秋-数学模型-问答记录导出20260502导出_已标注_已更新.xlsx,问答记录,2025秋-数学模型-问答记录导出20260502导出_已标注_已更新.xlsx::问答记录::R183,259954,2025-11-14 16:28:55,AI智能体,included,included_in_cohort_and_text_available
2025_fall,2025秋-数学模型-问答记录导出20260502导出_已标注_已更新.xlsx,问答记录,2025秋-数学模型-问答记录导出20260502导出_已标注_已更新.xlsx::问答记录::R184,259430,2025-12-11 12:41:35,AI智能体,included,included_in_cohort_and_text_available
2025_fall,2025秋-数学模型-问答记录导出20260502导出_已标注_已更新.xlsx,问答记录,2025秋-数学模型-问答记录导出20260502导出_已标注_已更新.xlsx::问答记录::R185,259848,2026-01-07 17:13:40,AI智能体,included,included_in_cohort_and_text_available
2025_fall,2025秋-数学模型-问答记录导出20260502导出_已标注_已更新.xlsx,问答记录,2025秋-数学模型-问答记录导出20260502导出_已标注_已更新.xlsx::问答记录::R186,259958,2026-01-01 18:18:15,AI智能体,included,included_in_cohort_and_text_available
2025_fall,2025秋-数学模型-问答记录导出20260502导出_已标注_已更新.xlsx,问答记录,2025秋-数学模型-问答记录导出20260502导出_已标注_已更新.xlsx::问答记录::R187,258532,2026-01-10 10:31:02,AI智能体,included,included_in_cohort_and_text_available
2025_fall,2025秋-数学模型-问答记录导出20260502导出_已标注_已更新.xlsx,问答记录,2025秋-数学模型-问答记录导出20260502导出_已标注_已更新.xlsx::问答记录::R188,258958,2025-11-06 22:47:08,AI智能体,included,included_in_cohort_and_text_available
2025_fall,2025秋-数学模型-问答记录导出20260502导出_已标注_已更新.xlsx,问答记录,2025秋-数学模型-问答记录导出20260502导出_已标注_已更新.xlsx::问答记录::R189,258532,2026-01-06 10:29:14,AI智能体,included,included_in_cohort_and_text_available
2025_fall,2025秋-数学模型-问答记录导出20260502导出_已标注_已更新.xlsx,问答记录,2025秋-数学模型-问答记录导出20260502导出_已标注_已更新.xlsx::问答记录::R190,259437,2025-11-24 14:33:06,AI智能体,included,included_in_cohort_and_text_available
2025_fall,2025秋-数学模型-问答记录导出20260502导出_已标注_已更新.xlsx,问答记录,2025秋-数学模型-问答记录导出20260502导出_已标注_已更新.xlsx::问答记录::R191,259325,2025-12-03 21:31:56,AI智能体,included,included_in_cohort_and_text_available
2025_fall,2025秋-数学模型-问答记录导出20260502导出_已标注_已更新.xlsx,问答记录,2025秋-数学模型-问答记录导出20260502导出_已标注_已更新.xlsx::问答记录::R192,259969,2026-01-11 23:03:31,AI智能体,included,included_in_cohort_and_text_available
2025_fall,2025秋-数学模型-问答记录导出20260502导出_已标注_已更新.xlsx,问答记录,2025秋-数学模型-问答记录导出20260502导出_已标注_已更新.xlsx::问答记录::R193,258888,2025-12-23 18:52:36,AI智能体,included,included_in_cohort_and_text_available
2025_fall,2025秋-数学模型-问答记录导出20260502导出_已标注_已更新.xlsx,问答记录,2025秋-数学模型-问答记录导出20260502导出_已标注_已更新.xlsx::问答记录::R194,258913,2025-11-11 11:16:57,AI智能体,included,included_in_cohort_and_text_available
2025_fall,2025秋-数学模型-问答记录导出20260502导出_已标注_已更新.xlsx,问答记录,2025秋-数学模型-问答记录导出20260502导出_已标注_已更新.xlsx::问答记录::R195,259049,2025-11-11 20:55:44,AI智能体,included,included_in_cohort_and_text_available
2025_fall,2025秋-数学模型-问答记录导出20260502导出_已标注_已更新.xlsx,问答记录,2025秋-数学模型-问答记录导出20260502导出_已标注_已更新.xlsx::问答记录::R196,259050,2025-11-07 19:33:36,AI智能体,included,included_in_cohort_and_text_available
2025_fall,2025秋-数学模型-问答记录导出20260502导出_已标注_已更新.xlsx,问答记录,2025秋-数学模型-问答记录导出20260502导出_已标注_已更新.xlsx::问答记录::R197,258913,2025-11-25 14:06:44,AI智能体,included,included_in_cohort_and_text_available
2025_fall,2025秋-数学模型-问答记录导出20260502导出_已标注_已更新.xlsx,问答记录,2025秋-数学模型-问答记录导出20260502导出_已标注_已更新.xlsx::问答记录::R198,259419,2025-12-29 18:09:11,AI智能体,included,included_in_cohort_and_text_available
2025_fall,2025秋-数学模型-问答记录导出20260502导出_已标注_已更新.xlsx,问答记录,2025秋-数学模型-问答记录导出20260502导出_已标注_已更新.xlsx::问答记录::R199,259877,2026-01-05 15:48:46,AI智能体,included,included_in_cohort_and_text_available
2025_fall,2025秋-数学模型-问答记录导出20260502导出_已标注_已更新.xlsx,问答记录,2025秋-数学模型-问答记录导出20260502导出_已标注_已更新.xlsx::问答记录::R200,259843,2025-11-11 14:10:55,AI智能体,included,included_in_cohort_and_text_available
2025_fall,2025秋-数学模型-问答记录导出20260502导出_已标注_已更新.xlsx,问答记录,2025秋-数学模型-问答记录导出20260502导出_已标注_已更新.xlsx::问答记录::R201,258937,2025-11-07 10:00:30,AI智能体,included,included_in_cohort_and_text_available
2025_fall,2025秋-数学模型-问答记录导出20260502导出_已标注_已更新.xlsx,问答记录,2025秋-数学模型-问答记录导出20260502导出_已标注_已更新.xlsx::问答记录::R202,259929,2026-01-09 17:37:22,AI智能体,included,included_in_cohort_and_text_available
2025_fall,2025秋-数学模型-问答记录导出20260502导出_已标注_已更新.xlsx,问答记录,2025秋-数学模型-问答记录导出20260502导出_已标注_已更新.xlsx::问答记录::R203,25A163,2025-12-06 19:44:42,AI智能体,included,included_in_cohort_and_text_available
2025_fall,2025秋-数学模型-问答记录导出20260502导出_已标注_已更新.xlsx,问答记录,2025秋-数学模型-问答记录导出20260502导出_已标注_已更新.xlsx::问答记录::R204,258423,2025-11-20 16:57:26,AI智能体,included,included_in_cohort_and_text_available
2025_fall,2025秋-数学模型-问答记录导出20260502导出_已标注_已更新.xlsx,问答记录,2025秋-数学模型-问答记录导出20260502导出_已标注_已更新.xlsx::问答记录::R205,258892,2026-01-12 20:42:22,AI智能体,included,included_in_cohort_and_text_available
2025_fall,2025秋-数学模型-问答记录导出20260502导出_已标注_已更新.xlsx,问答记录,2025秋-数学模型-问答记录导出20260502导出_已标注_已更新.xlsx::问答记录::R206,25A168,2026-01-11 17:56:31,AI智能体,included,included_in_cohort_and_text_available
2025_fall,2025秋-数学模型-问答记录导出20260502导出_已标注_已更新.xlsx,问答记录,2025秋-数学模型-问答记录导出20260502导出_已标注_已更新.xlsx::问答记录::R207,258987,2026-01-12 14:23:21,AI智能体,included,included_in_cohort_and_text_available
2025_fall,2025秋-数学模型-问答记录导出20260502导出_已标注_已更新.xlsx,问答记录,2025秋-数学模型-问答记录导出20260502导出_已标注_已更新.xlsx::问答记录::R208,259016,2025-12-15 18:06:37,AI智能体,included,included_in_cohort_and_text_available
2025_fall,2025秋-数学模型-问答记录导出20260502导出_已标注_已更新.xlsx,问答记录,2025秋-数学模型-问答记录导出20260502导出_已标注_已更新.xlsx::问答记录::R209,259112,2025-11-15 23:52:55,AI智能体,included,included_in_cohort_and_text_available
2025_fall,2025秋-数学模型-问答记录导出20260502导出_已标注_已更新.xlsx,问答记录,2025秋-数学模型-问答记录导出20260502导出_已标注_已更新.xlsx::问答记录::R210,25A153,2026-01-16 15:04:57,AI智能体,included,included_in_cohort_and_text_available
2025_fall,2025秋-数学模型-问答记录导出20260502导出_已标注_已更新.xlsx,问答记录,2025秋-数学模型-问答记录导出20260502导出_已标注_已更新.xlsx::问答记录::R211,253459,2026-01-11 23:04:13,AI智能体,included,included_in_cohort_and_text_available
2025_fall,2025秋-数学模型-问答记录导出20260502导出_已标注_已更新.xlsx,问答记录,2025秋-数学模型-问答记录导出20260502导出_已标注_已更新.xlsx::问答记录::R212,258906,2026-01-06 16:34:15,AI智能体,included,included_in_cohort_and_text_available
2025_fall,2025秋-数学模型-问答记录导出20260502导出_已标注_已更新.xlsx,问答记录,2025秋-数学模型-问答记录导出20260502导出_已标注_已更新.xlsx::问答记录::R213,25A145,2025-12-03 17:02:05,AI智能体,included,included_in_cohort_and_text_available
2025_fall,2025秋-数学模型-问答记录导出20260502导出_已标注_已更新.xlsx,问答记录,2025秋-数学模型-问答记录导出20260502导出_已标注_已更新.xlsx::问答记录::R214,259902,2026-01-05 14:11:43,AI智能体,included,included_in_cohort_and_text_available
2025_fall,2025秋-数学模型-问答记录导出20260502导出_已标注_已更新.xlsx,问答记录,2025秋-数学模型-问答记录导出20260502导出_已标注_已更新.xlsx::问答记录::R215,259161,2026-01-10 18:19:35,AI智能体,included,included_in_cohort_and_text_available
2025_fall,2025秋-数学模型-问答记录导出20260502导出_已标注_已更新.xlsx,问答记录,2025秋-数学模型-问答记录导出20260502导出_已标注_已更新.xlsx::问答记录::R216,259019,2025-12-16 14:54:57,AI智能体,included,included_in_cohort_and_text_available
2025_fall,2025秋-数学模型-问答记录导出20260502导出_已标注_已更新.xlsx,问答记录,2025秋-数学模型-问答记录导出20260502导出_已标注_已更新.xlsx::问答记录::R217,259897,2026-01-06 11:30:38,AI智能体,included,included_in_cohort_and_text_available
2025_fall,2025秋-数学模型-问答记录导出20260502导出_已标注_已更新.xlsx,问答记录,2025秋-数学模型-问答记录导出20260502导出_已标注_已更新.xlsx::问答记录::R218,259034,2025-11-11 17:11:04,AI智能体,included,included_in_cohort_and_text_available
2025_fall,2025秋-数学模型-问答记录导出20260502导出_已标注_已更新.xlsx,问答记录,2025秋-数学模型-问答记录导出20260502导出_已标注_已更新.xlsx::问答记录::R219,25A070,2026-01-12 18:23:50,AI智能体,included,included_in_cohort_and_text_available
2025_fall,2025秋-数学模型-问答记录导出20260502导出_已标注_已更新.xlsx,问答记录,2025秋-数学模型-问答记录导出20260502导出_已标注_已更新.xlsx::问答记录::R220,259416,2025-11-17 16:14:26,AI智能体,included,included_in_cohort_and_text_available
2025_fall,2025秋-数学模型-问答记录导出20260502导出_已标注_已更新.xlsx,问答记录,2025秋-数学模型-问答记录导出20260502导出_已标注_已更新.xlsx::问答记录::R221,25A168,2026-01-11 17:29:24,AI智能体,included,included_in_cohort_and_text_available
2025_fall,2025秋-数学模型-问答记录导出20260502导出_已标注_已更新.xlsx,问答记录,2025秋-数学模型-问答记录导出20260502导出_已标注_已更新.xlsx::问答记录::R222,258964,2025-11-04 11:19:16,AI智能体,included,included_in_cohort_and_text_available
2025_fall,2025秋-数学模型-问答记录导出20260502导出_已标注_已更新.xlsx,问答记录,2025秋-数学模型-问答记录导出20260502导出_已标注_已更新.xlsx::问答记录::R223,259867,2025-12-09 15:08:39,AI智能体,included,included_in_cohort_and_text_available
2025_fall,2025秋-数学模型-问答记录导出20260502导出_已标注_已更新.xlsx,问答记录,2025秋-数学模型-问答记录导出20260502导出_已标注_已更新.xlsx::问答记录::R224,259405,2026-01-17 17:30:28,AI智能体,included,included_in_cohort_and_text_available
2025_fall,2025秋-数学模型-问答记录导出20260502导出_已标注_已更新.xlsx,问答记录,2025秋-数学模型-问答记录导出20260502导出_已标注_已更新.xlsx::问答记录::R225,259869,2025-11-27 15:55:58,AI智能体,included,included_in_cohort_and_text_available
2025_fall,2025秋-数学模型-问答记录导出20260502导出_已标注_已更新.xlsx,问答记录,2025秋-数学模型-问答记录导出20260502导出_已标注_已更新.xlsx::问答记录::R226,258899,2025-11-07 19:35:57,AI智能体,included,included_in_cohort_and_text_available
2025_fall,2025秋-数学模型-问答记录导出20260502导出_已标注_已更新.xlsx,问答记录,2025秋-数学模型-问答记录导出20260502导出_已标注_已更新.xlsx::问答记录::R227,259325,2025-12-03 21:34:04,AI智能体,included,included_in_cohort_and_text_available
2025_fall,2025秋-数学模型-问答记录导出20260502导出_已标注_已更新.xlsx,问答记录,2025秋-数学模型-问答记录导出20260502导出_已标注_已更新.xlsx::问答记录::R228,259116,2026-01-17 15:25:48,AI智能体,included,included_in_cohort_and_text_available
2025_fall,2025秋-数学模型-问答记录导出20260502导出_已标注_已更新.xlsx,问答记录,2025秋-数学模型-问答记录导出20260502导出_已标注_已更新.xlsx::问答记录::R229,259004,2026-01-11 13:52:36,AI智能体,included,included_in_cohort_and_text_available
2025_fall,2025秋-数学模型-问答记录导出20260502导出_已标注_已更新.xlsx,问答记录,2025秋-数学模型-问答记录导出20260502导出_已标注_已更新.xlsx::问答记录::R230,259022,2025-11-04 15:26:43,AI智能体,included,included_in_cohort_and_text_available
2025_fall,2025秋-数学模型-问答记录导出20260502导出_已标注_已更新.xlsx,问答记录,2025秋-数学模型-问答记录导出20260502导出_已标注_已更新.xlsx::问答记录::R231,258867,2026-01-13 14:52:08,AI智能体,included,included_in_cohort_and_text_available
2025_fall,2025秋-数学模型-问答记录导出20260502导出_已标注_已更新.xlsx,问答记录,2025秋-数学模型-问答记录导出20260502导出_已标注_已更新.xlsx::问答记录::R232,258935,2025-12-16 16:11:09,AI智能体,included,included_in_cohort_and_text_available
2025_fall,2025秋-数学模型-问答记录导出20260502导出_已标注_已更新.xlsx,问答记录,2025秋-数学模型-问答记录导出20260502导出_已标注_已更新.xlsx::问答记录::R233,25P028,2025-12-18 19:49:59,AI智能体,included,included_in_cohort_and_text_available
2025_fall,2025秋-数学模型-问答记录导出20260502导出_已标注_已更新.xlsx,问答记录,2025秋-数学模型-问答记录导出20260502导出_已标注_已更新.xlsx::问答记录::R234,259101,2025-12-14 15:16:58,AI智能体,included,included_in_cohort_and_text_available
2025_fall,2025秋-数学模型-问答记录导出20260502导出_已标注_已更新.xlsx,问答记录,2025秋-数学模型-问答记录导出20260502导出_已标注_已更新.xlsx::问答记录::R235,259324,2025-11-23 14:00:02,AI智能体,included,included_in_cohort_and_text_available
2025_fall,2025秋-数学模型-问答记录导出20260502导出_已标注_已更新.xlsx,问答记录,2025秋-数学模型-问答记录导出20260502导出_已标注_已更新.xlsx::问答记录::R236,259863,2025-11-26 14:47:30,AI智能体,included,included_in_cohort_and_text_available
2025_fall,2025秋-数学模型-问答记录导出20260502导出_已标注_已更新.xlsx,问答记录,2025秋-数学模型-问答记录导出20260502导出_已标注_已更新.xlsx::问答记录::R237,258858,2025-11-04 17:06:57,AI智能体,included,included_in_cohort_and_text_available
2025_fall,2025秋-数学模型-问答记录导出20260502导出_已标注_已更新.xlsx,问答记录,2025秋-数学模型-问答记录导出20260502导出_已标注_已更新.xlsx::问答记录::R238,259399,2026-01-07 15:14:28,AI智能体,included,included_in_cohort_and_text_available
2025_fall,2025秋-数学模型-问答记录导出20260502导出_已标注_已更新.xlsx,问答记录,2025秋-数学模型-问答记录导出20260502导出_已标注_已更新.xlsx::问答记录::R239,258856,2025-11-27 20:57:09,AI智能体,included,included_in_cohort_and_text_available
2025_fall,2025秋-数学模型-问答记录导出20260502导出_已标注_已更新.xlsx,问答记录,2025秋-数学模型-问答记录导出20260502导出_已标注_已更新.xlsx::问答记录::R240,240957,2025-11-04 17:07:21,AI智能体,included,included_in_cohort_and_text_available
2025_fall,2025秋-数学模型-问答记录导出20260502导出_已标注_已更新.xlsx,问答记录,2025秋-数学模型-问答记录导出20260502导出_已标注_已更新.xlsx::问答记录::R241,258521,2025-11-13 14:25:57,AI智能体,included,included_in_cohort_and_text_available
2025_fall,2025秋-数学模型-问答记录导出20260502导出_已标注_已更新.xlsx,问答记录,2025秋-数学模型-问答记录导出20260502导出_已标注_已更新.xlsx::问答记录::R242,259402,2026-01-07 16:19:26,AI智能体,included,included_in_cohort_and_text_available
2025_fall,2025秋-数学模型-问答记录导出20260502导出_已标注_已更新.xlsx,问答记录,2025秋-数学模型-问答记录导出20260502导出_已标注_已更新.xlsx::问答记录::R243,258258,2026-01-11 17:30:54,AI智能体,included,included_in_cohort_and_text_available
2025_fall,2025秋-数学模型-问答记录导出20260502导出_已标注_已更新.xlsx,问答记录,2025秋-数学模型-问答记录导出20260502导出_已标注_已更新.xlsx::问答记录::R244,259104,2025-11-20 14:25:35,AI智能体,included,included_in_cohort_and_text_available
2025_fall,2025秋-数学模型-问答记录导出20260502导出_已标注_已更新.xlsx,问答记录,2025秋-数学模型-问答记录导出20260502导出_已标注_已更新.xlsx::问答记录::R245,259851,2025-12-15 19:56:18,AI智能体,included,included_in_cohort_and_text_available
2025_fall,2025秋-数学模型-问答记录导出20260502导出_已标注_已更新.xlsx,问答记录,2025秋-数学模型-问答记录导出20260502导出_已标注_已更新.xlsx::问答记录::R246,258897,2025-11-10 14:14:32,AI智能体,included,included_in_cohort_and_text_available
2025_fall,2025秋-数学模型-问答记录导出20260502导出_已标注_已更新.xlsx,问答记录,2025秋-数学模型-问答记录导出20260502导出_已标注_已更新.xlsx::问答记录::R247,259943,2025-12-22 21:44:54,AI智能体,included,included_in_cohort_and_text_available
2025_fall,2025秋-数学模型-问答记录导出20260502导出_已标注_已更新.xlsx,问答记录,2025秋-数学模型-问答记录导出20260502导出_已标注_已更新.xlsx::问答记录::R248,259333,2025-11-06 10:38:17,AI智能体,included,included_in_cohort_and_text_available
2025_fall,2025秋-数学模型-问答记录导出20260502导出_已标注_已更新.xlsx,问答记录,2025秋-数学模型-问答记录导出20260502导出_已标注_已更新.xlsx::问答记录::R249,258856,2025-11-27 20:14:21,AI智能体,included,included_in_cohort_and_text_available
2025_fall,2025秋-数学模型-问答记录导出20260502导出_已标注_已更新.xlsx,问答记录,2025秋-数学模型-问答记录导出20260502导出_已标注_已更新.xlsx::问答记录::R250,259917,2025-11-12 23:12:17,AI智能体,included,included_in_cohort_and_text_available
2025_fall,2025秋-数学模型-问答记录导出20260502导出_已标注_已更新.xlsx,问答记录,2025秋-数学模型-问答记录导出20260502导出_已标注_已更新.xlsx::问答记录::R251,259314,2025-11-21 17:39:39,AI智能体,included,included_in_cohort_and_text_available
2025_fall,2025秋-数学模型-问答记录导出20260502导出_已标注_已更新.xlsx,问答记录,2025秋-数学模型-问答记录导出20260502导出_已标注_已更新.xlsx::问答记录::R252,25A086,2025-12-26 22:56:51,AI智能体,included,included_in_cohort_and_text_available
2025_fall,2025秋-数学模型-问答记录导出20260502导出_已标注_已更新.xlsx,问答记录,2025秋-数学模型-问答记录导出20260502导出_已标注_已更新.xlsx::问答记录::R253,259016,2025-12-15 16:58:13,AI智能体,included,included_in_cohort_and_text_available
2025_fall,2025秋-数学模型-问答记录导出20260502导出_已标注_已更新.xlsx,问答记录,2025秋-数学模型-问答记录导出20260502导出_已标注_已更新.xlsx::问答记录::R254,252265,2025-11-04 21:31:22,AI智能体,included,included_in_cohort_and_text_available
2025_fall,2025秋-数学模型-问答记录导出20260502导出_已标注_已更新.xlsx,问答记录,2025秋-数学模型-问答记录导出20260502导出_已标注_已更新.xlsx::问答记录::R255,258898,2026-01-03 16:25:12,AI智能体,included,included_in_cohort_and_text_available
2025_fall,2025秋-数学模型-问答记录导出20260502导出_已标注_已更新.xlsx,问答记录,2025秋-数学模型-问答记录导出20260502导出_已标注_已更新.xlsx::问答记录::R256,259442,2026-01-03 22:05:28,AI智能体,included,included_in_cohort_and_text_available
2025_fall,2025秋-数学模型-问答记录导出20260502导出_已标注_已更新.xlsx,问答记录,2025秋-数学模型-问答记录导出20260502导出_已标注_已更新.xlsx::问答记录::R257,259322,2025-12-31 09:54:30,AI智能体,included,included_in_cohort_and_text_available
2025_fall,2025秋-数学模型-问答记录导出20260502导出_已标注_已更新.xlsx,问答记录,2025秋-数学模型-问答记录导出20260502导出_已标注_已更新.xlsx::问答记录::R258,259434,2025-12-19 00:12:43,AI智能体,included,included_in_cohort_and_text_available
2025_fall,2025秋-数学模型-问答记录导出20260502导出_已标注_已更新.xlsx,问答记录,2025秋-数学模型-问答记录导出20260502导出_已标注_已更新.xlsx::问答记录::R259,258258,2026-01-12 10:05:24,AI智能体,included,included_in_cohort_and_text_available
2025_fall,2025秋-数学模型-问答记录导出20260502导出_已标注_已更新.xlsx,问答记录,2025秋-数学模型-问答记录导出20260502导出_已标注_已更新.xlsx::问答记录::R260,258890,2025-11-23 20:51:25,AI智能体,included,included_in_cohort_and_text_available
2025_fall,2025秋-数学模型-问答记录导出20260502导出_已标注_已更新.xlsx,问答记录,2025秋-数学模型-问答记录导出20260502导出_已标注_已更新.xlsx::问答记录::R261,259852,2026-01-12 22:32:08,AI智能体,included,included_in_cohort_and_text_available
2025_fall,2025秋-数学模型-问答记录导出20260502导出_已标注_已更新.xlsx,问答记录,2025秋-数学模型-问答记录导出20260502导出_已标注_已更新.xlsx::问答记录::R262,259873,2025-11-04 16:17:16,AI智能体,included,included_in_cohort_and_text_available
2025_fall,2025秋-数学模型-问答记录导出20260502导出_已标注_已更新.xlsx,问答记录,2025秋-数学模型-问答记录导出20260502导出_已标注_已更新.xlsx::问答记录::R263,259431,2025-12-01 19:46:17,AI智能体,included,included_in_cohort_and_text_available
2025_fall,2025秋-数学模型-问答记录导出20260502导出_已标注_已更新.xlsx,问答记录,2025秋-数学模型-问答记录导出20260502导出_已标注_已更新.xlsx::问答记录::R264,25A146,2025-11-29 19:16:13,AI智能体,included,included_in_cohort_and_text_available
2025_fall,2025秋-数学模型-问答记录导出20260502导出_已标注_已更新.xlsx,问答记录,2025秋-数学模型-问答记录导出20260502导出_已标注_已更新.xlsx::问答记录::R265,25A088,2025-12-23 20:55:19,AI智能体,included,included_in_cohort_and_text_available
2025_fall,2025秋-数学模型-问答记录导出20260502导出_已标注_已更新.xlsx,问答记录,2025秋-数学模型-问答记录导出20260502导出_已标注_已更新.xlsx::问答记录::R266,25A171,2025-12-04 15:02:52,AI智能体,included,included_in_cohort_and_text_available
2025_fall,2025秋-数学模型-问答记录导出20260502导出_已标注_已更新.xlsx,问答记录,2025秋-数学模型-问答记录导出20260502导出_已标注_已更新.xlsx::问答记录::R267,258268,2026-01-11 10:55:40,AI智能体,included,included_in_cohort_and_text_available
2025_fall,2025秋-数学模型-问答记录导出20260502导出_已标注_已更新.xlsx,问答记录,2025秋-数学模型-问答记录导出20260502导出_已标注_已更新.xlsx::问答记录::R268,259317,2025-11-13 14:05:14,AI智能体,included,included_in_cohort_and_text_available
2025_fall,2025秋-数学模型-问答记录导出20260502导出_已标注_已更新.xlsx,问答记录,2025秋-数学模型-问答记录导出20260502导出_已标注_已更新.xlsx::问答记录::R269,258933,2025-12-17 13:30:10,AI智能体,included,included_in_cohort_and_text_available
2025_fall,2025秋-数学模型-问答记录导出20260502导出_已标注_已更新.xlsx,问答记录,2025秋-数学模型-问答记录导出20260502导出_已标注_已更新.xlsx::问答记录::R270,259887,2025-11-24 19:50:19,AI智能体,included,included_in_cohort_and_text_available
2025_fall,2025秋-数学模型-问答记录导出20260502导出_已标注_已更新.xlsx,问答记录,2025秋-数学模型-问答记录导出20260502导出_已标注_已更新.xlsx::问答记录::R271,258755,2026-01-10 17:49:06,AI智能体,included,included_in_cohort_and_text_available
2025_fall,2025秋-数学模型-问答记录导出20260502导出_已标注_已更新.xlsx,问答记录,2025秋-数学模型-问答记录导出20260502导出_已标注_已更新.xlsx::问答记录::R272,259936,2026-01-13 11:41:32,AI智能体,included,included_in_cohort_and_text_available
2025_fall,2025秋-数学模型-问答记录导出20260502导出_已标注_已更新.xlsx,问答记录,2025秋-数学模型-问答记录导出20260502导出_已标注_已更新.xlsx::问答记录::R273,259325,2025-12-03 21:35:36,AI智能体,included,included_in_cohort_and_text_available
2025_fall,2025秋-数学模型-问答记录导出20260502导出_已标注_已更新.xlsx,问答记录,2025秋-数学模型-问答记录导出20260502导出_已标注_已更新.xlsx::问答记录::R274,259116,2026-01-17 15:30:16,AI智能体,included,included_in_cohort_and_text_available
2025_fall,2025秋-数学模型-问答记录导出20260502导出_已标注_已更新.xlsx,问答记录,2025秋-数学模型-问答记录导出20260502导出_已标注_已更新.xlsx::问答记录::R275,259339,2025-11-27 15:38:17,AI智能体,included,included_in_cohort_and_text_available
2025_fall,2025秋-数学模型-问答记录导出20260502导出_已标注_已更新.xlsx,问答记录,2025秋-数学模型-问答记录导出20260502导出_已标注_已更新.xlsx::问答记录::R276,259863,2025-11-28 14:31:14,AI智能体,included,included_in_cohort_and_text_available
2025_fall,2025秋-数学模型-问答记录导出20260502导出_已标注_已更新.xlsx,问答记录,2025秋-数学模型-问答记录导出20260502导出_已标注_已更新.xlsx::问答记录::R277,258907,2025-12-28 16:07:07,AI智能体,included,included_in_cohort_and_text_available
2025_fall,2025秋-数学模型-问答记录导出20260502导出_已标注_已更新.xlsx,问答记录,2025秋-数学模型-问答记录导出20260502导出_已标注_已更新.xlsx::问答记录::R278,259869,2025-11-27 15:38:56,AI智能体,included,included_in_cohort_and_text_available
2025_fall,2025秋-数学模型-问答记录导出20260502导出_已标注_已更新.xlsx,问答记录,2025秋-数学模型-问答记录导出20260502导出_已标注_已更新.xlsx::问答记录::R279,259927,2025-12-30 22:20:11,AI智能体,included,included_in_cohort_and_text_available
2025_fall,2025秋-数学模型-问答记录导出20260502导出_已标注_已更新.xlsx,问答记录,2025秋-数学模型-问答记录导出20260502导出_已标注_已更新.xlsx::问答记录::R280,258890,2025-12-16 14:20:49,AI智能体,included,included_in_cohort_and_text_available
2025_fall,2025秋-数学模型-问答记录导出20260502导出_已标注_已更新.xlsx,问答记录,2025秋-数学模型-问答记录导出20260502导出_已标注_已更新.xlsx::问答记录::R281,258887,2026-01-08 17:45:53,AI智能体,included,included_in_cohort_and_text_available
2025_fall,2025秋-数学模型-问答记录导出20260502导出_已标注_已更新.xlsx,问答记录,2025秋-数学模型-问答记录导出20260502导出_已标注_已更新.xlsx::问答记录::R282,259854,2025-12-16 16:44:18,AI智能体,included,included_in_cohort_and_text_available
2025_fall,2025秋-数学模型-问答记录导出20260502导出_已标注_已更新.xlsx,问答记录,2025秋-数学模型-问答记录导出20260502导出_已标注_已更新.xlsx::问答记录::R283,258274,2025-11-06 15:14:27,AI智能体,included,included_in_cohort_and_text_available
2025_fall,2025秋-数学模型-问答记录导出20260502导出_已标注_已更新.xlsx,问答记录,2025秋-数学模型-问答记录导出20260502导出_已标注_已更新.xlsx::问答记录::R284,259921,2025-11-24 18:56:54,AI智能体,included,included_in_cohort_and_text_available
2025_fall,2025秋-数学模型-问答记录导出20260502导出_已标注_已更新.xlsx,问答记录,2025秋-数学模型-问答记录导出20260502导出_已标注_已更新.xlsx::问答记录::R285,259952,2025-11-16 19:33:42,AI智能体,included,included_in_cohort_and_text_available
2025_fall,2025秋-数学模型-问答记录导出20260502导出_已标注_已更新.xlsx,问答记录,2025秋-数学模型-问答记录导出20260502导出_已标注_已更新.xlsx::问答记录::R286,259863,2025-11-26 14:48:43,AI智能体,included,included_in_cohort_and_text_available
2025_fall,2025秋-数学模型-问答记录导出20260502导出_已标注_已更新.xlsx,问答记录,2025秋-数学模型-问答记录导出20260502导出_已标注_已更新.xlsx::问答记录::R287,259919,2025-12-31 21:26:46,AI智能体,included,included_in_cohort_and_text_available
2025_fall,2025秋-数学模型-问答记录导出20260502导出_已标注_已更新.xlsx,问答记录,2025秋-数学模型-问答记录导出20260502导出_已标注_已更新.xlsx::问答记录::R288,258439,2026-01-11 21:24:00,AI智能体,included,included_in_cohort_and_text_available
2025_fall,2025秋-数学模型-问答记录导出20260502导出_已标注_已更新.xlsx,问答记录,2025秋-数学模型-问答记录导出20260502导出_已标注_已更新.xlsx::问答记录::R289,258949,2025-12-14 23:00:15,AI智能体,included,included_in_cohort_and_text_available
2025_fall,2025秋-数学模型-问答记录导出20260502导出_已标注_已更新.xlsx,问答记录,2025秋-数学模型-问答记录导出20260502导出_已标注_已更新.xlsx::问答记录::R290,259016,2025-12-15 16:08:29,AI智能体,included,included_in_cohort_and_text_available
2025_fall,2025秋-数学模型-问答记录导出20260502导出_已标注_已更新.xlsx,问答记录,2025秋-数学模型-问答记录导出20260502导出_已标注_已更新.xlsx::问答记录::R291,258857,2025-11-11 15:33:37,AI智能体,included,included_in_cohort_and_text_available
2025_fall,2025秋-数学模型-问答记录导出20260502导出_已标注_已更新.xlsx,问答记录,2025秋-数学模型-问答记录导出20260502导出_已标注_已更新.xlsx::问答记录::R292,258971,2025-11-10 21:46:59,AI智能体,included,included_in_cohort_and_text_available
2025_fall,2025秋-数学模型-问答记录导出20260502导出_已标注_已更新.xlsx,问答记录,2025秋-数学模型-问答记录导出20260502导出_已标注_已更新.xlsx::问答记录::R293,259323,2025-12-16 20:52:33,AI智能体,included,included_in_cohort_and_text_available
2025_fall,2025秋-数学模型-问答记录导出20260502导出_已标注_已更新.xlsx,问答记录,2025秋-数学模型-问答记录导出20260502导出_已标注_已更新.xlsx::问答记录::R294,259336,2025-11-23 20:21:42,AI智能体,included,included_in_cohort_and_text_available
2025_fall,2025秋-数学模型-问答记录导出20260502导出_已标注_已更新.xlsx,问答记录,2025秋-数学模型-问答记录导出20260502导出_已标注_已更新.xlsx::问答记录::R295,258918,2025-12-25 14:29:47,AI智能体,included,included_in_cohort_and_text_available
2025_fall,2025秋-数学模型-问答记录导出20260502导出_已标注_已更新.xlsx,问答记录,2025秋-数学模型-问答记录导出20260502导出_已标注_已更新.xlsx::问答记录::R296,259321,2025-11-15 17:29:21,AI智能体,included,included_in_cohort_and_text_available
2025_fall,2025秋-数学模型-问答记录导出20260502导出_已标注_已更新.xlsx,问答记录,2025秋-数学模型-问答记录导出20260502导出_已标注_已更新.xlsx::问答记录::R297,259864,2026-01-17 20:06:14,AI智能体,included,included_in_cohort_and_text_available
2025_fall,2025秋-数学模型-问答记录导出20260502导出_已标注_已更新.xlsx,问答记录,2025秋-数学模型-问答记录导出20260502导出_已标注_已更新.xlsx::问答记录::R298,259009,2025-11-10 22:24:43,AI智能体,included,included_in_cohort_and_text_available
2025_fall,2025秋-数学模型-问答记录导出20260502导出_已标注_已更新.xlsx,问答记录,2025秋-数学模型-问答记录导出20260502导出_已标注_已更新.xlsx::问答记录::R299,259101,2025-12-14 15:19:43,AI智能体,included,included_in_cohort_and_text_available
2025_fall,2025秋-数学模型-问答记录导出20260502导出_已标注_已更新.xlsx,问答记录,2025秋-数学模型-问答记录导出20260502导出_已标注_已更新.xlsx::问答记录::R300,258908,2025-12-21 16:36:37,AI智能体,included,included_in_cohort_and_text_available
2025_fall,2025秋-数学模型-问答记录导出20260502导出_已标注_已更新.xlsx,问答记录,2025秋-数学模型-问答记录导出20260502导出_已标注_已更新.xlsx::问答记录::R301,259404,2025-11-04 19:13:23,AI智能体,included,included_in_cohort_and_text_available
2025_fall,2025秋-数学模型-问答记录导出20260502导出_已标注_已更新.xlsx,问答记录,2025秋-数学模型-问答记录导出20260502导出_已标注_已更新.xlsx::问答记录::R302,252939,2025-12-04 15:57:38,AI智能体,included,included_in_cohort_and_text_available
2025_fall,2025秋-数学模型-问答记录导出20260502导出_已标注_已更新.xlsx,问答记录,2025秋-数学模型-问答记录导出20260502导出_已标注_已更新.xlsx::问答记录::R303,258927,2025-11-04 16:45:50,AI智能体,included,included_in_cohort_and_text_available
2025_fall,2025秋-数学模型-问答记录导出20260502导出_已标注_已更新.xlsx,问答记录,2025秋-数学模型-问答记录导出20260502导出_已标注_已更新.xlsx::问答记录::R304,259961,2025-11-18 14:34:37,AI智能体,included,included_in_cohort_and_text_available
2025_fall,2025秋-数学模型-问答记录导出20260502导出_已标注_已更新.xlsx,问答记录,2025秋-数学模型-问答记录导出20260502导出_已标注_已更新.xlsx::问答记录::R305,258269,2026-01-12 10:08:00,AI智能体,included,included_in_cohort_and_text_available
2025_fall,2025秋-数学模型-问答记录导出20260502导出_已标注_已更新.xlsx,问答记录,2025秋-数学模型-问答记录导出20260502导出_已标注_已更新.xlsx::问答记录::R306,259320,2026-01-10 13:54:50,AI智能体,included,included_in_cohort_and_text_available
2025_fall,2025秋-数学模型-问答记录导出20260502导出_已标注_已更新.xlsx,问答记录,2025秋-数学模型-问答记录导出20260502导出_已标注_已更新.xlsx::问答记录::R307,259335,2025-12-30 20:56:13,AI智能体,included,included_in_cohort_and_text_available
2025_fall,2025秋-数学模型-问答记录导出20260502导出_已标注_已更新.xlsx,问答记录,2025秋-数学模型-问答记录导出20260502导出_已标注_已更新.xlsx::问答记录::R308,258526,2025-11-04 15:02:49,AI智能体,included,included_in_cohort_and_text_available
2025_fall,2025秋-数学模型-问答记录导出20260502导出_已标注_已更新.xlsx,问答记录,2025秋-数学模型-问答记录导出20260502导出_已标注_已更新.xlsx::问答记录::R309,259896,2025-11-04 16:46:24,AI智能体,included,included_in_cohort_and_text_available
2025_fall,2025秋-数学模型-问答记录导出20260502导出_已标注_已更新.xlsx,问答记录,2025秋-数学模型-问答记录导出20260502导出_已标注_已更新.xlsx::问答记录::R310,258932,2025-12-09 14:02:31,AI智能体,included,included_in_cohort_and_text_available
2025_fall,2025秋-数学模型-问答记录导出20260502导出_已标注_已更新.xlsx,问答记录,2025秋-数学模型-问答记录导出20260502导出_已标注_已更新.xlsx::问答记录::R311,258881,2026-01-12 22:01:59,AI智能体,included,included_in_cohort_and_text_available
2025_fall,2025秋-数学模型-问答记录导出20260502导出_已标注_已更新.xlsx,问答记录,2025秋-数学模型-问答记录导出20260502导出_已标注_已更新.xlsx::问答记录::R312,259931,2025-11-05 20:55:56,AI智能体,included,included_in_cohort_and_text_available
2025_fall,2025秋-数学模型-问答记录导出20260502导出_已标注_已更新.xlsx,问答记录,2025秋-数学模型-问答记录导出20260502导出_已标注_已更新.xlsx::问答记录::R313,259020,2025-12-02 16:18:22,AI智能体,included,included_in_cohort_and_text_available
2025_fall,2025秋-数学模型-问答记录导出20260502导出_已标注_已更新.xlsx,问答记录,2025秋-数学模型-问答记录导出20260502导出_已标注_已更新.xlsx::问答记录::R314,259445,2025-11-17 14:38:53,AI智能体,included,included_in_cohort_and_text_available
2025_fall,2025秋-数学模型-问答记录导出20260502导出_已标注_已更新.xlsx,问答记录,2025秋-数学模型-问答记录导出20260502导出_已标注_已更新.xlsx::问答记录::R315,258857,2025-11-11 15:34:40,AI智能体,included,included_in_cohort_and_text_available
2025_fall,2025秋-数学模型-问答记录导出20260502导出_已标注_已更新.xlsx,问答记录,2025秋-数学模型-问答记录导出20260502导出_已标注_已更新.xlsx::问答记录::R316,259848,2026-01-07 17:19:32,AI智能体,included,included_in_cohort_and_text_available
2025_fall,2025秋-数学模型-问答记录导出20260502导出_已标注_已更新.xlsx,问答记录,2025秋-数学模型-问答记录导出20260502导出_已标注_已更新.xlsx::问答记录::R317,258887,2026-01-08 18:04:38,AI智能体,included,included_in_cohort_and_text_available
2025_fall,2025秋-数学模型-问答记录导出20260502导出_已标注_已更新.xlsx,问答记录,2025秋-数学模型-问答记录导出20260502导出_已标注_已更新.xlsx::问答记录::R318,259028,2026-01-10 17:52:06,AI智能体,included,included_in_cohort_and_text_available
2025_fall,2025秋-数学模型-问答记录导出20260502导出_已标注_已更新.xlsx,问答记录,2025秋-数学模型-问答记录导出20260502导出_已标注_已更新.xlsx::问答记录::R319,25A134,2025-11-29 18:00:55,AI智能体,included,included_in_cohort_and_text_available
2025_fall,2025秋-数学模型-问答记录导出20260502导出_已标注_已更新.xlsx,问答记录,2025秋-数学模型-问答记录导出20260502导出_已标注_已更新.xlsx::问答记录::R320,25A148,2025-11-04 14:19:41,AI智能体,included,included_in_cohort_and_text_available
2025_fall,2025秋-数学模型-问答记录导出20260502导出_已标注_已更新.xlsx,问答记录,2025秋-数学模型-问答记录导出20260502导出_已标注_已更新.xlsx::问答记录::R321,257174,2025-11-26 20:11:13,AI智能体,included,included_in_cohort_and_text_available
2025_fall,2025秋-数学模型-问答记录导出20260502导出_已标注_已更新.xlsx,问答记录,2025秋-数学模型-问答记录导出20260502导出_已标注_已更新.xlsx::问答记录::R322,259440,2026-01-10 21:19:52,AI智能体,included,included_in_cohort_and_text_available
2025_fall,2025秋-数学模型-问答记录导出20260502导出_已标注_已更新.xlsx,问答记录,2025秋-数学模型-问答记录导出20260502导出_已标注_已更新.xlsx::问答记录::R323,258988,2025-11-25 18:57:42,AI智能体,included,included_in_cohort_and_text_available
2025_fall,2025秋-数学模型-问答记录导出20260502导出_已标注_已更新.xlsx,问答记录,2025秋-数学模型-问答记录导出20260502导出_已标注_已更新.xlsx::问答记录::R324,258957,2025-11-12 14:27:01,AI智能体,included,included_in_cohort_and_text_available
2025_fall,2025秋-数学模型-问答记录导出20260502导出_已标注_已更新.xlsx,问答记录,2025秋-数学模型-问答记录导出20260502导出_已标注_已更新.xlsx::问答记录::R325,259025,2026-01-07 15:17:25,AI智能体,included,included_in_cohort_and_text_available
2025_fall,2025秋-数学模型-问答记录导出20260502导出_已标注_已更新.xlsx,问答记录,2025秋-数学模型-问答记录导出20260502导出_已标注_已更新.xlsx::问答记录::R326,259899,2025-12-26 10:29:10,AI智能体,included,included_in_cohort_and_text_available
2025_fall,2025秋-数学模型-问答记录导出20260502导出_已标注_已更新.xlsx,问答记录,2025秋-数学模型-问答记录导出20260502导出_已标注_已更新.xlsx::问答记录::R327,258425,2025-12-15 21:25:56,AI智能体,included,included_in_cohort_and_text_available
2025_fall,2025秋-数学模型-问答记录导出20260502导出_已标注_已更新.xlsx,问答记录,2025秋-数学模型-问答记录导出20260502导出_已标注_已更新.xlsx::问答记录::R328,259427,2025-12-27 19:30:48,AI智能体,included,included_in_cohort_and_text_available
2025_fall,2025秋-数学模型-问答记录导出20260502导出_已标注_已更新.xlsx,问答记录,2025秋-数学模型-问答记录导出20260502导出_已标注_已更新.xlsx::问答记录::R329,259332,2025-11-06 14:31:38,AI智能体,included,included_in_cohort_and_text_available
2025_fall,2025秋-数学模型-问答记录导出20260502导出_已标注_已更新.xlsx,问答记录,2025秋-数学模型-问答记录导出20260502导出_已标注_已更新.xlsx::问答记录::R330,259015,2026-01-14 16:12:57,AI智能体,included,included_in_cohort_and_text_available
2025_fall,2025秋-数学模型-问答记录导出20260502导出_已标注_已更新.xlsx,问答记录,2025秋-数学模型-问答记录导出20260502导出_已标注_已更新.xlsx::问答记录::R331,259895,2026-01-06 15:53:02,AI智能体,included,included_in_cohort_and_text_available
2025_fall,2025秋-数学模型-问答记录导出20260502导出_已标注_已更新.xlsx,问答记录,2025秋-数学模型-问答记录导出20260502导出_已标注_已更新.xlsx::问答记录::R332,258433,2026-01-08 22:01:23,AI智能体,included,included_in_cohort_and_text_available
2025_fall,2025秋-数学模型-问答记录导出20260502导出_已标注_已更新.xlsx,问答记录,2025秋-数学模型-问答记录导出20260502导出_已标注_已更新.xlsx::问答记录::R333,259332,2025-11-06 14:49:48,AI智能体,included,included_in_cohort_and_text_available
2025_fall,2025秋-数学模型-问答记录导出20260502导出_已标注_已更新.xlsx,问答记录,2025秋-数学模型-问答记录导出20260502导出_已标注_已更新.xlsx::问答记录::R334,259009,2025-11-10 22:28:14,AI智能体,included,included_in_cohort_and_text_available
2025_fall,2025秋-数学模型-问答记录导出20260502导出_已标注_已更新.xlsx,问答记录,2025秋-数学模型-问答记录导出20260502导出_已标注_已更新.xlsx::问答记录::R335,259932,2025-11-12 16:53:18,AI智能体,included,included_in_cohort_and_text_available
2025_fall,2025秋-数学模型-问答记录导出20260502导出_已标注_已更新.xlsx,问答记录,2025秋-数学模型-问答记录导出20260502导出_已标注_已更新.xlsx::问答记录::R336,240855,2026-01-10 18:27:46,AI智能体,included,included_in_cohort_and_text_available
2025_fall,2025秋-数学模型-问答记录导出20260502导出_已标注_已更新.xlsx,问答记录,2025秋-数学模型-问答记录导出20260502导出_已标注_已更新.xlsx::问答记录::R337,258856,2025-11-27 20:18:26,AI智能体,included,included_in_cohort_and_text_available
2025_fall,2025秋-数学模型-问答记录导出20260502导出_已标注_已更新.xlsx,问答记录,2025秋-数学模型-问答记录导出20260502导出_已标注_已更新.xlsx::问答记录::R338,258524,2026-01-07 10:36:55,AI智能体,included,included_in_cohort_and_text_available
2025_fall,2025秋-数学模型-问答记录导出20260502导出_已标注_已更新.xlsx,问答记录,2025秋-数学模型-问答记录导出20260502导出_已标注_已更新.xlsx::问答记录::R339,259920,2025-11-11 14:17:38,AI智能体,included,included_in_cohort_and_text_available
2025_fall,2025秋-数学模型-问答记录导出20260502导出_已标注_已更新.xlsx,问答记录,2025秋-数学模型-问答记录导出20260502导出_已标注_已更新.xlsx::问答记录::R340,259933,2025-11-20 14:08:39,AI智能体,included,included_in_cohort_and_text_available
2025_fall,2025秋-数学模型-问答记录导出20260502导出_已标注_已更新.xlsx,问答记录,2025秋-数学模型-问答记录导出20260502导出_已标注_已更新.xlsx::问答记录::R341,248797,2026-01-12 23:44:44,AI智能体,included,included_in_cohort_and_text_available
2025_fall,2025秋-数学模型-问答记录导出20260502导出_已标注_已更新.xlsx,问答记录,2025秋-数学模型-问答记录导出20260502导出_已标注_已更新.xlsx::问答记录::R342,258903,2025-12-14 00:56:06,AI智能体,included,included_in_cohort_and_text_available
2025_fall,2025秋-数学模型-问答记录导出20260502导出_已标注_已更新.xlsx,问答记录,2025秋-数学模型-问答记录导出20260502导出_已标注_已更新.xlsx::问答记录::R343,258521,2025-11-13 14:30:31,AI智能体,included,included_in_cohort_and_text_available
2025_fall,2025秋-数学模型-问答记录导出20260502导出_已标注_已更新.xlsx,问答记录,2025秋-数学模型-问答记录导出20260502导出_已标注_已更新.xlsx::问答记录::R344,258903,2025-12-14 00:56:33,AI智能体,included,included_in_cohort_and_text_available
2025_fall,2025秋-数学模型-问答记录导出20260502导出_已标注_已更新.xlsx,问答记录,2025秋-数学模型-问答记录导出20260502导出_已标注_已更新.xlsx::问答记录::R345,258960,2025-12-16 14:10:57,AI智能体,included,included_in_cohort_and_text_available
2025_fall,2025秋-数学模型-问答记录导出20260502导出_已标注_已更新.xlsx,问答记录,2025秋-数学模型-问答记录导出20260502导出_已标注_已更新.xlsx::问答记录::R346,258935,2025-12-16 16:14:51,AI智能体,included,included_in_cohort_and_text_available
2025_fall,2025秋-数学模型-问答记录导出20260502导出_已标注_已更新.xlsx,问答记录,2025秋-数学模型-问答记录导出20260502导出_已标注_已更新.xlsx::问答记录::R347,25A085,2025-12-18 15:26:57,AI智能体,included,included_in_cohort_and_text_available
2025_fall,2025秋-数学模型-问答记录导出20260502导出_已标注_已更新.xlsx,问答记录,2025秋-数学模型-问答记录导出20260502导出_已标注_已更新.xlsx::问答记录::R348,259320,2026-01-10 13:57:09,AI智能体,included,included_in_cohort_and_text_available
2025_fall,2025秋-数学模型-问答记录导出20260502导出_已标注_已更新.xlsx,问答记录,2025秋-数学模型-问答记录导出20260502导出_已标注_已更新.xlsx::问答记录::R349,259440,2026-01-10 21:20:41,AI智能体,included,included_in_cohort_and_text_available
2025_fall,2025秋-数学模型-问答记录导出20260502导出_已标注_已更新.xlsx,问答记录,2025秋-数学模型-问答记录导出20260502导出_已标注_已更新.xlsx::问答记录::R350,259933,2025-11-19 15:27:52,AI智能体,excluded,url_only_unretrieved_content
2025_fall,2025秋-数学模型-问答记录导出20260502导出_已标注_已更新.xlsx,问答记录,2025秋-数学模型-问答记录导出20260502导出_已标注_已更新.xlsx::问答记录::R351,259400,2025-12-25 23:04:46,AI智能体,included,included_in_cohort_and_text_available
2025_fall,2025秋-数学模型-问答记录导出20260502导出_已标注_已更新.xlsx,问答记录,2025秋-数学模型-问答记录导出20260502导出_已标注_已更新.xlsx::问答记录::R352,259892,2025-12-21 23:04:48,AI智能体,included,included_in_cohort_and_text_available
2025_fall,2025秋-数学模型-问答记录导出20260502导出_已标注_已更新.xlsx,问答记录,2025秋-数学模型-问答记录导出20260502导出_已标注_已更新.xlsx::问答记录::R353,259025,2026-01-07 15:18:26,AI智能体,included,included_in_cohort_and_text_available
2025_fall,2025秋-数学模型-问答记录导出20260502导出_已标注_已更新.xlsx,问答记录,2025秋-数学模型-问答记录导出20260502导出_已标注_已更新.xlsx::问答记录::R354,259887,2025-11-24 19:55:09,AI智能体,included,included_in_cohort_and_text_available
2025_fall,2025秋-数学模型-问答记录导出20260502导出_已标注_已更新.xlsx,问答记录,2025秋-数学模型-问答记录导出20260502导出_已标注_已更新.xlsx::问答记录::R355,259053,2025-11-09 19:30:02,AI智能体,included,included_in_cohort_and_text_available
2025_fall,2025秋-数学模型-问答记录导出20260502导出_已标注_已更新.xlsx,问答记录,2025秋-数学模型-问答记录导出20260502导出_已标注_已更新.xlsx::问答记录::R356,258258,2026-01-11 18:06:15,AI智能体,included,included_in_cohort_and_text_available
2025_fall,2025秋-数学模型-问答记录导出20260502导出_已标注_已更新.xlsx,问答记录,2025秋-数学模型-问答记录导出20260502导出_已标注_已更新.xlsx::问答记录::R357,259936,2026-01-13 11:46:33,AI智能体,included,included_in_cohort_and_text_available
2025_fall,2025秋-数学模型-问答记录导出20260502导出_已标注_已更新.xlsx,问答记录,2025秋-数学模型-问答记录导出20260502导出_已标注_已更新.xlsx::问答记录::R358,258958,2025-11-06 22:09:17,AI智能体,included,included_in_cohort_and_text_available
2025_fall,2025秋-数学模型-问答记录导出20260502导出_已标注_已更新.xlsx,问答记录,2025秋-数学模型-问答记录导出20260502导出_已标注_已更新.xlsx::问答记录::R359,258440,2025-12-24 23:57:01,AI智能体,included,included_in_cohort_and_text_available
2025_fall,2025秋-数学模型-问答记录导出20260502导出_已标注_已更新.xlsx,问答记录,2025秋-数学模型-问答记录导出20260502导出_已标注_已更新.xlsx::问答记录::R360,258922,2026-01-06 16:53:11,AI智能体,included,included_in_cohort_and_text_available
2025_fall,2025秋-数学模型-问答记录导出20260502导出_已标注_已更新.xlsx,问答记录,2025秋-数学模型-问答记录导出20260502导出_已标注_已更新.xlsx::问答记录::R361,243705,2025-12-09 16:58:39,AI智能体,included,included_in_cohort_and_text_available
2025_fall,2025秋-数学模型-问答记录导出20260502导出_已标注_已更新.xlsx,问答记录,2025秋-数学模型-问答记录导出20260502导出_已标注_已更新.xlsx::问答记录::R362,258931,2025-12-29 20:22:43,AI智能体,included,included_in_cohort_and_text_available
2025_fall,2025秋-数学模型-问答记录导出20260502导出_已标注_已更新.xlsx,问答记录,2025秋-数学模型-问答记录导出20260502导出_已标注_已更新.xlsx::问答记录::R363,259038,2025-12-14 23:05:14,AI智能体,included,included_in_cohort_and_text_available
2025_fall,2025秋-数学模型-问答记录导出20260502导出_已标注_已更新.xlsx,问答记录,2025秋-数学模型-问答记录导出20260502导出_已标注_已更新.xlsx::问答记录::R364,259333,2025-11-06 12:02:41,AI智能体,included,included_in_cohort_and_text_available
2025_fall,2025秋-数学模型-问答记录导出20260502导出_已标注_已更新.xlsx,问答记录,2025秋-数学模型-问答记录导出20260502导出_已标注_已更新.xlsx::问答记录::R365,259341,2025-12-11 17:18:03,AI智能体,included,included_in_cohort_and_text_available
2025_fall,2025秋-数学模型-问答记录导出20260502导出_已标注_已更新.xlsx,问答记录,2025秋-数学模型-问答记录导出20260502导出_已标注_已更新.xlsx::问答记录::R366,258921,2026-01-09 21:34:28,AI智能体,included,included_in_cohort_and_text_available
2025_fall,2025秋-数学模型-问答记录导出20260502导出_已标注_已更新.xlsx,问答记录,2025秋-数学模型-问答记录导出20260502导出_已标注_已更新.xlsx::问答记录::R367,259933,2025-11-18 20:22:56,AI智能体,included,included_in_cohort_and_text_available
2025_fall,2025秋-数学模型-问答记录导出20260502导出_已标注_已更新.xlsx,问答记录,2025秋-数学模型-问答记录导出20260502导出_已标注_已更新.xlsx::问答记录::R368,259024,2025-11-05 10:24:09,AI智能体,included,included_in_cohort_and_text_available
2025_fall,2025秋-数学模型-问答记录导出20260502导出_已标注_已更新.xlsx,问答记录,2025秋-数学模型-问答记录导出20260502导出_已标注_已更新.xlsx::问答记录::R369,258258,2025-12-22 11:31:58,AI智能体,included,included_in_cohort_and_text_available
2025_fall,2025秋-数学模型-问答记录导出20260502导出_已标注_已更新.xlsx,问答记录,2025秋-数学模型-问答记录导出20260502导出_已标注_已更新.xlsx::问答记录::R370,259333,2025-11-06 12:03:02,AI智能体,included,included_in_cohort_and_text_available
2025_fall,2025秋-数学模型-问答记录导出20260502导出_已标注_已更新.xlsx,问答记录,2025秋-数学模型-问答记录导出20260502导出_已标注_已更新.xlsx::问答记录::R371,259049,2025-11-11 21:06:45,AI智能体,included,included_in_cohort_and_text_available
2025_fall,2025秋-数学模型-问答记录导出20260502导出_已标注_已更新.xlsx,问答记录,2025秋-数学模型-问答记录导出20260502导出_已标注_已更新.xlsx::问答记录::R372,258907,2025-12-28 16:36:05,AI智能体,included,included_in_cohort_and_text_available
2025_fall,2025秋-数学模型-问答记录导出20260502导出_已标注_已更新.xlsx,问答记录,2025秋-数学模型-问答记录导出20260502导出_已标注_已更新.xlsx::问答记录::R373,258258,2026-01-11 18:07:03,AI智能体,included,included_in_cohort_and_text_available
2025_fall,2025秋-数学模型-问答记录导出20260502导出_已标注_已更新.xlsx,问答记录,2025秋-数学模型-问答记录导出20260502导出_已标注_已更新.xlsx::问答记录::R374,240957,2025-11-04 17:14:59,AI智能体,included,included_in_cohort_and_text_available
2025_fall,2025秋-数学模型-问答记录导出20260502导出_已标注_已更新.xlsx,问答记录,2025秋-数学模型-问答记录导出20260502导出_已标注_已更新.xlsx::问答记录::R375,258878,2025-11-07 18:03:45,AI智能体,included,included_in_cohort_and_text_available
2025_fall,2025秋-数学模型-问答记录导出20260502导出_已标注_已更新.xlsx,问答记录,2025秋-数学模型-问答记录导出20260502导出_已标注_已更新.xlsx::问答记录::R376,258888,2026-01-05 14:17:26,AI智能体,included,included_in_cohort_and_text_available
2025_fall,2025秋-数学模型-问答记录导出20260502导出_已标注_已更新.xlsx,问答记录,2025秋-数学模型-问答记录导出20260502导出_已标注_已更新.xlsx::问答记录::R377,258872,2025-12-20 11:25:15,AI智能体,included,included_in_cohort_and_text_available
2025_fall,2025秋-数学模型-问答记录导出20260502导出_已标注_已更新.xlsx,问答记录,2025秋-数学模型-问答记录导出20260502导出_已标注_已更新.xlsx::问答记录::R378,258939,2025-12-28 00:15:40,AI智能体,included,included_in_cohort_and_text_available
2025_fall,2025秋-数学模型-问答记录导出20260502导出_已标注_已更新.xlsx,问答记录,2025秋-数学模型-问答记录导出20260502导出_已标注_已更新.xlsx::问答记录::R379,259449,2026-01-16 20:46:08,AI智能体,included,included_in_cohort_and_text_available
2025_fall,2025秋-数学模型-问答记录导出20260502导出_已标注_已更新.xlsx,问答记录,2025秋-数学模型-问答记录导出20260502导出_已标注_已更新.xlsx::问答记录::R380,259936,2026-01-13 11:47:47,AI智能体,included,included_in_cohort_and_text_available
2025_fall,2025秋-数学模型-问答记录导出20260502导出_已标注_已更新.xlsx,问答记录,2025秋-数学模型-问答记录导出20260502导出_已标注_已更新.xlsx::问答记录::R381,243705,2025-12-09 16:59:40,AI智能体,included,included_in_cohort_and_text_available
2025_fall,2025秋-数学模型-问答记录导出20260502导出_已标注_已更新.xlsx,问答记录,2025秋-数学模型-问答记录导出20260502导出_已标注_已更新.xlsx::问答记录::R382,259015,2026-01-14 16:15:45,AI智能体,included,included_in_cohort_and_text_available
2025_fall,2025秋-数学模型-问答记录导出20260502导出_已标注_已更新.xlsx,问答记录,2025秋-数学模型-问答记录导出20260502导出_已标注_已更新.xlsx::问答记录::R383,258957,2025-11-12 14:41:36,AI智能体,included,included_in_cohort_and_text_available
2025_fall,2025秋-数学模型-问答记录导出20260502导出_已标注_已更新.xlsx,问答记录,2025秋-数学模型-问答记录导出20260502导出_已标注_已更新.xlsx::问答记录::R384,258899,2025-11-11 15:59:33,AI智能体,included,included_in_cohort_and_text_available
2025_fall,2025秋-数学模型-问答记录导出20260502导出_已标注_已更新.xlsx,问答记录,2025秋-数学模型-问答记录导出20260502导出_已标注_已更新.xlsx::问答记录::R385,258938,2025-11-10 11:02:04,AI智能体,included,included_in_cohort_and_text_available
2025_fall,2025秋-数学模型-问答记录导出20260502导出_已标注_已更新.xlsx,问答记录,2025秋-数学模型-问答记录导出20260502导出_已标注_已更新.xlsx::问答记录::R386,258859,2025-11-04 17:59:50,AI智能体,included,included_in_cohort_and_text_available
2025_fall,2025秋-数学模型-问答记录导出20260502导出_已标注_已更新.xlsx,问答记录,2025秋-数学模型-问答记录导出20260502导出_已标注_已更新.xlsx::问答记录::R387,258981,2026-01-15 11:22:09,AI智能体,included,included_in_cohort_and_text_available
2025_fall,2025秋-数学模型-问答记录导出20260502导出_已标注_已更新.xlsx,问答记录,2025秋-数学模型-问答记录导出20260502导出_已标注_已更新.xlsx::问答记录::R388,258889,2025-12-07 22:02:17,AI智能体,included,included_in_cohort_and_text_available
2025_fall,2025秋-数学模型-问答记录导出20260502导出_已标注_已更新.xlsx,问答记录,2025秋-数学模型-问答记录导出20260502导出_已标注_已更新.xlsx::问答记录::R389,259401,2025-12-21 19:09:16,AI智能体,included,included_in_cohort_and_text_available
2025_fall,2025秋-数学模型-问答记录导出20260502导出_已标注_已更新.xlsx,问答记录,2025秋-数学模型-问答记录导出20260502导出_已标注_已更新.xlsx::问答记录::R390,258858,2025-11-04 16:49:52,AI智能体,included,included_in_cohort_and_text_available
2025_fall,2025秋-数学模型-问答记录导出20260502导出_已标注_已更新.xlsx,问答记录,2025秋-数学模型-问答记录导出20260502导出_已标注_已更新.xlsx::问答记录::R391,259019,2025-12-16 15:10:47,AI智能体,included,included_in_cohort_and_text_available
2025_fall,2025秋-数学模型-问答记录导出20260502导出_已标注_已更新.xlsx,问答记录,2025秋-数学模型-问答记录导出20260502导出_已标注_已更新.xlsx::问答记录::R392,258919,2026-01-10 14:44:21,AI智能体,included,included_in_cohort_and_text_available
2025_fall,2025秋-数学模型-问答记录导出20260502导出_已标注_已更新.xlsx,问答记录,2025秋-数学模型-问答记录导出20260502导出_已标注_已更新.xlsx::问答记录::R393,259403,2025-11-04 10:43:38,AI智能体,included,included_in_cohort_and_text_available
2025_fall,2025秋-数学模型-问答记录导出20260502导出_已标注_已更新.xlsx,问答记录,2025秋-数学模型-问答记录导出20260502导出_已标注_已更新.xlsx::问答记录::R394,259958,2026-01-01 18:42:23,AI智能体,included,included_in_cohort_and_text_available
2025_fall,2025秋-数学模型-问答记录导出20260502导出_已标注_已更新.xlsx,问答记录,2025秋-数学模型-问答记录导出20260502导出_已标注_已更新.xlsx::问答记录::R395,259437,2025-11-04 16:49:54,AI智能体,included,included_in_cohort_and_text_available
2025_fall,2025秋-数学模型-问答记录导出20260502导出_已标注_已更新.xlsx,问答记录,2025秋-数学模型-问答记录导出20260502导出_已标注_已更新.xlsx::问答记录::R396,25A085,2025-12-18 15:01:57,AI智能体,included,included_in_cohort_and_text_available
2025_fall,2025秋-数学模型-问答记录导出20260502导出_已标注_已更新.xlsx,问答记录,2025秋-数学模型-问答记录导出20260502导出_已标注_已更新.xlsx::问答记录::R397,259885,2025-12-11 23:00:18,AI智能体,included,included_in_cohort_and_text_available
2025_fall,2025秋-数学模型-问答记录导出20260502导出_已标注_已更新.xlsx,问答记录,2025秋-数学模型-问答记录导出20260502导出_已标注_已更新.xlsx::问答记录::R398,259438,2025-12-16 12:15:25,AI智能体,included,included_in_cohort_and_text_available
2025_fall,2025秋-数学模型-问答记录导出20260502导出_已标注_已更新.xlsx,问答记录,2025秋-数学模型-问答记录导出20260502导出_已标注_已更新.xlsx::问答记录::R399,259037,2026-01-08 22:54:59,AI智能体,included,included_in_cohort_and_text_available
2025_fall,2025秋-数学模型-问答记录导出20260502导出_已标注_已更新.xlsx,问答记录,2025秋-数学模型-问答记录导出20260502导出_已标注_已更新.xlsx::问答记录::R400,258978,2025-12-22 14:43:32,AI智能体,included,included_in_cohort_and_text_available
2025_fall,2025秋-数学模型-问答记录导出20260502导出_已标注_已更新.xlsx,问答记录,2025秋-数学模型-问答记录导出20260502导出_已标注_已更新.xlsx::问答记录::R401,258856,2025-11-27 20:40:24,AI智能体,included,included_in_cohort_and_text_available
2025_fall,2025秋-数学模型-问答记录导出20260502导出_已标注_已更新.xlsx,问答记录,2025秋-数学模型-问答记录导出20260502导出_已标注_已更新.xlsx::问答记录::R402,259004,2026-01-11 13:59:47,AI智能体,included,included_in_cohort_and_text_available
2025_fall,2025秋-数学模型-问答记录导出20260502导出_已标注_已更新.xlsx,问答记录,2025秋-数学模型-问答记录导出20260502导出_已标注_已更新.xlsx::问答记录::R403,243705,2025-12-09 17:00:50,AI智能体,included,included_in_cohort_and_text_available
2025_fall,2025秋-数学模型-问答记录导出20260502导出_已标注_已更新.xlsx,问答记录,2025秋-数学模型-问答记录导出20260502导出_已标注_已更新.xlsx::问答记录::R404,258889,2025-12-07 22:03:39,AI智能体,included,included_in_cohort_and_text_available
2025_fall,2025秋-数学模型-问答记录导出20260502导出_已标注_已更新.xlsx,问答记录,2025秋-数学模型-问答记录导出20260502导出_已标注_已更新.xlsx::问答记录::R405,259038,2025-11-11 00:54:59,AI智能体,included,included_in_cohort_and_text_available
2025_fall,2025秋-数学模型-问答记录导出20260502导出_已标注_已更新.xlsx,问答记录,2025秋-数学模型-问答记录导出20260502导出_已标注_已更新.xlsx::问答记录::R406,259038,2025-12-14 22:36:14,AI智能体,included,included_in_cohort_and_text_available
2025_fall,2025秋-数学模型-问答记录导出20260502导出_已标注_已更新.xlsx,问答记录,2025秋-数学模型-问答记录导出20260502导出_已标注_已更新.xlsx::问答记录::R407,259416,2025-11-17 17:05:44,AI智能体,included,included_in_cohort_and_text_available
2025_fall,2025秋-数学模型-问答记录导出20260502导出_已标注_已更新.xlsx,问答记录,2025秋-数学模型-问答记录导出20260502导出_已标注_已更新.xlsx::问答记录::R408,259865,2025-11-12 21:49:49,AI智能体,included,included_in_cohort_and_text_available
2025_fall,2025秋-数学模型-问答记录导出20260502导出_已标注_已更新.xlsx,问答记录,2025秋-数学模型-问答记录导出20260502导出_已标注_已更新.xlsx::问答记录::R409,258917,2025-12-23 16:12:37,AI智能体,included,included_in_cohort_and_text_available
2025_fall,2025秋-数学模型-问答记录导出20260502导出_已标注_已更新.xlsx,问答记录,2025秋-数学模型-问答记录导出20260502导出_已标注_已更新.xlsx::问答记录::R410,259334,2025-11-15 17:40:25,AI智能体,included,included_in_cohort_and_text_available
2025_fall,2025秋-数学模型-问答记录导出20260502导出_已标注_已更新.xlsx,问答记录,2025秋-数学模型-问答记录导出20260502导出_已标注_已更新.xlsx::问答记录::R411,258911,2026-01-09 18:29:06,AI智能体,included,included_in_cohort_and_text_available
2025_fall,2025秋-数学模型-问答记录导出20260502导出_已标注_已更新.xlsx,问答记录,2025秋-数学模型-问答记录导出20260502导出_已标注_已更新.xlsx::问答记录::R412,259858,2026-01-10 19:05:22,AI智能体,included,included_in_cohort_and_text_available
2025_fall,2025秋-数学模型-问答记录导出20260502导出_已标注_已更新.xlsx,问答记录,2025秋-数学模型-问答记录导出20260502导出_已标注_已更新.xlsx::问答记录::R413,259857,2025-12-26 15:19:30,AI智能体,included,included_in_cohort_and_text_available
2025_fall,2025秋-数学模型-问答记录导出20260502导出_已标注_已更新.xlsx,问答记录,2025秋-数学模型-问答记录导出20260502导出_已标注_已更新.xlsx::问答记录::R414,259410,2026-01-17 15:41:20,AI智能体,included,included_in_cohort_and_text_available
2025_fall,2025秋-数学模型-问答记录导出20260502导出_已标注_已更新.xlsx,问答记录,2025秋-数学模型-问答记录导出20260502导出_已标注_已更新.xlsx::问答记录::R415,259097,2025-12-04 09:19:09,AI智能体,included,included_in_cohort_and_text_available
2025_fall,2025秋-数学模型-问答记录导出20260502导出_已标注_已更新.xlsx,问答记录,2025秋-数学模型-问答记录导出20260502导出_已标注_已更新.xlsx::问答记录::R416,259315,2025-11-26 16:00:33,AI智能体,included,included_in_cohort_and_text_available
2025_fall,2025秋-数学模型-问答记录导出20260502导出_已标注_已更新.xlsx,问答记录,2025秋-数学模型-问答记录导出20260502导出_已标注_已更新.xlsx::问答记录::R417,257174,2025-11-26 20:14:57,AI智能体,included,included_in_cohort_and_text_available
2025_fall,2025秋-数学模型-问答记录导出20260502导出_已标注_已更新.xlsx,问答记录,2025秋-数学模型-问答记录导出20260502导出_已标注_已更新.xlsx::问答记录::R418,259895,2026-01-06 15:55:39,AI智能体,included,included_in_cohort_and_text_available
2025_fall,2025秋-数学模型-问答记录导出20260502导出_已标注_已更新.xlsx,问答记录,2025秋-数学模型-问答记录导出20260502导出_已标注_已更新.xlsx::问答记录::R419,258995,2026-01-02 19:45:42,AI智能体,included,included_in_cohort_and_text_available
2025_fall,2025秋-数学模型-问答记录导出20260502导出_已标注_已更新.xlsx,问答记录,2025秋-数学模型-问答记录导出20260502导出_已标注_已更新.xlsx::问答记录::R420,258932,2025-11-09 22:27:28,AI智能体,included,included_in_cohort_and_text_available
2025_fall,2025秋-数学模型-问答记录导出20260502导出_已标注_已更新.xlsx,问答记录,2025秋-数学模型-问答记录导出20260502导出_已标注_已更新.xlsx::问答记录::R421,258525,2025-11-18 22:53:18,AI智能体,included,included_in_cohort_and_text_available
2025_fall,2025秋-数学模型-问答记录导出20260502导出_已标注_已更新.xlsx,问答记录,2025秋-数学模型-问答记录导出20260502导出_已标注_已更新.xlsx::问答记录::R422,25A081,2025-11-11 16:02:28,AI智能体,included,included_in_cohort_and_text_available
2025_fall,2025秋-数学模型-问答记录导出20260502导出_已标注_已更新.xlsx,问答记录,2025秋-数学模型-问答记录导出20260502导出_已标注_已更新.xlsx::问答记录::R423,258892,2026-01-12 21:41:52,AI智能体,included,included_in_cohort_and_text_available
2025_fall,2025秋-数学模型-问答记录导出20260502导出_已标注_已更新.xlsx,问答记录,2025秋-数学模型-问答记录导出20260502导出_已标注_已更新.xlsx::问答记录::R424,258943,2025-11-21 20:23:35,AI智能体,included,included_in_cohort_and_text_available
2025_fall,2025秋-数学模型-问答记录导出20260502导出_已标注_已更新.xlsx,问答记录,2025秋-数学模型-问答记录导出20260502导出_已标注_已更新.xlsx::问答记录::R425,259338,2025-12-04 15:09:35,AI智能体,included,included_in_cohort_and_text_available
2025_fall,2025秋-数学模型-问答记录导出20260502导出_已标注_已更新.xlsx,问答记录,2025秋-数学模型-问答记录导出20260502导出_已标注_已更新.xlsx::问答记录::R426,257174,2025-11-26 17:13:06,AI智能体,included,included_in_cohort_and_text_available
2025_fall,2025秋-数学模型-问答记录导出20260502导出_已标注_已更新.xlsx,问答记录,2025秋-数学模型-问答记录导出20260502导出_已标注_已更新.xlsx::问答记录::R427,259003,2025-11-19 16:10:19,AI智能体,included,included_in_cohort_and_text_available
2025_fall,2025秋-数学模型-问答记录导出20260502导出_已标注_已更新.xlsx,问答记录,2025秋-数学模型-问答记录导出20260502导出_已标注_已更新.xlsx::问答记录::R428,258935,2025-12-16 15:27:56,AI智能体,included,included_in_cohort_and_text_available
2025_fall,2025秋-数学模型-问答记录导出20260502导出_已标注_已更新.xlsx,问答记录,2025秋-数学模型-问答记录导出20260502导出_已标注_已更新.xlsx::问答记录::R429,259449,2026-01-16 20:50:38,AI智能体,included,included_in_cohort_and_text_available
2025_fall,2025秋-数学模型-问答记录导出20260502导出_已标注_已更新.xlsx,问答记录,2025秋-数学模型-问答记录导出20260502导出_已标注_已更新.xlsx::问答记录::R430,259419,2025-12-29 16:58:13,AI智能体,included,included_in_cohort_and_text_available
2025_fall,2025秋-数学模型-问答记录导出20260502导出_已标注_已更新.xlsx,问答记录,2025秋-数学模型-问答记录导出20260502导出_已标注_已更新.xlsx::问答记录::R431,259403,2025-11-04 10:27:40,AI智能体,included,included_in_cohort_and_text_available
2025_fall,2025秋-数学模型-问答记录导出20260502导出_已标注_已更新.xlsx,问答记录,2025秋-数学模型-问答记录导出20260502导出_已标注_已更新.xlsx::问答记录::R432,259422,2025-12-29 00:12:38,AI智能体,included,included_in_cohort_and_text_available
2025_fall,2025秋-数学模型-问答记录导出20260502导出_已标注_已更新.xlsx,问答记录,2025秋-数学模型-问答记录导出20260502导出_已标注_已更新.xlsx::问答记录::R433,258897,2025-11-10 14:02:32,AI智能体,included,included_in_cohort_and_text_available
2025_fall,2025秋-数学模型-问答记录导出20260502导出_已标注_已更新.xlsx,问答记录,2025秋-数学模型-问答记录导出20260502导出_已标注_已更新.xlsx::问答记录::R434,259920,2025-11-11 14:22:20,AI智能体,included,included_in_cohort_and_text_available
2025_fall,2025秋-数学模型-问答记录导出20260502导出_已标注_已更新.xlsx,问答记录,2025秋-数学模型-问答记录导出20260502导出_已标注_已更新.xlsx::问答记录::R435,258899,2025-11-11 15:38:53,AI智能体,included,included_in_cohort_and_text_available
2025_fall,2025秋-数学模型-问答记录导出20260502导出_已标注_已更新.xlsx,问答记录,2025秋-数学模型-问答记录导出20260502导出_已标注_已更新.xlsx::问答记录::R436,259790,2026-01-03 15:02:30,AI智能体,included,included_in_cohort_and_text_available
2025_fall,2025秋-数学模型-问答记录导出20260502导出_已标注_已更新.xlsx,问答记录,2025秋-数学模型-问答记录导出20260502导出_已标注_已更新.xlsx::问答记录::R437,259059,2026-01-04 14:32:02,AI智能体,included,included_in_cohort_and_text_available
2025_fall,2025秋-数学模型-问答记录导出20260502导出_已标注_已更新.xlsx,问答记录,2025秋-数学模型-问答记录导出20260502导出_已标注_已更新.xlsx::问答记录::R438,258525,2025-11-18 22:54:33,AI智能体,included,included_in_cohort_and_text_available
2025_fall,2025秋-数学模型-问答记录导出20260502导出_已标注_已更新.xlsx,问答记录,2025秋-数学模型-问答记录导出20260502导出_已标注_已更新.xlsx::问答记录::R439,259047,2025-11-11 23:26:50,AI智能体,included,included_in_cohort_and_text_available
2025_fall,2025秋-数学模型-问答记录导出20260502导出_已标注_已更新.xlsx,问答记录,2025秋-数学模型-问答记录导出20260502导出_已标注_已更新.xlsx::问答记录::R440,25A168,2026-01-11 17:15:46,AI智能体,included,included_in_cohort_and_text_available
2025_fall,2025秋-数学模型-问答记录导出20260502导出_已标注_已更新.xlsx,问答记录,2025秋-数学模型-问答记录导出20260502导出_已标注_已更新.xlsx::问答记录::R441,258913,2025-12-09 13:55:22,AI智能体,included,included_in_cohort_and_text_available
2025_fall,2025秋-数学模型-问答记录导出20260502导出_已标注_已更新.xlsx,问答记录,2025秋-数学模型-问答记录导出20260502导出_已标注_已更新.xlsx::问答记录::R442,241016,2025-11-24 19:07:14,AI智能体,included,included_in_cohort_and_text_available
2025_fall,2025秋-数学模型-问答记录导出20260502导出_已标注_已更新.xlsx,问答记录,2025秋-数学模型-问答记录导出20260502导出_已标注_已更新.xlsx::问答记录::R443,258951,2025-12-25 19:56:59,AI智能体,included,included_in_cohort_and_text_available
2025_fall,2025秋-数学模型-问答记录导出20260502导出_已标注_已更新.xlsx,问答记录,2025秋-数学模型-问答记录导出20260502导出_已标注_已更新.xlsx::问答记录::R444,259778,2026-01-12 14:03:45,AI智能体,included,included_in_cohort_and_text_available
2025_fall,2025秋-数学模型-问答记录导出20260502导出_已标注_已更新.xlsx,问答记录,2025秋-数学模型-问答记录导出20260502导出_已标注_已更新.xlsx::问答记录::R445,259022,2025-11-04 15:10:48,AI智能体,included,included_in_cohort_and_text_available
2025_fall,2025秋-数学模型-问答记录导出20260502导出_已标注_已更新.xlsx,问答记录,2025秋-数学模型-问答记录导出20260502导出_已标注_已更新.xlsx::问答记录::R446,259784,2025-12-02 14:33:49,AI智能体,included,included_in_cohort_and_text_available
2025_fall,2025秋-数学模型-问答记录导出20260502导出_已标注_已更新.xlsx,问答记录,2025秋-数学模型-问答记录导出20260502导出_已标注_已更新.xlsx::问答记录::R447,258524,2026-01-07 10:40:10,AI智能体,included,included_in_cohort_and_text_available
2025_fall,2025秋-数学模型-问答记录导出20260502导出_已标注_已更新.xlsx,问答记录,2025秋-数学模型-问答记录导出20260502导出_已标注_已更新.xlsx::问答记录::R448,259016,2025-12-15 16:31:18,AI智能体,included,included_in_cohort_and_text_available
2025_fall,2025秋-数学模型-问答记录导出20260502导出_已标注_已更新.xlsx,问答记录,2025秋-数学模型-问答记录导出20260502导出_已标注_已更新.xlsx::问答记录::R449,25P027,2025-11-19 19:31:00,AI智能体,included,included_in_cohort_and_text_available
2025_fall,2025秋-数学模型-问答记录导出20260502导出_已标注_已更新.xlsx,问答记录,2025秋-数学模型-问答记录导出20260502导出_已标注_已更新.xlsx::问答记录::R450,258890,2025-12-16 14:23:37,AI智能体,included,included_in_cohort_and_text_available
2025_fall,2025秋-数学模型-问答记录导出20260502导出_已标注_已更新.xlsx,问答记录,2025秋-数学模型-问答记录导出20260502导出_已标注_已更新.xlsx::问答记录::R451,259039,2025-11-04 15:35:44,AI智能体,included,included_in_cohort_and_text_available
2025_fall,2025秋-数学模型-问答记录导出20260502导出_已标注_已更新.xlsx,问答记录,2025秋-数学模型-问答记录导出20260502导出_已标注_已更新.xlsx::问答记录::R452,240957,2025-11-11 13:59:38,AI智能体,included,included_in_cohort_and_text_available
2025_fall,2025秋-数学模型-问答记录导出20260502导出_已标注_已更新.xlsx,问答记录,2025秋-数学模型-问答记录导出20260502导出_已标注_已更新.xlsx::问答记录::R453,258936,2025-12-06 20:06:57,AI智能体,included,included_in_cohort_and_text_available
2025_fall,2025秋-数学模型-问答记录导出20260502导出_已标注_已更新.xlsx,问答记录,2025秋-数学模型-问答记录导出20260502导出_已标注_已更新.xlsx::问答记录::R454,25A156,2025-12-31 11:46:14,AI智能体,included,included_in_cohort_and_text_available
2025_fall,2025秋-数学模型-问答记录导出20260502导出_已标注_已更新.xlsx,问答记录,2025秋-数学模型-问答记录导出20260502导出_已标注_已更新.xlsx::问答记录::R455,257174,2025-11-26 20:17:32,AI智能体,included,included_in_cohort_and_text_available
2025_fall,2025秋-数学模型-问答记录导出20260502导出_已标注_已更新.xlsx,问答记录,2025秋-数学模型-问答记录导出20260502导出_已标注_已更新.xlsx::问答记录::R456,258431,2025-12-23 19:58:46,AI智能体,included,included_in_cohort_and_text_available
2025_fall,2025秋-数学模型-问答记录导出20260502导出_已标注_已更新.xlsx,问答记录,2025秋-数学模型-问答记录导出20260502导出_已标注_已更新.xlsx::问答记录::R457,258857,2025-11-25 14:39:49,AI智能体,included,included_in_cohort_and_text_available
2025_fall,2025秋-数学模型-问答记录导出20260502导出_已标注_已更新.xlsx,问答记录,2025秋-数学模型-问答记录导出20260502导出_已标注_已更新.xlsx::问答记录::R458,259039,2025-11-04 16:53:31,AI智能体,included,included_in_cohort_and_text_available
2025_fall,2025秋-数学模型-问答记录导出20260502导出_已标注_已更新.xlsx,问答记录,2025秋-数学模型-问答记录导出20260502导出_已标注_已更新.xlsx::问答记录::R459,259867,2026-01-05 10:32:52,AI智能体,included,included_in_cohort_and_text_available
2025_fall,2025秋-数学模型-问答记录导出20260502导出_已标注_已更新.xlsx,问答记录,2025秋-数学模型-问答记录导出20260502导出_已标注_已更新.xlsx::问答记录::R460,258922,2026-01-06 16:28:00,AI智能体,included,included_in_cohort_and_text_available
2025_fall,2025秋-数学模型-问答记录导出20260502导出_已标注_已更新.xlsx,问答记录,2025秋-数学模型-问答记录导出20260502导出_已标注_已更新.xlsx::问答记录::R461,258923,2025-12-16 15:12:51,AI智能体,included,included_in_cohort_and_text_available
2025_fall,2025秋-数学模型-问答记录导出20260502导出_已标注_已更新.xlsx,问答记录,2025秋-数学模型-问答记录导出20260502导出_已标注_已更新.xlsx::问答记录::R462,258931,2025-12-29 19:58:04,AI智能体,included,included_in_cohort_and_text_available
2025_fall,2025秋-数学模型-问答记录导出20260502导出_已标注_已更新.xlsx,问答记录,2025秋-数学模型-问答记录导出20260502导出_已标注_已更新.xlsx::问答记录::R463,259389,2025-11-29 13:23:00,AI智能体,included,included_in_cohort_and_text_available
2025_fall,2025秋-数学模型-问答记录导出20260502导出_已标注_已更新.xlsx,问答记录,2025秋-数学模型-问答记录导出20260502导出_已标注_已更新.xlsx::问答记录::R464,259901,2025-10-09 15:50:24,AI智能体,included,included_in_cohort_and_text_available
2025_fall,2025秋-数学模型-问答记录导出20260502导出_已标注_已更新.xlsx,问答记录,2025秋-数学模型-问答记录导出20260502导出_已标注_已更新.xlsx::问答记录::R465,259858,2026-01-10 18:35:16,AI智能体,included,included_in_cohort_and_text_available
2025_fall,2025秋-数学模型-问答记录导出20260502导出_已标注_已更新.xlsx,问答记录,2025秋-数学模型-问答记录导出20260502导出_已标注_已更新.xlsx::问答记录::R466,259426,2025-12-10 17:46:28,AI智能体,included,included_in_cohort_and_text_available
2025_fall,2025秋-数学模型-问答记录导出20260502导出_已标注_已更新.xlsx,问答记录,2025秋-数学模型-问答记录导出20260502导出_已标注_已更新.xlsx::问答记录::R467,259050,2025-11-07 19:58:17,AI智能体,included,included_in_cohort_and_text_available
2025_fall,2025秋-数学模型-问答记录导出20260502导出_已标注_已更新.xlsx,问答记录,2025秋-数学模型-问答记录导出20260502导出_已标注_已更新.xlsx::问答记录::R468,259434,2025-12-18 20:35:16,AI智能体,included,included_in_cohort_and_text_available
2025_fall,2025秋-数学模型-问答记录导出20260502导出_已标注_已更新.xlsx,问答记录,2025秋-数学模型-问答记录导出20260502导出_已标注_已更新.xlsx::问答记录::R469,259318,2025-11-07 09:06:46,AI智能体,included,included_in_cohort_and_text_available
2025_fall,2025秋-数学模型-问答记录导出20260502导出_已标注_已更新.xlsx,问答记录,2025秋-数学模型-问答记录导出20260502导出_已标注_已更新.xlsx::问答记录::R470,259858,2025-11-25 11:14:19,AI智能体,included,included_in_cohort_and_text_available
2025_fall,2025秋-数学模型-问答记录导出20260502导出_已标注_已更新.xlsx,问答记录,2025秋-数学模型-问答记录导出20260502导出_已标注_已更新.xlsx::问答记录::R471,258892,2026-01-12 21:43:33,AI智能体,included,included_in_cohort_and_text_available
2025_fall,2025秋-数学模型-问答记录导出20260502导出_已标注_已更新.xlsx,问答记录,2025秋-数学模型-问答记录导出20260502导出_已标注_已更新.xlsx::问答记录::R472,258900,2026-01-12 17:14:53,AI智能体,included,included_in_cohort_and_text_available
2025_fall,2025秋-数学模型-问答记录导出20260502导出_已标注_已更新.xlsx,问答记录,2025秋-数学模型-问答记录导出20260502导出_已标注_已更新.xlsx::问答记录::R473,259416,2025-11-17 17:09:47,AI智能体,included,included_in_cohort_and_text_available
2025_fall,2025秋-数学模型-问答记录导出20260502导出_已标注_已更新.xlsx,问答记录,2025秋-数学模型-问答记录导出20260502导出_已标注_已更新.xlsx::问答记录::R474,248797,2026-01-12 21:22:46,AI智能体,included,included_in_cohort_and_text_available
2025_fall,2025秋-数学模型-问答记录导出20260502导出_已标注_已更新.xlsx,问答记录,2025秋-数学模型-问答记录导出20260502导出_已标注_已更新.xlsx::问答记录::R475,259023,2025-11-04 14:47:22,AI智能体,included,included_in_cohort_and_text_available
2025_fall,2025秋-数学模型-问答记录导出20260502导出_已标注_已更新.xlsx,问答记录,2025秋-数学模型-问答记录导出20260502导出_已标注_已更新.xlsx::问答记录::R476,259021,2026-01-11 19:41:16,AI智能体,included,included_in_cohort_and_text_available
2025_fall,2025秋-数学模型-问答记录导出20260502导出_已标注_已更新.xlsx,问答记录,2025秋-数学模型-问答记录导出20260502导出_已标注_已更新.xlsx::问答记录::R477,259404,2025-11-04 18:44:57,AI智能体,included,included_in_cohort_and_text_available
2025_fall,2025秋-数学模型-问答记录导出20260502导出_已标注_已更新.xlsx,问答记录,2025秋-数学模型-问答记录导出20260502导出_已标注_已更新.xlsx::问答记录::R478,260001,2025-11-25 15:58:30,AI智能体,included,included_in_cohort_and_text_available
2025_fall,2025秋-数学模型-问答记录导出20260502导出_已标注_已更新.xlsx,问答记录,2025秋-数学模型-问答记录导出20260502导出_已标注_已更新.xlsx::问答记录::R479,258532,2025-11-20 15:29:00,AI智能体,included,included_in_cohort_and_text_available
2025_fall,2025秋-数学模型-问答记录导出20260502导出_已标注_已更新.xlsx,问答记录,2025秋-数学模型-问答记录导出20260502导出_已标注_已更新.xlsx::问答记录::R480,259778,2026-01-12 14:07:41,AI智能体,included,included_in_cohort_and_text_available
2025_fall,2025秋-数学模型-问答记录导出20260502导出_已标注_已更新.xlsx,问答记录,2025秋-数学模型-问答记录导出20260502导出_已标注_已更新.xlsx::问答记录::R481,259331,2026-01-12 20:30:39,AI智能体,included,included_in_cohort_and_text_available
2025_fall,2025秋-数学模型-问答记录导出20260502导出_已标注_已更新.xlsx,问答记录,2025秋-数学模型-问答记录导出20260502导出_已标注_已更新.xlsx::问答记录::R482,258522,2025-11-27 10:22:36,AI智能体,included,included_in_cohort_and_text_available
2025_fall,2025秋-数学模型-问答记录导出20260502导出_已标注_已更新.xlsx,问答记录,2025秋-数学模型-问答记录导出20260502导出_已标注_已更新.xlsx::问答记录::R483,259858,2026-01-10 18:36:13,AI智能体,included,included_in_cohort_and_text_available
2025_fall,2025秋-数学模型-问答记录导出20260502导出_已标注_已更新.xlsx,问答记录,2025秋-数学模型-问答记录导出20260502导出_已标注_已更新.xlsx::问答记录::R484,25A168,2026-01-11 17:42:58,AI智能体,excluded,url_only_unretrieved_content
2025_fall,2025秋-数学模型-问答记录导出20260502导出_已标注_已更新.xlsx,问答记录,2025秋-数学模型-问答记录导出20260502导出_已标注_已更新.xlsx::问答记录::R485,258892,2026-01-12 21:44:01,AI智能体,included,included_in_cohort_and_text_available
2025_fall,2025秋-数学模型-问答记录导出20260502导出_已标注_已更新.xlsx,问答记录,2025秋-数学模型-问答记录导出20260502导出_已标注_已更新.xlsx::问答记录::R486,259785,2025-12-23 19:06:56,AI智能体,included,included_in_cohort_and_text_available
2025_fall,2025秋-数学模型-问答记录导出20260502导出_已标注_已更新.xlsx,问答记录,2025秋-数学模型-问答记录导出20260502导出_已标注_已更新.xlsx::问答记录::R487,257174,2025-11-26 20:18:40,AI智能体,included,included_in_cohort_and_text_available
2025_fall,2025秋-数学模型-问答记录导出20260502导出_已标注_已更新.xlsx,问答记录,2025秋-数学模型-问答记录导出20260502导出_已标注_已更新.xlsx::问答记录::R488,259851,2025-11-12 15:03:43,AI智能体,included,included_in_cohort_and_text_available
2025_fall,2025秋-数学模型-问答记录导出20260502导出_已标注_已更新.xlsx,问答记录,2025秋-数学模型-问答记录导出20260502导出_已标注_已更新.xlsx::问答记录::R489,259897,2026-01-06 11:24:00,AI智能体,included,included_in_cohort_and_text_available
2025_fall,2025秋-数学模型-问答记录导出20260502导出_已标注_已更新.xlsx,问答记录,2025秋-数学模型-问答记录导出20260502导出_已标注_已更新.xlsx::问答记录::R490,259452,2025-11-27 14:58:32,AI智能体,included,included_in_cohort_and_text_available
2025_fall,2025秋-数学模型-问答记录导出20260502导出_已标注_已更新.xlsx,问答记录,2025秋-数学模型-问答记录导出20260502导出_已标注_已更新.xlsx::问答记录::R491,258274,2025-11-06 15:24:42,AI智能体,included,included_in_cohort_and_text_available
2025_fall,2025秋-数学模型-问答记录导出20260502导出_已标注_已更新.xlsx,问答记录,2025秋-数学模型-问答记录导出20260502导出_已标注_已更新.xlsx::问答记录::R492,25A131,2025-12-28 16:39:37,AI智能体,included,included_in_cohort_and_text_available
2025_fall,2025秋-数学模型-问答记录导出20260502导出_已标注_已更新.xlsx,问答记录,2025秋-数学模型-问答记录导出20260502导出_已标注_已更新.xlsx::问答记录::R493,259451,2025-11-27 14:58:34,AI智能体,included,included_in_cohort_and_text_available
2025_fall,2025秋-数学模型-问答记录导出20260502导出_已标注_已更新.xlsx,问答记录,2025秋-数学模型-问答记录导出20260502导出_已标注_已更新.xlsx::问答记录::R494,258914,2025-11-19 15:37:25,AI智能体,included,included_in_cohort_and_text_available
2025_fall,2025秋-数学模型-问答记录导出20260502导出_已标注_已更新.xlsx,问答记录,2025秋-数学模型-问答记录导出20260502导出_已标注_已更新.xlsx::问答记录::R495,25A070,2026-01-12 16:14:20,AI智能体,included,included_in_cohort_and_text_available
2025_fall,2025秋-数学模型-问答记录导出20260502导出_已标注_已更新.xlsx,问答记录,2025秋-数学模型-问答记录导出20260502导出_已标注_已更新.xlsx::问答记录::R496,258865,2026-01-03 15:25:00,AI智能体,included,included_in_cohort_and_text_available
2025_fall,2025秋-数学模型-问答记录导出20260502导出_已标注_已更新.xlsx,问答记录,2025秋-数学模型-问答记录导出20260502导出_已标注_已更新.xlsx::问答记录::R497,25A150,2025-12-03 22:35:40,AI智能体,included,included_in_cohort_and_text_available
2025_fall,2025秋-数学模型-问答记录导出20260502导出_已标注_已更新.xlsx,问答记录,2025秋-数学模型-问答记录导出20260502导出_已标注_已更新.xlsx::问答记录::R498,258976,2025-12-08 19:13:59,AI智能体,included,included_in_cohort_and_text_available
2025_fall,2025秋-数学模型-问答记录导出20260502导出_已标注_已更新.xlsx,问答记录,2025秋-数学模型-问答记录导出20260502导出_已标注_已更新.xlsx::问答记录::R499,259346,2025-12-22 22:43:11,AI智能体,included,included_in_cohort_and_text_available
2025_fall,2025秋-数学模型-问答记录导出20260502导出_已标注_已更新.xlsx,问答记录,2025秋-数学模型-问答记录导出20260502导出_已标注_已更新.xlsx::问答记录::R500,259442,2026-01-03 22:17:38,AI智能体,included,included_in_cohort_and_text_available
2025_fall,2025秋-数学模型-问答记录导出20260502导出_已标注_已更新.xlsx,问答记录,2025秋-数学模型-问答记录导出20260502导出_已标注_已更新.xlsx::问答记录::R501,259052,2026-01-07 21:49:57,AI智能体,included,included_in_cohort_and_text_available
2025_fall,2025秋-数学模型-问答记录导出20260502导出_已标注_已更新.xlsx,问答记录,2025秋-数学模型-问答记录导出20260502导出_已标注_已更新.xlsx::问答记录::R502,259901,2025-10-09 15:51:44,AI智能体,included,included_in_cohort_and_text_available
2025_fall,2025秋-数学模型-问答记录导出20260502导出_已标注_已更新.xlsx,问答记录,2025秋-数学模型-问答记录导出20260502导出_已标注_已更新.xlsx::问答记录::R503,258990,2025-12-25 20:57:01,AI智能体,included,included_in_cohort_and_text_available
2025_fall,2025秋-数学模型-问答记录导出20260502导出_已标注_已更新.xlsx,问答记录,2025秋-数学模型-问答记录导出20260502导出_已标注_已更新.xlsx::问答记录::R504,259110,2025-11-23 20:37:18,AI智能体,included,included_in_cohort_and_text_available
2025_fall,2025秋-数学模型-问答记录导出20260502导出_已标注_已更新.xlsx,问答记录,2025秋-数学模型-问答记录导出20260502导出_已标注_已更新.xlsx::问答记录::R505,259044,2025-11-10 19:12:57,AI智能体,included,included_in_cohort_and_text_available
2025_fall,2025秋-数学模型-问答记录导出20260502导出_已标注_已更新.xlsx,问答记录,2025秋-数学模型-问答记录导出20260502导出_已标注_已更新.xlsx::问答记录::R506,259097,2025-12-04 09:50:53,AI智能体,included,included_in_cohort_and_text_available
2025_fall,2025秋-数学模型-问答记录导出20260502导出_已标注_已更新.xlsx,问答记录,2025秋-数学模型-问答记录导出20260502导出_已标注_已更新.xlsx::问答记录::R507,259092,2025-11-08 10:27:16,AI智能体,included,included_in_cohort_and_text_available
2025_fall,2025秋-数学模型-问答记录导出20260502导出_已标注_已更新.xlsx,问答记录,2025秋-数学模型-问答记录导出20260502导出_已标注_已更新.xlsx::问答记录::R508,259326,2025-11-13 20:09:31,AI智能体,included,included_in_cohort_and_text_available
2025_fall,2025秋-数学模型-问答记录导出20260502导出_已标注_已更新.xlsx,问答记录,2025秋-数学模型-问答记录导出20260502导出_已标注_已更新.xlsx::问答记录::R509,259442,2026-01-04 14:17:10,AI智能体,included,included_in_cohort_and_text_available
2025_fall,2025秋-数学模型-问答记录导出20260502导出_已标注_已更新.xlsx,问答记录,2025秋-数学模型-问答记录导出20260502导出_已标注_已更新.xlsx::问答记录::R510,259434,2025-12-18 20:36:46,AI智能体,included,included_in_cohort_and_text_available
2025_fall,2025秋-数学模型-问答记录导出20260502导出_已标注_已更新.xlsx,问答记录,2025秋-数学模型-问答记录导出20260502导出_已标注_已更新.xlsx::问答记录::R511,259393,2025-12-08 15:36:47,AI智能体,included,included_in_cohort_and_text_available
2025_fall,2025秋-数学模型-问答记录导出20260502导出_已标注_已更新.xlsx,问答记录,2025秋-数学模型-问答记录导出20260502导出_已标注_已更新.xlsx::问答记录::R512,259431,2025-12-01 19:57:55,AI智能体,included,included_in_cohort_and_text_available
2025_fall,2025秋-数学模型-问答记录导出20260502导出_已标注_已更新.xlsx,问答记录,2025秋-数学模型-问答记录导出20260502导出_已标注_已更新.xlsx::问答记录::R513,259452,2025-11-06 17:08:22,AI智能体,included,included_in_cohort_and_text_available
2025_fall,2025秋-数学模型-问答记录导出20260502导出_已标注_已更新.xlsx,问答记录,2025秋-数学模型-问答记录导出20260502导出_已标注_已更新.xlsx::问答记录::R514,248829,2025-12-11 21:12:16,AI智能体,excluded,url_only_unretrieved_content
2025_fall,2025秋-数学模型-问答记录导出20260502导出_已标注_已更新.xlsx,问答记录,2025秋-数学模型-问答记录导出20260502导出_已标注_已更新.xlsx::问答记录::R515,259066,2026-01-12 00:30:43,AI智能体,included,included_in_cohort_and_text_available
2025_fall,2025秋-数学模型-问答记录导出20260502导出_已标注_已更新.xlsx,问答记录,2025秋-数学模型-问答记录导出20260502导出_已标注_已更新.xlsx::问答记录::R516,259790,2026-01-03 15:06:40,AI智能体,included,included_in_cohort_and_text_available
2025_fall,2025秋-数学模型-问答记录导出20260502导出_已标注_已更新.xlsx,问答记录,2025秋-数学模型-问答记录导出20260502导出_已标注_已更新.xlsx::问答记录::R517,259344,2025-12-11 16:57:47,AI智能体,included,included_in_cohort_and_text_available
2025_fall,2025秋-数学模型-问答记录导出20260502导出_已标注_已更新.xlsx,问答记录,2025秋-数学模型-问答记录导出20260502导出_已标注_已更新.xlsx::问答记录::R518,259061,2025-12-03 09:51:11,AI智能体,included,included_in_cohort_and_text_available
2025_fall,2025秋-数学模型-问答记录导出20260502导出_已标注_已更新.xlsx,问答记录,2025秋-数学模型-问答记录导出20260502导出_已标注_已更新.xlsx::问答记录::R519,25A142,2025-12-03 14:50:13,AI智能体,included,included_in_cohort_and_text_available
2025_fall,2025秋-数学模型-问答记录导出20260502导出_已标注_已更新.xlsx,问答记录,2025秋-数学模型-问答记录导出20260502导出_已标注_已更新.xlsx::问答记录::R520,258504,2026-01-05 14:52:53,AI智能体,included,included_in_cohort_and_text_available
2025_fall,2025秋-数学模型-问答记录导出20260502导出_已标注_已更新.xlsx,问答记录,2025秋-数学模型-问答记录导出20260502导出_已标注_已更新.xlsx::问答记录::R521,259920,2025-11-17 19:23:11,AI智能体,included,included_in_cohort_and_text_available
2025_fall,2025秋-数学模型-问答记录导出20260502导出_已标注_已更新.xlsx,问答记录,2025秋-数学模型-问答记录导出20260502导出_已标注_已更新.xlsx::问答记录::R522,248797,2026-02-05 22:07:58,AI智能体,included,included_in_cohort_and_text_available
2025_fall,2025秋-数学模型-问答记录导出20260502导出_已标注_已更新.xlsx,问答记录,2025秋-数学模型-问答记录导出20260502导出_已标注_已更新.xlsx::问答记录::R523,259052,2026-02-05 22:07:45,AI智能体,excluded,url_only_unretrieved_content
2025_fall,2025秋-数学模型-问答记录导出20260502导出_已标注_已更新.xlsx,问答记录,2025秋-数学模型-问答记录导出20260502导出_已标注_已更新.xlsx::问答记录::R524,259398,2026-01-28 16:48:25,AI智能体,included,included_in_cohort_and_text_available
2025_fall,2025秋-数学模型-问答记录导出20260502导出_已标注_已更新.xlsx,问答记录,2025秋-数学模型-问答记录导出20260502导出_已标注_已更新.xlsx::问答记录::R525,258862,2026-01-27 22:29:02,AI智能体,excluded,url_only_unretrieved_content
2025_fall,2025秋-数学模型-问答记录导出20260502导出_已标注_已更新.xlsx,问答记录,2025秋-数学模型-问答记录导出20260502导出_已标注_已更新.xlsx::问答记录::R526,259059,2026-01-27 14:13:27,AI智能体,excluded,url_only_unretrieved_content
2025_fall,2025秋-数学模型-问答记录导出20260502导出_已标注_已更新.xlsx,问答记录,2025秋-数学模型-问答记录导出20260502导出_已标注_已更新.xlsx::问答记录::R527,259001,2026-01-23 09:27:18,AI智能体,included,included_in_cohort_and_text_available
2025_fall,2025秋-数学模型-问答记录导出20260502导出_已标注_已更新.xlsx,问答记录,2025秋-数学模型-问答记录导出20260502导出_已标注_已更新.xlsx::问答记录::R528,25A145,2026-01-20 17:48:05,AI智能体,excluded,url_only_unretrieved_content
2025_fall,2025秋-数学模型-问答记录导出20260502导出_已标注_已更新.xlsx,问答记录,2025秋-数学模型-问答记录导出20260502导出_已标注_已更新.xlsx::问答记录::R529,259926,2026-01-18 22:26:22,AI智能体,included,included_in_cohort_and_text_available
2025_fall,2025秋-数学模型-问答记录导出20260502导出_已标注_已更新.xlsx,问答记录,2025秋-数学模型-问答记录导出20260502导出_已标注_已更新.xlsx::问答记录::R530,259864,2026-01-17 20:02:44,AI智能体,included,included_in_cohort_and_text_available
2025_fall,2025秋-数学模型-问答记录导出20260502导出_已标注_已更新.xlsx,问答记录,2025秋-数学模型-问答记录导出20260502导出_已标注_已更新.xlsx::问答记录::R531,258880,2026-01-17 18:07:56,AI智能体,included,included_in_cohort_and_text_available
2025_fall,2025秋-数学模型-问答记录导出20260502导出_已标注_已更新.xlsx,问答记录,2025秋-数学模型-问答记录导出20260502导出_已标注_已更新.xlsx::问答记录::R532,258880,2026-01-17 17:55:59,AI智能体,included,included_in_cohort_and_text_available
2025_fall,2025秋-数学模型-问答记录导出20260502导出_已标注_已更新.xlsx,问答记录,2025秋-数学模型-问答记录导出20260502导出_已标注_已更新.xlsx::问答记录::R533,259405,2026-01-17 17:25:30,AI智能体,included,included_in_cohort_and_text_available
2025_fall,2025秋-数学模型-问答记录导出20260502导出_已标注_已更新.xlsx,问答记录,2025秋-数学模型-问答记录导出20260502导出_已标注_已更新.xlsx::问答记录::R534,259116,2026-01-17 15:42:51,AI智能体,included,included_in_cohort_and_text_available
2025_fall,2025秋-数学模型-问答记录导出20260502导出_已标注_已更新.xlsx,问答记录,2025秋-数学模型-问答记录导出20260502导出_已标注_已更新.xlsx::问答记录::R535,25A153,2026-01-16 15:09:36,AI智能体,included,included_in_cohort_and_text_available
2025_fall,2025秋-数学模型-问答记录导出20260502导出_已标注_已更新.xlsx,问答记录,2025秋-数学模型-问答记录导出20260502导出_已标注_已更新.xlsx::问答记录::R536,259314,2026-01-16 10:39:27,AI智能体,included,included_in_cohort_and_text_available
2025_fall,2025秋-数学模型-问答记录导出20260502导出_已标注_已更新.xlsx,问答记录,2025秋-数学模型-问答记录导出20260502导出_已标注_已更新.xlsx::问答记录::R537,258912,2026-01-16 10:13:18,AI智能体,included,included_in_cohort_and_text_available
2025_fall,2025秋-数学模型-问答记录导出20260502导出_已标注_已更新.xlsx,问答记录,2025秋-数学模型-问答记录导出20260502导出_已标注_已更新.xlsx::问答记录::R538,258981,2026-01-15 11:39:41,AI智能体,included,included_in_cohort_and_text_available
2025_fall,2025秋-数学模型-问答记录导出20260502导出_已标注_已更新.xlsx,问答记录,2025秋-数学模型-问答记录导出20260502导出_已标注_已更新.xlsx::问答记录::R539,258981,2026-01-15 11:33:19,AI智能体,included,included_in_cohort_and_text_available
2025_fall,2025秋-数学模型-问答记录导出20260502导出_已标注_已更新.xlsx,问答记录,2025秋-数学模型-问答记录导出20260502导出_已标注_已更新.xlsx::问答记录::R540,259867,2026-01-15 10:54:55,AI智能体,included,included_in_cohort_and_text_available
2025_fall,2025秋-数学模型-问答记录导出20260502导出_已标注_已更新.xlsx,问答记录,2025秋-数学模型-问答记录导出20260502导出_已标注_已更新.xlsx::问答记录::R541,259015,2026-01-14 15:36:37,AI智能体,included,included_in_cohort_and_text_available
2025_fall,2025秋-数学模型-问答记录导出20260502导出_已标注_已更新.xlsx,问答记录,2025秋-数学模型-问答记录导出20260502导出_已标注_已更新.xlsx::问答记录::R542,258894,2026-01-13 14:41:07,AI智能体,included,included_in_cohort_and_text_available
2025_fall,2025秋-数学模型-问答记录导出20260502导出_已标注_已更新.xlsx,问答记录,2025秋-数学模型-问答记录导出20260502导出_已标注_已更新.xlsx::问答记录::R543,258867,2026-01-13 14:31:38,AI智能体,included,included_in_cohort_and_text_available
2025_fall,2025秋-数学模型-问答记录导出20260502导出_已标注_已更新.xlsx,问答记录,2025秋-数学模型-问答记录导出20260502导出_已标注_已更新.xlsx::问答记录::R544,258945,2026-01-13 14:26:35,AI智能体,included,included_in_cohort_and_text_available
2025_fall,2025秋-数学模型-问答记录导出20260502导出_已标注_已更新.xlsx,问答记录,2025秋-数学模型-问答记录导出20260502导出_已标注_已更新.xlsx::问答记录::R545,258945,2026-01-13 14:25:55,AI智能体,included,included_in_cohort_and_text_available
2025_fall,2025秋-数学模型-问答记录导出20260502导出_已标注_已更新.xlsx,问答记录,2025秋-数学模型-问答记录导出20260502导出_已标注_已更新.xlsx::问答记录::R546,259102,2026-01-13 10:39:44,AI智能体,included,included_in_cohort_and_text_available
2025_fall,2025秋-数学模型-问答记录导出20260502导出_已标注_已更新.xlsx,问答记录,2025秋-数学模型-问答记录导出20260502导出_已标注_已更新.xlsx::问答记录::R547,259944,2026-01-13 10:04:40,AI智能体,included,included_in_cohort_and_text_available
2025_fall,2025秋-数学模型-问答记录导出20260502导出_已标注_已更新.xlsx,问答记录,2025秋-数学模型-问答记录导出20260502导出_已标注_已更新.xlsx::问答记录::R548,259926,2026-01-12 23:51:38,AI智能体,included,included_in_cohort_and_text_available
2025_fall,2025秋-数学模型-问答记录导出20260502导出_已标注_已更新.xlsx,问答记录,2025秋-数学模型-问答记录导出20260502导出_已标注_已更新.xlsx::问答记录::R549,258881,2026-01-12 22:53:14,AI智能体,included,included_in_cohort_and_text_available
2025_fall,2025秋-数学模型-问答记录导出20260502导出_已标注_已更新.xlsx,问答记录,2025秋-数学模型-问答记录导出20260502导出_已标注_已更新.xlsx::问答记录::R550,258881,2026-01-12 22:51:11,AI智能体,included,included_in_cohort_and_text_available
2025_fall,2025秋-数学模型-问答记录导出20260502导出_已标注_已更新.xlsx,问答记录,2025秋-数学模型-问答记录导出20260502导出_已标注_已更新.xlsx::问答记录::R551,258881,2026-01-12 22:50:03,AI智能体,included,included_in_cohort_and_text_available
2025_fall,2025秋-数学模型-问答记录导出20260502导出_已标注_已更新.xlsx,问答记录,2025秋-数学模型-问答记录导出20260502导出_已标注_已更新.xlsx::问答记录::R552,258881,2026-01-12 22:38:47,AI智能体,included,included_in_cohort_and_text_available
2025_fall,2025秋-数学模型-问答记录导出20260502导出_已标注_已更新.xlsx,问答记录,2025秋-数学模型-问答记录导出20260502导出_已标注_已更新.xlsx::问答记录::R553,258258,2026-01-12 20:43:22,AI智能体,included,included_in_cohort_and_text_available
2025_fall,2025秋-数学模型-问答记录导出20260502导出_已标注_已更新.xlsx,问答记录,2025秋-数学模型-问答记录导出20260502导出_已标注_已更新.xlsx::问答记录::R554,259331,2026-01-12 20:33:54,AI智能体,included,included_in_cohort_and_text_available
2025_fall,2025秋-数学模型-问答记录导出20260502导出_已标注_已更新.xlsx,问答记录,2025秋-数学模型-问答记录导出20260502导出_已标注_已更新.xlsx::问答记录::R555,258258,2026-01-12 20:25:58,AI智能体,included,included_in_cohort_and_text_available
2025_fall,2025秋-数学模型-问答记录导出20260502导出_已标注_已更新.xlsx,问答记录,2025秋-数学模型-问答记录导出20260502导出_已标注_已更新.xlsx::问答记录::R556,248797,2026-01-12 19:38:06,AI智能体,included,included_in_cohort_and_text_available
2025_fall,2025秋-数学模型-问答记录导出20260502导出_已标注_已更新.xlsx,问答记录,2025秋-数学模型-问答记录导出20260502导出_已标注_已更新.xlsx::问答记录::R557,248797,2026-01-12 19:32:12,AI智能体,included,included_in_cohort_and_text_available
2025_fall,2025秋-数学模型-问答记录导出20260502导出_已标注_已更新.xlsx,问答记录,2025秋-数学模型-问答记录导出20260502导出_已标注_已更新.xlsx::问答记录::R558,248797,2026-01-12 19:16:21,AI智能体,included,included_in_cohort_and_text_available
2025_fall,2025秋-数学模型-问答记录导出20260502导出_已标注_已更新.xlsx,问答记录,2025秋-数学模型-问答记录导出20260502导出_已标注_已更新.xlsx::问答记录::R559,25A070,2026-01-12 15:09:37,AI智能体,excluded,url_only_unretrieved_content
2025_fall,2025秋-数学模型-问答记录导出20260502导出_已标注_已更新.xlsx,问答记录,2025秋-数学模型-问答记录导出20260502导出_已标注_已更新.xlsx::问答记录::R560,258900,2026-01-12 13:25:03,AI智能体,included,included_in_cohort_and_text_available
2025_fall,2025秋-数学模型-问答记录导出20260502导出_已标注_已更新.xlsx,问答记录,2025秋-数学模型-问答记录导出20260502导出_已标注_已更新.xlsx::问答记录::R561,258900,2026-01-12 13:24:04,AI智能体,included,included_in_cohort_and_text_available
2025_fall,2025秋-数学模型-问答记录导出20260502导出_已标注_已更新.xlsx,问答记录,2025秋-数学模型-问答记录导出20260502导出_已标注_已更新.xlsx::问答记录::R562,259036,2026-01-12 12:53:51,AI智能体,included,included_in_cohort_and_text_available
2025_fall,2025秋-数学模型-问答记录导出20260502导出_已标注_已更新.xlsx,问答记录,2025秋-数学模型-问答记录导出20260502导出_已标注_已更新.xlsx::问答记录::R563,259425,2026-01-12 12:39:21,AI智能体,included,included_in_cohort_and_text_available
2025_fall,2025秋-数学模型-问答记录导出20260502导出_已标注_已更新.xlsx,问答记录,2025秋-数学模型-问答记录导出20260502导出_已标注_已更新.xlsx::问答记录::R564,259954,2026-01-12 11:58:56,AI智能体,included,included_in_cohort_and_text_available
2025_fall,2025秋-数学模型-问答记录导出20260502导出_已标注_已更新.xlsx,问答记录,2025秋-数学模型-问答记录导出20260502导出_已标注_已更新.xlsx::问答记录::R565,259407,2026-01-12 11:29:35,AI智能体,included,included_in_cohort_and_text_available
2025_fall,2025秋-数学模型-问答记录导出20260502导出_已标注_已更新.xlsx,问答记录,2025秋-数学模型-问答记录导出20260502导出_已标注_已更新.xlsx::问答记录::R566,258269,2026-01-12 10:41:43,AI智能体,included,included_in_cohort_and_text_available
2025_fall,2025秋-数学模型-问答记录导出20260502导出_已标注_已更新.xlsx,问答记录,2025秋-数学模型-问答记录导出20260502导出_已标注_已更新.xlsx::问答记录::R567,258258,2026-01-12 09:55:41,AI智能体,included,included_in_cohort_and_text_available
2025_fall,2025秋-数学模型-问答记录导出20260502导出_已标注_已更新.xlsx,问答记录,2025秋-数学模型-问答记录导出20260502导出_已标注_已更新.xlsx::问答记录::R568,258267,2026-01-12 09:52:52,AI智能体,included,included_in_cohort_and_text_available
2025_fall,2025秋-数学模型-问答记录导出20260502导出_已标注_已更新.xlsx,问答记录,2025秋-数学模型-问答记录导出20260502导出_已标注_已更新.xlsx::问答记录::R569,258269,2026-01-12 09:49:31,AI智能体,excluded,url_only_unretrieved_content
2025_fall,2025秋-数学模型-问答记录导出20260502导出_已标注_已更新.xlsx,问答记录,2025秋-数学模型-问答记录导出20260502导出_已标注_已更新.xlsx::问答记录::R570,258953,2026-01-11 23:40:37,AI智能体,included,included_in_cohort_and_text_available
2025_fall,2025秋-数学模型-问答记录导出20260502导出_已标注_已更新.xlsx,问答记录,2025秋-数学模型-问答记录导出20260502导出_已标注_已更新.xlsx::问答记录::R571,258953,2026-01-11 23:40:00,AI智能体,included,included_in_cohort_and_text_available
2025_fall,2025秋-数学模型-问答记录导出20260502导出_已标注_已更新.xlsx,问答记录,2025秋-数学模型-问答记录导出20260502导出_已标注_已更新.xlsx::问答记录::R572,259066,2026-01-11 23:31:38,AI智能体,included,included_in_cohort_and_text_available
2025_fall,2025秋-数学模型-问答记录导出20260502导出_已标注_已更新.xlsx,问答记录,2025秋-数学模型-问答记录导出20260502导出_已标注_已更新.xlsx::问答记录::R573,259778,2026-01-11 23:06:27,AI智能体,included,included_in_cohort_and_text_available
2025_fall,2025秋-数学模型-问答记录导出20260502导出_已标注_已更新.xlsx,问答记录,2025秋-数学模型-问答记录导出20260502导出_已标注_已更新.xlsx::问答记录::R574,253459,2026-01-11 22:52:25,AI智能体,included,included_in_cohort_and_text_available
2025_fall,2025秋-数学模型-问答记录导出20260502导出_已标注_已更新.xlsx,问答记录,2025秋-数学模型-问答记录导出20260502导出_已标注_已更新.xlsx::问答记录::R575,253459,2026-01-11 22:48:28,AI智能体,included,included_in_cohort_and_text_available
2025_fall,2025秋-数学模型-问答记录导出20260502导出_已标注_已更新.xlsx,问答记录,2025秋-数学模型-问答记录导出20260502导出_已标注_已更新.xlsx::问答记录::R576,259969,2026-01-11 22:49:49,AI智能体,included,included_in_cohort_and_text_available
2025_fall,2025秋-数学模型-问答记录导出20260502导出_已标注_已更新.xlsx,问答记录,2025秋-数学模型-问答记录导出20260502导出_已标注_已更新.xlsx::问答记录::R577,259382,2026-01-11 21:52:48,AI智能体,included,included_in_cohort_and_text_available
2025_fall,2025秋-数学模型-问答记录导出20260502导出_已标注_已更新.xlsx,问答记录,2025秋-数学模型-问答记录导出20260502导出_已标注_已更新.xlsx::问答记录::R578,258439,2026-01-11 20:58:12,AI智能体,included,included_in_cohort_and_text_available
2025_fall,2025秋-数学模型-问答记录导出20260502导出_已标注_已更新.xlsx,问答记录,2025秋-数学模型-问答记录导出20260502导出_已标注_已更新.xlsx::问答记录::R579,258258,2026-01-11 17:54:50,AI智能体,included,included_in_cohort_and_text_available
2025_fall,2025秋-数学模型-问答记录导出20260502导出_已标注_已更新.xlsx,问答记录,2025秋-数学模型-问答记录导出20260502导出_已标注_已更新.xlsx::问答记录::R580,258258,2026-01-11 17:00:05,AI智能体,included,included_in_cohort_and_text_available
2025_fall,2025秋-数学模型-问答记录导出20260502导出_已标注_已更新.xlsx,问答记录,2025秋-数学模型-问答记录导出20260502导出_已标注_已更新.xlsx::问答记录::R581,258258,2026-01-11 15:57:17,AI智能体,included,included_in_cohort_and_text_available
2025_fall,2025秋-数学模型-问答记录导出20260502导出_已标注_已更新.xlsx,问答记录,2025秋-数学模型-问答记录导出20260502导出_已标注_已更新.xlsx::问答记录::R582,258268,2026-01-11 11:13:29,AI智能体,included,included_in_cohort_and_text_available
2025_fall,2025秋-数学模型-问答记录导出20260502导出_已标注_已更新.xlsx,问答记录,2025秋-数学模型-问答记录导出20260502导出_已标注_已更新.xlsx::问答记录::R583,258430,2026-01-11 10:22:57,AI智能体,included,included_in_cohort_and_text_available
2025_fall,2025秋-数学模型-问答记录导出20260502导出_已标注_已更新.xlsx,问答记录,2025秋-数学模型-问答记录导出20260502导出_已标注_已更新.xlsx::问答记录::R584,258430,2026-01-11 10:21:03,AI智能体,included,included_in_cohort_and_text_available
2025_fall,2025秋-数学模型-问答记录导出20260502导出_已标注_已更新.xlsx,问答记录,2025秋-数学模型-问答记录导出20260502导出_已标注_已更新.xlsx::问答记录::R585,258862,2026-01-10 23:46:53,AI智能体,included,included_in_cohort_and_text_available
2025_fall,2025秋-数学模型-问答记录导出20260502导出_已标注_已更新.xlsx,问答记录,2025秋-数学模型-问答记录导出20260502导出_已标注_已更新.xlsx::问答记录::R586,258862,2026-01-10 23:42:35,AI智能体,included,included_in_cohort_and_text_available
2025_fall,2025秋-数学模型-问答记录导出20260502导出_已标注_已更新.xlsx,问答记录,2025秋-数学模型-问答记录导出20260502导出_已标注_已更新.xlsx::问答记录::R587,259858,2026-01-10 18:49:22,AI智能体,included,included_in_cohort_and_text_available
2025_fall,2025秋-数学模型-问答记录导出20260502导出_已标注_已更新.xlsx,问答记录,2025秋-数学模型-问答记录导出20260502导出_已标注_已更新.xlsx::问答记录::R588,240855,2026-01-10 18:24:28,AI智能体,included,included_in_cohort_and_text_available
2025_fall,2025秋-数学模型-问答记录导出20260502导出_已标注_已更新.xlsx,问答记录,2025秋-数学模型-问答记录导出20260502导出_已标注_已更新.xlsx::问答记录::R589,240855,2026-01-10 18:15:09,AI智能体,included,included_in_cohort_and_text_available
2025_fall,2025秋-数学模型-问答记录导出20260502导出_已标注_已更新.xlsx,问答记录,2025秋-数学模型-问答记录导出20260502导出_已标注_已更新.xlsx::问答记录::R590,259161,2026-01-10 17:56:06,AI智能体,included,included_in_cohort_and_text_available
2025_fall,2025秋-数学模型-问答记录导出20260502导出_已标注_已更新.xlsx,问答记录,2025秋-数学模型-问答记录导出20260502导出_已标注_已更新.xlsx::问答记录::R591,259161,2026-01-10 17:51:39,AI智能体,included,included_in_cohort_and_text_available
2025_fall,2025秋-数学模型-问答记录导出20260502导出_已标注_已更新.xlsx,问答记录,2025秋-数学模型-问答记录导出20260502导出_已标注_已更新.xlsx::问答记录::R592,259161,2026-01-10 17:48:42,AI智能体,included,included_in_cohort_and_text_available
2025_fall,2025秋-数学模型-问答记录导出20260502导出_已标注_已更新.xlsx,问答记录,2025秋-数学模型-问答记录导出20260502导出_已标注_已更新.xlsx::问答记录::R593,258755,2026-01-10 14:46:19,AI智能体,included,included_in_cohort_and_text_available
2025_fall,2025秋-数学模型-问答记录导出20260502导出_已标注_已更新.xlsx,问答记录,2025秋-数学模型-问答记录导出20260502导出_已标注_已更新.xlsx::问答记录::R594,258755,2026-01-10 15:11:35,AI智能体,included,included_in_cohort_and_text_available
2025_fall,2025秋-数学模型-问答记录导出20260502导出_已标注_已更新.xlsx,问答记录,2025秋-数学模型-问答记录导出20260502导出_已标注_已更新.xlsx::问答记录::R595,258919,2026-01-10 14:38:39,AI智能体,included,included_in_cohort_and_text_available
2025_fall,2025秋-数学模型-问答记录导出20260502导出_已标注_已更新.xlsx,问答记录,2025秋-数学模型-问答记录导出20260502导出_已标注_已更新.xlsx::问答记录::R596,258532,2026-01-10 11:00:49,AI智能体,included,included_in_cohort_and_text_available
2025_fall,2025秋-数学模型-问答记录导出20260502导出_已标注_已更新.xlsx,问答记录,2025秋-数学模型-问答记录导出20260502导出_已标注_已更新.xlsx::问答记录::R597,258921,2026-01-09 21:17:32,AI智能体,included,included_in_cohort_and_text_available
2025_fall,2025秋-数学模型-问答记录导出20260502导出_已标注_已更新.xlsx,问答记录,2025秋-数学模型-问答记录导出20260502导出_已标注_已更新.xlsx::问答记录::R598,258921,2026-01-09 21:08:58,AI智能体,included,included_in_cohort_and_text_available
2025_fall,2025秋-数学模型-问答记录导出20260502导出_已标注_已更新.xlsx,问答记录,2025秋-数学模型-问答记录导出20260502导出_已标注_已更新.xlsx::问答记录::R599,258921,2026-01-09 21:06:29,AI智能体,included,included_in_cohort_and_text_available
2025_fall,2025秋-数学模型-问答记录导出20260502导出_已标注_已更新.xlsx,问答记录,2025秋-数学模型-问答记录导出20260502导出_已标注_已更新.xlsx::问答记录::R600,258854,2026-01-09 19:17:38,AI智能体,included,included_in_cohort_and_text_available
2025_fall,2025秋-数学模型-问答记录导出20260502导出_已标注_已更新.xlsx,问答记录,2025秋-数学模型-问答记录导出20260502导出_已标注_已更新.xlsx::问答记录::R601,258854,2026-01-09 19:13:35,AI智能体,included,included_in_cohort_and_text_available
2025_fall,2025秋-数学模型-问答记录导出20260502导出_已标注_已更新.xlsx,问答记录,2025秋-数学模型-问答记录导出20260502导出_已标注_已更新.xlsx::问答记录::R602,258911,2026-01-09 17:55:00,AI智能体,included,included_in_cohort_and_text_available
2025_fall,2025秋-数学模型-问答记录导出20260502导出_已标注_已更新.xlsx,问答记录,2025秋-数学模型-问答记录导出20260502导出_已标注_已更新.xlsx::问答记录::R603,259929,2026-01-09 17:01:00,AI智能体,included,included_in_cohort_and_text_available
2025_fall,2025秋-数学模型-问答记录导出20260502导出_已标注_已更新.xlsx,问答记录,2025秋-数学模型-问答记录导出20260502导出_已标注_已更新.xlsx::问答记录::R604,259852,2026-01-08 15:47:34,AI智能体,included,included_in_cohort_and_text_available
2025_fall,2025秋-数学模型-问答记录导出20260502导出_已标注_已更新.xlsx,问答记录,2025秋-数学模型-问答记录导出20260502导出_已标注_已更新.xlsx::问答记录::R605,259037,2026-01-08 23:27:54,AI智能体,included,included_in_cohort_and_text_available
2025_fall,2025秋-数学模型-问答记录导出20260502导出_已标注_已更新.xlsx,问答记录,2025秋-数学模型-问答记录导出20260502导出_已标注_已更新.xlsx::问答记录::R606,259037,2026-01-08 22:42:33,AI智能体,included,included_in_cohort_and_text_available
2025_fall,2025秋-数学模型-问答记录导出20260502导出_已标注_已更新.xlsx,问答记录,2025秋-数学模型-问答记录导出20260502导出_已标注_已更新.xlsx::问答记录::R607,259037,2026-01-08 22:42:00,AI智能体,included,included_in_cohort_and_text_available
2025_fall,2025秋-数学模型-问答记录导出20260502导出_已标注_已更新.xlsx,问答记录,2025秋-数学模型-问答记录导出20260502导出_已标注_已更新.xlsx::问答记录::R608,258433,2026-01-08 21:45:35,AI智能体,included,included_in_cohort_and_text_available
2025_fall,2025秋-数学模型-问答记录导出20260502导出_已标注_已更新.xlsx,问答记录,2025秋-数学模型-问答记录导出20260502导出_已标注_已更新.xlsx::问答记录::R609,258486,2026-01-08 20:47:33,AI智能体,excluded,url_only_unretrieved_content
2025_fall,2025秋-数学模型-问答记录导出20260502导出_已标注_已更新.xlsx,问答记录,2025秋-数学模型-问答记录导出20260502导出_已标注_已更新.xlsx::问答记录::R610,258887,2026-01-08 17:50:46,AI智能体,included,included_in_cohort_and_text_available
2025_fall,2025秋-数学模型-问答记录导出20260502导出_已标注_已更新.xlsx,问答记录,2025秋-数学模型-问答记录导出20260502导出_已标注_已更新.xlsx::问答记录::R611,259448,2026-01-08 17:42:16,AI智能体,included,included_in_cohort_and_text_available
2025_fall,2025秋-数学模型-问答记录导出20260502导出_已标注_已更新.xlsx,问答记录,2025秋-数学模型-问答记录导出20260502导出_已标注_已更新.xlsx::问答记录::R612,259852,2026-01-08 16:10:52,AI智能体,included,included_in_cohort_and_text_available
2025_fall,2025秋-数学模型-问答记录导出20260502导出_已标注_已更新.xlsx,问答记录,2025秋-数学模型-问答记录导出20260502导出_已标注_已更新.xlsx::问答记录::R613,259852,2026-01-08 15:46:26,AI智能体,included,included_in_cohort_and_text_available
2025_fall,2025秋-数学模型-问答记录导出20260502导出_已标注_已更新.xlsx,问答记录,2025秋-数学模型-问答记录导出20260502导出_已标注_已更新.xlsx::问答记录::R614,259052,2026-01-07 21:18:20,AI智能体,included,included_in_cohort_and_text_available
2025_fall,2025秋-数学模型-问答记录导出20260502导出_已标注_已更新.xlsx,问答记录,2025秋-数学模型-问答记录导出20260502导出_已标注_已更新.xlsx::问答记录::R615,259402,2026-01-07 15:26:16,AI智能体,included,included_in_cohort_and_text_available
2025_fall,2025秋-数学模型-问答记录导出20260502导出_已标注_已更新.xlsx,问答记录,2025秋-数学模型-问答记录导出20260502导出_已标注_已更新.xlsx::问答记录::R616,259025,2026-01-07 15:07:15,AI智能体,included,included_in_cohort_and_text_available
2025_fall,2025秋-数学模型-问答记录导出20260502导出_已标注_已更新.xlsx,问答记录,2025秋-数学模型-问答记录导出20260502导出_已标注_已更新.xlsx::问答记录::R617,259399,2026-01-07 14:59:57,AI智能体,included,included_in_cohort_and_text_available
2025_fall,2025秋-数学模型-问答记录导出20260502导出_已标注_已更新.xlsx,问答记录,2025秋-数学模型-问答记录导出20260502导出_已标注_已更新.xlsx::问答记录::R618,258524,2026-01-07 11:40:10,AI智能体,included,included_in_cohort_and_text_available
2025_fall,2025秋-数学模型-问答记录导出20260502导出_已标注_已更新.xlsx,问答记录,2025秋-数学模型-问答记录导出20260502导出_已标注_已更新.xlsx::问答记录::R619,259448,2026-01-07 10:58:45,AI智能体,excluded,url_only_unretrieved_content
2025_fall,2025秋-数学模型-问答记录导出20260502导出_已标注_已更新.xlsx,问答记录,2025秋-数学模型-问答记录导出20260502导出_已标注_已更新.xlsx::问答记录::R620,258524,2026-01-07 10:36:20,AI智能体,included,included_in_cohort_and_text_available
2025_fall,2025秋-数学模型-问答记录导出20260502导出_已标注_已更新.xlsx,问答记录,2025秋-数学模型-问答记录导出20260502导出_已标注_已更新.xlsx::问答记录::R621,25P021,2026-01-06 18:32:03,AI智能体,included,included_in_cohort_and_text_available
2025_fall,2025秋-数学模型-问答记录导出20260502导出_已标注_已更新.xlsx,问答记录,2025秋-数学模型-问答记录导出20260502导出_已标注_已更新.xlsx::问答记录::R622,25P021,2026-01-06 14:54:37,AI智能体,included,included_in_cohort_and_text_available
2025_fall,2025秋-数学模型-问答记录导出20260502导出_已标注_已更新.xlsx,问答记录,2025秋-数学模型-问答记录导出20260502导出_已标注_已更新.xlsx::问答记录::R623,259398,2026-01-06 18:24:26,AI智能体,included,included_in_cohort_and_text_available
2025_fall,2025秋-数学模型-问答记录导出20260502导出_已标注_已更新.xlsx,问答记录,2025秋-数学模型-问答记录导出20260502导出_已标注_已更新.xlsx::问答记录::R624,258922,2026-01-06 16:26:27,AI智能体,included,included_in_cohort_and_text_available
2025_fall,2025秋-数学模型-问答记录导出20260502导出_已标注_已更新.xlsx,问答记录,2025秋-数学模型-问答记录导出20260502导出_已标注_已更新.xlsx::问答记录::R625,258906,2026-01-06 16:25:20,AI智能体,included,included_in_cohort_and_text_available
2025_fall,2025秋-数学模型-问答记录导出20260502导出_已标注_已更新.xlsx,问答记录,2025秋-数学模型-问答记录导出20260502导出_已标注_已更新.xlsx::问答记录::R626,259895,2026-01-06 15:32:47,AI智能体,included,included_in_cohort_and_text_available
2025_fall,2025秋-数学模型-问答记录导出20260502导出_已标注_已更新.xlsx,问答记录,2025秋-数学模型-问答记录导出20260502导出_已标注_已更新.xlsx::问答记录::R627,25A168,2026-01-06 11:38:09,AI智能体,included,included_in_cohort_and_text_available
2025_fall,2025秋-数学模型-问答记录导出20260502导出_已标注_已更新.xlsx,问答记录,2025秋-数学模型-问答记录导出20260502导出_已标注_已更新.xlsx::问答记录::R628,25A168,2026-01-06 11:32:52,AI智能体,included,included_in_cohort_and_text_available
2025_fall,2025秋-数学模型-问答记录导出20260502导出_已标注_已更新.xlsx,问答记录,2025秋-数学模型-问答记录导出20260502导出_已标注_已更新.xlsx::问答记录::R629,258504,2026-01-06 09:59:20,AI智能体,included,included_in_cohort_and_text_available
2025_fall,2025秋-数学模型-问答记录导出20260502导出_已标注_已更新.xlsx,问答记录,2025秋-数学模型-问答记录导出20260502导出_已标注_已更新.xlsx::问答记录::R630,259897,2026-01-05 23:11:33,AI智能体,included,included_in_cohort_and_text_available
2025_fall,2025秋-数学模型-问答记录导出20260502导出_已标注_已更新.xlsx,问答记录,2025秋-数学模型-问答记录导出20260502导出_已标注_已更新.xlsx::问答记录::R631,259037,2026-01-05 22:02:27,AI智能体,included,included_in_cohort_and_text_available
2025_fall,2025秋-数学模型-问答记录导出20260502导出_已标注_已更新.xlsx,问答记录,2025秋-数学模型-问答记录导出20260502导出_已标注_已更新.xlsx::问答记录::R632,259877,2026-01-05 15:23:34,AI智能体,included,included_in_cohort_and_text_available
2025_fall,2025秋-数学模型-问答记录导出20260502导出_已标注_已更新.xlsx,问答记录,2025秋-数学模型-问答记录导出20260502导出_已标注_已更新.xlsx::问答记录::R633,259877,2026-01-05 15:22:52,AI智能体,included,included_in_cohort_and_text_available
2025_fall,2025秋-数学模型-问答记录导出20260502导出_已标注_已更新.xlsx,问答记录,2025秋-数学模型-问答记录导出20260502导出_已标注_已更新.xlsx::问答记录::R634,258888,2026-01-05 14:38:20,AI智能体,included,included_in_cohort_and_text_available
2025_fall,2025秋-数学模型-问答记录导出20260502导出_已标注_已更新.xlsx,问答记录,2025秋-数学模型-问答记录导出20260502导出_已标注_已更新.xlsx::问答记录::R635,258504,2026-01-05 14:19:07,AI智能体,included,included_in_cohort_and_text_available
2025_fall,2025秋-数学模型-问答记录导出20260502导出_已标注_已更新.xlsx,问答记录,2025秋-数学模型-问答记录导出20260502导出_已标注_已更新.xlsx::问答记录::R636,259902,2026-01-05 14:00:49,AI智能体,included,included_in_cohort_and_text_available
2025_fall,2025秋-数学模型-问答记录导出20260502导出_已标注_已更新.xlsx,问答记录,2025秋-数学模型-问答记录导出20260502导出_已标注_已更新.xlsx::问答记录::R637,259902,2026-01-05 13:59:13,AI智能体,included,included_in_cohort_and_text_available
2025_fall,2025秋-数学模型-问答记录导出20260502导出_已标注_已更新.xlsx,问答记录,2025秋-数学模型-问答记录导出20260502导出_已标注_已更新.xlsx::问答记录::R638,259340,2026-01-05 11:19:42,AI智能体,included,included_in_cohort_and_text_available
2025_fall,2025秋-数学模型-问答记录导出20260502导出_已标注_已更新.xlsx,问答记录,2025秋-数学模型-问答记录导出20260502导出_已标注_已更新.xlsx::问答记录::R639,259867,2026-01-05 10:10:29,AI智能体,included,included_in_cohort_and_text_available
2025_fall,2025秋-数学模型-问答记录导出20260502导出_已标注_已更新.xlsx,问答记录,2025秋-数学模型-问答记录导出20260502导出_已标注_已更新.xlsx::问答记录::R640,259867,2026-01-05 10:02:35,AI智能体,included,included_in_cohort_and_text_available
2025_fall,2025秋-数学模型-问答记录导出20260502导出_已标注_已更新.xlsx,问答记录,2025秋-数学模型-问答记录导出20260502导出_已标注_已更新.xlsx::问答记录::R641,259867,2026-01-05 10:01:43,AI智能体,included,included_in_cohort_and_text_available
2025_fall,2025秋-数学模型-问答记录导出20260502导出_已标注_已更新.xlsx,问答记录,2025秋-数学模型-问答记录导出20260502导出_已标注_已更新.xlsx::问答记录::R642,259442,2026-01-04 14:37:19,AI智能体,included,included_in_cohort_and_text_available
2025_fall,2025秋-数学模型-问答记录导出20260502导出_已标注_已更新.xlsx,问答记录,2025秋-数学模型-问答记录导出20260502导出_已标注_已更新.xlsx::问答记录::R643,259059,2026-01-04 14:27:16,AI智能体,included,included_in_cohort_and_text_available
2025_fall,2025秋-数学模型-问答记录导出20260502导出_已标注_已更新.xlsx,问答记录,2025秋-数学模型-问答记录导出20260502导出_已标注_已更新.xlsx::问答记录::R644,259311,2026-01-03 16:27:25,AI智能体,included,included_in_cohort_and_text_available
2025_fall,2025秋-数学模型-问答记录导出20260502导出_已标注_已更新.xlsx,问答记录,2025秋-数学模型-问答记录导出20260502导出_已标注_已更新.xlsx::问答记录::R645,259311,2026-01-03 16:24:03,AI智能体,included,included_in_cohort_and_text_available
2025_fall,2025秋-数学模型-问答记录导出20260502导出_已标注_已更新.xlsx,问答记录,2025秋-数学模型-问答记录导出20260502导出_已标注_已更新.xlsx::问答记录::R646,259311,2026-01-03 16:22:45,AI智能体,included,included_in_cohort_and_text_available
2025_fall,2025秋-数学模型-问答记录导出20260502导出_已标注_已更新.xlsx,问答记录,2025秋-数学模型-问答记录导出20260502导出_已标注_已更新.xlsx::问答记录::R647,258898,2026-01-03 16:22:37,AI智能体,included,included_in_cohort_and_text_available
2025_fall,2025秋-数学模型-问答记录导出20260502导出_已标注_已更新.xlsx,问答记录,2025秋-数学模型-问答记录导出20260502导出_已标注_已更新.xlsx::问答记录::R648,259311,2026-01-03 16:21:58,AI智能体,included,included_in_cohort_and_text_available
2025_fall,2025秋-数学模型-问答记录导出20260502导出_已标注_已更新.xlsx,问答记录,2025秋-数学模型-问答记录导出20260502导出_已标注_已更新.xlsx::问答记录::R649,259311,2026-01-03 16:20:39,AI智能体,included,included_in_cohort_and_text_available
2025_fall,2025秋-数学模型-问答记录导出20260502导出_已标注_已更新.xlsx,问答记录,2025秋-数学模型-问答记录导出20260502导出_已标注_已更新.xlsx::问答记录::R650,259311,2026-01-03 16:19:30,AI智能体,included,included_in_cohort_and_text_available
2025_fall,2025秋-数学模型-问答记录导出20260502导出_已标注_已更新.xlsx,问答记录,2025秋-数学模型-问答记录导出20260502导出_已标注_已更新.xlsx::问答记录::R651,259311,2026-01-03 16:13:25,AI智能体,included,included_in_cohort_and_text_available
2025_fall,2025秋-数学模型-问答记录导出20260502导出_已标注_已更新.xlsx,问答记录,2025秋-数学模型-问答记录导出20260502导出_已标注_已更新.xlsx::问答记录::R652,258898,2026-01-03 15:58:18,AI智能体,included,included_in_cohort_and_text_available
2025_fall,2025秋-数学模型-问答记录导出20260502导出_已标注_已更新.xlsx,问答记录,2025秋-数学模型-问答记录导出20260502导出_已标注_已更新.xlsx::问答记录::R653,258865,2026-01-03 15:00:36,AI智能体,included,included_in_cohort_and_text_available
2025_fall,2025秋-数学模型-问答记录导出20260502导出_已标注_已更新.xlsx,问答记录,2025秋-数学模型-问答记录导出20260502导出_已标注_已更新.xlsx::问答记录::R654,259790,2026-01-03 14:25:47,AI智能体,excluded,url_only_unretrieved_content
2025_fall,2025秋-数学模型-问答记录导出20260502导出_已标注_已更新.xlsx,问答记录,2025秋-数学模型-问答记录导出20260502导出_已标注_已更新.xlsx::问答记录::R655,259106,2026-01-02 18:46:53,AI智能体,included,included_in_cohort_and_text_available
2025_fall,2025秋-数学模型-问答记录导出20260502导出_已标注_已更新.xlsx,问答记录,2025秋-数学模型-问答记录导出20260502导出_已标注_已更新.xlsx::问答记录::R656,259106,2026-01-02 18:44:25,AI智能体,included,included_in_cohort_and_text_available
2025_fall,2025秋-数学模型-问答记录导出20260502导出_已标注_已更新.xlsx,问答记录,2025秋-数学模型-问答记录导出20260502导出_已标注_已更新.xlsx::问答记录::R657,259322,2025-12-31 09:52:47,AI智能体,included,included_in_cohort_and_text_available
2025_fall,2025秋-数学模型-问答记录导出20260502导出_已标注_已更新.xlsx,问答记录,2025秋-数学模型-问答记录导出20260502导出_已标注_已更新.xlsx::问答记录::R658,25A156,2025-12-31 09:09:02,AI智能体,included,included_in_cohort_and_text_available
2025_fall,2025秋-数学模型-问答记录导出20260502导出_已标注_已更新.xlsx,问答记录,2025秋-数学模型-问答记录导出20260502导出_已标注_已更新.xlsx::问答记录::R659,25A156,2025-12-31 08:58:14,AI智能体,included,included_in_cohort_and_text_available
2025_fall,2025秋-数学模型-问答记录导出20260502导出_已标注_已更新.xlsx,问答记录,2025秋-数学模型-问答记录导出20260502导出_已标注_已更新.xlsx::问答记录::R660,259927,2025-12-30 22:09:18,AI智能体,included,included_in_cohort_and_text_available
2025_fall,2025秋-数学模型-问答记录导出20260502导出_已标注_已更新.xlsx,问答记录,2025秋-数学模型-问答记录导出20260502导出_已标注_已更新.xlsx::问答记录::R661,259335,2025-12-30 20:28:12,AI智能体,included,included_in_cohort_and_text_available
2025_fall,2025秋-数学模型-问答记录导出20260502导出_已标注_已更新.xlsx,问答记录,2025秋-数学模型-问答记录导出20260502导出_已标注_已更新.xlsx::问答记录::R662,258960,2025-12-30 18:13:27,AI智能体,included,included_in_cohort_and_text_available
2025_fall,2025秋-数学模型-问答记录导出20260502导出_已标注_已更新.xlsx,问答记录,2025秋-数学模型-问答记录导出20260502导出_已标注_已更新.xlsx::问答记录::R663,259419,2025-12-11 16:26:33,AI智能体,included,included_in_cohort_and_text_available
2025_fall,2025秋-数学模型-问答记录导出20260502导出_已标注_已更新.xlsx,问答记录,2025秋-数学模型-问答记录导出20260502导出_已标注_已更新.xlsx::问答记录::R664,259422,2025-12-28 19:46:25,AI智能体,included,included_in_cohort_and_text_available
2025_fall,2025秋-数学模型-问答记录导出20260502导出_已标注_已更新.xlsx,问答记录,2025秋-数学模型-问答记录导出20260502导出_已标注_已更新.xlsx::问答记录::R665,259422,2025-12-28 19:43:48,AI智能体,included,included_in_cohort_and_text_available
2025_fall,2025秋-数学模型-问答记录导出20260502导出_已标注_已更新.xlsx,问答记录,2025秋-数学模型-问答记录导出20260502导出_已标注_已更新.xlsx::问答记录::R666,259422,2025-12-28 19:39:00,AI智能体,included,included_in_cohort_and_text_available
2025_fall,2025秋-数学模型-问答记录导出20260502导出_已标注_已更新.xlsx,问答记录,2025秋-数学模型-问答记录导出20260502导出_已标注_已更新.xlsx::问答记录::R667,258907,2025-12-28 16:19:52,AI智能体,included,included_in_cohort_and_text_available
2025_fall,2025秋-数学模型-问答记录导出20260502导出_已标注_已更新.xlsx,问答记录,2025秋-数学模型-问答记录导出20260502导出_已标注_已更新.xlsx::问答记录::R668,25A131,2025-12-28 16:27:19,AI智能体,included,included_in_cohort_and_text_available
2025_fall,2025秋-数学模型-问答记录导出20260502导出_已标注_已更新.xlsx,问答记录,2025秋-数学模型-问答记录导出20260502导出_已标注_已更新.xlsx::问答记录::R669,258907,2025-12-28 15:50:49,AI智能体,excluded,url_only_unretrieved_content
2025_fall,2025秋-数学模型-问答记录导出20260502导出_已标注_已更新.xlsx,问答记录,2025秋-数学模型-问答记录导出20260502导出_已标注_已更新.xlsx::问答记录::R670,258939,2025-12-28 00:40:05,AI智能体,included,included_in_cohort_and_text_available
2025_fall,2025秋-数学模型-问答记录导出20260502导出_已标注_已更新.xlsx,问答记录,2025秋-数学模型-问答记录导出20260502导出_已标注_已更新.xlsx::问答记录::R671,258939,2025-12-27 23:20:43,AI智能体,included,included_in_cohort_and_text_available
2025_fall,2025秋-数学模型-问答记录导出20260502导出_已标注_已更新.xlsx,问答记录,2025秋-数学模型-问答记录导出20260502导出_已标注_已更新.xlsx::问答记录::R672,258939,2025-12-27 23:27:16,AI智能体,included,included_in_cohort_and_text_available
2025_fall,2025秋-数学模型-问答记录导出20260502导出_已标注_已更新.xlsx,问答记录,2025秋-数学模型-问答记录导出20260502导出_已标注_已更新.xlsx::问答记录::R673,258939,2025-12-27 23:26:15,AI智能体,included,included_in_cohort_and_text_available
2025_fall,2025秋-数学模型-问答记录导出20260502导出_已标注_已更新.xlsx,问答记录,2025秋-数学模型-问答记录导出20260502导出_已标注_已更新.xlsx::问答记录::R674,259427,2025-12-27 19:10:28,AI智能体,included,included_in_cohort_and_text_available
2025_fall,2025秋-数学模型-问答记录导出20260502导出_已标注_已更新.xlsx,问答记录,2025秋-数学模型-问答记录导出20260502导出_已标注_已更新.xlsx::问答记录::R675,240801,2025-12-26 23:54:28,AI智能体,included,included_in_cohort_and_text_available
2025_fall,2025秋-数学模型-问答记录导出20260502导出_已标注_已更新.xlsx,问答记录,2025秋-数学模型-问答记录导出20260502导出_已标注_已更新.xlsx::问答记录::R676,240801,2025-12-26 23:52:23,AI智能体,included,included_in_cohort_and_text_available
2025_fall,2025秋-数学模型-问答记录导出20260502导出_已标注_已更新.xlsx,问答记录,2025秋-数学模型-问答记录导出20260502导出_已标注_已更新.xlsx::问答记录::R677,240801,2025-12-26 23:50:30,AI智能体,included,included_in_cohort_and_text_available
2025_fall,2025秋-数学模型-问答记录导出20260502导出_已标注_已更新.xlsx,问答记录,2025秋-数学模型-问答记录导出20260502导出_已标注_已更新.xlsx::问答记录::R678,25A086,2025-12-26 22:23:44,AI智能体,included,included_in_cohort_and_text_available
2025_fall,2025秋-数学模型-问答记录导出20260502导出_已标注_已更新.xlsx,问答记录,2025秋-数学模型-问答记录导出20260502导出_已标注_已更新.xlsx::问答记录::R679,25A086,2025-12-26 22:20:39,AI智能体,included,included_in_cohort_and_text_available
2025_fall,2025秋-数学模型-问答记录导出20260502导出_已标注_已更新.xlsx,问答记录,2025秋-数学模型-问答记录导出20260502导出_已标注_已更新.xlsx::问答记录::R680,259857,2025-12-26 15:06:46,AI智能体,included,included_in_cohort_and_text_available
2025_fall,2025秋-数学模型-问答记录导出20260502导出_已标注_已更新.xlsx,问答记录,2025秋-数学模型-问答记录导出20260502导出_已标注_已更新.xlsx::问答记录::R681,258990,2025-12-26 11:08:19,AI智能体,included,included_in_cohort_and_text_available
2025_fall,2025秋-数学模型-问答记录导出20260502导出_已标注_已更新.xlsx,问答记录,2025秋-数学模型-问答记录导出20260502导出_已标注_已更新.xlsx::问答记录::R682,259899,2025-12-26 10:06:31,AI智能体,included,included_in_cohort_and_text_available
2025_fall,2025秋-数学模型-问答记录导出20260502导出_已标注_已更新.xlsx,问答记录,2025秋-数学模型-问答记录导出20260502导出_已标注_已更新.xlsx::问答记录::R683,258990,2025-12-25 22:34:15,AI智能体,included,included_in_cohort_and_text_available
2025_fall,2025秋-数学模型-问答记录导出20260502导出_已标注_已更新.xlsx,问答记录,2025秋-数学模型-问答记录导出20260502导出_已标注_已更新.xlsx::问答记录::R684,258951,2025-12-25 19:56:16,AI智能体,included,included_in_cohort_and_text_available
2025_fall,2025秋-数学模型-问答记录导出20260502导出_已标注_已更新.xlsx,问答记录,2025秋-数学模型-问答记录导出20260502导出_已标注_已更新.xlsx::问答记录::R685,258951,2025-12-25 19:42:33,AI智能体,included,included_in_cohort_and_text_available
2025_fall,2025秋-数学模型-问答记录导出20260502导出_已标注_已更新.xlsx,问答记录,2025秋-数学模型-问答记录导出20260502导出_已标注_已更新.xlsx::问答记录::R686,258918,2025-12-25 14:20:39,AI智能体,included,included_in_cohort_and_text_available
2025_fall,2025秋-数学模型-问答记录导出20260502导出_已标注_已更新.xlsx,问答记录,2025秋-数学模型-问答记录导出20260502导出_已标注_已更新.xlsx::问答记录::R687,258440,2025-12-23 23:12:22,AI智能体,included,included_in_cohort_and_text_available
2025_fall,2025秋-数学模型-问答记录导出20260502导出_已标注_已更新.xlsx,问答记录,2025秋-数学模型-问答记录导出20260502导出_已标注_已更新.xlsx::问答记录::R688,258431,2025-12-23 20:41:31,AI智能体,included,included_in_cohort_and_text_available
2025_fall,2025秋-数学模型-问答记录导出20260502导出_已标注_已更新.xlsx,问答记录,2025秋-数学模型-问答记录导出20260502导出_已标注_已更新.xlsx::问答记录::R689,25A088,2025-12-23 20:37:23,AI智能体,included,included_in_cohort_and_text_available
2025_fall,2025秋-数学模型-问答记录导出20260502导出_已标注_已更新.xlsx,问答记录,2025秋-数学模型-问答记录导出20260502导出_已标注_已更新.xlsx::问答记录::R690,258427,2025-12-23 20:03:33,AI智能体,included,included_in_cohort_and_text_available
2025_fall,2025秋-数学模型-问答记录导出20260502导出_已标注_已更新.xlsx,问答记录,2025秋-数学模型-问答记录导出20260502导出_已标注_已更新.xlsx::问答记录::R691,259785,2025-12-23 20:05:32,AI智能体,included,included_in_cohort_and_text_available
2025_fall,2025秋-数学模型-问答记录导出20260502导出_已标注_已更新.xlsx,问答记录,2025秋-数学模型-问答记录导出20260502导出_已标注_已更新.xlsx::问答记录::R692,259785,2025-12-23 19:34:00,AI智能体,included,included_in_cohort_and_text_available
2025_fall,2025秋-数学模型-问答记录导出20260502导出_已标注_已更新.xlsx,问答记录,2025秋-数学模型-问答记录导出20260502导出_已标注_已更新.xlsx::问答记录::R693,258258,2025-12-23 15:15:46,AI智能体,included,included_in_cohort_and_text_available
2025_fall,2025秋-数学模型-问答记录导出20260502导出_已标注_已更新.xlsx,问答记录,2025秋-数学模型-问答记录导出20260502导出_已标注_已更新.xlsx::问答记录::R694,258258,2025-12-23 15:14:46,AI智能体,included,included_in_cohort_and_text_available
2025_fall,2025秋-数学模型-问答记录导出20260502导出_已标注_已更新.xlsx,问答记录,2025秋-数学模型-问答记录导出20260502导出_已标注_已更新.xlsx::问答记录::R695,258258,2025-12-23 15:11:36,AI智能体,included,included_in_cohort_and_text_available
2025_fall,2025秋-数学模型-问答记录导出20260502导出_已标注_已更新.xlsx,问答记录,2025秋-数学模型-问答记录导出20260502导出_已标注_已更新.xlsx::问答记录::R696,258258,2025-12-23 15:10:01,AI智能体,included,included_in_cohort_and_text_available
2025_fall,2025秋-数学模型-问答记录导出20260502导出_已标注_已更新.xlsx,问答记录,2025秋-数学模型-问答记录导出20260502导出_已标注_已更新.xlsx::问答记录::R697,258258,2025-12-23 15:08:58,AI智能体,included,included_in_cohort_and_text_available
2025_fall,2025秋-数学模型-问答记录导出20260502导出_已标注_已更新.xlsx,问答记录,2025秋-数学模型-问答记录导出20260502导出_已标注_已更新.xlsx::问答记录::R698,259346,2025-12-22 22:51:07,AI智能体,included,included_in_cohort_and_text_available
2025_fall,2025秋-数学模型-问答记录导出20260502导出_已标注_已更新.xlsx,问答记录,2025秋-数学模型-问答记录导出20260502导出_已标注_已更新.xlsx::问答记录::R699,259943,2025-12-22 21:38:51,AI智能体,included,included_in_cohort_and_text_available
2025_fall,2025秋-数学模型-问答记录导出20260502导出_已标注_已更新.xlsx,问答记录,2025秋-数学模型-问答记录导出20260502导出_已标注_已更新.xlsx::问答记录::R700,25A083,2025-12-22 14:48:22,AI智能体,included,included_in_cohort_and_text_available
2025_fall,2025秋-数学模型-问答记录导出20260502导出_已标注_已更新.xlsx,问答记录,2025秋-数学模型-问答记录导出20260502导出_已标注_已更新.xlsx::问答记录::R701,258773,2025-12-22 11:25:05,AI智能体,included,included_in_cohort_and_text_available
2025_fall,2025秋-数学模型-问答记录导出20260502导出_已标注_已更新.xlsx,问答记录,2025秋-数学模型-问答记录导出20260502导出_已标注_已更新.xlsx::问答记录::R702,258258,2025-12-22 10:51:00,AI智能体,included,included_in_cohort_and_text_available
2025_fall,2025秋-数学模型-问答记录导出20260502导出_已标注_已更新.xlsx,问答记录,2025秋-数学模型-问答记录导出20260502导出_已标注_已更新.xlsx::问答记录::R703,258258,2025-12-22 10:49:53,AI智能体,included,included_in_cohort_and_text_available
2025_fall,2025秋-数学模型-问答记录导出20260502导出_已标注_已更新.xlsx,问答记录,2025秋-数学模型-问答记录导出20260502导出_已标注_已更新.xlsx::问答记录::R704,258258,2025-12-22 10:48:18,AI智能体,included,included_in_cohort_and_text_available
2025_fall,2025秋-数学模型-问答记录导出20260502导出_已标注_已更新.xlsx,问答记录,2025秋-数学模型-问答记录导出20260502导出_已标注_已更新.xlsx::问答记录::R705,259892,2025-12-21 22:50:19,AI智能体,included,included_in_cohort_and_text_available
2025_fall,2025秋-数学模型-问答记录导出20260502导出_已标注_已更新.xlsx,问答记录,2025秋-数学模型-问答记录导出20260502导出_已标注_已更新.xlsx::问答记录::R706,259401,2025-12-21 18:39:14,AI智能体,included,included_in_cohort_and_text_available
2025_fall,2025秋-数学模型-问答记录导出20260502导出_已标注_已更新.xlsx,问答记录,2025秋-数学模型-问答记录导出20260502导出_已标注_已更新.xlsx::问答记录::R707,258908,2025-12-21 16:27:52,AI智能体,included,included_in_cohort_and_text_available
2025_fall,2025秋-数学模型-问答记录导出20260502导出_已标注_已更新.xlsx,问答记录,2025秋-数学模型-问答记录导出20260502导出_已标注_已更新.xlsx::问答记录::R708,259001,2025-12-20 08:51:50,AI智能体,included,included_in_cohort_and_text_available
2025_fall,2025秋-数学模型-问答记录导出20260502导出_已标注_已更新.xlsx,问答记录,2025秋-数学模型-问答记录导出20260502导出_已标注_已更新.xlsx::问答记录::R709,259001,2025-12-19 20:16:55,AI智能体,included,included_in_cohort_and_text_available
2025_fall,2025秋-数学模型-问答记录导出20260502导出_已标注_已更新.xlsx,问答记录,2025秋-数学模型-问答记录导出20260502导出_已标注_已更新.xlsx::问答记录::R710,259001,2025-12-19 20:16:14,AI智能体,included,included_in_cohort_and_text_available
2025_fall,2025秋-数学模型-问答记录导出20260502导出_已标注_已更新.xlsx,问答记录,2025秋-数学模型-问答记录导出20260502导出_已标注_已更新.xlsx::问答记录::R711,259001,2025-12-19 20:06:25,AI智能体,included,included_in_cohort_and_text_available
2025_fall,2025秋-数学模型-问答记录导出20260502导出_已标注_已更新.xlsx,问答记录,2025秋-数学模型-问答记录导出20260502导出_已标注_已更新.xlsx::问答记录::R712,259001,2025-12-19 20:01:45,AI智能体,included,included_in_cohort_and_text_available
2025_fall,2025秋-数学模型-问答记录导出20260502导出_已标注_已更新.xlsx,问答记录,2025秋-数学模型-问答记录导出20260502导出_已标注_已更新.xlsx::问答记录::R713,259107,2025-12-19 15:28:16,AI智能体,included,included_in_cohort_and_text_available
2025_fall,2025秋-数学模型-问答记录导出20260502导出_已标注_已更新.xlsx,问答记录,2025秋-数学模型-问答记录导出20260502导出_已标注_已更新.xlsx::问答记录::R714,259107,2025-12-19 15:23:38,AI智能体,included,included_in_cohort_and_text_available
2025_fall,2025秋-数学模型-问答记录导出20260502导出_已标注_已更新.xlsx,问答记录,2025秋-数学模型-问答记录导出20260502导出_已标注_已更新.xlsx::问答记录::R715,25P028,2025-12-18 20:48:08,AI智能体,included,included_in_cohort_and_text_available
2025_fall,2025秋-数学模型-问答记录导出20260502导出_已标注_已更新.xlsx,问答记录,2025秋-数学模型-问答记录导出20260502导出_已标注_已更新.xlsx::问答记录::R716,25P028,2025-12-18 19:25:14,AI智能体,included,included_in_cohort_and_text_available
2025_fall,2025秋-数学模型-问答记录导出20260502导出_已标注_已更新.xlsx,问答记录,2025秋-数学模型-问答记录导出20260502导出_已标注_已更新.xlsx::问答记录::R717,258269,2025-12-18 14:55:46,AI智能体,excluded,url_only_unretrieved_content
2025_fall,2025秋-数学模型-问答记录导出20260502导出_已标注_已更新.xlsx,问答记录,2025秋-数学模型-问答记录导出20260502导出_已标注_已更新.xlsx::问答记录::R718,258933,2025-12-17 13:22:34,AI智能体,included,included_in_cohort_and_text_available
2025_fall,2025秋-数学模型-问答记录导出20260502导出_已标注_已更新.xlsx,问答记录,2025秋-数学模型-问答记录导出20260502导出_已标注_已更新.xlsx::问答记录::R719,258935,2025-12-16 15:58:47,AI智能体,included,included_in_cohort_and_text_available
2025_fall,2025秋-数学模型-问答记录导出20260502导出_已标注_已更新.xlsx,问答记录,2025秋-数学模型-问答记录导出20260502导出_已标注_已更新.xlsx::问答记录::R720,259850,2025-12-16 14:10:15,AI智能体,included,included_in_cohort_and_text_available
2025_fall,2025秋-数学模型-问答记录导出20260502导出_已标注_已更新.xlsx,问答记录,2025秋-数学模型-问答记录导出20260502导出_已标注_已更新.xlsx::问答记录::R721,258960,2025-12-16 14:08:24,AI智能体,included,included_in_cohort_and_text_available
2025_fall,2025秋-数学模型-问答记录导出20260502导出_已标注_已更新.xlsx,问答记录,2025秋-数学模型-问答记录导出20260502导出_已标注_已更新.xlsx::问答记录::R722,258960,2025-12-16 14:04:10,AI智能体,included,included_in_cohort_and_text_available
2025_fall,2025秋-数学模型-问答记录导出20260502导出_已标注_已更新.xlsx,问答记录,2025秋-数学模型-问答记录导出20260502导出_已标注_已更新.xlsx::问答记录::R723,258425,2025-12-15 21:01:08,AI智能体,included,included_in_cohort_and_text_available
2025_fall,2025秋-数学模型-问答记录导出20260502导出_已标注_已更新.xlsx,问答记录,2025秋-数学模型-问答记录导出20260502导出_已标注_已更新.xlsx::问答记录::R724,258425,2025-12-15 20:59:09,AI智能体,included,included_in_cohort_and_text_available
2025_fall,2025秋-数学模型-问答记录导出20260502导出_已标注_已更新.xlsx,问答记录,2025秋-数学模型-问答记录导出20260502导出_已标注_已更新.xlsx::问答记录::R725,259851,2025-12-15 19:49:01,AI智能体,included,included_in_cohort_and_text_available
2025_fall,2025秋-数学模型-问答记录导出20260502导出_已标注_已更新.xlsx,问答记录,2025秋-数学模型-问答记录导出20260502导出_已标注_已更新.xlsx::问答记录::R726,25P027,2025-12-15 14:28:00,AI智能体,included,included_in_cohort_and_text_available
2025_fall,2025秋-数学模型-问答记录导出20260502导出_已标注_已更新.xlsx,问答记录,2025秋-数学模型-问答记录导出20260502导出_已标注_已更新.xlsx::问答记录::R727,259117,2025-12-15 00:54:44,AI智能体,included,included_in_cohort_and_text_available
2025_fall,2025秋-数学模型-问答记录导出20260502导出_已标注_已更新.xlsx,问答记录,2025秋-数学模型-问答记录导出20260502导出_已标注_已更新.xlsx::问答记录::R728,259117,2025-12-15 00:23:24,AI智能体,included,included_in_cohort_and_text_available
2025_fall,2025秋-数学模型-问答记录导出20260502导出_已标注_已更新.xlsx,问答记录,2025秋-数学模型-问答记录导出20260502导出_已标注_已更新.xlsx::问答记录::R729,259038,2025-12-14 23:01:41,AI智能体,included,included_in_cohort_and_text_available
2025_fall,2025秋-数学模型-问答记录导出20260502导出_已标注_已更新.xlsx,问答记录,2025秋-数学模型-问答记录导出20260502导出_已标注_已更新.xlsx::问答记录::R730,259038,2025-12-14 22:34:47,AI智能体,included,included_in_cohort_and_text_available
2025_fall,2025秋-数学模型-问答记录导出20260502导出_已标注_已更新.xlsx,问答记录,2025秋-数学模型-问答记录导出20260502导出_已标注_已更新.xlsx::问答记录::R731,259846,2025-12-13 10:11:09,AI智能体,included,included_in_cohort_and_text_available
2025_fall,2025秋-数学模型-问答记录导出20260502导出_已标注_已更新.xlsx,问答记录,2025秋-数学模型-问答记录导出20260502导出_已标注_已更新.xlsx::问答记录::R732,259885,2025-12-11 22:42:03,AI智能体,included,included_in_cohort_and_text_available
2025_fall,2025秋-数学模型-问答记录导出20260502导出_已标注_已更新.xlsx,问答记录,2025秋-数学模型-问答记录导出20260502导出_已标注_已更新.xlsx::问答记录::R733,259341,2025-12-11 20:33:22,AI智能体,included,included_in_cohort_and_text_available
2025_fall,2025秋-数学模型-问答记录导出20260502导出_已标注_已更新.xlsx,问答记录,2025秋-数学模型-问答记录导出20260502导出_已标注_已更新.xlsx::问答记录::R734,248829,2025-12-11 20:23:27,AI智能体,included,included_in_cohort_and_text_available
2025_fall,2025秋-数学模型-问答记录导出20260502导出_已标注_已更新.xlsx,问答记录,2025秋-数学模型-问答记录导出20260502导出_已标注_已更新.xlsx::问答记录::R735,259341,2025-12-11 17:24:17,AI智能体,included,included_in_cohort_and_text_available
2025_fall,2025秋-数学模型-问答记录导出20260502导出_已标注_已更新.xlsx,问答记录,2025秋-数学模型-问答记录导出20260502导出_已标注_已更新.xlsx::问答记录::R736,259341,2025-12-11 17:23:19,AI智能体,included,included_in_cohort_and_text_available
2025_fall,2025秋-数学模型-问答记录导出20260502导出_已标注_已更新.xlsx,问答记录,2025秋-数学模型-问答记录导出20260502导出_已标注_已更新.xlsx::问答记录::R737,259449,2025-12-11 16:34:32,AI智能体,included,included_in_cohort_and_text_available
2025_fall,2025秋-数学模型-问答记录导出20260502导出_已标注_已更新.xlsx,问答记录,2025秋-数学模型-问答记录导出20260502导出_已标注_已更新.xlsx::问答记录::R738,259344,2025-12-11 16:40:51,AI智能体,included,included_in_cohort_and_text_available
2025_fall,2025秋-数学模型-问答记录导出20260502导出_已标注_已更新.xlsx,问答记录,2025秋-数学模型-问答记录导出20260502导出_已标注_已更新.xlsx::问答记录::R739,25A171,2025-12-11 16:30:42,AI智能体,included,included_in_cohort_and_text_available
2025_fall,2025秋-数学模型-问答记录导出20260502导出_已标注_已更新.xlsx,问答记录,2025秋-数学模型-问答记录导出20260502导出_已标注_已更新.xlsx::问答记录::R740,259419,2025-12-11 16:29:28,AI智能体,included,included_in_cohort_and_text_available
2025_fall,2025秋-数学模型-问答记录导出20260502导出_已标注_已更新.xlsx,问答记录,2025秋-数学模型-问答记录导出20260502导出_已标注_已更新.xlsx::问答记录::R741,259430,2025-12-11 12:31:25,AI智能体,included,included_in_cohort_and_text_available
2025_fall,2025秋-数学模型-问答记录导出20260502导出_已标注_已更新.xlsx,问答记录,2025秋-数学模型-问答记录导出20260502导出_已标注_已更新.xlsx::问答记录::R742,25A120,2025-12-11 11:39:27,AI智能体,included,included_in_cohort_and_text_available
2025_fall,2025秋-数学模型-问答记录导出20260502导出_已标注_已更新.xlsx,问答记录,2025秋-数学模型-问答记录导出20260502导出_已标注_已更新.xlsx::问答记录::R743,259426,2025-12-10 17:38:01,AI智能体,included,included_in_cohort_and_text_available
2025_fall,2025秋-数学模型-问答记录导出20260502导出_已标注_已更新.xlsx,问答记录,2025秋-数学模型-问答记录导出20260502导出_已标注_已更新.xlsx::问答记录::R744,259426,2025-12-10 17:35:01,AI智能体,included,included_in_cohort_and_text_available
2025_fall,2025秋-数学模型-问答记录导出20260502导出_已标注_已更新.xlsx,问答记录,2025秋-数学模型-问答记录导出20260502导出_已标注_已更新.xlsx::问答记录::R745,259385,2025-12-10 16:11:16,AI智能体,included,included_in_cohort_and_text_available
2025_fall,2025秋-数学模型-问答记录导出20260502导出_已标注_已更新.xlsx,问答记录,2025秋-数学模型-问答记录导出20260502导出_已标注_已更新.xlsx::问答记录::R746,258885,2025-12-10 14:19:47,AI智能体,included,included_in_cohort_and_text_available
2025_fall,2025秋-数学模型-问答记录导出20260502导出_已标注_已更新.xlsx,问答记录,2025秋-数学模型-问答记录导出20260502导出_已标注_已更新.xlsx::问答记录::R747,259863,2025-12-10 14:14:20,AI智能体,included,included_in_cohort_and_text_available
2025_fall,2025秋-数学模型-问答记录导出20260502导出_已标注_已更新.xlsx,问答记录,2025秋-数学模型-问答记录导出20260502导出_已标注_已更新.xlsx::问答记录::R748,243705,2025-12-09 16:59:37,AI智能体,included,included_in_cohort_and_text_available
2025_fall,2025秋-数学模型-问答记录导出20260502导出_已标注_已更新.xlsx,问答记录,2025秋-数学模型-问答记录导出20260502导出_已标注_已更新.xlsx::问答记录::R749,258902,2025-12-09 16:39:32,AI智能体,included,included_in_cohort_and_text_available
2025_fall,2025秋-数学模型-问答记录导出20260502导出_已标注_已更新.xlsx,问答记录,2025秋-数学模型-问答记录导出20260502导出_已标注_已更新.xlsx::问答记录::R750,258902,2025-12-09 16:34:36,AI智能体,included,included_in_cohort_and_text_available
2025_fall,2025秋-数学模型-问答记录导出20260502导出_已标注_已更新.xlsx,问答记录,2025秋-数学模型-问答记录导出20260502导出_已标注_已更新.xlsx::问答记录::R751,258902,2025-12-09 16:34:28,AI智能体,included,included_in_cohort_and_text_available
2025_fall,2025秋-数学模型-问答记录导出20260502导出_已标注_已更新.xlsx,问答记录,2025秋-数学模型-问答记录导出20260502导出_已标注_已更新.xlsx::问答记录::R752,259867,2025-12-09 15:09:50,AI智能体,included,included_in_cohort_and_text_available
2025_fall,2025秋-数学模型-问答记录导出20260502导出_已标注_已更新.xlsx,问答记录,2025秋-数学模型-问答记录导出20260502导出_已标注_已更新.xlsx::问答记录::R753,259867,2025-12-09 15:08:01,AI智能体,included,included_in_cohort_and_text_available
2025_fall,2025秋-数学模型-问答记录导出20260502导出_已标注_已更新.xlsx,问答记录,2025秋-数学模型-问答记录导出20260502导出_已标注_已更新.xlsx::问答记录::R754,259919,2025-12-09 11:56:03,AI智能体,included,included_in_cohort_and_text_available
2025_fall,2025秋-数学模型-问答记录导出20260502导出_已标注_已更新.xlsx,问答记录,2025秋-数学模型-问答记录导出20260502导出_已标注_已更新.xlsx::问答记录::R755,258976,2025-12-08 18:15:04,AI智能体,included,included_in_cohort_and_text_available
2025_fall,2025秋-数学模型-问答记录导出20260502导出_已标注_已更新.xlsx,问答记录,2025秋-数学模型-问答记录导出20260502导出_已标注_已更新.xlsx::问答记录::R756,259117,2025-12-08 00:32:14,AI智能体,included,included_in_cohort_and_text_available
2025_fall,2025秋-数学模型-问答记录导出20260502导出_已标注_已更新.xlsx,问答记录,2025秋-数学模型-问答记录导出20260502导出_已标注_已更新.xlsx::问答记录::R757,258889,2025-12-07 22:05:00,AI智能体,included,included_in_cohort_and_text_available
2025_fall,2025秋-数学模型-问答记录导出20260502导出_已标注_已更新.xlsx,问答记录,2025秋-数学模型-问答记录导出20260502导出_已标注_已更新.xlsx::问答记录::R758,258889,2025-12-07 21:58:34,AI智能体,included,included_in_cohort_and_text_available
2025_fall,2025秋-数学模型-问答记录导出20260502导出_已标注_已更新.xlsx,问答记录,2025秋-数学模型-问答记录导出20260502导出_已标注_已更新.xlsx::问答记录::R759,258936,2025-12-06 19:51:46,AI智能体,included,included_in_cohort_and_text_available
2025_fall,2025秋-数学模型-问答记录导出20260502导出_已标注_已更新.xlsx,问答记录,2025秋-数学模型-问答记录导出20260502导出_已标注_已更新.xlsx::问答记录::R760,259342,2025-12-05 20:03:15,AI智能体,included,included_in_cohort_and_text_available
2025_fall,2025秋-数学模型-问答记录导出20260502导出_已标注_已更新.xlsx,问答记录,2025秋-数学模型-问答记录导出20260502导出_已标注_已更新.xlsx::问答记录::R761,243705,2025-12-05 19:53:56,AI智能体,included,included_in_cohort_and_text_available
2025_fall,2025秋-数学模型-问答记录导出20260502导出_已标注_已更新.xlsx,问答记录,2025秋-数学模型-问答记录导出20260502导出_已标注_已更新.xlsx::问答记录::R762,243705,2025-12-05 19:48:16,AI智能体,included,included_in_cohort_and_text_available
2025_fall,2025秋-数学模型-问答记录导出20260502导出_已标注_已更新.xlsx,问答记录,2025秋-数学模型-问答记录导出20260502导出_已标注_已更新.xlsx::问答记录::R763,243705,2025-12-05 19:34:38,AI智能体,included,included_in_cohort_and_text_available
2025_fall,2025秋-数学模型-问答记录导出20260502导出_已标注_已更新.xlsx,问答记录,2025秋-数学模型-问答记录导出20260502导出_已标注_已更新.xlsx::问答记录::R764,259112,2025-12-05 15:57:34,AI智能体,included,included_in_cohort_and_text_available
2025_fall,2025秋-数学模型-问答记录导出20260502导出_已标注_已更新.xlsx,问答记录,2025秋-数学模型-问答记录导出20260502导出_已标注_已更新.xlsx::问答记录::R765,259112,2025-12-05 15:49:49,AI智能体,included,included_in_cohort_and_text_available
2025_fall,2025秋-数学模型-问答记录导出20260502导出_已标注_已更新.xlsx,问答记录,2025秋-数学模型-问答记录导出20260502导出_已标注_已更新.xlsx::问答记录::R766,252939,2025-12-04 15:24:58,AI智能体,included,included_in_cohort_and_text_available
2025_fall,2025秋-数学模型-问答记录导出20260502导出_已标注_已更新.xlsx,问答记录,2025秋-数学模型-问答记录导出20260502导出_已标注_已更新.xlsx::问答记录::R767,252939,2025-12-04 15:23:36,AI智能体,included,included_in_cohort_and_text_available
2025_fall,2025秋-数学模型-问答记录导出20260502导出_已标注_已更新.xlsx,问答记录,2025秋-数学模型-问答记录导出20260502导出_已标注_已更新.xlsx::问答记录::R768,259338,2025-12-04 15:00:03,AI智能体,included,included_in_cohort_and_text_available
2025_fall,2025秋-数学模型-问答记录导出20260502导出_已标注_已更新.xlsx,问答记录,2025秋-数学模型-问答记录导出20260502导出_已标注_已更新.xlsx::问答记录::R769,25A171,2025-12-04 14:43:11,AI智能体,included,included_in_cohort_and_text_available
2025_fall,2025秋-数学模型-问答记录导出20260502导出_已标注_已更新.xlsx,问答记录,2025秋-数学模型-问答记录导出20260502导出_已标注_已更新.xlsx::问答记录::R770,259965,2025-12-04 11:07:11,AI智能体,included,included_in_cohort_and_text_available
2025_fall,2025秋-数学模型-问答记录导出20260502导出_已标注_已更新.xlsx,问答记录,2025秋-数学模型-问答记录导出20260502导出_已标注_已更新.xlsx::问答记录::R771,259097,2025-12-04 09:17:43,AI智能体,included,included_in_cohort_and_text_available
2025_fall,2025秋-数学模型-问答记录导出20260502导出_已标注_已更新.xlsx,问答记录,2025秋-数学模型-问答记录导出20260502导出_已标注_已更新.xlsx::问答记录::R772,25A150,2025-12-03 22:00:52,AI智能体,included,included_in_cohort_and_text_available
2025_fall,2025秋-数学模型-问答记录导出20260502导出_已标注_已更新.xlsx,问答记录,2025秋-数学模型-问答记录导出20260502导出_已标注_已更新.xlsx::问答记录::R773,259325,2025-12-03 22:16:01,AI智能体,included,included_in_cohort_and_text_available
2025_fall,2025秋-数学模型-问答记录导出20260502导出_已标注_已更新.xlsx,问答记录,2025秋-数学模型-问答记录导出20260502导出_已标注_已更新.xlsx::问答记录::R774,258997,2025-12-03 21:59:27,AI智能体,included,included_in_cohort_and_text_available
2025_fall,2025秋-数学模型-问答记录导出20260502导出_已标注_已更新.xlsx,问答记录,2025秋-数学模型-问答记录导出20260502导出_已标注_已更新.xlsx::问答记录::R775,25A145,2025-12-03 16:30:39,AI智能体,included,included_in_cohort_and_text_available
2025_fall,2025秋-数学模型-问答记录导出20260502导出_已标注_已更新.xlsx,问答记录,2025秋-数学模型-问答记录导出20260502导出_已标注_已更新.xlsx::问答记录::R776,25A142,2025-12-03 14:41:05,AI智能体,included,included_in_cohort_and_text_available
2025_fall,2025秋-数学模型-问答记录导出20260502导出_已标注_已更新.xlsx,问答记录,2025秋-数学模型-问答记录导出20260502导出_已标注_已更新.xlsx::问答记录::R777,25A154,2025-12-03 11:49:26,AI智能体,included,included_in_cohort_and_text_available
2025_fall,2025秋-数学模型-问答记录导出20260502导出_已标注_已更新.xlsx,问答记录,2025秋-数学模型-问答记录导出20260502导出_已标注_已更新.xlsx::问答记录::R778,259061,2025-12-03 09:52:25,AI智能体,included,included_in_cohort_and_text_available
2025_fall,2025秋-数学模型-问答记录导出20260502导出_已标注_已更新.xlsx,问答记录,2025秋-数学模型-问答记录导出20260502导出_已标注_已更新.xlsx::问答记录::R779,259061,2025-12-03 09:51:20,AI智能体,included,included_in_cohort_and_text_available
2025_fall,2025秋-数学模型-问答记录导出20260502导出_已标注_已更新.xlsx,问答记录,2025秋-数学模型-问答记录导出20260502导出_已标注_已更新.xlsx::问答记录::R780,25A150,2025-12-02 22:13:38,AI智能体,included,included_in_cohort_and_text_available
2025_fall,2025秋-数学模型-问答记录导出20260502导出_已标注_已更新.xlsx,问答记录,2025秋-数学模型-问答记录导出20260502导出_已标注_已更新.xlsx::问答记录::R781,25A150,2025-12-02 22:08:06,AI智能体,included,included_in_cohort_and_text_available
2025_fall,2025秋-数学模型-问答记录导出20260502导出_已标注_已更新.xlsx,问答记录,2025秋-数学模型-问答记录导出20260502导出_已标注_已更新.xlsx::问答记录::R782,25A150,2025-12-02 22:06:46,AI智能体,included,included_in_cohort_and_text_available
2025_fall,2025秋-数学模型-问答记录导出20260502导出_已标注_已更新.xlsx,问答记录,2025秋-数学模型-问答记录导出20260502导出_已标注_已更新.xlsx::问答记录::R783,259020,2025-12-02 15:58:00,AI智能体,included,included_in_cohort_and_text_available
2025_fall,2025秋-数学模型-问答记录导出20260502导出_已标注_已更新.xlsx,问答记录,2025秋-数学模型-问答记录导出20260502导出_已标注_已更新.xlsx::问答记录::R784,25A154,2025-11-30 09:01:02,AI智能体,included,included_in_cohort_and_text_available
2025_fall,2025秋-数学模型-问答记录导出20260502导出_已标注_已更新.xlsx,问答记录,2025秋-数学模型-问答记录导出20260502导出_已标注_已更新.xlsx::问答记录::R785,25A146,2025-11-29 19:54:15,AI智能体,included,included_in_cohort_and_text_available
2025_fall,2025秋-数学模型-问答记录导出20260502导出_已标注_已更新.xlsx,问答记录,2025秋-数学模型-问答记录导出20260502导出_已标注_已更新.xlsx::问答记录::R786,259389,2025-11-29 13:14:32,AI智能体,included,included_in_cohort_and_text_available
2025_fall,2025秋-数学模型-问答记录导出20260502导出_已标注_已更新.xlsx,问答记录,2025秋-数学模型-问答记录导出20260502导出_已标注_已更新.xlsx::问答记录::R787,250698,2025-11-28 20:28:11,AI智能体,included,included_in_cohort_and_text_available
2025_fall,2025秋-数学模型-问答记录导出20260502导出_已标注_已更新.xlsx,问答记录,2025秋-数学模型-问答记录导出20260502导出_已标注_已更新.xlsx::问答记录::R788,258856,2025-11-27 19:30:50,AI智能体,included,included_in_cohort_and_text_available
2025_fall,2025秋-数学模型-问答记录导出20260502导出_已标注_已更新.xlsx,问答记录,2025秋-数学模型-问答记录导出20260502导出_已标注_已更新.xlsx::问答记录::R789,259869,2025-11-27 15:42:27,AI智能体,included,included_in_cohort_and_text_available
2025_fall,2025秋-数学模型-问答记录导出20260502导出_已标注_已更新.xlsx,问答记录,2025秋-数学模型-问答记录导出20260502导出_已标注_已更新.xlsx::问答记录::R790,259869,2025-11-27 15:41:28,AI智能体,included,included_in_cohort_and_text_available
2025_fall,2025秋-数学模型-问答记录导出20260502导出_已标注_已更新.xlsx,问答记录,2025秋-数学模型-问答记录导出20260502导出_已标注_已更新.xlsx::问答记录::R791,259869,2025-11-27 15:40:51,AI智能体,included,included_in_cohort_and_text_available
2025_fall,2025秋-数学模型-问答记录导出20260502导出_已标注_已更新.xlsx,问答记录,2025秋-数学模型-问答记录导出20260502导出_已标注_已更新.xlsx::问答记录::R792,259315,2025-11-26 16:18:00,AI智能体,included,included_in_cohort_and_text_available
2025_fall,2025秋-数学模型-问答记录导出20260502导出_已标注_已更新.xlsx,问答记录,2025秋-数学模型-问答记录导出20260502导出_已标注_已更新.xlsx::问答记录::R793,259863,2025-11-26 14:26:09,AI智能体,included,included_in_cohort_and_text_available
2025_fall,2025秋-数学模型-问答记录导出20260502导出_已标注_已更新.xlsx,问答记录,2025秋-数学模型-问答记录导出20260502导出_已标注_已更新.xlsx::问答记录::R794,258988,2025-11-25 18:44:44,AI智能体,included,included_in_cohort_and_text_available
2025_fall,2025秋-数学模型-问答记录导出20260502导出_已标注_已更新.xlsx,问答记录,2025秋-数学模型-问答记录导出20260502导出_已标注_已更新.xlsx::问答记录::R795,258978,2025-11-25 17:06:33,AI智能体,included,included_in_cohort_and_text_available
2025_fall,2025秋-数学模型-问答记录导出20260502导出_已标注_已更新.xlsx,问答记录,2025秋-数学模型-问答记录导出20260502导出_已标注_已更新.xlsx::问答记录::R796,258963,2025-11-25 16:32:31,AI智能体,excluded,url_only_unretrieved_content
2025_fall,2025秋-数学模型-问答记录导出20260502导出_已标注_已更新.xlsx,问答记录,2025秋-数学模型-问答记录导出20260502导出_已标注_已更新.xlsx::问答记录::R797,259316,2025-11-25 16:20:37,AI智能体,included,included_in_cohort_and_text_available
2025_fall,2025秋-数学模型-问答记录导出20260502导出_已标注_已更新.xlsx,问答记录,2025秋-数学模型-问答记录导出20260502导出_已标注_已更新.xlsx::问答记录::R798,259858,2025-11-25 10:55:17,AI智能体,included,included_in_cohort_and_text_available
2025_fall,2025秋-数学模型-问答记录导出20260502导出_已标注_已更新.xlsx,问答记录,2025秋-数学模型-问答记录导出20260502导出_已标注_已更新.xlsx::问答记录::R799,259887,2025-11-24 19:43:26,AI智能体,included,included_in_cohort_and_text_available
2025_fall,2025秋-数学模型-问答记录导出20260502导出_已标注_已更新.xlsx,问答记录,2025秋-数学模型-问答记录导出20260502导出_已标注_已更新.xlsx::问答记录::R800,259921,2025-11-24 18:39:10,AI智能体,included,included_in_cohort_and_text_available
2025_fall,2025秋-数学模型-问答记录导出20260502导出_已标注_已更新.xlsx,问答记录,2025秋-数学模型-问答记录导出20260502导出_已标注_已更新.xlsx::问答记录::R801,259895,2025-11-24 17:02:33,AI智能体,included,included_in_cohort_and_text_available
2025_fall,2025秋-数学模型-问答记录导出20260502导出_已标注_已更新.xlsx,问答记录,2025秋-数学模型-问答记录导出20260502导出_已标注_已更新.xlsx::问答记录::R802,259895,2025-11-24 17:00:35,AI智能体,included,included_in_cohort_and_text_available
2025_fall,2025秋-数学模型-问答记录导出20260502导出_已标注_已更新.xlsx,问答记录,2025秋-数学模型-问答记录导出20260502导出_已标注_已更新.xlsx::问答记录::R803,240455,2025-11-24 16:24:14,AI智能体,excluded,url_only_unretrieved_content
2025_fall,2025秋-数学模型-问答记录导出20260502导出_已标注_已更新.xlsx,问答记录,2025秋-数学模型-问答记录导出20260502导出_已标注_已更新.xlsx::问答记录::R804,240455,2025-11-24 16:00:14,AI智能体,included,included_in_cohort_and_text_available
2025_fall,2025秋-数学模型-问答记录导出20260502导出_已标注_已更新.xlsx,问答记录,2025秋-数学模型-问答记录导出20260502导出_已标注_已更新.xlsx::问答记录::R805,259437,2025-11-24 14:35:46,AI智能体,included,included_in_cohort_and_text_available
2025_fall,2025秋-数学模型-问答记录导出20260502导出_已标注_已更新.xlsx,问答记录,2025秋-数学模型-问答记录导出20260502导出_已标注_已更新.xlsx::问答记录::R806,259437,2025-11-24 14:33:33,AI智能体,included,included_in_cohort_and_text_available
2025_fall,2025秋-数学模型-问答记录导出20260502导出_已标注_已更新.xlsx,问答记录,2025秋-数学模型-问答记录导出20260502导出_已标注_已更新.xlsx::问答记录::R807,259437,2025-11-24 14:32:47,AI智能体,included,included_in_cohort_and_text_available
2025_fall,2025秋-数学模型-问答记录导出20260502导出_已标注_已更新.xlsx,问答记录,2025秋-数学模型-问答记录导出20260502导出_已标注_已更新.xlsx::问答记录::R808,258868,2025-11-24 08:44:00,AI智能体,included,included_in_cohort_and_text_available
2025_fall,2025秋-数学模型-问答记录导出20260502导出_已标注_已更新.xlsx,问答记录,2025秋-数学模型-问答记录导出20260502导出_已标注_已更新.xlsx::问答记录::R809,258868,2025-11-24 08:35:57,AI智能体,included,included_in_cohort_and_text_available
2025_fall,2025秋-数学模型-问答记录导出20260502导出_已标注_已更新.xlsx,问答记录,2025秋-数学模型-问答记录导出20260502导出_已标注_已更新.xlsx::问答记录::R810,259411,2025-11-23 20:24:49,AI智能体,included,included_in_cohort_and_text_available
2025_fall,2025秋-数学模型-问答记录导出20260502导出_已标注_已更新.xlsx,问答记录,2025秋-数学模型-问答记录导出20260502导出_已标注_已更新.xlsx::问答记录::R811,259110,2025-11-23 19:42:38,AI智能体,included,included_in_cohort_and_text_available
2025_fall,2025秋-数学模型-问答记录导出20260502导出_已标注_已更新.xlsx,问答记录,2025秋-数学模型-问答记录导出20260502导出_已标注_已更新.xlsx::问答记录::R812,259336,2025-11-23 15:51:01,AI智能体,included,included_in_cohort_and_text_available
2025_fall,2025秋-数学模型-问答记录导出20260502导出_已标注_已更新.xlsx,问答记录,2025秋-数学模型-问答记录导出20260502导出_已标注_已更新.xlsx::问答记录::R813,259324,2025-11-23 13:57:17,AI智能体,included,included_in_cohort_and_text_available
2025_fall,2025秋-数学模型-问答记录导出20260502导出_已标注_已更新.xlsx,问答记录,2025秋-数学模型-问答记录导出20260502导出_已标注_已更新.xlsx::问答记录::R814,259324,2025-11-23 13:56:41,AI智能体,included,included_in_cohort_and_text_available
2025_fall,2025秋-数学模型-问答记录导出20260502导出_已标注_已更新.xlsx,问答记录,2025秋-数学模型-问答记录导出20260502导出_已标注_已更新.xlsx::问答记录::R815,258943,2025-11-21 20:08:18,AI智能体,included,included_in_cohort_and_text_available
2025_fall,2025秋-数学模型-问答记录导出20260502导出_已标注_已更新.xlsx,问答记录,2025秋-数学模型-问答记录导出20260502导出_已标注_已更新.xlsx::问答记录::R816,259314,2025-11-21 17:21:40,AI智能体,included,included_in_cohort_and_text_available
2025_fall,2025秋-数学模型-问答记录导出20260502导出_已标注_已更新.xlsx,问答记录,2025秋-数学模型-问答记录导出20260502导出_已标注_已更新.xlsx::问答记录::R817,259439,2025-11-21 13:57:04,AI智能体,included,included_in_cohort_and_text_available
2025_fall,2025秋-数学模型-问答记录导出20260502导出_已标注_已更新.xlsx,问答记录,2025秋-数学模型-问答记录导出20260502导出_已标注_已更新.xlsx::问答记录::R818,258423,2025-11-20 16:37:10,AI智能体,included,included_in_cohort_and_text_available
2025_fall,2025秋-数学模型-问答记录导出20260502导出_已标注_已更新.xlsx,问答记录,2025秋-数学模型-问答记录导出20260502导出_已标注_已更新.xlsx::问答记录::R819,258423,2025-11-20 16:24:54,AI智能体,included,included_in_cohort_and_text_available
2025_fall,2025秋-数学模型-问答记录导出20260502导出_已标注_已更新.xlsx,问答记录,2025秋-数学模型-问答记录导出20260502导出_已标注_已更新.xlsx::问答记录::R820,258423,2025-11-20 16:19:04,AI智能体,included,included_in_cohort_and_text_available
2025_fall,2025秋-数学模型-问答记录导出20260502导出_已标注_已更新.xlsx,问答记录,2025秋-数学模型-问答记录导出20260502导出_已标注_已更新.xlsx::问答记录::R821,258423,2025-11-20 16:10:35,AI智能体,included,included_in_cohort_and_text_available
2025_fall,2025秋-数学模型-问答记录导出20260502导出_已标注_已更新.xlsx,问答记录,2025秋-数学模型-问答记录导出20260502导出_已标注_已更新.xlsx::问答记录::R822,258423,2025-11-20 15:41:44,AI智能体,included,included_in_cohort_and_text_available
2025_fall,2025秋-数学模型-问答记录导出20260502导出_已标注_已更新.xlsx,问答记录,2025秋-数学模型-问答记录导出20260502导出_已标注_已更新.xlsx::问答记录::R823,259003,2025-11-19 16:09:09,AI智能体,included,included_in_cohort_and_text_available
2025_fall,2025秋-数学模型-问答记录导出20260502导出_已标注_已更新.xlsx,问答记录,2025秋-数学模型-问答记录导出20260502导出_已标注_已更新.xlsx::问答记录::R824,259003,2025-11-19 16:08:11,AI智能体,included,included_in_cohort_and_text_available
2025_fall,2025秋-数学模型-问答记录导出20260502导出_已标注_已更新.xlsx,问答记录,2025秋-数学模型-问答记录导出20260502导出_已标注_已更新.xlsx::问答记录::R825,258871,2025-11-19 14:40:28,AI智能体,included,included_in_cohort_and_text_available
2025_fall,2025秋-数学模型-问答记录导出20260502导出_已标注_已更新.xlsx,问答记录,2025秋-数学模型-问答记录导出20260502导出_已标注_已更新.xlsx::问答记录::R826,25A153,2025-11-19 13:16:00,AI智能体,included,included_in_cohort_and_text_available
2025_fall,2025秋-数学模型-问答记录导出20260502导出_已标注_已更新.xlsx,问答记录,2025秋-数学模型-问答记录导出20260502导出_已标注_已更新.xlsx::问答记录::R827,259061,2025-11-19 11:08:44,AI智能体,included,included_in_cohort_and_text_available
2025_fall,2025秋-数学模型-问答记录导出20260502导出_已标注_已更新.xlsx,问答记录,2025秋-数学模型-问答记录导出20260502导出_已标注_已更新.xlsx::问答记录::R828,258924,2025-11-18 20:07:43,AI智能体,included,included_in_cohort_and_text_available
2025_fall,2025秋-数学模型-问答记录导出20260502导出_已标注_已更新.xlsx,问答记录,2025秋-数学模型-问答记录导出20260502导出_已标注_已更新.xlsx::问答记录::R829,258924,2025-11-18 20:05:35,AI智能体,included,included_in_cohort_and_text_available
2025_fall,2025秋-数学模型-问答记录导出20260502导出_已标注_已更新.xlsx,问答记录,2025秋-数学模型-问答记录导出20260502导出_已标注_已更新.xlsx::问答记录::R830,259961,2025-11-18 14:47:27,AI智能体,included,included_in_cohort_and_text_available
2025_fall,2025秋-数学模型-问答记录导出20260502导出_已标注_已更新.xlsx,问答记录,2025秋-数学模型-问答记录导出20260502导出_已标注_已更新.xlsx::问答记录::R831,259867,2025-11-18 12:27:39,AI智能体,included,included_in_cohort_and_text_available
2025_fall,2025秋-数学模型-问答记录导出20260502导出_已标注_已更新.xlsx,问答记录,2025秋-数学模型-问答记录导出20260502导出_已标注_已更新.xlsx::问答记录::R832,25P025,2025-11-17 11:17:56,AI智能体,included,included_in_cohort_and_text_available
2025_fall,2025秋-数学模型-问答记录导出20260502导出_已标注_已更新.xlsx,问答记录,2025秋-数学模型-问答记录导出20260502导出_已标注_已更新.xlsx::问答记录::R833,259952,2025-11-16 19:24:43,AI智能体,included,included_in_cohort_and_text_available
2025_fall,2025秋-数学模型-问答记录导出20260502导出_已标注_已更新.xlsx,问答记录,2025秋-数学模型-问答记录导出20260502导出_已标注_已更新.xlsx::问答记录::R834,259952,2025-11-16 19:14:06,AI智能体,included,included_in_cohort_and_text_available
2025_fall,2025秋-数学模型-问答记录导出20260502导出_已标注_已更新.xlsx,问答记录,2025秋-数学模型-问答记录导出20260502导出_已标注_已更新.xlsx::问答记录::R835,259336,2025-11-16 18:23:01,AI智能体,included,included_in_cohort_and_text_available
2025_fall,2025秋-数学模型-问答记录导出20260502导出_已标注_已更新.xlsx,问答记录,2025秋-数学模型-问答记录导出20260502导出_已标注_已更新.xlsx::问答记录::R836,259112,2025-11-15 23:38:09,AI智能体,included,included_in_cohort_and_text_available
2025_fall,2025秋-数学模型-问答记录导出20260502导出_已标注_已更新.xlsx,问答记录,2025秋-数学模型-问答记录导出20260502导出_已标注_已更新.xlsx::问答记录::R837,259112,2025-11-15 23:34:24,AI智能体,included,included_in_cohort_and_text_available
2025_fall,2025秋-数学模型-问答记录导出20260502导出_已标注_已更新.xlsx,问答记录,2025秋-数学模型-问答记录导出20260502导出_已标注_已更新.xlsx::问答记录::R838,259321,2025-11-15 18:05:35,AI智能体,included,included_in_cohort_and_text_available
2025_fall,2025秋-数学模型-问答记录导出20260502导出_已标注_已更新.xlsx,问答记录,2025秋-数学模型-问答记录导出20260502导出_已标注_已更新.xlsx::问答记录::R839,259334,2025-11-15 17:28:46,AI智能体,included,included_in_cohort_and_text_available
2025_fall,2025秋-数学模型-问答记录导出20260502导出_已标注_已更新.xlsx,问答记录,2025秋-数学模型-问答记录导出20260502导出_已标注_已更新.xlsx::问答记录::R840,258863,2025-11-11 15:57:59,AI智能体,included,included_in_cohort_and_text_available
2025_fall,2025秋-数学模型-问答记录导出20260502导出_已标注_已更新.xlsx,问答记录,2025秋-数学模型-问答记录导出20260502导出_已标注_已更新.xlsx::问答记录::R841,258863,2025-11-11 15:52:48,AI智能体,included,included_in_cohort_and_text_available
2025_fall,2025秋-数学模型-问答记录导出20260502导出_已标注_已更新.xlsx,问答记录,2025秋-数学模型-问答记录导出20260502导出_已标注_已更新.xlsx::问答记录::R842,258782,2025-11-09 17:55:13,AI智能体,excluded,url_only_unretrieved_content
2025_fall,2025秋-数学模型-问答记录导出20260502导出_已标注_已更新.xlsx,问答记录,2025秋-数学模型-问答记录导出20260502导出_已标注_已更新.xlsx::问答记录::R843,258782,2025-11-09 17:36:02,AI智能体,excluded,url_only_unretrieved_content
2025_fall,2025秋-数学模型-问答记录导出20260502导出_已标注_已更新.xlsx,问答记录,2025秋-数学模型-问答记录导出20260502导出_已标注_已更新.xlsx::问答记录::R844,258782,2025-11-09 17:19:31,AI智能体,excluded,url_only_unretrieved_content
2025_fall,2025秋-数学模型-问答记录导出20260502导出_已标注_已更新.xlsx,问答记录,2025秋-数学模型-问答记录导出20260502导出_已标注_已更新.xlsx::问答记录::R845,259330,2025-11-06 18:10:47,AI智能体,excluded,url_only_unretrieved_content
2025_fall,2025秋-数学模型-问答记录导出20260502导出_已标注_已更新.xlsx,问答记录,2025秋-数学模型-问答记录导出20260502导出_已标注_已更新.xlsx::问答记录::R846,259330,2025-11-06 18:08:21,AI智能体,excluded,url_only_unretrieved_content
2026_spring,问答记录导出0919_已更新.xlsx,问答记录,问答记录导出0919_已更新.xlsx::问答记录::R2,250695,2026-06-03 08:02:23,AI智能体,included,included_in_cohort_and_text_available
2026_spring,问答记录导出0919_已更新.xlsx,问答记录,问答记录导出0919_已更新.xlsx::问答记录::R3,250695,2026-06-03 07:45:25,AI智能体,excluded,url_only_unretrieved_content
2026_spring,问答记录导出0919_已更新.xlsx,问答记录,问答记录导出0919_已更新.xlsx::问答记录::R4,250695,2026-03-19 15:57:05,AI智能体,included,included_in_cohort_and_text_available
2026_spring,问答记录导出0919_已更新.xlsx,问答记录,问答记录导出0919_已更新.xlsx::问答记录::R5,250845,2026-04-30 13:54:36,AI智能体,included,included_in_cohort_and_text_available
2026_spring,问答记录导出0919_已更新.xlsx,问答记录,问答记录导出0919_已更新.xlsx::问答记录::R6,250845,2026-04-30 13:52:27,AI智能体,included,included_in_cohort_and_text_available
2026_spring,问答记录导出0919_已更新.xlsx,问答记录,问答记录导出0919_已更新.xlsx::问答记录::R7,250845,2026-04-30 13:50:40,AI智能体,included,included_in_cohort_and_text_available
2026_spring,问答记录导出0919_已更新.xlsx,问答记录,问答记录导出0919_已更新.xlsx::问答记录::R8,250845,2026-04-30 13:44:15,AI智能体,included,included_in_cohort_and_text_available
2026_spring,问答记录导出0919_已更新.xlsx,问答记录,问答记录导出0919_已更新.xlsx::问答记录::R9,250845,2026-03-22 20:21:59,AI智能体,included,included_in_cohort_and_text_available
2026_spring,问答记录导出0919_已更新.xlsx,问答记录,问答记录导出0919_已更新.xlsx::问答记录::R10,250868,2026-04-28 16:17:32,AI智能体,excluded,empty_interaction_text
2026_spring,问答记录导出0919_已更新.xlsx,问答记录,问答记录导出0919_已更新.xlsx::问答记录::R11,250868,2026-04-28 16:02:55,AI智能体,excluded,url_only_unretrieved_content
2026_spring,问答记录导出0919_已更新.xlsx,问答记录,问答记录导出0919_已更新.xlsx::问答记录::R12,250868,2026-04-28 15:28:51,AI智能体,included,included_in_cohort_and_text_available
2026_spring,问答记录导出0919_已更新.xlsx,问答记录,问答记录导出0919_已更新.xlsx::问答记录::R13,250868,2026-03-19 16:54:07,AI智能体,included,included_in_cohort_and_text_available
2026_spring,问答记录导出0919_已更新.xlsx,问答记录,问答记录导出0919_已更新.xlsx::问答记录::R14,250868,2026-03-19 16:48:45,AI智能体,included,included_in_cohort_and_text_available
2026_spring,问答记录导出0919_已更新.xlsx,问答记录,问答记录导出0919_已更新.xlsx::问答记录::R15,258855,2026-05-05 23:23:27,AI智能体,included,included_in_cohort_and_text_available
2026_spring,问答记录导出0919_已更新.xlsx,问答记录,问答记录导出0919_已更新.xlsx::问答记录::R16,258855,2026-05-05 23:17:41,AI智能体,included,included_in_cohort_and_text_available
2026_spring,问答记录导出0919_已更新.xlsx,问答记录,问答记录导出0919_已更新.xlsx::问答记录::R17,258855,2026-04-13 15:45:04,AI学伴,included,included_in_cohort_and_text_available
2026_spring,问答记录导出0919_已更新.xlsx,问答记录,问答记录导出0919_已更新.xlsx::问答记录::R18,258855,2026-03-25 22:19:02,AI智能体,included,included_in_cohort_and_text_available
2026_spring,问答记录导出0919_已更新.xlsx,问答记录,问答记录导出0919_已更新.xlsx::问答记录::R19,258920,2026-03-19 15:32:09,AI智能体,included,included_in_cohort_and_text_available
2026_spring,问答记录导出0919_已更新.xlsx,问答记录,问答记录导出0919_已更新.xlsx::问答记录::R20,258920,2026-03-19 15:29:47,AI智能体,included,included_in_cohort_and_text_available
2026_spring,问答记录导出0919_已更新.xlsx,问答记录,问答记录导出0919_已更新.xlsx::问答记录::R21,258920,2026-03-19 15:29:29,AI学伴,included,included_in_cohort_and_text_available
2026_spring,问答记录导出0919_已更新.xlsx,问答记录,问答记录导出0919_已更新.xlsx::问答记录::R22,258955,2026-04-24 15:04:04,AI智能体,included,included_in_cohort_and_text_available
2026_spring,问答记录导出0919_已更新.xlsx,问答记录,问答记录导出0919_已更新.xlsx::问答记录::R23,258955,2026-03-19 15:56:22,AI智能体,excluded,url_only_unretrieved_content
2026_spring,问答记录导出0919_已更新.xlsx,问答记录,问答记录导出0919_已更新.xlsx::问答记录::R24,258973,2026-06-08 16:46:46,AI智能体,included,included_in_cohort_and_text_available
2026_spring,问答记录导出0919_已更新.xlsx,问答记录,问答记录导出0919_已更新.xlsx::问答记录::R25,258973,2026-06-08 16:44:30,AI智能体,included,included_in_cohort_and_text_available
2026_spring,问答记录导出0919_已更新.xlsx,问答记录,问答记录导出0919_已更新.xlsx::问答记录::R26,259120,2026-04-24 12:35:26,AI智能体,excluded,empty_interaction_text
2026_spring,问答记录导出0919_已更新.xlsx,问答记录,问答记录导出0919_已更新.xlsx::问答记录::R27,259120,2026-03-19 15:26:11,AI学伴,included,included_in_cohort_and_text_available
2026_spring,问答记录导出0919_已更新.xlsx,问答记录,问答记录导出0919_已更新.xlsx::问答记录::R28,259406,2026-04-27 19:07:29,AI智能体,excluded,url_only_unretrieved_content
2026_spring,问答记录导出0919_已更新.xlsx,问答记录,问答记录导出0919_已更新.xlsx::问答记录::R29,259406,2026-04-27 18:13:16,AI智能体,excluded,url_only_unretrieved_content
2026_spring,问答记录导出0919_已更新.xlsx,问答记录,问答记录导出0919_已更新.xlsx::问答记录::R30,259406,2026-03-21 16:10:14,AI智能体,included,included_in_cohort_and_text_available
2026_spring,问答记录导出0919_已更新.xlsx,问答记录,问答记录导出0919_已更新.xlsx::问答记录::R31,259428,2026-04-04 21:24:26,AI学伴,included,included_in_cohort_and_text_available
2026_spring,问答记录导出0919_已更新.xlsx,问答记录,问答记录导出0919_已更新.xlsx::问答记录::R32,259443,2026-04-30 14:15:03,AI智能体,included,included_in_cohort_and_text_available
2026_spring,问答记录导出0919_已更新.xlsx,问答记录,问答记录导出0919_已更新.xlsx::问答记录::R33,259443,2026-04-30 14:04:31,AI智能体,included,included_in_cohort_and_text_available
2026_spring,问答记录导出0919_已更新.xlsx,问答记录,问答记录导出0919_已更新.xlsx::问答记录::R34,259443,2026-04-24 22:26:17,AI智能体,included,included_in_cohort_and_text_available
2026_spring,问答记录导出0919_已更新.xlsx,问答记录,问答记录导出0919_已更新.xlsx::问答记录::R35,259443,2026-03-24 10:03:47,AI智能体,included,included_in_cohort_and_text_available
2026_spring,问答记录导出0919_已更新.xlsx,问答记录,问答记录导出0919_已更新.xlsx::问答记录::R36,259443,2026-03-24 10:03:16,AI智能体,excluded,empty_interaction_text
2026_spring,问答记录导出0919_已更新.xlsx,问答记录,问答记录导出0919_已更新.xlsx::问答记录::R37,259443,2026-03-19 16:46:11,AI学伴,included,included_in_cohort_and_text_available
2026_spring,问答记录导出0919_已更新.xlsx,问答记录,问答记录导出0919_已更新.xlsx::问答记录::R38,259773,2026-04-30 17:40:18,AI智能体,included,included_in_cohort_and_text_available
2026_spring,问答记录导出0919_已更新.xlsx,问答记录,问答记录导出0919_已更新.xlsx::问答记录::R39,259773,2026-04-30 17:36:51,AI智能体,included,included_in_cohort_and_text_available
2026_spring,问答记录导出0919_已更新.xlsx,问答记录,问答记录导出0919_已更新.xlsx::问答记录::R40,259773,2026-04-30 12:14:33,AI智能体,included,included_in_cohort_and_text_available
2026_spring,问答记录导出0919_已更新.xlsx,问答记录,问答记录导出0919_已更新.xlsx::问答记录::R41,259773,2026-04-04 13:06:38,AI智能体,included,included_in_cohort_and_text_available
2026_spring,问答记录导出0919_已更新.xlsx,问答记录,问答记录导出0919_已更新.xlsx::问答记录::R42,259773,2026-04-02 16:51:25,AI智能体,included,included_in_cohort_and_text_available
2026_spring,问答记录导出0919_已更新.xlsx,问答记录,问答记录导出0919_已更新.xlsx::问答记录::R43,259773,2026-04-02 16:50:42,AI智能体,included,included_in_cohort_and_text_available
2026_spring,问答记录导出0919_已更新.xlsx,问答记录,问答记录导出0919_已更新.xlsx::问答记录::R44,259773,2026-04-02 16:48:50,AI助教,included,included_in_cohort_and_text_available
2026_spring,问答记录导出0919_已更新.xlsx,问答记录,问答记录导出0919_已更新.xlsx::问答记录::R45,259773,2026-04-02 14:11:36,AI智能体,included,included_in_cohort_and_text_available
2026_spring,问答记录导出0919_已更新.xlsx,问答记录,问答记录导出0919_已更新.xlsx::问答记录::R46,259773,2026-03-27 09:25:48,AI智能体,excluded,url_only_unretrieved_content
2026_spring,问答记录导出0919_已更新.xlsx,问答记录,问答记录导出0919_已更新.xlsx::问答记录::R47,259861,2026-03-30 23:16:33,AI智能体,included,included_in_cohort_and_text_available
2026_spring,问答记录导出0919_已更新.xlsx,问答记录,问答记录导出0919_已更新.xlsx::问答记录::R48,259861,2026-03-30 23:15:28,AI智能体,included,included_in_cohort_and_text_available
2026_spring,问答记录导出0919_已更新.xlsx,问答记录,问答记录导出0919_已更新.xlsx::问答记录::R49,259861,2026-03-19 16:32:57,AI学伴,included,included_in_cohort_and_text_available
2026_spring,问答记录导出0919_已更新.xlsx,问答记录,问答记录导出0919_已更新.xlsx::问答记录::R50,259872,2026-03-31 14:40:54,AI智能体,included,included_in_cohort_and_text_available
2026_spring,问答记录导出0919_已更新.xlsx,问答记录,问答记录导出0919_已更新.xlsx::问答记录::R51,25A071,2026-04-26 10:43:33,AI智能体,excluded,url_only_unretrieved_content
2026_spring,问答记录导出0919_已更新.xlsx,问答记录,问答记录导出0919_已更新.xlsx::问答记录::R52,25A071,2026-04-26 10:19:37,AI智能体,included,included_in_cohort_and_text_available
2026_spring,问答记录导出0919_已更新.xlsx,问答记录,问答记录导出0919_已更新.xlsx::问答记录::R53,25A071,2026-03-23 11:31:53,AI智能体,included,included_in_cohort_and_text_available
2026_spring,问答记录导出0919_已更新.xlsx,问答记录,问答记录导出0919_已更新.xlsx::问答记录::R54,260001,2026-01-08 18:04:38,AI智能体,excluded,outside_affirmative_spring_rosters
2026_spring,问答记录导出0919_已更新.xlsx,问答记录,问答记录导出0919_已更新.xlsx::问答记录::R55,260001,2026-01-08 17:50:46,AI智能体,excluded,outside_affirmative_spring_rosters
2026_spring,问答记录导出0919_已更新.xlsx,问答记录,问答记录导出0919_已更新.xlsx::问答记录::R56,260001,2026-01-08 17:45:53,AI智能体,excluded,outside_affirmative_spring_rosters
2026_spring,问答记录导出0919_已更新.xlsx,问答记录,问答记录导出0919_已更新.xlsx::问答记录::R57,260002,2025-12-11 16:30:42,AI智能体,excluded,outside_affirmative_spring_rosters
2026_spring,问答记录导出0919_已更新.xlsx,问答记录,问答记录导出0919_已更新.xlsx::问答记录::R58,260002,2025-12-04 15:02:52,AI智能体,excluded,outside_affirmative_spring_rosters
2026_spring,问答记录导出0919_已更新.xlsx,问答记录,问答记录导出0919_已更新.xlsx::问答记录::R59,260002,2025-12-04 14:59:03,AI智能体,excluded,outside_affirmative_spring_rosters
2026_spring,问答记录导出0919_已更新.xlsx,问答记录,问答记录导出0919_已更新.xlsx::问答记录::R60,260002,2025-12-04 14:43:11,AI智能体,excluded,outside_affirmative_spring_rosters
2026_spring,问答记录导出0919_已更新.xlsx,问答记录,问答记录导出0919_已更新.xlsx::问答记录::R61,260003,2026-01-11 21:52:48,AI智能体,excluded,outside_affirmative_spring_rosters
2026_spring,问答记录导出0919_已更新.xlsx,问答记录,问答记录导出0919_已更新.xlsx::问答记录::R62,260003,2026-01-11 21:38:58,AI智能体,excluded,outside_affirmative_spring_rosters
2026_spring,问答记录导出0919_已更新.xlsx,问答记录,问答记录导出0919_已更新.xlsx::问答记录::R63,260003,2026-01-11 21:35:32,AI智能体,excluded,outside_affirmative_spring_rosters
2026_spring,问答记录导出0919_已更新.xlsx,问答记录,问答记录导出0919_已更新.xlsx::问答记录::R64,260004,2025-11-24 16:24:14,AI智能体,excluded,outside_affirmative_spring_rosters
2026_spring,问答记录导出0919_已更新.xlsx,问答记录,问答记录导出0919_已更新.xlsx::问答记录::R65,260004,2025-11-24 16:00:14,AI智能体,excluded,outside_affirmative_spring_rosters
2026_spring,问答记录导出0919_已更新.xlsx,问答记录,问答记录导出0919_已更新.xlsx::问答记录::R66,260004,2025-11-24 15:57:39,AI助教,excluded,outside_affirmative_spring_rosters
2026_spring,问答记录导出0919_已更新.xlsx,问答记录,问答记录导出0919_已更新.xlsx::问答记录::R67,260005,2026-07-24 16:41:21,AI智能体,excluded,outside_affirmative_spring_rosters
2026_spring,问答记录导出0919_已更新.xlsx,问答记录,问答记录导出0919_已更新.xlsx::问答记录::R68,260005,2026-07-24 16:30:58,AI智能体,excluded,outside_affirmative_spring_rosters
2026_spring,问答记录导出0919_已更新.xlsx,问答记录,问答记录导出0919_已更新.xlsx::问答记录::R69,260005,2026-07-24 16:24:40,AI智能体,excluded,outside_affirmative_spring_rosters
2026_spring,问答记录导出0919_已更新.xlsx,问答记录,问答记录导出0919_已更新.xlsx::问答记录::R70,260005,2026-07-24 16:24:15,AI智能体,excluded,outside_affirmative_spring_rosters
2026_spring,问答记录导出0919_已更新.xlsx,问答记录,问答记录导出0919_已更新.xlsx::问答记录::R71,260005,2026-07-24 16:06:22,AI智能体,excluded,outside_affirmative_spring_rosters
2026_spring,问答记录导出0919_已更新.xlsx,问答记录,问答记录导出0919_已更新.xlsx::问答记录::R72,260006,2026-01-13 11:07:30,AI智能体,excluded,outside_affirmative_spring_rosters
2026_spring,问答记录导出0919_已更新.xlsx,问答记录,问答记录导出0919_已更新.xlsx::问答记录::R73,260006,2026-01-13 11:06:42,AI智能体,excluded,outside_affirmative_spring_rosters
2026_spring,问答记录导出0919_已更新.xlsx,问答记录,问答记录导出0919_已更新.xlsx::问答记录::R74,260006,2026-01-13 10:39:44,AI智能体,excluded,outside_affirmative_spring_rosters
2026_spring,问答记录导出0919_已更新.xlsx,问答记录,问答记录导出0919_已更新.xlsx::问答记录::R75,260007,2026-01-07 17:19:32,AI智能体,excluded,outside_affirmative_spring_rosters
2026_spring,问答记录导出0919_已更新.xlsx,问答记录,问答记录导出0919_已更新.xlsx::问答记录::R76,260007,2026-01-07 17:13:40,AI智能体,excluded,outside_affirmative_spring_rosters
2026_spring,问答记录导出0919_已更新.xlsx,问答记录,问答记录导出0919_已更新.xlsx::问答记录::R77,260008,2026-07-24 16:44:29,AI智能体,excluded,outside_affirmative_spring_rosters
2026_spring,问答记录导出0919_已更新.xlsx,问答记录,问答记录导出0919_已更新.xlsx::问答记录::R78,260008,2026-07-24 16:43:44,AI智能体,excluded,outside_affirmative_spring_rosters
2026_spring,问答记录导出0919_已更新.xlsx,问答记录,问答记录导出0919_已更新.xlsx::问答记录::R79,260008,2026-07-24 16:42:57,AI智能体,excluded,outside_affirmative_spring_rosters
2026_spring,问答记录导出0919_已更新.xlsx,问答记录,问答记录导出0919_已更新.xlsx::问答记录::R80,260009,2025-11-09 22:39:54,AI智能体,excluded,outside_affirmative_spring_rosters
2026_spring,问答记录导出0919_已更新.xlsx,问答记录,问答记录导出0919_已更新.xlsx::问答记录::R81,260009,2025-11-09 22:06:23,AI智能体,excluded,outside_affirmative_spring_rosters
2026_spring,问答记录导出0919_已更新.xlsx,问答记录,问答记录导出0919_已更新.xlsx::问答记录::R82,260009,2025-10-22 14:42:03,AI助教,excluded,outside_affirmative_spring_rosters
2026_spring,问答记录导出0919_已更新.xlsx,问答记录,问答记录导出0919_已更新.xlsx::问答记录::R83,260009,2025-10-22 14:40:46,AI助教,excluded,outside_affirmative_spring_rosters
2026_spring,问答记录导出0919_已更新.xlsx,问答记录,问答记录导出0919_已更新.xlsx::问答记录::R84,260009,2025-10-22 14:31:40,AI助教,excluded,outside_affirmative_spring_rosters
2026_spring,问答记录导出0919_已更新.xlsx,问答记录,问答记录导出0919_已更新.xlsx::问答记录::R85,260010,2025-12-14 23:00:15,AI智能体,excluded,outside_affirmative_spring_rosters
2026_spring,问答记录导出0919_已更新.xlsx,问答记录,问答记录导出0919_已更新.xlsx::问答记录::R86,260010,2025-12-14 22:58:40,AI助教,excluded,outside_affirmative_spring_rosters
2026_spring,问答记录导出0919_已更新.xlsx,问答记录,问答记录导出0919_已更新.xlsx::问答记录::R87,260010,2025-12-14 22:53:59,AI助教,excluded,outside_affirmative_spring_rosters
2026_spring,问答记录导出0919_已更新.xlsx,问答记录,问答记录导出0919_已更新.xlsx::问答记录::R88,260011,2026-01-17 21:36:40,AI智能体,excluded,outside_affirmative_spring_rosters
2026_spring,问答记录导出0919_已更新.xlsx,问答记录,问答记录导出0919_已更新.xlsx::问答记录::R89,260011,2026-01-17 21:33:33,AI助教,excluded,outside_affirmative_spring_rosters
2026_spring,问答记录导出0919_已更新.xlsx,问答记录,问答记录导出0919_已更新.xlsx::问答记录::R90,260012,2025-04-23 17:21:31,AI助教,excluded,outside_affirmative_spring_rosters
2026_spring,问答记录导出0919_已更新.xlsx,问答记录,问答记录导出0919_已更新.xlsx::问答记录::R91,260013,2026-01-07 15:18:26,AI智能体,excluded,outside_affirmative_spring_rosters
2026_spring,问答记录导出0919_已更新.xlsx,问答记录,问答记录导出0919_已更新.xlsx::问答记录::R92,260013,2026-01-07 15:17:25,AI智能体,excluded,outside_affirmative_spring_rosters
2026_spring,问答记录导出0919_已更新.xlsx,问答记录,问答记录导出0919_已更新.xlsx::问答记录::R93,260013,2026-01-07 15:07:15,AI智能体,excluded,outside_affirmative_spring_rosters
2026_spring,问答记录导出0919_已更新.xlsx,问答记录,问答记录导出0919_已更新.xlsx::问答记录::R94,260014,2026-01-12 11:29:35,AI智能体,excluded,outside_affirmative_spring_rosters
2026_spring,问答记录导出0919_已更新.xlsx,问答记录,问答记录导出0919_已更新.xlsx::问答记录::R95,260014,2026-01-12 11:12:25,AI智能体,excluded,outside_affirmative_spring_rosters
2026_spring,问答记录导出0919_已更新.xlsx,问答记录,问答记录导出0919_已更新.xlsx::问答记录::R96,260015,2025-12-19 00:12:43,AI智能体,excluded,outside_affirmative_spring_rosters
2026_spring,问答记录导出0919_已更新.xlsx,问答记录,问答记录导出0919_已更新.xlsx::问答记录::R97,260015,2025-12-18 23:47:27,AI智能体,excluded,outside_affirmative_spring_rosters
2026_spring,问答记录导出0919_已更新.xlsx,问答记录,问答记录导出0919_已更新.xlsx::问答记录::R98,260015,2025-12-18 20:36:46,AI智能体,excluded,outside_affirmative_spring_rosters
2026_spring,问答记录导出0919_已更新.xlsx,问答记录,问答记录导出0919_已更新.xlsx::问答记录::R99,260015,2025-12-18 20:35:16,AI智能体,excluded,outside_affirmative_spring_rosters
2026_spring,问答记录导出0919_已更新.xlsx,问答记录,问答记录导出0919_已更新.xlsx::问答记录::R100,260015,2025-12-16 15:05:26,AI智能体,excluded,outside_affirmative_spring_rosters
2026_spring,问答记录导出0919_已更新.xlsx,问答记录,问答记录导出0919_已更新.xlsx::问答记录::R101,260016,2025-11-08 10:34:25,AI智能体,excluded,outside_affirmative_spring_rosters
2026_spring,问答记录导出0919_已更新.xlsx,问答记录,问答记录导出0919_已更新.xlsx::问答记录::R102,260016,2025-11-08 10:27:16,AI智能体,excluded,outside_affirmative_spring_rosters
2026_spring,问答记录导出0919_已更新.xlsx,问答记录,问答记录导出0919_已更新.xlsx::问答记录::R103,260016,2025-11-08 10:25:12,AI助教,excluded,outside_affirmative_spring_rosters
2026_spring,问答记录导出0919_已更新.xlsx,问答记录,问答记录导出0919_已更新.xlsx::问答记录::R104,260017,2025-11-26 16:18:00,AI智能体,excluded,outside_affirmative_spring_rosters
2026_spring,问答记录导出0919_已更新.xlsx,问答记录,问答记录导出0919_已更新.xlsx::问答记录::R105,260017,2025-11-26 16:00:33,AI智能体,excluded,outside_affirmative_spring_rosters
2026_spring,问答记录导出0919_已更新.xlsx,问答记录,问答记录导出0919_已更新.xlsx::问答记录::R106,260018,2026-06-16 16:16:07,AI智能体,excluded,outside_affirmative_spring_rosters
2026_spring,问答记录导出0919_已更新.xlsx,问答记录,问答记录导出0919_已更新.xlsx::问答记录::R107,260019,2025-11-25 18:57:42,AI智能体,excluded,outside_affirmative_spring_rosters
2026_spring,问答记录导出0919_已更新.xlsx,问答记录,问答记录导出0919_已更新.xlsx::问答记录::R108,260019,2025-11-25 18:44:44,AI智能体,excluded,outside_affirmative_spring_rosters
2026_spring,问答记录导出0919_已更新.xlsx,问答记录,问答记录导出0919_已更新.xlsx::问答记录::R109,260020,2025-11-18 22:54:33,AI智能体,excluded,outside_affirmative_spring_rosters
2026_spring,问答记录导出0919_已更新.xlsx,问答记录,问答记录导出0919_已更新.xlsx::问答记录::R110,260020,2025-11-18 22:53:18,AI智能体,excluded,outside_affirmative_spring_rosters
2026_spring,问答记录导出0919_已更新.xlsx,问答记录,问答记录导出0919_已更新.xlsx::问答记录::R111,260020,2025-11-18 22:48:57,AI助教,excluded,outside_affirmative_spring_rosters
2026_spring,问答记录导出0919_已更新.xlsx,问答记录,问答记录导出0919_已更新.xlsx::问答记录::R112,260021,2025-04-03 14:16:26,AI助教,excluded,outside_affirmative_spring_rosters
2026_spring,问答记录导出0919_已更新.xlsx,问答记录,问答记录导出0919_已更新.xlsx::问答记录::R113,260021,2025-04-03 14:15:41,AI助教,excluded,outside_affirmative_spring_rosters
2026_spring,问答记录导出0919_已更新.xlsx,问答记录,问答记录导出0919_已更新.xlsx::问答记录::R114,260022,2025-05-02 19:39:52,AI助教,excluded,outside_affirmative_spring_rosters
2026_spring,问答记录导出0919_已更新.xlsx,问答记录,问答记录导出0919_已更新.xlsx::问答记录::R115,260022,2025-03-08 18:30:20,AI助教,excluded,outside_affirmative_spring_rosters
2026_spring,问答记录导出0919_已更新.xlsx,问答记录,问答记录导出0919_已更新.xlsx::问答记录::R116,260023,2025-05-22 14:07:31,AI助教,excluded,outside_affirmative_spring_rosters
2026_spring,问答记录导出0919_已更新.xlsx,问答记录,问答记录导出0919_已更新.xlsx::问答记录::R117,260023,2025-03-13 14:21:11,AI助教,excluded,outside_affirmative_spring_rosters
2026_spring,问答记录导出0919_已更新.xlsx,问答记录,问答记录导出0919_已更新.xlsx::问答记录::R118,260024,2025-11-04 16:45:50,AI智能体,excluded,outside_affirmative_spring_rosters
2026_spring,问答记录导出0919_已更新.xlsx,问答记录,问答记录导出0919_已更新.xlsx::问答记录::R119,260024,2025-11-04 16:14:38,AI智能体,excluded,outside_affirmative_spring_rosters
2026_spring,问答记录导出0919_已更新.xlsx,问答记录,问答记录导出0919_已更新.xlsx::问答记录::R120,260024,2025-11-04 14:23:48,AI助教,excluded,outside_affirmative_spring_rosters
2026_spring,问答记录导出0919_已更新.xlsx,问答记录,问答记录导出0919_已更新.xlsx::问答记录::R121,260024,2025-11-04 14:09:21,AI助教,excluded,outside_affirmative_spring_rosters
2026_spring,问答记录导出0919_已更新.xlsx,问答记录,问答记录导出0919_已更新.xlsx::问答记录::R122,260025,2025-11-04 20:19:37,AI助教,excluded,outside_affirmative_spring_rosters
2026_spring,问答记录导出0919_已更新.xlsx,问答记录,问答记录导出0919_已更新.xlsx::问答记录::R123,260025,2025-11-04 20:11:50,AI助教,excluded,outside_affirmative_spring_rosters
2026_spring,问答记录导出0919_已更新.xlsx,问答记录,问答记录导出0919_已更新.xlsx::问答记录::R124,260026,2026-01-16 10:40:38,AI智能体,excluded,outside_affirmative_spring_rosters
2026_spring,问答记录导出0919_已更新.xlsx,问答记录,问答记录导出0919_已更新.xlsx::问答记录::R125,260026,2026-01-16 10:13:18,AI智能体,excluded,outside_affirmative_spring_rosters
2026_spring,问答记录导出0919_已更新.xlsx,问答记录,问答记录导出0919_已更新.xlsx::问答记录::R126,260026,2025-10-21 14:21:26,AI助教,excluded,outside_affirmative_spring_rosters
2026_spring,问答记录导出0919_已更新.xlsx,问答记录,问答记录导出0919_已更新.xlsx::问答记录::R127,260027,2026-08-30 22:50:15,共享AI互动室,excluded,outside_affirmative_spring_rosters
2026_spring,问答记录导出0919_已更新.xlsx,问答记录,问答记录导出0919_已更新.xlsx::问答记录::R128,260027,2026-08-30 21:53:48,共享AI互动室,excluded,outside_affirmative_spring_rosters
2026_spring,问答记录导出0919_已更新.xlsx,问答记录,问答记录导出0919_已更新.xlsx::问答记录::R129,260028,2025-03-19 10:48:45,AI助教,excluded,outside_affirmative_spring_rosters
2026_spring,问答记录导出0919_已更新.xlsx,问答记录,问答记录导出0919_已更新.xlsx::问答记录::R130,260028,2025-03-07 10:32:17,AI助教,excluded,outside_affirmative_spring_rosters
2026_spring,问答记录导出0919_已更新.xlsx,问答记录,问答记录导出0919_已更新.xlsx::问答记录::R131,260029,2025-12-10 17:46:28,AI智能体,excluded,outside_affirmative_spring_rosters
2026_spring,问答记录导出0919_已更新.xlsx,问答记录,问答记录导出0919_已更新.xlsx::问答记录::R132,260029,2025-12-10 17:38:01,AI智能体,excluded,outside_affirmative_spring_rosters
2026_spring,问答记录导出0919_已更新.xlsx,问答记录,问答记录导出0919_已更新.xlsx::问答记录::R133,260029,2025-12-10 17:35:01,AI智能体,excluded,outside_affirmative_spring_rosters
2026_spring,问答记录导出0919_已更新.xlsx,问答记录,问答记录导出0919_已更新.xlsx::问答记录::R134,260029,2025-12-10 17:34:10,AI助教,excluded,outside_affirmative_spring_rosters
2026_spring,问答记录导出0919_已更新.xlsx,问答记录,问答记录导出0919_已更新.xlsx::问答记录::R135,260029,2025-12-02 15:28:43,AI助教,excluded,outside_affirmative_spring_rosters
2026_spring,问答记录导出0919_已更新.xlsx,问答记录,问答记录导出0919_已更新.xlsx::问答记录::R136,260030,2026-01-06 16:34:15,AI智能体,excluded,outside_affirmative_spring_rosters
2026_spring,问答记录导出0919_已更新.xlsx,问答记录,问答记录导出0919_已更新.xlsx::问答记录::R137,260030,2026-01-06 16:25:20,AI智能体,excluded,outside_affirmative_spring_rosters
2026_spring,问答记录导出0919_已更新.xlsx,问答记录,问答记录导出0919_已更新.xlsx::问答记录::R138,260031,2025-12-11 23:00:18,AI智能体,excluded,outside_affirmative_spring_rosters
2026_spring,问答记录导出0919_已更新.xlsx,问答记录,问答记录导出0919_已更新.xlsx::问答记录::R139,260031,2025-12-11 22:42:03,AI智能体,excluded,outside_affirmative_spring_rosters
2026_spring,问答记录导出0919_已更新.xlsx,问答记录,问答记录导出0919_已更新.xlsx::问答记录::R140,260032,2025-12-16 16:03:25,AI助教,excluded,outside_affirmative_spring_rosters
2026_spring,问答记录导出0919_已更新.xlsx,问答记录,问答记录导出0919_已更新.xlsx::问答记录::R141,260032,2025-11-04 10:43:38,AI智能体,excluded,outside_affirmative_spring_rosters
2026_spring,问答记录导出0919_已更新.xlsx,问答记录,问答记录导出0919_已更新.xlsx::问答记录::R142,260032,2025-11-04 10:27:40,AI智能体,excluded,outside_affirmative_spring_rosters
2026_spring,问答记录导出0919_已更新.xlsx,问答记录,问答记录导出0919_已更新.xlsx::问答记录::R143,260033,2025-12-09 14:08:11,AI智能体,excluded,outside_affirmative_spring_rosters
2026_spring,问答记录导出0919_已更新.xlsx,问答记录,问答记录导出0919_已更新.xlsx::问答记录::R144,260033,2025-12-09 14:02:31,AI智能体,excluded,outside_affirmative_spring_rosters
2026_spring,问答记录导出0919_已更新.xlsx,问答记录,问答记录导出0919_已更新.xlsx::问答记录::R145,260033,2025-11-09 22:27:28,AI智能体,excluded,outside_affirmative_spring_rosters
2026_spring,问答记录导出0919_已更新.xlsx,问答记录,问答记录导出0919_已更新.xlsx::问答记录::R146,260033,2025-11-04 11:01:14,AI助教,excluded,outside_affirmative_spring_rosters
2026_spring,问答记录导出0919_已更新.xlsx,问答记录,问答记录导出0919_已更新.xlsx::问答记录::R147,260033,2025-11-04 11:00:25,AI助教,excluded,outside_affirmative_spring_rosters
2026_spring,问答记录导出0919_已更新.xlsx,问答记录,问答记录导出0919_已更新.xlsx::问答记录::R148,260033,2025-11-04 10:30:08,AI助教,excluded,outside_affirmative_spring_rosters
2026_spring,问答记录导出0919_已更新.xlsx,问答记录,问答记录导出0919_已更新.xlsx::问答记录::R149,260034,2026-08-23 15:15:48,AI智能体,excluded,outside_affirmative_spring_rosters
2026_spring,问答记录导出0919_已更新.xlsx,问答记录,问答记录导出0919_已更新.xlsx::问答记录::R150,260035,2026-07-14 11:19:58,AI智能体,excluded,outside_affirmative_spring_rosters
2026_spring,问答记录导出0919_已更新.xlsx,问答记录,问答记录导出0919_已更新.xlsx::问答记录::R151,260036,2026-01-07 01:05:56,AI助教,excluded,outside_affirmative_spring_rosters
2026_spring,问答记录导出0919_已更新.xlsx,问答记录,问答记录导出0919_已更新.xlsx::问答记录::R152,260037,2026-01-03 16:25:12,AI智能体,excluded,outside_affirmative_spring_rosters
2026_spring,问答记录导出0919_已更新.xlsx,问答记录,问答记录导出0919_已更新.xlsx::问答记录::R153,260037,2026-01-03 16:22:37,AI智能体,excluded,outside_affirmative_spring_rosters
2026_spring,问答记录导出0919_已更新.xlsx,问答记录,问答记录导出0919_已更新.xlsx::问答记录::R154,260037,2026-01-03 16:16:48,AI智能体,excluded,outside_affirmative_spring_rosters
2026_spring,问答记录导出0919_已更新.xlsx,问答记录,问答记录导出0919_已更新.xlsx::问答记录::R155,260037,2026-01-03 15:58:18,AI智能体,excluded,outside_affirmative_spring_rosters
2026_spring,问答记录导出0919_已更新.xlsx,问答记录,问答记录导出0919_已更新.xlsx::问答记录::R156,260038,2025-03-06 15:33:41,AI助教,excluded,outside_affirmative_spring_rosters
2026_spring,问答记录导出0919_已更新.xlsx,问答记录,问答记录导出0919_已更新.xlsx::问答记录::R157,260039,2026-01-12 00:30:43,AI智能体,excluded,outside_affirmative_spring_rosters
2026_spring,问答记录导出0919_已更新.xlsx,问答记录,问答记录导出0919_已更新.xlsx::问答记录::R158,260039,2026-01-11 23:31:38,AI智能体,excluded,outside_affirmative_spring_rosters
2026_spring,问答记录导出0919_已更新.xlsx,问答记录,问答记录导出0919_已更新.xlsx::问答记录::R159,260040,2025-11-04 18:13:18,AI智能体,excluded,outside_affirmative_spring_rosters
2026_spring,问答记录导出0919_已更新.xlsx,问答记录,问答记录导出0919_已更新.xlsx::问答记录::R160,260040,2025-11-04 17:59:50,AI智能体,excluded,outside_affirmative_spring_rosters
2026_spring,问答记录导出0919_已更新.xlsx,问答记录,问答记录导出0919_已更新.xlsx::问答记录::R161,260041,2026-01-18 20:58:19,AI助教,excluded,outside_affirmative_spring_rosters
2026_spring,问答记录导出0919_已更新.xlsx,问答记录,问答记录导出0919_已更新.xlsx::问答记录::R162,260042,2025-12-30 20:56:13,AI智能体,excluded,outside_affirmative_spring_rosters
2026_spring,问答记录导出0919_已更新.xlsx,问答记录,问答记录导出0919_已更新.xlsx::问答记录::R163,260042,2025-12-30 20:28:12,AI智能体,excluded,outside_affirmative_spring_rosters
2026_spring,问答记录导出0919_已更新.xlsx,问答记录,问答记录导出0919_已更新.xlsx::问答记录::R164,260043,2026-01-08 20:50:16,AI助教,excluded,outside_affirmative_spring_rosters
2026_spring,问答记录导出0919_已更新.xlsx,问答记录,问答记录导出0919_已更新.xlsx::问答记录::R165,260043,2026-01-08 20:44:54,AI助教,excluded,outside_affirmative_spring_rosters
2026_spring,问答记录导出0919_已更新.xlsx,问答记录,问答记录导出0919_已更新.xlsx::问答记录::R166,260044,2025-12-29 20:22:43,AI智能体,excluded,outside_affirmative_spring_rosters
2026_spring,问答记录导出0919_已更新.xlsx,问答记录,问答记录导出0919_已更新.xlsx::问答记录::R167,260044,2025-12-29 20:11:40,AI智能体,excluded,outside_affirmative_spring_rosters
2026_spring,问答记录导出0919_已更新.xlsx,问答记录,问答记录导出0919_已更新.xlsx::问答记录::R168,260044,2025-12-29 20:02:19,AI智能体,excluded,outside_affirmative_spring_rosters
2026_spring,问答记录导出0919_已更新.xlsx,问答记录,问答记录导出0919_已更新.xlsx::问答记录::R169,260044,2025-12-29 19:58:04,AI智能体,excluded,outside_affirmative_spring_rosters
2026_spring,问答记录导出0919_已更新.xlsx,问答记录,问答记录导出0919_已更新.xlsx::问答记录::R170,260045,2025-12-11 20:33:22,AI智能体,excluded,outside_affirmative_spring_rosters
2026_spring,问答记录导出0919_已更新.xlsx,问答记录,问答记录导出0919_已更新.xlsx::问答记录::R171,260045,2025-12-11 17:24:17,AI智能体,excluded,outside_affirmative_spring_rosters
2026_spring,问答记录导出0919_已更新.xlsx,问答记录,问答记录导出0919_已更新.xlsx::问答记录::R172,260045,2025-12-11 17:23:19,AI智能体,excluded,outside_affirmative_spring_rosters
2026_spring,问答记录导出0919_已更新.xlsx,问答记录,问答记录导出0919_已更新.xlsx::问答记录::R173,260045,2025-12-11 17:18:03,AI智能体,excluded,outside_affirmative_spring_rosters
2026_spring,问答记录导出0919_已更新.xlsx,问答记录,问答记录导出0919_已更新.xlsx::问答记录::R174,260045,2025-12-11 17:16:44,AI助教,excluded,outside_affirmative_spring_rosters
2026_spring,问答记录导出0919_已更新.xlsx,问答记录,问答记录导出0919_已更新.xlsx::问答记录::R175,260046,2026-01-14 16:15:45,AI智能体,excluded,outside_affirmative_spring_rosters
2026_spring,问答记录导出0919_已更新.xlsx,问答记录,问答记录导出0919_已更新.xlsx::问答记录::R176,260046,2026-01-14 16:12:57,AI智能体,excluded,outside_affirmative_spring_rosters
2026_spring,问答记录导出0919_已更新.xlsx,问答记录,问答记录导出0919_已更新.xlsx::问答记录::R177,260046,2026-01-14 15:36:37,AI智能体,excluded,outside_affirmative_spring_rosters
2026_spring,问答记录导出0919_已更新.xlsx,问答记录,问答记录导出0919_已更新.xlsx::问答记录::R178,260047,2025-02-24 12:58:09,AI助教,excluded,outside_affirmative_spring_rosters
2026_spring,问答记录导出0919_已更新.xlsx,问答记录,问答记录导出0919_已更新.xlsx::问答记录::R179,260048,2026-01-12 14:46:15,AI智能体,excluded,outside_affirmative_spring_rosters
2026_spring,问答记录导出0919_已更新.xlsx,问答记录,问答记录导出0919_已更新.xlsx::问答记录::R180,260048,2026-01-12 14:23:21,AI智能体,excluded,outside_affirmative_spring_rosters
2026_spring,问答记录导出0919_已更新.xlsx,问答记录,问答记录导出0919_已更新.xlsx::问答记录::R181,260049,2026-01-06 15:55:39,AI智能体,excluded,outside_affirmative_spring_rosters
2026_spring,问答记录导出0919_已更新.xlsx,问答记录,问答记录导出0919_已更新.xlsx::问答记录::R182,260049,2026-01-06 15:53:02,AI智能体,excluded,outside_affirmative_spring_rosters
2026_spring,问答记录导出0919_已更新.xlsx,问答记录,问答记录导出0919_已更新.xlsx::问答记录::R183,260049,2026-01-06 15:32:47,AI智能体,excluded,outside_affirmative_spring_rosters
2026_spring,问答记录导出0919_已更新.xlsx,问答记录,问答记录导出0919_已更新.xlsx::问答记录::R184,260049,2025-11-24 17:02:33,AI智能体,excluded,outside_affirmative_spring_rosters
2026_spring,问答记录导出0919_已更新.xlsx,问答记录,问答记录导出0919_已更新.xlsx::问答记录::R185,260049,2025-11-24 17:00:35,AI智能体,excluded,outside_affirmative_spring_rosters
2026_spring,问答记录导出0919_已更新.xlsx,问答记录,问答记录导出0919_已更新.xlsx::问答记录::R186,260050,2025-12-16 21:02:00,AI智能体,excluded,outside_affirmative_spring_rosters
2026_spring,问答记录导出0919_已更新.xlsx,问答记录,问答记录导出0919_已更新.xlsx::问答记录::R187,260050,2025-12-16 20:52:33,AI智能体,excluded,outside_affirmative_spring_rosters
2026_spring,问答记录导出0919_已更新.xlsx,问答记录,问答记录导出0919_已更新.xlsx::问答记录::R188,260050,2025-12-16 20:47:26,AI智能体,excluded,outside_affirmative_spring_rosters
2026_spring,问答记录导出0919_已更新.xlsx,问答记录,问答记录导出0919_已更新.xlsx::问答记录::R189,260050,2025-12-16 20:38:43,AI助教,excluded,outside_affirmative_spring_rosters
2026_spring,问答记录导出0919_已更新.xlsx,问答记录,问答记录导出0919_已更新.xlsx::问答记录::R190,260050,2025-12-16 20:32:24,AI助教,excluded,outside_affirmative_spring_rosters
2026_spring,问答记录导出0919_已更新.xlsx,问答记录,问答记录导出0919_已更新.xlsx::问答记录::R191,260050,2025-10-09 14:30:34,AI助教,excluded,outside_affirmative_spring_rosters
2026_spring,问答记录导出0919_已更新.xlsx,问答记录,问答记录导出0919_已更新.xlsx::问答记录::R192,260051,2026-06-27 00:26:32,AI智能体,excluded,outside_affirmative_spring_rosters
2026_spring,问答记录导出0919_已更新.xlsx,问答记录,问答记录导出0919_已更新.xlsx::问答记录::R193,260051,2025-12-26 23:54:28,AI智能体,excluded,outside_affirmative_spring_rosters
2026_spring,问答记录导出0919_已更新.xlsx,问答记录,问答记录导出0919_已更新.xlsx::问答记录::R194,260051,2025-12-26 23:52:23,AI智能体,excluded,outside_affirmative_spring_rosters
2026_spring,问答记录导出0919_已更新.xlsx,问答记录,问答记录导出0919_已更新.xlsx::问答记录::R195,260051,2025-12-26 23:50:30,AI智能体,excluded,outside_affirmative_spring_rosters
2026_spring,问答记录导出0919_已更新.xlsx,问答记录,问答记录导出0919_已更新.xlsx::问答记录::R196,260051,2025-12-26 23:20:15,AI智能体,excluded,outside_affirmative_spring_rosters
2026_spring,问答记录导出0919_已更新.xlsx,问答记录,问答记录导出0919_已更新.xlsx::问答记录::R197,260051,2025-12-26 23:11:54,AI助教,excluded,outside_affirmative_spring_rosters
2026_spring,问答记录导出0919_已更新.xlsx,问答记录,问答记录导出0919_已更新.xlsx::问答记录::R198,260052,2025-12-18 20:48:08,AI智能体,excluded,outside_affirmative_spring_rosters
2026_spring,问答记录导出0919_已更新.xlsx,问答记录,问答记录导出0919_已更新.xlsx::问答记录::R199,260052,2025-12-18 19:49:59,AI智能体,excluded,outside_affirmative_spring_rosters
2026_spring,问答记录导出0919_已更新.xlsx,问答记录,问答记录导出0919_已更新.xlsx::问答记录::R200,260052,2025-12-18 19:25:14,AI智能体,excluded,outside_affirmative_spring_rosters
2026_spring,问答记录导出0919_已更新.xlsx,问答记录,问答记录导出0919_已更新.xlsx::问答记录::R201,260053,2025-12-09 17:00:50,AI智能体,excluded,outside_affirmative_spring_rosters
2026_spring,问答记录导出0919_已更新.xlsx,问答记录,问答记录导出0919_已更新.xlsx::问答记录::R202,260053,2025-12-09 16:59:40,AI智能体,excluded,outside_affirmative_spring_rosters
2026_spring,问答记录导出0919_已更新.xlsx,问答记录,问答记录导出0919_已更新.xlsx::问答记录::R203,260053,2025-12-09 16:59:37,AI智能体,excluded,outside_affirmative_spring_rosters
2026_spring,问答记录导出0919_已更新.xlsx,问答记录,问答记录导出0919_已更新.xlsx::问答记录::R204,260053,2025-12-09 16:58:39,AI智能体,excluded,outside_affirmative_spring_rosters
2026_spring,问答记录导出0919_已更新.xlsx,问答记录,问答记录导出0919_已更新.xlsx::问答记录::R205,260053,2025-12-05 19:53:56,AI智能体,excluded,outside_affirmative_spring_rosters
2026_spring,问答记录导出0919_已更新.xlsx,问答记录,问答记录导出0919_已更新.xlsx::问答记录::R206,260053,2025-12-05 19:48:16,AI智能体,excluded,outside_affirmative_spring_rosters
2026_spring,问答记录导出0919_已更新.xlsx,问答记录,问答记录导出0919_已更新.xlsx::问答记录::R207,260053,2025-12-05 19:34:38,AI智能体,excluded,outside_affirmative_spring_rosters
2026_spring,问答记录导出0919_已更新.xlsx,问答记录,问答记录导出0919_已更新.xlsx::问答记录::R208,260054,2026-04-24 12:43:57,AI智能体,excluded,outside_affirmative_spring_rosters
2026_spring,问答记录导出0919_已更新.xlsx,问答记录,问答记录导出0919_已更新.xlsx::问答记录::R209,260054,2026-03-19 15:35:07,AI智能体,excluded,outside_affirmative_spring_rosters
2026_spring,问答记录导出0919_已更新.xlsx,问答记录,问答记录导出0919_已更新.xlsx::问答记录::R210,260055,2026-01-11 11:13:29,AI智能体,excluded,outside_affirmative_spring_rosters
2026_spring,问答记录导出0919_已更新.xlsx,问答记录,问答记录导出0919_已更新.xlsx::问答记录::R211,260055,2026-01-11 10:55:40,AI智能体,excluded,outside_affirmative_spring_rosters
2026_spring,问答记录导出0919_已更新.xlsx,问答记录,问答记录导出0919_已更新.xlsx::问答记录::R212,260055,2026-01-11 10:47:21,AI助教,excluded,outside_affirmative_spring_rosters
2026_spring,问答记录导出0919_已更新.xlsx,问答记录,问答记录导出0919_已更新.xlsx::问答记录::R213,260056,2026-01-13 12:31:43,AI助教,excluded,outside_affirmative_spring_rosters
2026_spring,问答记录导出0919_已更新.xlsx,问答记录,问答记录导出0919_已更新.xlsx::问答记录::R214,260056,2025-09-30 13:58:44,AI助教,excluded,outside_affirmative_spring_rosters
2026_spring,问答记录导出0919_已更新.xlsx,问答记录,问答记录导出0919_已更新.xlsx::问答记录::R215,260057,2026-08-11 10:26:27,AI智能体,excluded,outside_affirmative_spring_rosters
2026_spring,问答记录导出0919_已更新.xlsx,问答记录,问答记录导出0919_已更新.xlsx::问答记录::R216,260057,2026-08-11 09:05:45,AI智能体,excluded,outside_affirmative_spring_rosters
2026_spring,问答记录导出0919_已更新.xlsx,问答记录,问答记录导出0919_已更新.xlsx::问答记录::R217,260057,2026-07-28 17:25:17,AI智能体,excluded,outside_affirmative_spring_rosters
2026_spring,问答记录导出0919_已更新.xlsx,问答记录,问答记录导出0919_已更新.xlsx::问答记录::R218,260057,2026-07-28 17:24:30,AI智能体,excluded,outside_affirmative_spring_rosters
2026_spring,问答记录导出0919_已更新.xlsx,问答记录,问答记录导出0919_已更新.xlsx::问答记录::R219,260057,2026-07-28 17:14:01,AI智能体,excluded,outside_affirmative_spring_rosters
2026_spring,问答记录导出0919_已更新.xlsx,问答记录,问答记录导出0919_已更新.xlsx::问答记录::R220,260058,2026-01-06 16:53:11,AI智能体,excluded,outside_affirmative_spring_rosters
2026_spring,问答记录导出0919_已更新.xlsx,问答记录,问答记录导出0919_已更新.xlsx::问答记录::R221,260058,2026-01-06 16:29:58,AI智能体,excluded,outside_affirmative_spring_rosters
2026_spring,问答记录导出0919_已更新.xlsx,问答记录,问答记录导出0919_已更新.xlsx::问答记录::R222,260058,2026-01-06 16:28:00,AI智能体,excluded,outside_affirmative_spring_rosters
2026_spring,问答记录导出0919_已更新.xlsx,问答记录,问答记录导出0919_已更新.xlsx::问答记录::R223,260058,2026-01-06 16:26:27,AI智能体,excluded,outside_affirmative_spring_rosters
2026_spring,问答记录导出0919_已更新.xlsx,问答记录,问答记录导出0919_已更新.xlsx::问答记录::R224,260058,2026-01-06 16:25:01,AI助教,excluded,outside_affirmative_spring_rosters
2026_spring,问答记录导出0919_已更新.xlsx,问答记录,问答记录导出0919_已更新.xlsx::问答记录::R225,260059,2025-12-17 13:30:10,AI智能体,excluded,outside_affirmative_spring_rosters
2026_spring,问答记录导出0919_已更新.xlsx,问答记录,问答记录导出0919_已更新.xlsx::问答记录::R226,260059,2025-12-17 13:22:34,AI智能体,excluded,outside_affirmative_spring_rosters
2026_spring,问答记录导出0919_已更新.xlsx,问答记录,问答记录导出0919_已更新.xlsx::问答记录::R227,260060,2026-01-10 11:00:49,AI智能体,excluded,outside_affirmative_spring_rosters
2026_spring,问答记录导出0919_已更新.xlsx,问答记录,问答记录导出0919_已更新.xlsx::问答记录::R228,260060,2026-01-10 10:31:02,AI智能体,excluded,outside_affirmative_spring_rosters
2026_spring,问答记录导出0919_已更新.xlsx,问答记录,问答记录导出0919_已更新.xlsx::问答记录::R229,260060,2026-01-06 10:29:14,AI智能体,excluded,outside_affirmative_spring_rosters
2026_spring,问答记录导出0919_已更新.xlsx,问答记录,问答记录导出0919_已更新.xlsx::问答记录::R230,260060,2025-11-20 15:29:00,AI智能体,excluded,outside_affirmative_spring_rosters
2026_spring,问答记录导出0919_已更新.xlsx,问答记录,问答记录导出0919_已更新.xlsx::问答记录::R231,260061,2025-12-27 19:30:48,AI智能体,excluded,outside_affirmative_spring_rosters
2026_spring,问答记录导出0919_已更新.xlsx,问答记录,问答记录导出0919_已更新.xlsx::问答记录::R232,260061,2025-12-27 19:10:28,AI智能体,excluded,outside_affirmative_spring_rosters
2026_spring,问答记录导出0919_已更新.xlsx,问答记录,问答记录导出0919_已更新.xlsx::问答记录::R233,260061,2025-12-08 11:29:28,AI助教,excluded,outside_affirmative_spring_rosters
2026_spring,问答记录导出0919_已更新.xlsx,问答记录,问答记录导出0919_已更新.xlsx::问答记录::R234,260062,2025-11-30 21:51:12,AI助教,excluded,outside_affirmative_spring_rosters
2026_spring,问答记录导出0919_已更新.xlsx,问答记录,问答记录导出0919_已更新.xlsx::问答记录::R235,260062,2025-11-26 15:50:58,AI助教,excluded,outside_affirmative_spring_rosters
2026_spring,问答记录导出0919_已更新.xlsx,问答记录,问答记录导出0919_已更新.xlsx::问答记录::R236,260062,2025-11-24 19:55:09,AI智能体,excluded,outside_affirmative_spring_rosters
2026_spring,问答记录导出0919_已更新.xlsx,问答记录,问答记录导出0919_已更新.xlsx::问答记录::R237,260062,2025-11-24 19:50:19,AI智能体,excluded,outside_affirmative_spring_rosters
2026_spring,问答记录导出0919_已更新.xlsx,问答记录,问答记录导出0919_已更新.xlsx::问答记录::R238,260062,2025-11-24 19:43:26,AI智能体,excluded,outside_affirmative_spring_rosters
2026_spring,问答记录导出0919_已更新.xlsx,问答记录,问答记录导出0919_已更新.xlsx::问答记录::R239,260063,2025-03-06 15:50:30,AI助教,excluded,outside_affirmative_spring_rosters
2026_spring,问答记录导出0919_已更新.xlsx,问答记录,问答记录导出0919_已更新.xlsx::问答记录::R240,260064,2026-01-04 14:37:19,AI智能体,excluded,outside_affirmative_spring_rosters
2026_spring,问答记录导出0919_已更新.xlsx,问答记录,问答记录导出0919_已更新.xlsx::问答记录::R241,260064,2026-01-04 14:17:10,AI智能体,excluded,outside_affirmative_spring_rosters
2026_spring,问答记录导出0919_已更新.xlsx,问答记录,问答记录导出0919_已更新.xlsx::问答记录::R242,260064,2026-01-03 22:17:38,AI智能体,excluded,outside_affirmative_spring_rosters
2026_spring,问答记录导出0919_已更新.xlsx,问答记录,问答记录导出0919_已更新.xlsx::问答记录::R243,260064,2026-01-03 22:05:28,AI智能体,excluded,outside_affirmative_spring_rosters
2026_spring,问答记录导出0919_已更新.xlsx,问答记录,问答记录导出0919_已更新.xlsx::问答记录::R244,260065,2025-12-03 11:49:26,AI智能体,excluded,outside_affirmative_spring_rosters
2026_spring,问答记录导出0919_已更新.xlsx,问答记录,问答记录导出0919_已更新.xlsx::问答记录::R245,260065,2025-11-30 09:01:02,AI智能体,excluded,outside_affirmative_spring_rosters
2026_spring,问答记录导出0919_已更新.xlsx,问答记录,问答记录导出0919_已更新.xlsx::问答记录::R246,260065,2025-11-28 12:02:06,AI助教,excluded,outside_affirmative_spring_rosters
2026_spring,问答记录导出0919_已更新.xlsx,问答记录,问答记录导出0919_已更新.xlsx::问答记录::R247,260065,2025-11-28 11:43:55,AI助教,excluded,outside_affirmative_spring_rosters
2026_spring,问答记录导出0919_已更新.xlsx,问答记录,问答记录导出0919_已更新.xlsx::问答记录::R248,260066,2025-11-29 13:23:00,AI智能体,excluded,outside_affirmative_spring_rosters
2026_spring,问答记录导出0919_已更新.xlsx,问答记录,问答记录导出0919_已更新.xlsx::问答记录::R249,260066,2025-11-29 13:14:32,AI智能体,excluded,outside_affirmative_spring_rosters
2026_spring,问答记录导出0919_已更新.xlsx,问答记录,问答记录导出0919_已更新.xlsx::问答记录::R250,260066,2025-11-07 23:45:05,AI助教,excluded,outside_affirmative_spring_rosters
2026_spring,问答记录导出0919_已更新.xlsx,问答记录,问答记录导出0919_已更新.xlsx::问答记录::R251,260067,2026-01-27 22:29:02,AI智能体,excluded,outside_affirmative_spring_rosters
2026_spring,问答记录导出0919_已更新.xlsx,问答记录,问答记录导出0919_已更新.xlsx::问答记录::R252,260067,2026-01-10 23:54:41,AI智能体,excluded,outside_affirmative_spring_rosters
2026_spring,问答记录导出0919_已更新.xlsx,问答记录,问答记录导出0919_已更新.xlsx::问答记录::R253,260067,2026-01-10 23:46:53,AI智能体,excluded,outside_affirmative_spring_rosters
2026_spring,问答记录导出0919_已更新.xlsx,问答记录,问答记录导出0919_已更新.xlsx::问答记录::R254,260067,2026-01-10 23:42:35,AI智能体,excluded,outside_affirmative_spring_rosters
2026_spring,问答记录导出0919_已更新.xlsx,问答记录,问答记录导出0919_已更新.xlsx::问答记录::R255,260068,2025-11-16 19:33:42,AI智能体,excluded,outside_affirmative_spring_rosters
2026_spring,问答记录导出0919_已更新.xlsx,问答记录,问答记录导出0919_已更新.xlsx::问答记录::R256,260068,2025-11-16 19:24:43,AI智能体,excluded,outside_affirmative_spring_rosters
2026_spring,问答记录导出0919_已更新.xlsx,问答记录,问答记录导出0919_已更新.xlsx::问答记录::R257,260068,2025-11-16 19:21:47,AI智能体,excluded,outside_affirmative_spring_rosters
2026_spring,问答记录导出0919_已更新.xlsx,问答记录,问答记录导出0919_已更新.xlsx::问答记录::R258,260068,2025-11-16 19:14:06,AI智能体,excluded,outside_affirmative_spring_rosters
2026_spring,问答记录导出0919_已更新.xlsx,问答记录,问答记录导出0919_已更新.xlsx::问答记录::R259,260068,2025-11-16 19:13:36,AI助教,excluded,outside_affirmative_spring_rosters
2026_spring,问答记录导出0919_已更新.xlsx,问答记录,问答记录导出0919_已更新.xlsx::问答记录::R260,260068,2025-11-06 09:50:59,AI助教,excluded,outside_affirmative_spring_rosters
2026_spring,问答记录导出0919_已更新.xlsx,问答记录,问答记录导出0919_已更新.xlsx::问答记录::R261,260068,2025-11-06 09:49:30,AI助教,excluded,outside_affirmative_spring_rosters
2026_spring,问答记录导出0919_已更新.xlsx,问答记录,问答记录导出0919_已更新.xlsx::问答记录::R262,260069,2025-11-19 15:01:34,AI智能体,excluded,outside_affirmative_spring_rosters
2026_spring,问答记录导出0919_已更新.xlsx,问答记录,问答记录导出0919_已更新.xlsx::问答记录::R263,260069,2025-11-19 15:00:23,AI智能体,excluded,outside_affirmative_spring_rosters
2026_spring,问答记录导出0919_已更新.xlsx,问答记录,问答记录导出0919_已更新.xlsx::问答记录::R264,260069,2025-11-19 14:40:28,AI智能体,excluded,outside_affirmative_spring_rosters
2026_spring,问答记录导出0919_已更新.xlsx,问答记录,问答记录导出0919_已更新.xlsx::问答记录::R265,260070,2025-11-13 14:30:31,AI智能体,excluded,outside_affirmative_spring_rosters
2026_spring,问答记录导出0919_已更新.xlsx,问答记录,问答记录导出0919_已更新.xlsx::问答记录::R266,260070,2025-11-13 14:25:57,AI智能体,excluded,outside_affirmative_spring_rosters
2026_spring,问答记录导出0919_已更新.xlsx,问答记录,问答记录导出0919_已更新.xlsx::问答记录::R267,260070,2025-11-13 14:12:27,AI助教,excluded,outside_affirmative_spring_rosters
2026_spring,问答记录导出0919_已更新.xlsx,问答记录,问答记录导出0919_已更新.xlsx::问答记录::R268,260071,2026-08-30 09:38:57,共享AI互动室,excluded,outside_affirmative_spring_rosters
2026_spring,问答记录导出0919_已更新.xlsx,问答记录,问答记录导出0919_已更新.xlsx::问答记录::R269,260071,2026-08-28 16:06:29,共享AI互动室,excluded,outside_affirmative_spring_rosters
2026_spring,问答记录导出0919_已更新.xlsx,问答记录,问答记录导出0919_已更新.xlsx::问答记录::R270,260071,2026-08-28 14:20:29,共享AI互动室,excluded,outside_affirmative_spring_rosters
2026_spring,问答记录导出0919_已更新.xlsx,问答记录,问答记录导出0919_已更新.xlsx::问答记录::R271,260071,2026-08-28 13:30:12,共享AI互动室,excluded,outside_affirmative_spring_rosters
2026_spring,问答记录导出0919_已更新.xlsx,问答记录,问答记录导出0919_已更新.xlsx::问答记录::R272,260071,2026-08-25 21:37:30,共享AI互动室,excluded,outside_affirmative_spring_rosters
2026_spring,问答记录导出0919_已更新.xlsx,问答记录,问答记录导出0919_已更新.xlsx::问答记录::R273,260071,2026-08-25 19:42:04,共享AI互动室,excluded,outside_affirmative_spring_rosters
2026_spring,问答记录导出0919_已更新.xlsx,问答记录,问答记录导出0919_已更新.xlsx::问答记录::R274,260072,2025-12-21 23:32:10,AI助教,excluded,outside_affirmative_spring_rosters
2026_spring,问答记录导出0919_已更新.xlsx,问答记录,问答记录导出0919_已更新.xlsx::问答记录::R275,260072,2025-12-21 23:04:48,AI智能体,excluded,outside_affirmative_spring_rosters
2026_spring,问答记录导出0919_已更新.xlsx,问答记录,问答记录导出0919_已更新.xlsx::问答记录::R276,260072,2025-12-21 22:50:19,AI智能体,excluded,outside_affirmative_spring_rosters
2026_spring,问答记录导出0919_已更新.xlsx,问答记录,问答记录导出0919_已更新.xlsx::问答记录::R277,260073,2026-08-07 10:44:19,AI智能体,excluded,outside_affirmative_spring_rosters
2026_spring,问答记录导出0919_已更新.xlsx,问答记录,问答记录导出0919_已更新.xlsx::问答记录::R278,260074,2026-07-28 16:37:02,AI智能体,excluded,outside_affirmative_spring_rosters
2026_spring,问答记录导出0919_已更新.xlsx,问答记录,问答记录导出0919_已更新.xlsx::问答记录::R279,260075,2026-01-12 14:15:31,AI智能体,excluded,outside_affirmative_spring_rosters
2026_spring,问答记录导出0919_已更新.xlsx,问答记录,问答记录导出0919_已更新.xlsx::问答记录::R280,260075,2026-01-12 14:07:41,AI智能体,excluded,outside_affirmative_spring_rosters
2026_spring,问答记录导出0919_已更新.xlsx,问答记录,问答记录导出0919_已更新.xlsx::问答记录::R281,260075,2026-01-12 14:03:45,AI智能体,excluded,outside_affirmative_spring_rosters
2026_spring,问答记录导出0919_已更新.xlsx,问答记录,问答记录导出0919_已更新.xlsx::问答记录::R282,260075,2026-01-11 23:06:27,AI智能体,excluded,outside_affirmative_spring_rosters
2026_spring,问答记录导出0919_已更新.xlsx,问答记录,问答记录导出0919_已更新.xlsx::问答记录::R283,260076,2026-01-11 19:41:16,AI智能体,excluded,outside_affirmative_spring_rosters
2026_spring,问答记录导出0919_已更新.xlsx,问答记录,问答记录导出0919_已更新.xlsx::问答记录::R284,260076,2026-01-11 19:40:52,AI助教,excluded,outside_affirmative_spring_rosters
2026_spring,问答记录导出0919_已更新.xlsx,问答记录,问答记录导出0919_已更新.xlsx::问答记录::R285,260076,2026-01-11 19:23:37,AI助教,excluded,outside_affirmative_spring_rosters
2026_spring,问答记录导出0919_已更新.xlsx,问答记录,问答记录导出0919_已更新.xlsx::问答记录::R286,260076,2026-01-11 19:22:51,AI助教,excluded,outside_affirmative_spring_rosters
2026_spring,问答记录导出0919_已更新.xlsx,问答记录,问答记录导出0919_已更新.xlsx::问答记录::R287,260076,2026-01-11 19:14:54,AI助教,excluded,outside_affirmative_spring_rosters
2026_spring,问答记录导出0919_已更新.xlsx,问答记录,问答记录导出0919_已更新.xlsx::问答记录::R288,260077,2026-09-18 21:29:32,共享AI互动室,excluded,outside_affirmative_spring_rosters
2026_spring,问答记录导出0919_已更新.xlsx,问答记录,问答记录导出0919_已更新.xlsx::问答记录::R289,260078,2025-12-06 15:43:31,AI智能体,excluded,outside_affirmative_spring_rosters
2026_spring,问答记录导出0919_已更新.xlsx,问答记录,问答记录导出0919_已更新.xlsx::问答记录::R290,260078,2025-12-06 15:38:32,AI助教,excluded,outside_affirmative_spring_rosters
2026_spring,问答记录导出0919_已更新.xlsx,问答记录,问答记录导出0919_已更新.xlsx::问答记录::R291,260079,2026-01-17 20:06:14,AI智能体,excluded,outside_affirmative_spring_rosters
2026_spring,问答记录导出0919_已更新.xlsx,问答记录,问答记录导出0919_已更新.xlsx::问答记录::R292,260079,2026-01-17 20:02:44,AI智能体,excluded,outside_affirmative_spring_rosters
2026_spring,问答记录导出0919_已更新.xlsx,问答记录,问答记录导出0919_已更新.xlsx::问答记录::R293,260080,2026-06-21 01:50:29,AI智能体,excluded,outside_affirmative_spring_rosters
2026_spring,问答记录导出0919_已更新.xlsx,问答记录,问答记录导出0919_已更新.xlsx::问答记录::R294,260080,2026-06-16 16:30:52,AI智能体,excluded,outside_affirmative_spring_rosters
2026_spring,问答记录导出0919_已更新.xlsx,问答记录,问答记录导出0919_已更新.xlsx::问答记录::R295,260081,2026-05-28 17:58:09,AI智能体,excluded,outside_affirmative_spring_rosters
2026_spring,问答记录导出0919_已更新.xlsx,问答记录,问答记录导出0919_已更新.xlsx::问答记录::R296,260082,2026-01-23 11:52:34,AI助教,excluded,outside_affirmative_spring_rosters
2026_spring,问答记录导出0919_已更新.xlsx,问答记录,问答记录导出0919_已更新.xlsx::问答记录::R297,260082,2026-01-09 17:37:22,AI智能体,excluded,outside_affirmative_spring_rosters
2026_spring,问答记录导出0919_已更新.xlsx,问答记录,问答记录导出0919_已更新.xlsx::问答记录::R298,260082,2026-01-09 17:01:00,AI智能体,excluded,outside_affirmative_spring_rosters
2026_spring,问答记录导出0919_已更新.xlsx,问答记录,问答记录导出0919_已更新.xlsx::问答记录::R299,260082,2026-01-09 16:48:31,AI助教,excluded,outside_affirmative_spring_rosters
2026_spring,问答记录导出0919_已更新.xlsx,问答记录,问答记录导出0919_已更新.xlsx::问答记录::R300,260083,2025-12-14 15:19:43,AI智能体,excluded,outside_affirmative_spring_rosters
2026_spring,问答记录导出0919_已更新.xlsx,问答记录,问答记录导出0919_已更新.xlsx::问答记录::R301,260083,2025-12-14 15:16:58,AI智能体,excluded,outside_affirmative_spring_rosters
2026_spring,问答记录导出0919_已更新.xlsx,问答记录,问答记录导出0919_已更新.xlsx::问答记录::R302,260083,2025-12-14 15:09:54,AI智能体,excluded,outside_affirmative_spring_rosters
2026_spring,问答记录导出0919_已更新.xlsx,问答记录,问答记录导出0919_已更新.xlsx::问答记录::R303,260083,2025-12-14 15:01:09,AI助教,excluded,outside_affirmative_spring_rosters
2026_spring,问答记录导出0919_已更新.xlsx,问答记录,问答记录导出0919_已更新.xlsx::问答记录::R304,260083,2025-12-14 14:58:30,AI助教,excluded,outside_affirmative_spring_rosters
2026_spring,问答记录导出0919_已更新.xlsx,问答记录,问答记录导出0919_已更新.xlsx::问答记录::R305,260084,2025-11-10 22:28:14,AI智能体,excluded,outside_affirmative_spring_rosters
2026_spring,问答记录导出0919_已更新.xlsx,问答记录,问答记录导出0919_已更新.xlsx::问答记录::R306,260084,2025-11-10 22:24:43,AI智能体,excluded,outside_affirmative_spring_rosters
2026_spring,问答记录导出0919_已更新.xlsx,问答记录,问答记录导出0919_已更新.xlsx::问答记录::R307,260084,2025-11-10 22:23:25,AI智能体,excluded,outside_affirmative_spring_rosters
2026_spring,问答记录导出0919_已更新.xlsx,问答记录,问答记录导出0919_已更新.xlsx::问答记录::R308,260084,2025-11-10 22:23:10,AI智能体,excluded,outside_affirmative_spring_rosters
2026_spring,问答记录导出0919_已更新.xlsx,问答记录,问答记录导出0919_已更新.xlsx::问答记录::R309,260084,2025-11-10 22:14:16,AI助教,excluded,outside_affirmative_spring_rosters
2026_spring,问答记录导出0919_已更新.xlsx,问答记录,问答记录导出0919_已更新.xlsx::问答记录::R310,260085,2025-12-04 15:09:35,AI智能体,excluded,outside_affirmative_spring_rosters
2026_spring,问答记录导出0919_已更新.xlsx,问答记录,问答记录导出0919_已更新.xlsx::问答记录::R311,260085,2025-12-04 15:00:03,AI智能体,excluded,outside_affirmative_spring_rosters
2026_spring,问答记录导出0919_已更新.xlsx,问答记录,问答记录导出0919_已更新.xlsx::问答记录::R312,260085,2025-12-04 14:58:12,AI助教,excluded,outside_affirmative_spring_rosters
2026_spring,问答记录导出0919_已更新.xlsx,问答记录,问答记录导出0919_已更新.xlsx::问答记录::R313,260085,2025-12-04 14:56:40,AI助教,excluded,outside_affirmative_spring_rosters
2026_spring,问答记录导出0919_已更新.xlsx,问答记录,问答记录导出0919_已更新.xlsx::问答记录::R314,260085,2025-12-04 14:45:06,AI助教,excluded,outside_affirmative_spring_rosters
2026_spring,问答记录导出0919_已更新.xlsx,问答记录,问答记录导出0919_已更新.xlsx::问答记录::R315,260086,2025-11-23 14:00:02,AI智能体,excluded,outside_affirmative_spring_rosters
2026_spring,问答记录导出0919_已更新.xlsx,问答记录,问答记录导出0919_已更新.xlsx::问答记录::R316,260086,2025-11-23 13:57:17,AI智能体,excluded,outside_affirmative_spring_rosters
2026_spring,问答记录导出0919_已更新.xlsx,问答记录,问答记录导出0919_已更新.xlsx::问答记录::R317,260086,2025-11-23 13:56:41,AI智能体,excluded,outside_affirmative_spring_rosters
2026_spring,问答记录导出0919_已更新.xlsx,问答记录,问答记录导出0919_已更新.xlsx::问答记录::R318,260086,2025-11-23 13:54:25,AI助教,excluded,outside_affirmative_spring_rosters
2026_spring,问答记录导出0919_已更新.xlsx,问答记录,问答记录导出0919_已更新.xlsx::问答记录::R319,260087,2026-01-10 17:52:06,AI智能体,excluded,outside_affirmative_spring_rosters
2026_spring,问答记录导出0919_已更新.xlsx,问答记录,问答记录导出0919_已更新.xlsx::问答记录::R320,260087,2025-11-08 19:30:41,AI智能体,excluded,outside_affirmative_spring_rosters
2026_spring,问答记录导出0919_已更新.xlsx,问答记录,问答记录导出0919_已更新.xlsx::问答记录::R321,260088,2026-04-27 12:46:34,AI智能体,excluded,outside_affirmative_spring_rosters
2026_spring,问答记录导出0919_已更新.xlsx,问答记录,问答记录导出0919_已更新.xlsx::问答记录::R322,260088,2026-04-27 12:05:42,AI智能体,excluded,outside_affirmative_spring_rosters
2026_spring,问答记录导出0919_已更新.xlsx,问答记录,问答记录导出0919_已更新.xlsx::问答记录::R323,260088,2026-04-27 12:03:55,AI智能体,excluded,outside_affirmative_spring_rosters
2026_spring,问答记录导出0919_已更新.xlsx,问答记录,问答记录导出0919_已更新.xlsx::问答记录::R324,260089,2025-12-20 11:25:15,AI智能体,excluded,outside_affirmative_spring_rosters
2026_spring,问答记录导出0919_已更新.xlsx,问答记录,问答记录导出0919_已更新.xlsx::问答记录::R325,260089,2025-12-20 11:08:01,AI智能体,excluded,outside_affirmative_spring_rosters
2026_spring,问答记录导出0919_已更新.xlsx,问答记录,问答记录导出0919_已更新.xlsx::问答记录::R326,260089,2025-12-20 11:04:19,AI助教,excluded,outside_affirmative_spring_rosters
2026_spring,问答记录导出0919_已更新.xlsx,问答记录,问答记录导出0919_已更新.xlsx::问答记录::R327,260090,2025-12-25 19:56:59,AI智能体,excluded,outside_affirmative_spring_rosters
2026_spring,问答记录导出0919_已更新.xlsx,问答记录,问答记录导出0919_已更新.xlsx::问答记录::R328,260090,2025-12-25 19:56:16,AI智能体,excluded,outside_affirmative_spring_rosters
2026_spring,问答记录导出0919_已更新.xlsx,问答记录,问答记录导出0919_已更新.xlsx::问答记录::R329,260090,2025-12-25 19:42:33,AI智能体,excluded,outside_affirmative_spring_rosters
2026_spring,问答记录导出0919_已更新.xlsx,问答记录,问答记录导出0919_已更新.xlsx::问答记录::R330,260091,2025-11-06 18:10:47,AI智能体,excluded,outside_affirmative_spring_rosters
2026_spring,问答记录导出0919_已更新.xlsx,问答记录,问答记录导出0919_已更新.xlsx::问答记录::R331,260091,2025-11-06 18:08:21,AI智能体,excluded,outside_affirmative_spring_rosters
2026_spring,问答记录导出0919_已更新.xlsx,问答记录,问答记录导出0919_已更新.xlsx::问答记录::R332,260091,2025-11-06 17:56:32,AI助教,excluded,outside_affirmative_spring_rosters
2026_spring,问答记录导出0919_已更新.xlsx,问答记录,问答记录导出0919_已更新.xlsx::问答记录::R333,260091,2025-11-06 17:53:19,AI助教,excluded,outside_affirmative_spring_rosters
2026_spring,问答记录导出0919_已更新.xlsx,问答记录,问答记录导出0919_已更新.xlsx::问答记录::R334,260091,2025-11-04 16:12:40,AI助教,excluded,outside_affirmative_spring_rosters
2026_spring,问答记录导出0919_已更新.xlsx,问答记录,问答记录导出0919_已更新.xlsx::问答记录::R335,260092,2026-07-28 11:24:05,AI智能体,excluded,outside_affirmative_spring_rosters
2026_spring,问答记录导出0919_已更新.xlsx,问答记录,问答记录导出0919_已更新.xlsx::问答记录::R336,260092,2026-07-28 11:23:59,AI智能体,excluded,outside_affirmative_spring_rosters
2026_spring,问答记录导出0919_已更新.xlsx,问答记录,问答记录导出0919_已更新.xlsx::问答记录::R337,260092,2026-07-28 11:23:56,AI智能体,excluded,outside_affirmative_spring_rosters
2026_spring,问答记录导出0919_已更新.xlsx,问答记录,问答记录导出0919_已更新.xlsx::问答记录::R338,260092,2026-07-28 11:23:53,AI智能体,excluded,outside_affirmative_spring_rosters
2026_spring,问答记录导出0919_已更新.xlsx,问答记录,问答记录导出0919_已更新.xlsx::问答记录::R339,260092,2026-07-28 11:23:50,AI智能体,excluded,outside_affirmative_spring_rosters
2026_spring,问答记录导出0919_已更新.xlsx,问答记录,问答记录导出0919_已更新.xlsx::问答记录::R340,260092,2026-07-28 11:23:46,AI智能体,excluded,outside_affirmative_spring_rosters
2026_spring,问答记录导出0919_已更新.xlsx,问答记录,问答记录导出0919_已更新.xlsx::问答记录::R341,260092,2026-07-28 11:23:43,AI智能体,excluded,outside_affirmative_spring_rosters
2026_spring,问答记录导出0919_已更新.xlsx,问答记录,问答记录导出0919_已更新.xlsx::问答记录::R342,260092,2026-07-28 11:23:11,AI学伴,excluded,outside_affirmative_spring_rosters
2026_spring,问答记录导出0919_已更新.xlsx,问答记录,问答记录导出0919_已更新.xlsx::问答记录::R343,260092,2026-05-18 11:07:31,AI智能体,excluded,outside_affirmative_spring_rosters
2026_spring,问答记录导出0919_已更新.xlsx,问答记录,问答记录导出0919_已更新.xlsx::问答记录::R344,260092,2026-05-18 11:00:37,AI智能体,excluded,outside_affirmative_spring_rosters
2026_spring,问答记录导出0919_已更新.xlsx,问答记录,问答记录导出0919_已更新.xlsx::问答记录::R345,260092,2026-05-18 10:48:43,AI智能体,excluded,outside_affirmative_spring_rosters
2026_spring,问答记录导出0919_已更新.xlsx,问答记录,问答记录导出0919_已更新.xlsx::问答记录::R346,260092,2026-03-27 10:17:32,AI智能体,excluded,outside_affirmative_spring_rosters
2026_spring,问答记录导出0919_已更新.xlsx,问答记录,问答记录导出0919_已更新.xlsx::问答记录::R347,260092,2026-03-27 10:02:52,AI智能体,excluded,outside_affirmative_spring_rosters
2026_spring,问答记录导出0919_已更新.xlsx,问答记录,问答记录导出0919_已更新.xlsx::问答记录::R348,260092,2026-03-19 15:53:12,AI智能体,excluded,outside_affirmative_spring_rosters
2026_spring,问答记录导出0919_已更新.xlsx,问答记录,问答记录导出0919_已更新.xlsx::问答记录::R349,260092,2026-03-19 15:48:15,AI智能体,excluded,outside_affirmative_spring_rosters
2026_spring,问答记录导出0919_已更新.xlsx,问答记录,问答记录导出0919_已更新.xlsx::问答记录::R350,260092,2026-03-19 15:44:04,AI智能体,excluded,outside_affirmative_spring_rosters
2026_spring,问答记录导出0919_已更新.xlsx,问答记录,问答记录导出0919_已更新.xlsx::问答记录::R351,260093,2025-11-05 20:55:56,AI智能体,excluded,outside_affirmative_spring_rosters
2026_spring,问答记录导出0919_已更新.xlsx,问答记录,问答记录导出0919_已更新.xlsx::问答记录::R352,260093,2025-11-05 20:35:29,AI智能体,excluded,outside_affirmative_spring_rosters
2026_spring,问答记录导出0919_已更新.xlsx,问答记录,问答记录导出0919_已更新.xlsx::问答记录::R353,260094,2025-11-27 10:22:36,AI智能体,excluded,outside_affirmative_spring_rosters
2026_spring,问答记录导出0919_已更新.xlsx,问答记录,问答记录导出0919_已更新.xlsx::问答记录::R354,260094,2025-11-27 10:09:22,AI智能体,excluded,outside_affirmative_spring_rosters
2026_spring,问答记录导出0919_已更新.xlsx,问答记录,问答记录导出0919_已更新.xlsx::问答记录::R355,260095,2026-03-29 21:17:08,AI学伴,excluded,outside_affirmative_spring_rosters
2026_spring,问答记录导出0919_已更新.xlsx,问答记录,问答记录导出0919_已更新.xlsx::问答记录::R356,260095,2026-03-27 15:48:50,AI智能体,excluded,outside_affirmative_spring_rosters
2026_spring,问答记录导出0919_已更新.xlsx,问答记录,问答记录导出0919_已更新.xlsx::问答记录::R357,260096,2026-09-08 21:29:08,共享AI互动室,excluded,outside_affirmative_spring_rosters
2026_spring,问答记录导出0919_已更新.xlsx,问答记录,问答记录导出0919_已更新.xlsx::问答记录::R358,260097,2026-01-10 18:19:35,AI智能体,excluded,outside_affirmative_spring_rosters
2026_spring,问答记录导出0919_已更新.xlsx,问答记录,问答记录导出0919_已更新.xlsx::问答记录::R359,260097,2026-01-10 18:14:39,AI智能体,excluded,outside_affirmative_spring_rosters
2026_spring,问答记录导出0919_已更新.xlsx,问答记录,问答记录导出0919_已更新.xlsx::问答记录::R360,260097,2026-01-10 17:56:06,AI智能体,excluded,outside_affirmative_spring_rosters
2026_spring,问答记录导出0919_已更新.xlsx,问答记录,问答记录导出0919_已更新.xlsx::问答记录::R361,260097,2026-01-10 17:51:39,AI智能体,excluded,outside_affirmative_spring_rosters
2026_spring,问答记录导出0919_已更新.xlsx,问答记录,问答记录导出0919_已更新.xlsx::问答记录::R362,260097,2026-01-10 17:48:42,AI智能体,excluded,outside_affirmative_spring_rosters
2026_spring,问答记录导出0919_已更新.xlsx,问答记录,问答记录导出0919_已更新.xlsx::问答记录::R363,260097,2025-10-26 17:27:28,AI助教,excluded,outside_affirmative_spring_rosters
2026_spring,问答记录导出0919_已更新.xlsx,问答记录,问答记录导出0919_已更新.xlsx::问答记录::R364,260098,2025-12-14 16:39:33,AI助教,excluded,outside_affirmative_spring_rosters
2026_spring,问答记录导出0919_已更新.xlsx,问答记录,问答记录导出0919_已更新.xlsx::问答记录::R365,260098,2025-10-12 17:38:31,AI助教,excluded,outside_affirmative_spring_rosters
2026_spring,问答记录导出0919_已更新.xlsx,问答记录,问答记录导出0919_已更新.xlsx::问答记录::R366,260099,2026-01-11 17:56:31,AI智能体,excluded,outside_affirmative_spring_rosters
2026_spring,问答记录导出0919_已更新.xlsx,问答记录,问答记录导出0919_已更新.xlsx::问答记录::R367,260099,2026-01-11 17:42:58,AI智能体,excluded,outside_affirmative_spring_rosters
2026_spring,问答记录导出0919_已更新.xlsx,问答记录,问答记录导出0919_已更新.xlsx::问答记录::R368,260099,2026-01-11 17:29:24,AI智能体,excluded,outside_affirmative_spring_rosters
2026_spring,问答记录导出0919_已更新.xlsx,问答记录,问答记录导出0919_已更新.xlsx::问答记录::R369,260099,2026-01-11 17:15:46,AI智能体,excluded,outside_affirmative_spring_rosters
2026_spring,问答记录导出0919_已更新.xlsx,问答记录,问答记录导出0919_已更新.xlsx::问答记录::R370,260099,2026-01-06 11:38:09,AI智能体,excluded,outside_affirmative_spring_rosters
2026_spring,问答记录导出0919_已更新.xlsx,问答记录,问答记录导出0919_已更新.xlsx::问答记录::R371,260099,2026-01-06 11:32:52,AI智能体,excluded,outside_affirmative_spring_rosters
2026_spring,问答记录导出0919_已更新.xlsx,问答记录,问答记录导出0919_已更新.xlsx::问答记录::R372,260099,2025-11-09 20:24:01,AI助教,excluded,outside_affirmative_spring_rosters
2026_spring,问答记录导出0919_已更新.xlsx,问答记录,问答记录导出0919_已更新.xlsx::问答记录::R373,260100,2025-12-06 20:06:57,AI智能体,excluded,outside_affirmative_spring_rosters
2026_spring,问答记录导出0919_已更新.xlsx,问答记录,问答记录导出0919_已更新.xlsx::问答记录::R374,260100,2025-12-06 19:51:46,AI智能体,excluded,outside_affirmative_spring_rosters
2026_spring,问答记录导出0919_已更新.xlsx,问答记录,问答记录导出0919_已更新.xlsx::问答记录::R375,260101,2026-01-11 10:42:03,AI智能体,excluded,outside_affirmative_spring_rosters
2026_spring,问答记录导出0919_已更新.xlsx,问答记录,问答记录导出0919_已更新.xlsx::问答记录::R376,260101,2026-01-11 10:22:57,AI智能体,excluded,outside_affirmative_spring_rosters
2026_spring,问答记录导出0919_已更新.xlsx,问答记录,问答记录导出0919_已更新.xlsx::问答记录::R377,260101,2026-01-11 10:21:03,AI智能体,excluded,outside_affirmative_spring_rosters
2026_spring,问答记录导出0919_已更新.xlsx,问答记录,问答记录导出0919_已更新.xlsx::问答记录::R378,260102,2026-01-06 11:30:38,AI智能体,excluded,outside_affirmative_spring_rosters
2026_spring,问答记录导出0919_已更新.xlsx,问答记录,问答记录导出0919_已更新.xlsx::问答记录::R379,260102,2026-01-06 11:24:00,AI智能体,excluded,outside_affirmative_spring_rosters
2026_spring,问答记录导出0919_已更新.xlsx,问答记录,问答记录导出0919_已更新.xlsx::问答记录::R380,260102,2026-01-05 23:11:33,AI智能体,excluded,outside_affirmative_spring_rosters
2026_spring,问答记录导出0919_已更新.xlsx,问答记录,问答记录导出0919_已更新.xlsx::问答记录::R381,260102,2025-09-28 15:43:01,AI助教,excluded,outside_affirmative_spring_rosters
2026_spring,问答记录导出0919_已更新.xlsx,问答记录,问答记录导出0919_已更新.xlsx::问答记录::R382,260103,2025-11-25 14:47:46,AI智能体,excluded,outside_affirmative_spring_rosters
2026_spring,问答记录导出0919_已更新.xlsx,问答记录,问答记录导出0919_已更新.xlsx::问答记录::R383,260103,2025-11-11 15:31:54,AI助教,excluded,outside_affirmative_spring_rosters
2026_spring,问答记录导出0919_已更新.xlsx,问答记录,问答记录导出0919_已更新.xlsx::问答记录::R384,260103,2025-11-04 14:42:19,AI助教,excluded,outside_affirmative_spring_rosters
2026_spring,问答记录导出0919_已更新.xlsx,问答记录,问答记录导出0919_已更新.xlsx::问答记录::R385,260104,2025-12-03 22:16:01,AI智能体,excluded,outside_affirmative_spring_rosters
2026_spring,问答记录导出0919_已更新.xlsx,问答记录,问答记录导出0919_已更新.xlsx::问答记录::R386,260104,2025-12-03 21:35:36,AI智能体,excluded,outside_affirmative_spring_rosters
2026_spring,问答记录导出0919_已更新.xlsx,问答记录,问答记录导出0919_已更新.xlsx::问答记录::R387,260104,2025-12-03 21:34:04,AI智能体,excluded,outside_affirmative_spring_rosters
2026_spring,问答记录导出0919_已更新.xlsx,问答记录,问答记录导出0919_已更新.xlsx::问答记录::R388,260104,2025-12-03 21:31:56,AI智能体,excluded,outside_affirmative_spring_rosters
2026_spring,问答记录导出0919_已更新.xlsx,问答记录,问答记录导出0919_已更新.xlsx::问答记录::R389,260104,2025-12-03 21:23:07,AI助教,excluded,outside_affirmative_spring_rosters
2026_spring,问答记录导出0919_已更新.xlsx,问答记录,问答记录导出0919_已更新.xlsx::问答记录::R390,260104,2025-10-15 22:43:51,AI助教,excluded,outside_affirmative_spring_rosters
2026_spring,问答记录导出0919_已更新.xlsx,问答记录,问答记录导出0919_已更新.xlsx::问答记录::R391,260105,2025-12-08 18:29:01,AI助教,excluded,outside_affirmative_spring_rosters
2026_spring,问答记录导出0919_已更新.xlsx,问答记录,问答记录导出0919_已更新.xlsx::问答记录::R392,260105,2025-12-08 15:42:54,AI助教,excluded,outside_affirmative_spring_rosters
2026_spring,问答记录导出0919_已更新.xlsx,问答记录,问答记录导出0919_已更新.xlsx::问答记录::R393,260105,2025-11-13 14:13:05,AI助教,excluded,outside_affirmative_spring_rosters
2026_spring,问答记录导出0919_已更新.xlsx,问答记录,问答记录导出0919_已更新.xlsx::问答记录::R394,260105,2025-11-13 13:50:27,AI助教,excluded,outside_affirmative_spring_rosters
2026_spring,问答记录导出0919_已更新.xlsx,问答记录,问答记录导出0919_已更新.xlsx::问答记录::R395,260106,2025-12-14 23:05:14,AI智能体,excluded,outside_affirmative_spring_rosters
2026_spring,问答记录导出0919_已更新.xlsx,问答记录,问答记录导出0919_已更新.xlsx::问答记录::R396,260106,2025-12-14 23:01:41,AI智能体,excluded,outside_affirmative_spring_rosters
2026_spring,问答记录导出0919_已更新.xlsx,问答记录,问答记录导出0919_已更新.xlsx::问答记录::R397,260106,2025-12-14 22:36:14,AI智能体,excluded,outside_affirmative_spring_rosters
2026_spring,问答记录导出0919_已更新.xlsx,问答记录,问答记录导出0919_已更新.xlsx::问答记录::R398,260106,2025-12-14 22:34:47,AI智能体,excluded,outside_affirmative_spring_rosters
2026_spring,问答记录导出0919_已更新.xlsx,问答记录,问答记录导出0919_已更新.xlsx::问答记录::R399,260106,2025-11-11 00:54:59,AI智能体,excluded,outside_affirmative_spring_rosters
2026_spring,问答记录导出0919_已更新.xlsx,问答记录,问答记录导出0919_已更新.xlsx::问答记录::R400,260106,2025-11-11 00:49:53,AI助教,excluded,outside_affirmative_spring_rosters
2026_spring,问答记录导出0919_已更新.xlsx,问答记录,问答记录导出0919_已更新.xlsx::问答记录::R401,260107,2026-06-16 16:21:54,AI智能体,excluded,outside_affirmative_spring_rosters
2026_spring,问答记录导出0919_已更新.xlsx,问答记录,问答记录导出0919_已更新.xlsx::问答记录::R402,260108,2025-12-16 15:19:07,AI智能体,excluded,outside_affirmative_spring_rosters
2026_spring,问答记录导出0919_已更新.xlsx,问答记录,问答记录导出0919_已更新.xlsx::问答记录::R403,260108,2025-12-16 15:17:58,AI智能体,excluded,outside_affirmative_spring_rosters
2026_spring,问答记录导出0919_已更新.xlsx,问答记录,问答记录导出0919_已更新.xlsx::问答记录::R404,260108,2025-12-16 15:10:47,AI智能体,excluded,outside_affirmative_spring_rosters
2026_spring,问答记录导出0919_已更新.xlsx,问答记录,问答记录导出0919_已更新.xlsx::问答记录::R405,260108,2025-12-16 14:54:57,AI智能体,excluded,outside_affirmative_spring_rosters
2026_spring,问答记录导出0919_已更新.xlsx,问答记录,问答记录导出0919_已更新.xlsx::问答记录::R406,260108,2025-10-22 15:23:08,AI助教,excluded,outside_affirmative_spring_rosters
2026_spring,问答记录导出0919_已更新.xlsx,问答记录,问答记录导出0919_已更新.xlsx::问答记录::R407,260109,2025-12-15 00:54:44,AI智能体,excluded,outside_affirmative_spring_rosters
2026_spring,问答记录导出0919_已更新.xlsx,问答记录,问答记录导出0919_已更新.xlsx::问答记录::R408,260109,2025-12-15 00:23:24,AI智能体,excluded,outside_affirmative_spring_rosters
2026_spring,问答记录导出0919_已更新.xlsx,问答记录,问答记录导出0919_已更新.xlsx::问答记录::R409,260109,2025-12-08 00:32:14,AI智能体,excluded,outside_affirmative_spring_rosters
2026_spring,问答记录导出0919_已更新.xlsx,问答记录,问答记录导出0919_已更新.xlsx::问答记录::R410,260110,2026-01-12 11:58:56,AI智能体,excluded,outside_affirmative_spring_rosters
2026_spring,问答记录导出0919_已更新.xlsx,问答记录,问答记录导出0919_已更新.xlsx::问答记录::R411,260110,2025-11-14 16:28:55,AI智能体,excluded,outside_affirmative_spring_rosters
2026_spring,问答记录导出0919_已更新.xlsx,问答记录,问答记录导出0919_已更新.xlsx::问答记录::R412,260110,2025-11-14 16:19:50,AI助教,excluded,outside_affirmative_spring_rosters
2026_spring,问答记录导出0919_已更新.xlsx,问答记录,问答记录导出0919_已更新.xlsx::问答记录::R413,260111,2025-11-17 12:34:36,AI智能体,excluded,outside_affirmative_spring_rosters
2026_spring,问答记录导出0919_已更新.xlsx,问答记录,问答记录导出0919_已更新.xlsx::问答记录::R414,260111,2025-11-17 12:33:08,AI助教,excluded,outside_affirmative_spring_rosters
2026_spring,问答记录导出0919_已更新.xlsx,问答记录,问答记录导出0919_已更新.xlsx::问答记录::R415,260112,2025-11-11 15:57:59,AI智能体,excluded,outside_affirmative_spring_rosters
2026_spring,问答记录导出0919_已更新.xlsx,问答记录,问答记录导出0919_已更新.xlsx::问答记录::R416,260112,2025-11-11 15:52:48,AI智能体,excluded,outside_affirmative_spring_rosters
2026_spring,问答记录导出0919_已更新.xlsx,问答记录,问答记录导出0919_已更新.xlsx::问答记录::R417,260112,2025-11-11 15:35:48,AI助教,excluded,outside_affirmative_spring_rosters
2026_spring,问答记录导出0919_已更新.xlsx,问答记录,问答记录导出0919_已更新.xlsx::问答记录::R418,260112,2025-11-11 15:30:11,AI助教,excluded,outside_affirmative_spring_rosters
2026_spring,问答记录导出0919_已更新.xlsx,问答记录,问答记录导出0919_已更新.xlsx::问答记录::R419,260113,2025-12-28 16:36:05,AI智能体,excluded,outside_affirmative_spring_rosters
2026_spring,问答记录导出0919_已更新.xlsx,问答记录,问答记录导出0919_已更新.xlsx::问答记录::R420,260113,2025-12-28 16:19:52,AI智能体,excluded,outside_affirmative_spring_rosters
2026_spring,问答记录导出0919_已更新.xlsx,问答记录,问答记录导出0919_已更新.xlsx::问答记录::R421,260113,2025-12-28 16:07:07,AI智能体,excluded,outside_affirmative_spring_rosters
2026_spring,问答记录导出0919_已更新.xlsx,问答记录,问答记录导出0919_已更新.xlsx::问答记录::R422,260113,2025-12-28 15:50:49,AI智能体,excluded,outside_affirmative_spring_rosters
2026_spring,问答记录导出0919_已更新.xlsx,问答记录,问答记录导出0919_已更新.xlsx::问答记录::R423,260114,2025-11-04 11:35:55,AI智能体,excluded,outside_affirmative_spring_rosters
2026_spring,问答记录导出0919_已更新.xlsx,问答记录,问答记录导出0919_已更新.xlsx::问答记录::R424,260114,2025-11-04 11:34:52,AI助教,excluded,outside_affirmative_spring_rosters
2026_spring,问答记录导出0919_已更新.xlsx,问答记录,问答记录导出0919_已更新.xlsx::问答记录::R425,260114,2025-11-04 11:19:16,AI智能体,excluded,outside_affirmative_spring_rosters
2026_spring,问答记录导出0919_已更新.xlsx,问答记录,问答记录导出0919_已更新.xlsx::问答记录::R426,260114,2025-11-04 10:55:06,AI助教,excluded,outside_affirmative_spring_rosters
2026_spring,问答记录导出0919_已更新.xlsx,问答记录,问答记录导出0919_已更新.xlsx::问答记录::R427,260114,2025-10-18 20:10:41,AI助教,excluded,outside_affirmative_spring_rosters
2026_spring,问答记录导出0919_已更新.xlsx,问答记录,问答记录导出0919_已更新.xlsx::问答记录::R428,260115,2026-05-20 19:27:35,AI智能体,excluded,outside_affirmative_spring_rosters
2026_spring,问答记录导出0919_已更新.xlsx,问答记录,问答记录导出0919_已更新.xlsx::问答记录::R429,260116,2026-04-27 19:46:35,AI智能体,excluded,outside_affirmative_spring_rosters
2026_spring,问答记录导出0919_已更新.xlsx,问答记录,问答记录导出0919_已更新.xlsx::问答记录::R430,260116,2026-04-27 19:33:53,AI智能体,excluded,outside_affirmative_spring_rosters
2026_spring,问答记录导出0919_已更新.xlsx,问答记录,问答记录导出0919_已更新.xlsx::问答记录::R431,260116,2026-03-19 16:19:02,AI智能体,excluded,outside_affirmative_spring_rosters
2026_spring,问答记录导出0919_已更新.xlsx,问答记录,问答记录导出0919_已更新.xlsx::问答记录::R432,260117,2026-01-12 18:23:50,AI智能体,excluded,outside_affirmative_spring_rosters
2026_spring,问答记录导出0919_已更新.xlsx,问答记录,问答记录导出0919_已更新.xlsx::问答记录::R433,260117,2026-01-12 18:21:03,AI智能体,excluded,outside_affirmative_spring_rosters
2026_spring,问答记录导出0919_已更新.xlsx,问答记录,问答记录导出0919_已更新.xlsx::问答记录::R434,260117,2026-01-12 16:14:20,AI智能体,excluded,outside_affirmative_spring_rosters
2026_spring,问答记录导出0919_已更新.xlsx,问答记录,问答记录导出0919_已更新.xlsx::问答记录::R435,260117,2026-01-12 15:09:37,AI智能体,excluded,outside_affirmative_spring_rosters
2026_spring,问答记录导出0919_已更新.xlsx,问答记录,问答记录导出0919_已更新.xlsx::问答记录::R436,260117,2026-01-12 15:07:44,AI助教,excluded,outside_affirmative_spring_rosters
2026_spring,问答记录导出0919_已更新.xlsx,问答记录,问答记录导出0919_已更新.xlsx::问答记录::R437,260117,2026-01-12 14:11:25,AI助教,excluded,outside_affirmative_spring_rosters
2026_spring,问答记录导出0919_已更新.xlsx,问答记录,问答记录导出0919_已更新.xlsx::问答记录::R438,260117,2026-01-12 13:40:38,AI助教,excluded,outside_affirmative_spring_rosters
2026_spring,问答记录导出0919_已更新.xlsx,问答记录,问答记录导出0919_已更新.xlsx::问答记录::R439,260117,2026-01-12 13:38:54,AI助教,excluded,outside_affirmative_spring_rosters
2026_spring,问答记录导出0919_已更新.xlsx,问答记录,问答记录导出0919_已更新.xlsx::问答记录::R440,260118,2025-12-02 16:58:12,AI智能体,excluded,outside_affirmative_spring_rosters
2026_spring,问答记录导出0919_已更新.xlsx,问答记录,问答记录导出0919_已更新.xlsx::问答记录::R441,260118,2025-12-02 16:55:08,AI助教,excluded,outside_affirmative_spring_rosters
2026_spring,问答记录导出0919_已更新.xlsx,问答记录,问答记录导出0919_已更新.xlsx::问答记录::R442,260118,2025-12-02 16:53:06,AI助教,excluded,outside_affirmative_spring_rosters
2026_spring,问答记录导出0919_已更新.xlsx,问答记录,问答记录导出0919_已更新.xlsx::问答记录::R443,260118,2025-12-02 16:50:00,AI智能体,excluded,outside_affirmative_spring_rosters
2026_spring,问答记录导出0919_已更新.xlsx,问答记录,问答记录导出0919_已更新.xlsx::问答记录::R444,260118,2025-12-02 16:43:10,AI助教,excluded,outside_affirmative_spring_rosters
2026_spring,问答记录导出0919_已更新.xlsx,问答记录,问答记录导出0919_已更新.xlsx::问答记录::R445,260118,2025-11-04 15:00:56,AI助教,excluded,outside_affirmative_spring_rosters
2026_spring,问答记录导出0919_已更新.xlsx,问答记录,问答记录导出0919_已更新.xlsx::问答记录::R446,260119,2026-01-09 18:51:03,AI智能体,excluded,outside_affirmative_spring_rosters
2026_spring,问答记录导出0919_已更新.xlsx,问答记录,问答记录导出0919_已更新.xlsx::问答记录::R447,260119,2026-01-06 18:32:03,AI智能体,excluded,outside_affirmative_spring_rosters
2026_spring,问答记录导出0919_已更新.xlsx,问答记录,问答记录导出0919_已更新.xlsx::问答记录::R448,260119,2026-01-06 14:54:37,AI智能体,excluded,outside_affirmative_spring_rosters
2026_spring,问答记录导出0919_已更新.xlsx,问答记录,问答记录导出0919_已更新.xlsx::问答记录::R449,260120,2026-01-12 12:53:51,AI智能体,excluded,outside_affirmative_spring_rosters
2026_spring,问答记录导出0919_已更新.xlsx,问答记录,问答记录导出0919_已更新.xlsx::问答记录::R450,260121,2026-01-07 16:19:26,AI智能体,excluded,outside_affirmative_spring_rosters
2026_spring,问答记录导出0919_已更新.xlsx,问答记录,问答记录导出0919_已更新.xlsx::问答记录::R451,260121,2026-01-07 15:26:16,AI智能体,excluded,outside_affirmative_spring_rosters
2026_spring,问答记录导出0919_已更新.xlsx,问答记录,问答记录导出0919_已更新.xlsx::问答记录::R452,260122,2025-11-14 10:40:01,AI助教,excluded,outside_affirmative_spring_rosters
2026_spring,问答记录导出0919_已更新.xlsx,问答记录,问答记录导出0919_已更新.xlsx::问答记录::R453,260122,2025-05-26 15:39:20,AI助教,excluded,outside_affirmative_spring_rosters
2026_spring,问答记录导出0919_已更新.xlsx,问答记录,问答记录导出0919_已更新.xlsx::问答记录::R454,260122,2025-05-12 08:52:57,AI助教,excluded,outside_affirmative_spring_rosters
2026_spring,问答记录导出0919_已更新.xlsx,问答记录,问答记录导出0919_已更新.xlsx::问答记录::R455,260122,2025-04-23 11:12:33,AI助教,excluded,outside_affirmative_spring_rosters
2026_spring,问答记录导出0919_已更新.xlsx,问答记录,问答记录导出0919_已更新.xlsx::问答记录::R456,260122,2025-04-03 14:59:02,AI助教,excluded,outside_affirmative_spring_rosters
2026_spring,问答记录导出0919_已更新.xlsx,问答记录,问答记录导出0919_已更新.xlsx::问答记录::R457,260123,2026-01-20 17:48:05,AI智能体,excluded,outside_affirmative_spring_rosters
2026_spring,问答记录导出0919_已更新.xlsx,问答记录,问答记录导出0919_已更新.xlsx::问答记录::R458,260123,2025-12-03 17:02:05,AI智能体,excluded,outside_affirmative_spring_rosters
2026_spring,问答记录导出0919_已更新.xlsx,问答记录,问答记录导出0919_已更新.xlsx::问答记录::R459,260123,2025-12-03 16:30:39,AI智能体,excluded,outside_affirmative_spring_rosters
2026_spring,问答记录导出0919_已更新.xlsx,问答记录,问答记录导出0919_已更新.xlsx::问答记录::R460,260124,2026-03-12 22:21:27,AI学伴,excluded,outside_affirmative_spring_rosters
2026_spring,问答记录导出0919_已更新.xlsx,问答记录,问答记录导出0919_已更新.xlsx::问答记录::R461,260124,2025-11-27 14:58:32,AI智能体,excluded,outside_affirmative_spring_rosters
2026_spring,问答记录导出0919_已更新.xlsx,问答记录,问答记录导出0919_已更新.xlsx::问答记录::R462,260124,2025-11-06 17:08:22,AI智能体,excluded,outside_affirmative_spring_rosters
2026_spring,问答记录导出0919_已更新.xlsx,问答记录,问答记录导出0919_已更新.xlsx::问答记录::R463,260124,2025-11-06 16:34:07,AI助教,excluded,outside_affirmative_spring_rosters
2026_spring,问答记录导出0919_已更新.xlsx,问答记录,问答记录导出0919_已更新.xlsx::问答记录::R464,260124,2025-11-06 16:32:41,AI助教,excluded,outside_affirmative_spring_rosters
2026_spring,问答记录导出0919_已更新.xlsx,问答记录,问答记录导出0919_已更新.xlsx::问答记录::R465,260124,2025-11-06 16:18:32,AI助教,excluded,outside_affirmative_spring_rosters
2026_spring,问答记录导出0919_已更新.xlsx,问答记录,问答记录导出0919_已更新.xlsx::问答记录::R466,260124,2025-11-06 16:16:41,AI助教,excluded,outside_affirmative_spring_rosters
2026_spring,问答记录导出0919_已更新.xlsx,问答记录,问答记录导出0919_已更新.xlsx::问答记录::R467,260124,2025-11-01 13:20:39,AI助教,excluded,outside_affirmative_spring_rosters
2026_spring,问答记录导出0919_已更新.xlsx,问答记录,问答记录导出0919_已更新.xlsx::问答记录::R468,260124,2025-11-01 11:52:18,AI助教,excluded,outside_affirmative_spring_rosters
2026_spring,问答记录导出0919_已更新.xlsx,问答记录,问答记录导出0919_已更新.xlsx::问答记录::R469,260124,2025-10-09 16:13:05,AI助教,excluded,outside_affirmative_spring_rosters
2026_spring,问答记录导出0919_已更新.xlsx,问答记录,问答记录导出0919_已更新.xlsx::问答记录::R470,260125,2025-11-25 16:59:43,AI智能体,excluded,outside_affirmative_spring_rosters
2026_spring,问答记录导出0919_已更新.xlsx,问答记录,问答记录导出0919_已更新.xlsx::问答记录::R471,260125,2025-11-25 16:33:17,AI智能体,excluded,outside_affirmative_spring_rosters
2026_spring,问答记录导出0919_已更新.xlsx,问答记录,问答记录导出0919_已更新.xlsx::问答记录::R472,260125,2025-11-25 16:20:37,AI智能体,excluded,outside_affirmative_spring_rosters
2026_spring,问答记录导出0919_已更新.xlsx,问答记录,问答记录导出0919_已更新.xlsx::问答记录::R473,260126,2026-01-13 14:43:52,AI智能体,excluded,outside_affirmative_spring_rosters
2026_spring,问答记录导出0919_已更新.xlsx,问答记录,问答记录导出0919_已更新.xlsx::问答记录::R474,260126,2026-01-13 14:26:35,AI智能体,excluded,outside_affirmative_spring_rosters
2026_spring,问答记录导出0919_已更新.xlsx,问答记录,问答记录导出0919_已更新.xlsx::问答记录::R475,260126,2026-01-13 14:25:55,AI智能体,excluded,outside_affirmative_spring_rosters
2026_spring,问答记录导出0919_已更新.xlsx,问答记录,问答记录导出0919_已更新.xlsx::问答记录::R476,260127,2025-12-08 19:13:59,AI智能体,excluded,outside_affirmative_spring_rosters
2026_spring,问答记录导出0919_已更新.xlsx,问答记录,问答记录导出0919_已更新.xlsx::问答记录::R477,260127,2025-12-08 18:15:04,AI智能体,excluded,outside_affirmative_spring_rosters
2026_spring,问答记录导出0919_已更新.xlsx,问答记录,问答记录导出0919_已更新.xlsx::问答记录::R478,260128,2026-09-04 10:20:12,共享AI互动室,excluded,outside_affirmative_spring_rosters
2026_spring,问答记录导出0919_已更新.xlsx,问答记录,问答记录导出0919_已更新.xlsx::问答记录::R479,260128,2026-09-04 08:02:29,共享AI互动室,excluded,outside_affirmative_spring_rosters
2026_spring,问答记录导出0919_已更新.xlsx,问答记录,问答记录导出0919_已更新.xlsx::问答记录::R480,260128,2026-09-03 16:13:49,共享AI互动室,excluded,outside_affirmative_spring_rosters
2026_spring,问答记录导出0919_已更新.xlsx,问答记录,问答记录导出0919_已更新.xlsx::问答记录::R481,260128,2026-09-03 08:58:00,共享AI互动室,excluded,outside_affirmative_spring_rosters
2026_spring,问答记录导出0919_已更新.xlsx,问答记录,问答记录导出0919_已更新.xlsx::问答记录::R482,260128,2026-09-03 08:01:39,共享AI互动室,excluded,outside_affirmative_spring_rosters
2026_spring,问答记录导出0919_已更新.xlsx,问答记录,问答记录导出0919_已更新.xlsx::问答记录::R483,260128,2026-09-02 15:17:57,共享AI互动室,excluded,outside_affirmative_spring_rosters
2026_spring,问答记录导出0919_已更新.xlsx,问答记录,问答记录导出0919_已更新.xlsx::问答记录::R484,260128,2026-09-02 10:43:47,共享AI互动室,excluded,outside_affirmative_spring_rosters
2026_spring,问答记录导出0919_已更新.xlsx,问答记录,问答记录导出0919_已更新.xlsx::问答记录::R485,260128,2026-09-01 17:48:34,共享AI互动室,excluded,outside_affirmative_spring_rosters
2026_spring,问答记录导出0919_已更新.xlsx,问答记录,问答记录导出0919_已更新.xlsx::问答记录::R486,260128,2026-09-01 11:21:17,共享AI互动室,excluded,outside_affirmative_spring_rosters
2026_spring,问答记录导出0919_已更新.xlsx,问答记录,问答记录导出0919_已更新.xlsx::问答记录::R487,260128,2026-08-31 10:09:06,共享AI互动室,excluded,outside_affirmative_spring_rosters
2026_spring,问答记录导出0919_已更新.xlsx,问答记录,问答记录导出0919_已更新.xlsx::问答记录::R488,260128,2026-08-28 14:57:05,共享AI互动室,excluded,outside_affirmative_spring_rosters
2026_spring,问答记录导出0919_已更新.xlsx,问答记录,问答记录导出0919_已更新.xlsx::问答记录::R489,260128,2026-08-27 21:41:50,共享AI互动室,excluded,outside_affirmative_spring_rosters
2026_spring,问答记录导出0919_已更新.xlsx,问答记录,问答记录导出0919_已更新.xlsx::问答记录::R490,260129,2026-01-03 15:25:00,AI智能体,excluded,outside_affirmative_spring_rosters
2026_spring,问答记录导出0919_已更新.xlsx,问答记录,问答记录导出0919_已更新.xlsx::问答记录::R491,260129,2026-01-03 15:00:36,AI智能体,excluded,outside_affirmative_spring_rosters
2026_spring,问答记录导出0919_已更新.xlsx,问答记录,问答记录导出0919_已更新.xlsx::问答记录::R492,260129,2026-01-03 14:59:47,AI助教,excluded,outside_affirmative_spring_rosters
2026_spring,问答记录导出0919_已更新.xlsx,问答记录,问答记录导出0919_已更新.xlsx::问答记录::R493,260129,2026-01-03 14:58:15,AI助教,excluded,outside_affirmative_spring_rosters
2026_spring,问答记录导出0919_已更新.xlsx,问答记录,问答记录导出0919_已更新.xlsx::问答记录::R494,260130,2025-11-10 11:28:01,AI智能体,excluded,outside_affirmative_spring_rosters
2026_spring,问答记录导出0919_已更新.xlsx,问答记录,问答记录导出0919_已更新.xlsx::问答记录::R495,260130,2025-11-10 11:26:15,AI智能体,excluded,outside_affirmative_spring_rosters
2026_spring,问答记录导出0919_已更新.xlsx,问答记录,问答记录导出0919_已更新.xlsx::问答记录::R496,260130,2025-11-10 11:07:35,AI智能体,excluded,outside_affirmative_spring_rosters
2026_spring,问答记录导出0919_已更新.xlsx,问答记录,问答记录导出0919_已更新.xlsx::问答记录::R497,260130,2025-11-10 11:02:04,AI智能体,excluded,outside_affirmative_spring_rosters
2026_spring,问答记录导出0919_已更新.xlsx,问答记录,问答记录导出0919_已更新.xlsx::问答记录::R498,260131,2025-04-10 16:48:44,AI助教,excluded,outside_affirmative_spring_rosters
2026_spring,问答记录导出0919_已更新.xlsx,问答记录,问答记录导出0919_已更新.xlsx::问答记录::R499,260131,2025-04-10 16:46:12,AI助教,excluded,outside_affirmative_spring_rosters
2026_spring,问答记录导出0919_已更新.xlsx,问答记录,问答记录导出0919_已更新.xlsx::问答记录::R500,260131,2025-04-10 16:42:07,AI助教,excluded,outside_affirmative_spring_rosters
2026_spring,问答记录导出0919_已更新.xlsx,问答记录,问答记录导出0919_已更新.xlsx::问答记录::R501,260131,2025-03-20 15:22:54,AI助教,excluded,outside_affirmative_spring_rosters
2026_spring,问答记录导出0919_已更新.xlsx,问答记录,问答记录导出0919_已更新.xlsx::问答记录::R502,260131,2025-03-20 15:18:23,AI助教,excluded,outside_affirmative_spring_rosters
2026_spring,问答记录导出0919_已更新.xlsx,问答记录,问答记录导出0919_已更新.xlsx::问答记录::R503,260131,2025-03-06 16:02:41,AI助教,excluded,outside_affirmative_spring_rosters
2026_spring,问答记录导出0919_已更新.xlsx,问答记录,问答记录导出0919_已更新.xlsx::问答记录::R504,260132,2025-11-12 14:41:36,AI智能体,excluded,outside_affirmative_spring_rosters
2026_spring,问答记录导出0919_已更新.xlsx,问答记录,问答记录导出0919_已更新.xlsx::问答记录::R505,260132,2025-11-12 14:27:01,AI智能体,excluded,outside_affirmative_spring_rosters
2026_spring,问答记录导出0919_已更新.xlsx,问答记录,问答记录导出0919_已更新.xlsx::问答记录::R506,260132,2025-11-12 14:24:03,AI助教,excluded,outside_affirmative_spring_rosters
2026_spring,问答记录导出0919_已更新.xlsx,问答记录,问答记录导出0919_已更新.xlsx::问答记录::R507,260133,2025-11-05 10:24:09,AI智能体,excluded,outside_affirmative_spring_rosters
2026_spring,问答记录导出0919_已更新.xlsx,问答记录,问答记录导出0919_已更新.xlsx::问答记录::R508,260133,2025-11-05 10:15:13,AI智能体,excluded,outside_affirmative_spring_rosters
2026_spring,问答记录导出0919_已更新.xlsx,问答记录,问答记录导出0919_已更新.xlsx::问答记录::R509,260133,2025-11-05 10:10:51,AI智能体,excluded,outside_affirmative_spring_rosters
2026_spring,问答记录导出0919_已更新.xlsx,问答记录,问答记录导出0919_已更新.xlsx::问答记录::R510,260133,2025-11-04 14:20:20,AI助教,excluded,outside_affirmative_spring_rosters
2026_spring,问答记录导出0919_已更新.xlsx,问答记录,问答记录导出0919_已更新.xlsx::问答记录::R511,260134,2025-11-25 16:59:20,AI智能体,excluded,outside_affirmative_spring_rosters
2026_spring,问答记录导出0919_已更新.xlsx,问答记录,问答记录导出0919_已更新.xlsx::问答记录::R512,260134,2025-11-25 16:57:58,AI智能体,excluded,outside_affirmative_spring_rosters
2026_spring,问答记录导出0919_已更新.xlsx,问答记录,问答记录导出0919_已更新.xlsx::问答记录::R513,260134,2025-11-25 16:32:31,AI智能体,excluded,outside_affirmative_spring_rosters
2026_spring,问答记录导出0919_已更新.xlsx,问答记录,问答记录导出0919_已更新.xlsx::问答记录::R514,260135,2025-11-25 14:39:49,AI智能体,excluded,outside_affirmative_spring_rosters
2026_spring,问答记录导出0919_已更新.xlsx,问答记录,问答记录导出0919_已更新.xlsx::问答记录::R515,260135,2025-11-25 14:23:27,AI智能体,excluded,outside_affirmative_spring_rosters
2026_spring,问答记录导出0919_已更新.xlsx,问答记录,问答记录导出0919_已更新.xlsx::问答记录::R516,260135,2025-11-25 14:22:42,AI智能体,excluded,outside_affirmative_spring_rosters
2026_spring,问答记录导出0919_已更新.xlsx,问答记录,问答记录导出0919_已更新.xlsx::问答记录::R517,260135,2025-11-25 14:01:55,AI智能体,excluded,outside_affirmative_spring_rosters
2026_spring,问答记录导出0919_已更新.xlsx,问答记录,问答记录导出0919_已更新.xlsx::问答记录::R518,260135,2025-11-11 15:34:40,AI智能体,excluded,outside_affirmative_spring_rosters
2026_spring,问答记录导出0919_已更新.xlsx,问答记录,问答记录导出0919_已更新.xlsx::问答记录::R519,260135,2025-11-11 15:33:37,AI智能体,excluded,outside_affirmative_spring_rosters
2026_spring,问答记录导出0919_已更新.xlsx,问答记录,问答记录导出0919_已更新.xlsx::问答记录::R520,260136,2025-12-10 14:19:47,AI智能体,excluded,outside_affirmative_spring_rosters
2026_spring,问答记录导出0919_已更新.xlsx,问答记录,问答记录导出0919_已更新.xlsx::问答记录::R521,260137,2026-01-16 20:50:38,AI智能体,excluded,outside_affirmative_spring_rosters
2026_spring,问答记录导出0919_已更新.xlsx,问答记录,问答记录导出0919_已更新.xlsx::问答记录::R522,260137,2026-01-16 20:46:08,AI智能体,excluded,outside_affirmative_spring_rosters
2026_spring,问答记录导出0919_已更新.xlsx,问答记录,问答记录导出0919_已更新.xlsx::问答记录::R523,260137,2025-12-11 16:34:32,AI智能体,excluded,outside_affirmative_spring_rosters
2026_spring,问答记录导出0919_已更新.xlsx,问答记录,问答记录导出0919_已更新.xlsx::问答记录::R524,260138,2025-11-23 20:21:42,AI智能体,excluded,outside_affirmative_spring_rosters
2026_spring,问答记录导出0919_已更新.xlsx,问答记录,问答记录导出0919_已更新.xlsx::问答记录::R525,260138,2025-11-23 15:51:01,AI智能体,excluded,outside_affirmative_spring_rosters
2026_spring,问答记录导出0919_已更新.xlsx,问答记录,问答记录导出0919_已更新.xlsx::问答记录::R526,260138,2025-11-16 18:23:01,AI智能体,excluded,outside_affirmative_spring_rosters
2026_spring,问答记录导出0919_已更新.xlsx,问答记录,问答记录导出0919_已更新.xlsx::问答记录::R527,260139,2025-12-09 13:55:22,AI智能体,excluded,outside_affirmative_spring_rosters
2026_spring,问答记录导出0919_已更新.xlsx,问答记录,问答记录导出0919_已更新.xlsx::问答记录::R528,260139,2025-11-25 14:06:44,AI智能体,excluded,outside_affirmative_spring_rosters
2026_spring,问答记录导出0919_已更新.xlsx,问答记录,问答记录导出0919_已更新.xlsx::问答记录::R529,260139,2025-11-11 11:16:57,AI智能体,excluded,outside_affirmative_spring_rosters
2026_spring,问答记录导出0919_已更新.xlsx,问答记录,问答记录导出0919_已更新.xlsx::问答记录::R530,260139,2025-11-04 14:35:30,AI助教,excluded,outside_affirmative_spring_rosters
2026_spring,问答记录导出0919_已更新.xlsx,问答记录,问答记录导出0919_已更新.xlsx::问答记录::R531,260139,2025-09-28 14:42:19,AI助教,excluded,outside_affirmative_spring_rosters
2026_spring,问答记录导出0919_已更新.xlsx,问答记录,问答记录导出0919_已更新.xlsx::问答记录::R532,260140,2025-11-11 13:59:38,AI智能体,excluded,outside_affirmative_spring_rosters
2026_spring,问答记录导出0919_已更新.xlsx,问答记录,问答记录导出0919_已更新.xlsx::问答记录::R533,260140,2025-11-04 17:14:59,AI智能体,excluded,outside_affirmative_spring_rosters
2026_spring,问答记录导出0919_已更新.xlsx,问答记录,问答记录导出0919_已更新.xlsx::问答记录::R534,260140,2025-11-04 17:07:21,AI智能体,excluded,outside_affirmative_spring_rosters
2026_spring,问答记录导出0919_已更新.xlsx,问答记录,问答记录导出0919_已更新.xlsx::问答记录::R535,260141,2026-01-05 14:11:43,AI智能体,excluded,outside_affirmative_spring_rosters
2026_spring,问答记录导出0919_已更新.xlsx,问答记录,问答记录导出0919_已更新.xlsx::问答记录::R536,260141,2026-01-05 14:00:49,AI智能体,excluded,outside_affirmative_spring_rosters
2026_spring,问答记录导出0919_已更新.xlsx,问答记录,问答记录导出0919_已更新.xlsx::问答记录::R537,260141,2026-01-05 13:59:13,AI智能体,excluded,outside_affirmative_spring_rosters
2026_spring,问答记录导出0919_已更新.xlsx,问答记录,问答记录导出0919_已更新.xlsx::问答记录::R538,260142,2025-11-27 21:17:48,AI智能体,excluded,outside_affirmative_spring_rosters
2026_spring,问答记录导出0919_已更新.xlsx,问答记录,问答记录导出0919_已更新.xlsx::问答记录::R539,260142,2025-11-27 20:57:09,AI智能体,excluded,outside_affirmative_spring_rosters
2026_spring,问答记录导出0919_已更新.xlsx,问答记录,问答记录导出0919_已更新.xlsx::问答记录::R540,260142,2025-11-27 20:40:24,AI智能体,excluded,outside_affirmative_spring_rosters
2026_spring,问答记录导出0919_已更新.xlsx,问答记录,问答记录导出0919_已更新.xlsx::问答记录::R541,260142,2025-11-27 20:18:26,AI智能体,excluded,outside_affirmative_spring_rosters
2026_spring,问答记录导出0919_已更新.xlsx,问答记录,问答记录导出0919_已更新.xlsx::问答记录::R542,260142,2025-11-27 20:14:21,AI智能体,excluded,outside_affirmative_spring_rosters
2026_spring,问答记录导出0919_已更新.xlsx,问答记录,问答记录导出0919_已更新.xlsx::问答记录::R543,260142,2025-11-27 19:30:50,AI智能体,excluded,outside_affirmative_spring_rosters
2026_spring,问答记录导出0919_已更新.xlsx,问答记录,问答记录导出0919_已更新.xlsx::问答记录::R544,260143,2026-05-29 20:41:39,AI智能体,excluded,outside_affirmative_spring_rosters
2026_spring,问答记录导出0919_已更新.xlsx,问答记录,问答记录导出0919_已更新.xlsx::问答记录::R545,260143,2026-05-29 20:36:37,AI智能体,excluded,outside_affirmative_spring_rosters
2026_spring,问答记录导出0919_已更新.xlsx,问答记录,问答记录导出0919_已更新.xlsx::问答记录::R546,260143,2026-03-27 19:31:04,AI智能体,excluded,outside_affirmative_spring_rosters
2026_spring,问答记录导出0919_已更新.xlsx,问答记录,问答记录导出0919_已更新.xlsx::问答记录::R547,260144,2026-01-05 15:48:46,AI智能体,excluded,outside_affirmative_spring_rosters
2026_spring,问答记录导出0919_已更新.xlsx,问答记录,问答记录导出0919_已更新.xlsx::问答记录::R548,260144,2026-01-05 15:23:34,AI智能体,excluded,outside_affirmative_spring_rosters
2026_spring,问答记录导出0919_已更新.xlsx,问答记录,问答记录导出0919_已更新.xlsx::问答记录::R549,260144,2026-01-05 15:22:52,AI智能体,excluded,outside_affirmative_spring_rosters
2026_spring,问答记录导出0919_已更新.xlsx,问答记录,问答记录导出0919_已更新.xlsx::问答记录::R550,260145,2026-01-03 15:09:06,AI智能体,excluded,outside_affirmative_spring_rosters
2026_spring,问答记录导出0919_已更新.xlsx,问答记录,问答记录导出0919_已更新.xlsx::问答记录::R551,260145,2026-01-03 15:06:40,AI智能体,excluded,outside_affirmative_spring_rosters
2026_spring,问答记录导出0919_已更新.xlsx,问答记录,问答记录导出0919_已更新.xlsx::问答记录::R552,260145,2026-01-03 15:02:30,AI智能体,excluded,outside_affirmative_spring_rosters
2026_spring,问答记录导出0919_已更新.xlsx,问答记录,问答记录导出0919_已更新.xlsx::问答记录::R553,260145,2026-01-03 14:45:37,AI智能体,excluded,outside_affirmative_spring_rosters
2026_spring,问答记录导出0919_已更新.xlsx,问答记录,问答记录导出0919_已更新.xlsx::问答记录::R554,260145,2026-01-03 14:25:47,AI智能体,excluded,outside_affirmative_spring_rosters
2026_spring,问答记录导出0919_已更新.xlsx,问答记录,问答记录导出0919_已更新.xlsx::问答记录::R555,260145,2025-10-02 14:04:59,AI智能体,excluded,outside_affirmative_spring_rosters
2026_spring,问答记录导出0919_已更新.xlsx,问答记录,问答记录导出0919_已更新.xlsx::问答记录::R556,260146,2025-12-10 14:14:20,AI智能体,excluded,outside_affirmative_spring_rosters
2026_spring,问答记录导出0919_已更新.xlsx,问答记录,问答记录导出0919_已更新.xlsx::问答记录::R557,260146,2025-11-28 14:31:14,AI智能体,excluded,outside_affirmative_spring_rosters
2026_spring,问答记录导出0919_已更新.xlsx,问答记录,问答记录导出0919_已更新.xlsx::问答记录::R558,260146,2025-11-26 14:48:43,AI智能体,excluded,outside_affirmative_spring_rosters
2026_spring,问答记录导出0919_已更新.xlsx,问答记录,问答记录导出0919_已更新.xlsx::问答记录::R559,260146,2025-11-26 14:47:30,AI智能体,excluded,outside_affirmative_spring_rosters
2026_spring,问答记录导出0919_已更新.xlsx,问答记录,问答记录导出0919_已更新.xlsx::问答记录::R560,260146,2025-11-26 14:26:09,AI智能体,excluded,outside_affirmative_spring_rosters
2026_spring,问答记录导出0919_已更新.xlsx,问答记录,问答记录导出0919_已更新.xlsx::问答记录::R561,260146,2025-11-21 16:21:41,AI助教,excluded,outside_affirmative_spring_rosters
2026_spring,问答记录导出0919_已更新.xlsx,问答记录,问答记录导出0919_已更新.xlsx::问答记录::R562,260147,2025-12-25 14:29:47,AI智能体,excluded,outside_affirmative_spring_rosters
2026_spring,问答记录导出0919_已更新.xlsx,问答记录,问答记录导出0919_已更新.xlsx::问答记录::R563,260147,2025-12-25 14:20:39,AI智能体,excluded,outside_affirmative_spring_rosters
2026_spring,问答记录导出0919_已更新.xlsx,问答记录,问答记录导出0919_已更新.xlsx::问答记录::R564,260148,2025-11-29 19:54:15,AI智能体,excluded,outside_affirmative_spring_rosters
2026_spring,问答记录导出0919_已更新.xlsx,问答记录,问答记录导出0919_已更新.xlsx::问答记录::R565,260148,2025-11-29 19:16:13,AI智能体,excluded,outside_affirmative_spring_rosters
2026_spring,问答记录导出0919_已更新.xlsx,问答记录,问答记录导出0919_已更新.xlsx::问答记录::R566,260149,2025-12-22 14:43:32,AI智能体,excluded,outside_affirmative_spring_rosters
2026_spring,问答记录导出0919_已更新.xlsx,问答记录,问答记录导出0919_已更新.xlsx::问答记录::R567,260149,2025-11-25 17:06:33,AI智能体,excluded,outside_affirmative_spring_rosters
2026_spring,问答记录导出0919_已更新.xlsx,问答记录,问答记录导出0919_已更新.xlsx::问答记录::R568,260149,2025-09-28 15:07:18,AI助教,excluded,outside_affirmative_spring_rosters
2026_spring,问答记录导出0919_已更新.xlsx,问答记录,问答记录导出0919_已更新.xlsx::问答记录::R569,260150,2025-11-12 20:46:41,AI智能体,excluded,outside_affirmative_spring_rosters
2026_spring,问答记录导出0919_已更新.xlsx,问答记录,问答记录导出0919_已更新.xlsx::问答记录::R570,260150,2025-11-12 16:53:18,AI智能体,excluded,outside_affirmative_spring_rosters
2026_spring,问答记录导出0919_已更新.xlsx,问答记录,问答记录导出0919_已更新.xlsx::问答记录::R571,260151,2026-01-23 09:27:18,AI智能体,excluded,outside_affirmative_spring_rosters
2026_spring,问答记录导出0919_已更新.xlsx,问答记录,问答记录导出0919_已更新.xlsx::问答记录::R572,260151,2025-12-20 08:51:50,AI智能体,excluded,outside_affirmative_spring_rosters
2026_spring,问答记录导出0919_已更新.xlsx,问答记录,问答记录导出0919_已更新.xlsx::问答记录::R573,260151,2025-12-19 22:14:55,AI智能体,excluded,outside_affirmative_spring_rosters
2026_spring,问答记录导出0919_已更新.xlsx,问答记录,问答记录导出0919_已更新.xlsx::问答记录::R574,260151,2025-12-19 20:16:55,AI智能体,excluded,outside_affirmative_spring_rosters
2026_spring,问答记录导出0919_已更新.xlsx,问答记录,问答记录导出0919_已更新.xlsx::问答记录::R575,260151,2025-12-19 20:16:14,AI智能体,excluded,outside_affirmative_spring_rosters
2026_spring,问答记录导出0919_已更新.xlsx,问答记录,问答记录导出0919_已更新.xlsx::问答记录::R576,260151,2025-12-19 20:06:25,AI智能体,excluded,outside_affirmative_spring_rosters
2026_spring,问答记录导出0919_已更新.xlsx,问答记录,问答记录导出0919_已更新.xlsx::问答记录::R577,260151,2025-12-19 20:01:45,AI智能体,excluded,outside_affirmative_spring_rosters
2026_spring,问答记录导出0919_已更新.xlsx,问答记录,问答记录导出0919_已更新.xlsx::问答记录::R578,260152,2026-01-12 20:40:01,AI智能体,excluded,outside_affirmative_spring_rosters
2026_spring,问答记录导出0919_已更新.xlsx,问答记录,问答记录导出0919_已更新.xlsx::问答记录::R579,260152,2026-01-12 20:33:54,AI智能体,excluded,outside_affirmative_spring_rosters
2026_spring,问答记录导出0919_已更新.xlsx,问答记录,问答记录导出0919_已更新.xlsx::问答记录::R580,260152,2026-01-12 20:30:39,AI智能体,excluded,outside_affirmative_spring_rosters
2026_spring,问答记录导出0919_已更新.xlsx,问答记录,问答记录导出0919_已更新.xlsx::问答记录::R581,260152,2026-01-12 20:27:12,AI助教,excluded,outside_affirmative_spring_rosters
2026_spring,问答记录导出0919_已更新.xlsx,问答记录,问答记录导出0919_已更新.xlsx::问答记录::R582,260153,2026-01-12 13:04:37,AI智能体,excluded,outside_affirmative_spring_rosters
2026_spring,问答记录导出0919_已更新.xlsx,问答记录,问答记录导出0919_已更新.xlsx::问答记录::R583,260153,2026-01-12 12:39:21,AI智能体,excluded,outside_affirmative_spring_rosters
2026_spring,问答记录导出0919_已更新.xlsx,问答记录,问答记录导出0919_已更新.xlsx::问答记录::R584,260153,2025-09-28 15:02:20,AI智能体,excluded,outside_affirmative_spring_rosters
2026_spring,问答记录导出0919_已更新.xlsx,问答记录,问答记录导出0919_已更新.xlsx::问答记录::R585,260154,2025-05-21 13:06:25,AI助教,excluded,outside_affirmative_spring_rosters
2026_spring,问答记录导出0919_已更新.xlsx,问答记录,问答记录导出0919_已更新.xlsx::问答记录::R586,260155,2026-03-19 16:54:08,AI智能体,excluded,outside_affirmative_spring_rosters
2026_spring,问答记录导出0919_已更新.xlsx,问答记录,问答记录导出0919_已更新.xlsx::问答记录::R587,260156,2025-07-20 12:33:54,AI助教,excluded,outside_affirmative_spring_rosters
2026_spring,问答记录导出0919_已更新.xlsx,问答记录,问答记录导出0919_已更新.xlsx::问答记录::R588,260156,2025-07-17 16:05:46,AI助教,excluded,outside_affirmative_spring_rosters
2026_spring,问答记录导出0919_已更新.xlsx,问答记录,问答记录导出0919_已更新.xlsx::问答记录::R589,260156,2025-06-17 21:57:07,AI助教,excluded,outside_affirmative_spring_rosters
2026_spring,问答记录导出0919_已更新.xlsx,问答记录,问答记录导出0919_已更新.xlsx::问答记录::R590,260157,2026-01-05 12:44:00,AI智能体,excluded,outside_affirmative_spring_rosters
2026_spring,问答记录导出0919_已更新.xlsx,问答记录,问答记录导出0919_已更新.xlsx::问答记录::R591,260157,2025-11-04 17:06:57,AI智能体,excluded,outside_affirmative_spring_rosters
2026_spring,问答记录导出0919_已更新.xlsx,问答记录,问答记录导出0919_已更新.xlsx::问答记录::R592,260157,2025-11-04 16:49:52,AI智能体,excluded,outside_affirmative_spring_rosters
2026_spring,问答记录导出0919_已更新.xlsx,问答记录,问答记录导出0919_已更新.xlsx::问答记录::R593,260158,2026-07-22 11:08:31,AI智能体,excluded,outside_affirmative_spring_rosters
2026_spring,问答记录导出0919_已更新.xlsx,问答记录,问答记录导出0919_已更新.xlsx::问答记录::R594,260159,2025-12-11 16:57:47,AI智能体,excluded,outside_affirmative_spring_rosters
2026_spring,问答记录导出0919_已更新.xlsx,问答记录,问答记录导出0919_已更新.xlsx::问答记录::R595,260159,2025-12-11 16:40:51,AI智能体,excluded,outside_affirmative_spring_rosters
2026_spring,问答记录导出0919_已更新.xlsx,问答记录,问答记录导出0919_已更新.xlsx::问答记录::R596,260159,2025-11-06 15:32:54,AI助教,excluded,outside_affirmative_spring_rosters
2026_spring,问答记录导出0919_已更新.xlsx,问答记录,问答记录导出0919_已更新.xlsx::问答记录::R597,260159,2025-10-23 14:56:38,AI助教,excluded,outside_affirmative_spring_rosters
2026_spring,问答记录导出0919_已更新.xlsx,问答记录,问答记录导出0919_已更新.xlsx::问答记录::R598,260160,2025-12-01 19:57:55,AI智能体,excluded,outside_affirmative_spring_rosters
2026_spring,问答记录导出0919_已更新.xlsx,问答记录,问答记录导出0919_已更新.xlsx::问答记录::R599,260160,2025-12-01 19:46:17,AI智能体,excluded,outside_affirmative_spring_rosters
2026_spring,问答记录导出0919_已更新.xlsx,问答记录,问答记录导出0919_已更新.xlsx::问答记录::R600,260161,2026-08-30 00:27:29,共享AI互动室,excluded,outside_affirmative_spring_rosters
2026_spring,问答记录导出0919_已更新.xlsx,问答记录,问答记录导出0919_已更新.xlsx::问答记录::R601,260162,2025-12-10 17:20:04,AI智能体,excluded,outside_affirmative_spring_rosters
2026_spring,问答记录导出0919_已更新.xlsx,问答记录,问答记录导出0919_已更新.xlsx::问答记录::R602,260163,2025-11-10 14:14:32,AI智能体,excluded,outside_affirmative_spring_rosters
2026_spring,问答记录导出0919_已更新.xlsx,问答记录,问答记录导出0919_已更新.xlsx::问答记录::R603,260163,2025-11-10 14:02:32,AI智能体,excluded,outside_affirmative_spring_rosters
2026_spring,问答记录导出0919_已更新.xlsx,问答记录,问答记录导出0919_已更新.xlsx::问答记录::R604,260163,2025-11-10 14:00:32,AI助教,excluded,outside_affirmative_spring_rosters
2026_spring,问答记录导出0919_已更新.xlsx,问答记录,问答记录导出0919_已更新.xlsx::问答记录::R605,260164,2025-12-04 11:07:11,AI智能体,excluded,outside_affirmative_spring_rosters
2026_spring,问答记录导出0919_已更新.xlsx,问答记录,问答记录导出0919_已更新.xlsx::问答记录::R606,260165,2025-03-11 17:38:06,AI助教,excluded,outside_affirmative_spring_rosters
2026_spring,问答记录导出0919_已更新.xlsx,问答记录,问答记录导出0919_已更新.xlsx::问答记录::R607,260165,2025-03-11 11:02:03,AI助教,excluded,outside_affirmative_spring_rosters
2026_spring,问答记录导出0919_已更新.xlsx,问答记录,问答记录导出0919_已更新.xlsx::问答记录::R608,260166,2025-12-16 12:33:35,AI智能体,excluded,outside_affirmative_spring_rosters
2026_spring,问答记录导出0919_已更新.xlsx,问答记录,问答记录导出0919_已更新.xlsx::问答记录::R609,260166,2025-12-16 12:31:23,AI智能体,excluded,outside_affirmative_spring_rosters
2026_spring,问答记录导出0919_已更新.xlsx,问答记录,问答记录导出0919_已更新.xlsx::问答记录::R610,260166,2025-12-16 12:30:02,AI智能体,excluded,outside_affirmative_spring_rosters
2026_spring,问答记录导出0919_已更新.xlsx,问答记录,问答记录导出0919_已更新.xlsx::问答记录::R611,260166,2025-12-16 12:15:25,AI智能体,excluded,outside_affirmative_spring_rosters
2026_spring,问答记录导出0919_已更新.xlsx,问答记录,问答记录导出0919_已更新.xlsx::问答记录::R612,260166,2025-12-16 12:10:37,AI助教,excluded,outside_affirmative_spring_rosters
2026_spring,问答记录导出0919_已更新.xlsx,问答记录,问答记录导出0919_已更新.xlsx::问答记录::R613,260167,2025-07-19 15:46:47,AI助教,excluded,outside_affirmative_spring_rosters
2026_spring,问答记录导出0919_已更新.xlsx,问答记录,问答记录导出0919_已更新.xlsx::问答记录::R614,260168,2025-11-04 19:04:24,AI智能体,excluded,outside_affirmative_spring_rosters
2026_spring,问答记录导出0919_已更新.xlsx,问答记录,问答记录导出0919_已更新.xlsx::问答记录::R615,260168,2025-11-04 19:00:58,AI智能体,excluded,outside_affirmative_spring_rosters
2026_spring,问答记录导出0919_已更新.xlsx,问答记录,问答记录导出0919_已更新.xlsx::问答记录::R616,260168,2025-11-04 18:58:00,AI智能体,excluded,outside_affirmative_spring_rosters
2026_spring,问答记录导出0919_已更新.xlsx,问答记录,问答记录导出0919_已更新.xlsx::问答记录::R617,260168,2025-11-04 17:03:20,AI智能体,excluded,outside_affirmative_spring_rosters
2026_spring,问答记录导出0919_已更新.xlsx,问答记录,问答记录导出0919_已更新.xlsx::问答记录::R618,260168,2025-11-04 17:02:52,AI智能体,excluded,outside_affirmative_spring_rosters
2026_spring,问答记录导出0919_已更新.xlsx,问答记录,问答记录导出0919_已更新.xlsx::问答记录::R619,260168,2025-11-04 16:31:52,AI智能体,excluded,outside_affirmative_spring_rosters
2026_spring,问答记录导出0919_已更新.xlsx,问答记录,问答记录导出0919_已更新.xlsx::问答记录::R620,260168,2025-11-04 16:29:56,AI智能体,excluded,outside_affirmative_spring_rosters
2026_spring,问答记录导出0919_已更新.xlsx,问答记录,问答记录导出0919_已更新.xlsx::问答记录::R621,260168,2025-11-04 16:17:16,AI智能体,excluded,outside_affirmative_spring_rosters
2026_spring,问答记录导出0919_已更新.xlsx,问答记录,问答记录导出0919_已更新.xlsx::问答记录::R622,260169,2026-01-11 21:24:00,AI智能体,excluded,outside_affirmative_spring_rosters
2026_spring,问答记录导出0919_已更新.xlsx,问答记录,问答记录导出0919_已更新.xlsx::问答记录::R623,260169,2026-01-11 20:58:12,AI智能体,excluded,outside_affirmative_spring_rosters
2026_spring,问答记录导出0919_已更新.xlsx,问答记录,问答记录导出0919_已更新.xlsx::问答记录::R624,260169,2026-01-11 17:40:04,AI助教,excluded,outside_affirmative_spring_rosters
2026_spring,问答记录导出0919_已更新.xlsx,问答记录,问答记录导出0919_已更新.xlsx::问答记录::R625,260169,2026-01-11 17:27:01,AI助教,excluded,outside_affirmative_spring_rosters
2026_spring,问答记录导出0919_已更新.xlsx,问答记录,问答记录导出0919_已更新.xlsx::问答记录::R626,260170,2026-06-03 11:13:28,AI智能体,excluded,outside_affirmative_spring_rosters
2026_spring,问答记录导出0919_已更新.xlsx,问答记录,问答记录导出0919_已更新.xlsx::问答记录::R627,260170,2026-06-03 10:34:51,AI智能体,excluded,outside_affirmative_spring_rosters
2026_spring,问答记录导出0919_已更新.xlsx,问答记录,问答记录导出0919_已更新.xlsx::问答记录::R628,260171,2026-08-30 14:50:48,共享AI互动室,excluded,outside_affirmative_spring_rosters
2026_spring,问答记录导出0919_已更新.xlsx,问答记录,问答记录导出0919_已更新.xlsx::问答记录::R629,260172,2026-01-16 15:09:36,AI智能体,excluded,outside_affirmative_spring_rosters
2026_spring,问答记录导出0919_已更新.xlsx,问答记录,问答记录导出0919_已更新.xlsx::问答记录::R630,260172,2026-01-16 15:04:57,AI智能体,excluded,outside_affirmative_spring_rosters
2026_spring,问答记录导出0919_已更新.xlsx,问答记录,问答记录导出0919_已更新.xlsx::问答记录::R631,260172,2026-01-16 14:55:06,AI助教,excluded,outside_affirmative_spring_rosters
2026_spring,问答记录导出0919_已更新.xlsx,问答记录,问答记录导出0919_已更新.xlsx::问答记录::R632,260172,2026-01-16 14:50:18,AI助教,excluded,outside_affirmative_spring_rosters
2026_spring,问答记录导出0919_已更新.xlsx,问答记录,问答记录导出0919_已更新.xlsx::问答记录::R633,260172,2025-12-06 19:32:19,AI助教,excluded,outside_affirmative_spring_rosters
2026_spring,问答记录导出0919_已更新.xlsx,问答记录,问答记录导出0919_已更新.xlsx::问答记录::R634,260172,2025-11-19 13:16:00,AI智能体,excluded,outside_affirmative_spring_rosters
2026_spring,问答记录导出0919_已更新.xlsx,问答记录,问答记录导出0919_已更新.xlsx::问答记录::R635,260172,2025-11-19 13:13:53,AI助教,excluded,outside_affirmative_spring_rosters
2026_spring,问答记录导出0919_已更新.xlsx,问答记录,问答记录导出0919_已更新.xlsx::问答记录::R636,260173,2025-11-04 19:13:23,AI智能体,excluded,outside_affirmative_spring_rosters
2026_spring,问答记录导出0919_已更新.xlsx,问答记录,问答记录导出0919_已更新.xlsx::问答记录::R637,260173,2025-11-04 18:44:57,AI智能体,excluded,outside_affirmative_spring_rosters
2026_spring,问答记录导出0919_已更新.xlsx,问答记录,问答记录导出0919_已更新.xlsx::问答记录::R638,260174,2026-01-07 11:40:10,AI智能体,excluded,outside_affirmative_spring_rosters
2026_spring,问答记录导出0919_已更新.xlsx,问答记录,问答记录导出0919_已更新.xlsx::问答记录::R639,260174,2026-01-07 10:43:51,AI智能体,excluded,outside_affirmative_spring_rosters
2026_spring,问答记录导出0919_已更新.xlsx,问答记录,问答记录导出0919_已更新.xlsx::问答记录::R640,260174,2026-01-07 10:40:10,AI智能体,excluded,outside_affirmative_spring_rosters
2026_spring,问答记录导出0919_已更新.xlsx,问答记录,问答记录导出0919_已更新.xlsx::问答记录::R641,260174,2026-01-07 10:36:55,AI智能体,excluded,outside_affirmative_spring_rosters
2026_spring,问答记录导出0919_已更新.xlsx,问答记录,问答记录导出0919_已更新.xlsx::问答记录::R642,260174,2026-01-07 10:36:20,AI智能体,excluded,outside_affirmative_spring_rosters
2026_spring,问答记录导出0919_已更新.xlsx,问答记录,问答记录导出0919_已更新.xlsx::问答记录::R643,260174,2026-01-07 10:27:00,AI助教,excluded,outside_affirmative_spring_rosters
2026_spring,问答记录导出0919_已更新.xlsx,问答记录,问答记录导出0919_已更新.xlsx::问答记录::R644,260175,2025-12-24 23:57:01,AI智能体,excluded,outside_affirmative_spring_rosters
2026_spring,问答记录导出0919_已更新.xlsx,问答记录,问答记录导出0919_已更新.xlsx::问答记录::R645,260175,2025-12-23 23:12:22,AI智能体,excluded,outside_affirmative_spring_rosters
2026_spring,问答记录导出0919_已更新.xlsx,问答记录,问答记录导出0919_已更新.xlsx::问答记录::R646,260176,2025-12-03 22:35:40,AI智能体,excluded,outside_affirmative_spring_rosters
2026_spring,问答记录导出0919_已更新.xlsx,问答记录,问答记录导出0919_已更新.xlsx::问答记录::R647,260176,2025-12-03 22:35:07,AI智能体,excluded,outside_affirmative_spring_rosters
2026_spring,问答记录导出0919_已更新.xlsx,问答记录,问答记录导出0919_已更新.xlsx::问答记录::R648,260176,2025-12-03 22:00:52,AI智能体,excluded,outside_affirmative_spring_rosters
2026_spring,问答记录导出0919_已更新.xlsx,问答记录,问答记录导出0919_已更新.xlsx::问答记录::R649,260176,2025-12-02 22:13:38,AI智能体,excluded,outside_affirmative_spring_rosters
2026_spring,问答记录导出0919_已更新.xlsx,问答记录,问答记录导出0919_已更新.xlsx::问答记录::R650,260176,2025-12-02 22:08:06,AI智能体,excluded,outside_affirmative_spring_rosters
2026_spring,问答记录导出0919_已更新.xlsx,问答记录,问答记录导出0919_已更新.xlsx::问答记录::R651,260176,2025-12-02 21:56:29,AI助教,excluded,outside_affirmative_spring_rosters
2026_spring,问答记录导出0919_已更新.xlsx,问答记录,问答记录导出0919_已更新.xlsx::问答记录::R652,260176,2025-12-02 21:54:08,AI助教,excluded,outside_affirmative_spring_rosters
2026_spring,问答记录导出0919_已更新.xlsx,问答记录,问答记录导出0919_已更新.xlsx::问答记录::R653,260177,2025-11-04 14:05:08,AI助教,excluded,outside_affirmative_spring_rosters
2026_spring,问答记录导出0919_已更新.xlsx,问答记录,问答记录导出0919_已更新.xlsx::问答记录::R654,260178,2025-12-19 21:53:02,AI助教,excluded,outside_affirmative_spring_rosters
2026_spring,问答记录导出0919_已更新.xlsx,问答记录,问答记录导出0919_已更新.xlsx::问答记录::R655,260178,2025-09-28 15:51:06,AI助教,excluded,outside_affirmative_spring_rosters
2026_spring,问答记录导出0919_已更新.xlsx,问答记录,问答记录导出0919_已更新.xlsx::问答记录::R656,260179,2025-12-03 21:59:27,AI智能体,excluded,outside_affirmative_spring_rosters
2026_spring,问答记录导出0919_已更新.xlsx,问答记录,问答记录导出0919_已更新.xlsx::问答记录::R657,260179,2025-12-03 21:35:31,AI助教,excluded,outside_affirmative_spring_rosters
2026_spring,问答记录导出0919_已更新.xlsx,问答记录,问答记录导出0919_已更新.xlsx::问答记录::R658,260180,2025-12-16 16:14:51,AI智能体,excluded,outside_affirmative_spring_rosters
2026_spring,问答记录导出0919_已更新.xlsx,问答记录,问答记录导出0919_已更新.xlsx::问答记录::R659,260180,2025-12-16 16:11:09,AI智能体,excluded,outside_affirmative_spring_rosters
2026_spring,问答记录导出0919_已更新.xlsx,问答记录,问答记录导出0919_已更新.xlsx::问答记录::R660,260180,2025-12-16 15:58:47,AI智能体,excluded,outside_affirmative_spring_rosters
2026_spring,问答记录导出0919_已更新.xlsx,问答记录,问答记录导出0919_已更新.xlsx::问答记录::R661,260180,2025-12-16 15:27:56,AI智能体,excluded,outside_affirmative_spring_rosters
2026_spring,问答记录导出0919_已更新.xlsx,问答记录,问答记录导出0919_已更新.xlsx::问答记录::R662,260181,2025-12-02 16:18:22,AI智能体,excluded,outside_affirmative_spring_rosters
2026_spring,问答记录导出0919_已更新.xlsx,问答记录,问答记录导出0919_已更新.xlsx::问答记录::R663,260181,2025-12-02 15:58:00,AI智能体,excluded,outside_affirmative_spring_rosters
2026_spring,问答记录导出0919_已更新.xlsx,问答记录,问答记录导出0919_已更新.xlsx::问答记录::R664,260181,2025-11-13 17:45:34,AI助教,excluded,outside_affirmative_spring_rosters
2026_spring,问答记录导出0919_已更新.xlsx,问答记录,问答记录导出0919_已更新.xlsx::问答记录::R665,260181,2025-11-13 17:44:16,AI助教,excluded,outside_affirmative_spring_rosters
2026_spring,问答记录导出0919_已更新.xlsx,问答记录,问答记录导出0919_已更新.xlsx::问答记录::R666,260181,2025-11-13 17:41:58,AI助教,excluded,outside_affirmative_spring_rosters
2026_spring,问答记录导出0919_已更新.xlsx,问答记录,问答记录导出0919_已更新.xlsx::问答记录::R667,260181,2025-11-13 17:37:18,AI助教,excluded,outside_affirmative_spring_rosters
2026_spring,问答记录导出0919_已更新.xlsx,问答记录,问答记录导出0919_已更新.xlsx::问答记录::R668,260181,2025-11-13 16:48:34,AI助教,excluded,outside_affirmative_spring_rosters
2026_spring,问答记录导出0919_已更新.xlsx,问答记录,问答记录导出0919_已更新.xlsx::问答记录::R669,260182,2025-11-10 21:50:27,AI助教,excluded,outside_affirmative_spring_rosters
2026_spring,问答记录导出0919_已更新.xlsx,问答记录,问答记录导出0919_已更新.xlsx::问答记录::R670,260182,2025-11-10 21:46:59,AI智能体,excluded,outside_affirmative_spring_rosters
2026_spring,问答记录导出0919_已更新.xlsx,问答记录,问答记录导出0919_已更新.xlsx::问答记录::R671,260182,2025-11-10 21:38:05,AI助教,excluded,outside_affirmative_spring_rosters
2026_spring,问答记录导出0919_已更新.xlsx,问答记录,问答记录导出0919_已更新.xlsx::问答记录::R672,260182,2025-11-10 21:34:36,AI助教,excluded,outside_affirmative_spring_rosters
2026_spring,问答记录导出0919_已更新.xlsx,问答记录,问答记录导出0919_已更新.xlsx::问答记录::R673,260183,2026-01-12 21:50:24,AI智能体,excluded,outside_affirmative_spring_rosters
2026_spring,问答记录导出0919_已更新.xlsx,问答记录,问答记录导出0919_已更新.xlsx::问答记录::R674,260183,2026-01-12 21:44:01,AI智能体,excluded,outside_affirmative_spring_rosters
2026_spring,问答记录导出0919_已更新.xlsx,问答记录,问答记录导出0919_已更新.xlsx::问答记录::R675,260183,2026-01-12 21:43:33,AI智能体,excluded,outside_affirmative_spring_rosters
2026_spring,问答记录导出0919_已更新.xlsx,问答记录,问答记录导出0919_已更新.xlsx::问答记录::R676,260183,2026-01-12 21:41:52,AI智能体,excluded,outside_affirmative_spring_rosters
2026_spring,问答记录导出0919_已更新.xlsx,问答记录,问答记录导出0919_已更新.xlsx::问答记录::R677,260183,2026-01-12 20:42:22,AI智能体,excluded,outside_affirmative_spring_rosters
2026_spring,问答记录导出0919_已更新.xlsx,问答记录,问答记录导出0919_已更新.xlsx::问答记录::R678,260184,2025-12-19 15:48:53,AI智能体,excluded,outside_affirmative_spring_rosters
2026_spring,问答记录导出0919_已更新.xlsx,问答记录,问答记录导出0919_已更新.xlsx::问答记录::R679,260184,2025-12-19 15:48:21,AI智能体,excluded,outside_affirmative_spring_rosters
2026_spring,问答记录导出0919_已更新.xlsx,问答记录,问答记录导出0919_已更新.xlsx::问答记录::R680,260184,2025-12-19 15:28:16,AI智能体,excluded,outside_affirmative_spring_rosters
2026_spring,问答记录导出0919_已更新.xlsx,问答记录,问答记录导出0919_已更新.xlsx::问答记录::R681,260184,2025-12-19 15:23:38,AI智能体,excluded,outside_affirmative_spring_rosters
2026_spring,问答记录导出0919_已更新.xlsx,问答记录,问答记录导出0919_已更新.xlsx::问答记录::R682,260185,2026-09-19 17:52:39,共享AI互动室,excluded,outside_affirmative_spring_rosters
2026_spring,问答记录导出0919_已更新.xlsx,问答记录,问答记录导出0919_已更新.xlsx::问答记录::R683,260186,2026-01-06 09:59:20,AI智能体,excluded,outside_affirmative_spring_rosters
2026_spring,问答记录导出0919_已更新.xlsx,问答记录,问答记录导出0919_已更新.xlsx::问答记录::R684,260186,2026-01-05 14:52:53,AI智能体,excluded,outside_affirmative_spring_rosters
2026_spring,问答记录导出0919_已更新.xlsx,问答记录,问答记录导出0919_已更新.xlsx::问答记录::R685,260186,2026-01-05 14:19:07,AI智能体,excluded,outside_affirmative_spring_rosters
2026_spring,问答记录导出0919_已更新.xlsx,问答记录,问答记录导出0919_已更新.xlsx::问答记录::R686,260186,2026-01-05 13:24:03,AI助教,excluded,outside_affirmative_spring_rosters
2026_spring,问答记录导出0919_已更新.xlsx,问答记录,问答记录导出0919_已更新.xlsx::问答记录::R687,260187,2025-12-23 20:05:32,AI智能体,excluded,outside_affirmative_spring_rosters
2026_spring,问答记录导出0919_已更新.xlsx,问答记录,问答记录导出0919_已更新.xlsx::问答记录::R688,260187,2025-12-23 19:34:00,AI智能体,excluded,outside_affirmative_spring_rosters
2026_spring,问答记录导出0919_已更新.xlsx,问答记录,问答记录导出0919_已更新.xlsx::问答记录::R689,260187,2025-12-23 19:32:41,AI智能体,excluded,outside_affirmative_spring_rosters
2026_spring,问答记录导出0919_已更新.xlsx,问答记录,问答记录导出0919_已更新.xlsx::问答记录::R690,260187,2025-12-23 19:06:56,AI智能体,excluded,outside_affirmative_spring_rosters
2026_spring,问答记录导出0919_已更新.xlsx,问答记录,问答记录导出0919_已更新.xlsx::问答记录::R691,260187,2025-12-23 09:44:00,AI助教,excluded,outside_affirmative_spring_rosters
2026_spring,问答记录导出0919_已更新.xlsx,问答记录,问答记录导出0919_已更新.xlsx::问答记录::R692,260188,2026-08-26 17:53:08,共享AI互动室,excluded,outside_affirmative_spring_rosters
2026_spring,问答记录导出0919_已更新.xlsx,问答记录,问答记录导出0919_已更新.xlsx::问答记录::R693,260188,2026-08-25 14:03:01,共享AI互动室,excluded,outside_affirmative_spring_rosters
2026_spring,问答记录导出0919_已更新.xlsx,问答记录,问答记录导出0919_已更新.xlsx::问答记录::R694,260189,2026-09-02 21:57:13,共享AI互动室,excluded,outside_affirmative_spring_rosters
2026_spring,问答记录导出0919_已更新.xlsx,问答记录,问答记录导出0919_已更新.xlsx::问答记录::R695,260190,2026-06-16 16:44:13,AI智能体,excluded,outside_affirmative_spring_rosters
2026_spring,问答记录导出0919_已更新.xlsx,问答记录,问答记录导出0919_已更新.xlsx::问答记录::R696,260190,2026-06-16 16:24:54,AI智能体,excluded,outside_affirmative_spring_rosters
2026_spring,问答记录导出0919_已更新.xlsx,问答记录,问答记录导出0919_已更新.xlsx::问答记录::R697,260190,2026-06-16 16:11:05,AI智能体,excluded,outside_affirmative_spring_rosters
2026_spring,问答记录导出0919_已更新.xlsx,问答记录,问答记录导出0919_已更新.xlsx::问答记录::R698,260190,2026-06-16 15:13:13,AI智能体,excluded,outside_affirmative_spring_rosters
2026_spring,问答记录导出0919_已更新.xlsx,问答记录,问答记录导出0919_已更新.xlsx::问答记录::R699,260191,2025-12-17 08:20:29,AI助教,excluded,outside_affirmative_spring_rosters
2026_spring,问答记录导出0919_已更新.xlsx,问答记录,问答记录导出0919_已更新.xlsx::问答记录::R700,260191,2025-12-04 09:52:59,AI智能体,excluded,outside_affirmative_spring_rosters
2026_spring,问答记录导出0919_已更新.xlsx,问答记录,问答记录导出0919_已更新.xlsx::问答记录::R701,260191,2025-12-04 09:50:53,AI智能体,excluded,outside_affirmative_spring_rosters
2026_spring,问答记录导出0919_已更新.xlsx,问答记录,问答记录导出0919_已更新.xlsx::问答记录::R702,260191,2025-12-04 09:19:09,AI智能体,excluded,outside_affirmative_spring_rosters
2026_spring,问答记录导出0919_已更新.xlsx,问答记录,问答记录导出0919_已更新.xlsx::问答记录::R703,260191,2025-12-04 09:17:43,AI智能体,excluded,outside_affirmative_spring_rosters
2026_spring,问答记录导出0919_已更新.xlsx,问答记录,问答记录导出0919_已更新.xlsx::问答记录::R704,260192,2025-12-13 11:21:48,AI智能体,excluded,outside_affirmative_spring_rosters
2026_spring,问答记录导出0919_已更新.xlsx,问答记录,问答记录导出0919_已更新.xlsx::问答记录::R705,260192,2025-12-13 11:20:15,AI智能体,excluded,outside_affirmative_spring_rosters
2026_spring,问答记录导出0919_已更新.xlsx,问答记录,问答记录导出0919_已更新.xlsx::问答记录::R706,260192,2025-12-12 22:55:01,AI助教,excluded,outside_affirmative_spring_rosters
2026_spring,问答记录导出0919_已更新.xlsx,问答记录,问答记录导出0919_已更新.xlsx::问答记录::R707,260193,2026-01-13 14:47:39,AI智能体,excluded,outside_affirmative_spring_rosters
2026_spring,问答记录导出0919_已更新.xlsx,问答记录,问答记录导出0919_已更新.xlsx::问答记录::R708,260193,2026-01-13 14:41:07,AI智能体,excluded,outside_affirmative_spring_rosters
2026_spring,问答记录导出0919_已更新.xlsx,问答记录,问答记录导出0919_已更新.xlsx::问答记录::R709,260193,2026-01-13 07:43:00,AI智能体,excluded,outside_affirmative_spring_rosters
2026_spring,问答记录导出0919_已更新.xlsx,问答记录,问答记录导出0919_已更新.xlsx::问答记录::R710,260194,2025-11-06 12:03:02,AI智能体,excluded,outside_affirmative_spring_rosters
2026_spring,问答记录导出0919_已更新.xlsx,问答记录,问答记录导出0919_已更新.xlsx::问答记录::R711,260194,2025-11-06 12:02:41,AI智能体,excluded,outside_affirmative_spring_rosters
2026_spring,问答记录导出0919_已更新.xlsx,问答记录,问答记录导出0919_已更新.xlsx::问答记录::R712,260194,2025-11-06 10:38:17,AI智能体,excluded,outside_affirmative_spring_rosters
2026_spring,问答记录导出0919_已更新.xlsx,问答记录,问答记录导出0919_已更新.xlsx::问答记录::R713,260194,2025-11-06 10:22:23,AI助教,excluded,outside_affirmative_spring_rosters
2026_spring,问答记录导出0919_已更新.xlsx,问答记录,问答记录导出0919_已更新.xlsx::问答记录::R714,260194,2025-11-06 10:21:32,AI助教,excluded,outside_affirmative_spring_rosters
2026_spring,问答记录导出0919_已更新.xlsx,问答记录,问答记录导出0919_已更新.xlsx::问答记录::R715,260195,2026-01-13 11:47:47,AI智能体,excluded,outside_affirmative_spring_rosters
2026_spring,问答记录导出0919_已更新.xlsx,问答记录,问答记录导出0919_已更新.xlsx::问答记录::R716,260195,2026-01-13 11:46:33,AI智能体,excluded,outside_affirmative_spring_rosters
2026_spring,问答记录导出0919_已更新.xlsx,问答记录,问答记录导出0919_已更新.xlsx::问答记录::R717,260195,2026-01-13 11:44:05,AI智能体,excluded,outside_affirmative_spring_rosters
2026_spring,问答记录导出0919_已更新.xlsx,问答记录,问答记录导出0919_已更新.xlsx::问答记录::R718,260195,2026-01-13 11:41:32,AI智能体,excluded,outside_affirmative_spring_rosters
2026_spring,问答记录导出0919_已更新.xlsx,问答记录,问答记录导出0919_已更新.xlsx::问答记录::R719,260195,2026-01-13 11:38:33,AI智能体,excluded,outside_affirmative_spring_rosters
2026_spring,问答记录导出0919_已更新.xlsx,问答记录,问答记录导出0919_已更新.xlsx::问答记录::R720,260195,2026-01-13 11:27:33,AI智能体,excluded,outside_affirmative_spring_rosters
2026_spring,问答记录导出0919_已更新.xlsx,问答记录,问答记录导出0919_已更新.xlsx::问答记录::R721,260196,2026-08-17 10:27:48,AI智能体,excluded,outside_affirmative_spring_rosters
2026_spring,问答记录导出0919_已更新.xlsx,问答记录,问答记录导出0919_已更新.xlsx::问答记录::R722,260196,2026-08-16 20:19:28,AI智能体,excluded,outside_affirmative_spring_rosters
2026_spring,问答记录导出0919_已更新.xlsx,问答记录,问答记录导出0919_已更新.xlsx::问答记录::R723,260196,2026-08-16 19:57:55,AI智能体,excluded,outside_affirmative_spring_rosters
2026_spring,问答记录导出0919_已更新.xlsx,问答记录,问答记录导出0919_已更新.xlsx::问答记录::R724,260197,2026-07-08 09:33:07,AI智能体,excluded,outside_affirmative_spring_rosters
2026_spring,问答记录导出0919_已更新.xlsx,问答记录,问答记录导出0919_已更新.xlsx::问答记录::R725,260197,2026-07-08 09:28:57,AI智能体,excluded,outside_affirmative_spring_rosters
2026_spring,问答记录导出0919_已更新.xlsx,问答记录,问答记录导出0919_已更新.xlsx::问答记录::R726,260198,2026-09-13 10:53:43,共享AI互动室,excluded,outside_affirmative_spring_rosters
2026_spring,问答记录导出0919_已更新.xlsx,问答记录,问答记录导出0919_已更新.xlsx::问答记录::R727,260199,2026-01-08 17:42:16,AI智能体,excluded,outside_affirmative_spring_rosters
2026_spring,问答记录导出0919_已更新.xlsx,问答记录,问答记录导出0919_已更新.xlsx::问答记录::R728,260199,2026-01-08 17:04:21,AI智能体,excluded,outside_affirmative_spring_rosters
2026_spring,问答记录导出0919_已更新.xlsx,问答记录,问答记录导出0919_已更新.xlsx::问答记录::R729,260199,2026-01-07 10:58:45,AI智能体,excluded,outside_affirmative_spring_rosters
2026_spring,问答记录导出0919_已更新.xlsx,问答记录,问答记录导出0919_已更新.xlsx::问答记录::R730,260199,2025-11-20 13:56:06,AI助教,excluded,outside_affirmative_spring_rosters
2026_spring,问答记录导出0919_已更新.xlsx,问答记录,问答记录导出0919_已更新.xlsx::问答记录::R731,260200,2026-01-12 03:25:10,AI智能体,excluded,outside_affirmative_spring_rosters
2026_spring,问答记录导出0919_已更新.xlsx,问答记录,问答记录导出0919_已更新.xlsx::问答记录::R732,260200,2026-01-12 02:59:10,AI助教,excluded,outside_affirmative_spring_rosters
2026_spring,问答记录导出0919_已更新.xlsx,问答记录,问答记录导出0919_已更新.xlsx::问答记录::R733,260200,2025-11-18 20:07:43,AI智能体,excluded,outside_affirmative_spring_rosters
2026_spring,问答记录导出0919_已更新.xlsx,问答记录,问答记录导出0919_已更新.xlsx::问答记录::R734,260200,2025-11-18 20:05:35,AI智能体,excluded,outside_affirmative_spring_rosters
2026_spring,问答记录导出0919_已更新.xlsx,问答记录,问答记录导出0919_已更新.xlsx::问答记录::R735,260201,2026-01-10 18:27:46,AI智能体,excluded,outside_affirmative_spring_rosters
2026_spring,问答记录导出0919_已更新.xlsx,问答记录,问答记录导出0919_已更新.xlsx::问答记录::R736,260201,2026-01-10 18:24:28,AI智能体,excluded,outside_affirmative_spring_rosters
2026_spring,问答记录导出0919_已更新.xlsx,问答记录,问答记录导出0919_已更新.xlsx::问答记录::R737,260201,2026-01-10 18:15:09,AI智能体,excluded,outside_affirmative_spring_rosters
2026_spring,问答记录导出0919_已更新.xlsx,问答记录,问答记录导出0919_已更新.xlsx::问答记录::R738,260202,2025-12-26 11:08:19,AI智能体,excluded,outside_affirmative_spring_rosters
2026_spring,问答记录导出0919_已更新.xlsx,问答记录,问答记录导出0919_已更新.xlsx::问答记录::R739,260202,2025-12-25 22:34:15,AI智能体,excluded,outside_affirmative_spring_rosters
2026_spring,问答记录导出0919_已更新.xlsx,问答记录,问答记录导出0919_已更新.xlsx::问答记录::R740,260202,2025-12-25 20:57:01,AI智能体,excluded,outside_affirmative_spring_rosters
2026_spring,问答记录导出0919_已更新.xlsx,问答记录,问答记录导出0919_已更新.xlsx::问答记录::R741,260203,2025-11-27 14:58:34,AI智能体,excluded,outside_affirmative_spring_rosters
2026_spring,问答记录导出0919_已更新.xlsx,问答记录,问答记录导出0919_已更新.xlsx::问答记录::R742,260203,2025-11-27 14:58:10,AI智能体,excluded,outside_affirmative_spring_rosters
2026_spring,问答记录导出0919_已更新.xlsx,问答记录,问答记录导出0919_已更新.xlsx::问答记录::R743,260203,2025-11-27 14:13:58,AI助教,excluded,outside_affirmative_spring_rosters
2026_spring,问答记录导出0919_已更新.xlsx,问答记录,问答记录导出0919_已更新.xlsx::问答记录::R744,260203,2025-11-27 14:06:45,AI助教,excluded,outside_affirmative_spring_rosters
2026_spring,问答记录导出0919_已更新.xlsx,问答记录,问答记录导出0919_已更新.xlsx::问答记录::R745,260204,2026-05-14 17:13:13,AI智能体,excluded,outside_affirmative_spring_rosters
2026_spring,问答记录导出0919_已更新.xlsx,问答记录,问答记录导出0919_已更新.xlsx::问答记录::R746,260205,2026-08-30 17:01:16,AI智能体,excluded,outside_affirmative_spring_rosters
2026_spring,问答记录导出0919_已更新.xlsx,问答记录,问答记录导出0919_已更新.xlsx::问答记录::R747,260206,2026-02-05 22:07:45,AI智能体,excluded,outside_affirmative_spring_rosters
2026_spring,问答记录导出0919_已更新.xlsx,问答记录,问答记录导出0919_已更新.xlsx::问答记录::R748,260206,2026-02-05 22:07:24,AI助教,excluded,outside_affirmative_spring_rosters
2026_spring,问答记录导出0919_已更新.xlsx,问答记录,问答记录导出0919_已更新.xlsx::问答记录::R749,260206,2026-01-07 21:49:57,AI智能体,excluded,outside_affirmative_spring_rosters
2026_spring,问答记录导出0919_已更新.xlsx,问答记录,问答记录导出0919_已更新.xlsx::问答记录::R750,260206,2026-01-07 21:18:20,AI智能体,excluded,outside_affirmative_spring_rosters
2026_spring,问答记录导出0919_已更新.xlsx,问答记录,问答记录导出0919_已更新.xlsx::问答记录::R751,260206,2025-09-28 15:19:32,AI助教,excluded,outside_affirmative_spring_rosters
2026_spring,问答记录导出0919_已更新.xlsx,问答记录,问答记录导出0919_已更新.xlsx::问答记录::R752,260207,2026-01-12 10:41:43,AI智能体,excluded,outside_affirmative_spring_rosters
2026_spring,问答记录导出0919_已更新.xlsx,问答记录,问答记录导出0919_已更新.xlsx::问答记录::R753,260207,2026-01-12 10:08:00,AI智能体,excluded,outside_affirmative_spring_rosters
2026_spring,问答记录导出0919_已更新.xlsx,问答记录,问答记录导出0919_已更新.xlsx::问答记录::R754,260207,2026-01-12 09:49:31,AI智能体,excluded,outside_affirmative_spring_rosters
2026_spring,问答记录导出0919_已更新.xlsx,问答记录,问答记录导出0919_已更新.xlsx::问答记录::R755,260207,2025-12-18 14:55:46,AI智能体,excluded,outside_affirmative_spring_rosters
2026_spring,问答记录导出0919_已更新.xlsx,问答记录,问答记录导出0919_已更新.xlsx::问答记录::R756,260208,2026-02-21 23:35:03,AI助教,excluded,outside_affirmative_spring_rosters
2026_spring,问答记录导出0919_已更新.xlsx,问答记录,问答记录导出0919_已更新.xlsx::问答记录::R757,260208,2025-11-17 20:20:43,AI助教,excluded,outside_affirmative_spring_rosters
2026_spring,问答记录导出0919_已更新.xlsx,问答记录,问答记录导出0919_已更新.xlsx::问答记录::R758,260208,2025-11-15 22:42:57,AI助教,excluded,outside_affirmative_spring_rosters
2026_spring,问答记录导出0919_已更新.xlsx,问答记录,问答记录导出0919_已更新.xlsx::问答记录::R759,260208,2025-11-13 22:53:04,AI助教,excluded,outside_affirmative_spring_rosters
2026_spring,问答记录导出0919_已更新.xlsx,问答记录,问答记录导出0919_已更新.xlsx::问答记录::R760,260208,2025-11-09 09:50:59,AI助教,excluded,outside_affirmative_spring_rosters
2026_spring,问答记录导出0919_已更新.xlsx,问答记录,问答记录导出0919_已更新.xlsx::问答记录::R761,260208,2025-11-07 07:58:03,AI助教,excluded,outside_affirmative_spring_rosters
2026_spring,问答记录导出0919_已更新.xlsx,问答记录,问答记录导出0919_已更新.xlsx::问答记录::R762,260209,2025-12-28 00:20:42,AI助教,excluded,outside_affirmative_spring_rosters
2026_spring,问答记录导出0919_已更新.xlsx,问答记录,问答记录导出0919_已更新.xlsx::问答记录::R763,260210,2025-12-20 16:54:58,AI助教,excluded,outside_affirmative_spring_rosters
2026_spring,问答记录导出0919_已更新.xlsx,问答记录,问答记录导出0919_已更新.xlsx::问答记录::R764,260211,2025-12-31 21:26:46,AI智能体,excluded,outside_affirmative_spring_rosters
2026_spring,问答记录导出0919_已更新.xlsx,问答记录,问答记录导出0919_已更新.xlsx::问答记录::R765,260211,2025-12-09 11:56:03,AI智能体,excluded,outside_affirmative_spring_rosters
2026_spring,问答记录导出0919_已更新.xlsx,问答记录,问答记录导出0919_已更新.xlsx::问答记录::R766,260212,2025-03-20 15:22:04,AI助教,excluded,outside_affirmative_spring_rosters
2026_spring,问答记录导出0919_已更新.xlsx,问答记录,问答记录导出0919_已更新.xlsx::问答记录::R767,260212,2025-03-20 15:17:18,AI助教,excluded,outside_affirmative_spring_rosters
2026_spring,问答记录导出0919_已更新.xlsx,问答记录,问答记录导出0919_已更新.xlsx::问答记录::R768,260213,2025-06-06 18:31:40,AI助教,excluded,outside_affirmative_spring_rosters
2026_spring,问答记录导出0919_已更新.xlsx,问答记录,问答记录导出0919_已更新.xlsx::问答记录::R769,260214,2025-11-26 20:18:40,AI智能体,excluded,outside_affirmative_spring_rosters
2026_spring,问答记录导出0919_已更新.xlsx,问答记录,问答记录导出0919_已更新.xlsx::问答记录::R770,260214,2025-11-26 20:17:32,AI智能体,excluded,outside_affirmative_spring_rosters
2026_spring,问答记录导出0919_已更新.xlsx,问答记录,问答记录导出0919_已更新.xlsx::问答记录::R771,260214,2025-11-26 20:14:57,AI智能体,excluded,outside_affirmative_spring_rosters
2026_spring,问答记录导出0919_已更新.xlsx,问答记录,问答记录导出0919_已更新.xlsx::问答记录::R772,260214,2025-11-26 20:11:13,AI智能体,excluded,outside_affirmative_spring_rosters
2026_spring,问答记录导出0919_已更新.xlsx,问答记录,问答记录导出0919_已更新.xlsx::问答记录::R773,260214,2025-11-26 17:13:06,AI智能体,excluded,outside_affirmative_spring_rosters
2026_spring,问答记录导出0919_已更新.xlsx,问答记录,问答记录导出0919_已更新.xlsx::问答记录::R774,260214,2025-11-26 17:02:14,AI助教,excluded,outside_affirmative_spring_rosters
2026_spring,问答记录导出0919_已更新.xlsx,问答记录,问答记录导出0919_已更新.xlsx::问答记录::R775,260215,2026-01-12 22:32:08,AI智能体,excluded,outside_affirmative_spring_rosters
2026_spring,问答记录导出0919_已更新.xlsx,问答记录,问答记录导出0919_已更新.xlsx::问答记录::R776,260215,2026-01-08 16:10:52,AI智能体,excluded,outside_affirmative_spring_rosters
2026_spring,问答记录导出0919_已更新.xlsx,问答记录,问答记录导出0919_已更新.xlsx::问答记录::R777,260215,2026-01-08 15:47:34,AI智能体,excluded,outside_affirmative_spring_rosters
2026_spring,问答记录导出0919_已更新.xlsx,问答记录,问答记录导出0919_已更新.xlsx::问答记录::R778,260215,2026-01-08 15:46:26,AI智能体,excluded,outside_affirmative_spring_rosters
2026_spring,问答记录导出0919_已更新.xlsx,问答记录,问答记录导出0919_已更新.xlsx::问答记录::R779,260216,2025-11-17 19:27:06,AI智能体,excluded,outside_affirmative_spring_rosters
2026_spring,问答记录导出0919_已更新.xlsx,问答记录,问答记录导出0919_已更新.xlsx::问答记录::R780,260216,2025-11-17 19:26:50,AI智能体,excluded,outside_affirmative_spring_rosters
2026_spring,问答记录导出0919_已更新.xlsx,问答记录,问答记录导出0919_已更新.xlsx::问答记录::R781,260216,2025-11-17 19:23:11,AI智能体,excluded,outside_affirmative_spring_rosters
2026_spring,问答记录导出0919_已更新.xlsx,问答记录,问答记录导出0919_已更新.xlsx::问答记录::R782,260216,2025-11-11 14:22:20,AI智能体,excluded,outside_affirmative_spring_rosters
2026_spring,问答记录导出0919_已更新.xlsx,问答记录,问答记录导出0919_已更新.xlsx::问答记录::R783,260216,2025-11-11 14:17:38,AI智能体,excluded,outside_affirmative_spring_rosters
2026_spring,问答记录导出0919_已更新.xlsx,问答记录,问答记录导出0919_已更新.xlsx::问答记录::R784,260216,2025-09-28 16:40:49,AI智能体,excluded,outside_affirmative_spring_rosters
2026_spring,问答记录导出0919_已更新.xlsx,问答记录,问答记录导出0919_已更新.xlsx::问答记录::R785,260217,2025-12-30 18:17:38,AI智能体,excluded,outside_affirmative_spring_rosters
2026_spring,问答记录导出0919_已更新.xlsx,问答记录,问答记录导出0919_已更新.xlsx::问答记录::R786,260217,2025-12-30 18:13:27,AI智能体,excluded,outside_affirmative_spring_rosters
2026_spring,问答记录导出0919_已更新.xlsx,问答记录,问答记录导出0919_已更新.xlsx::问答记录::R787,260217,2025-12-16 14:10:57,AI智能体,excluded,outside_affirmative_spring_rosters
2026_spring,问答记录导出0919_已更新.xlsx,问答记录,问答记录导出0919_已更新.xlsx::问答记录::R788,260217,2025-12-16 14:08:24,AI智能体,excluded,outside_affirmative_spring_rosters
2026_spring,问答记录导出0919_已更新.xlsx,问答记录,问答记录导出0919_已更新.xlsx::问答记录::R789,260217,2025-12-16 14:04:10,AI智能体,excluded,outside_affirmative_spring_rosters
2026_spring,问答记录导出0919_已更新.xlsx,问答记录,问答记录导出0919_已更新.xlsx::问答记录::R790,260218,2025-12-06 19:44:42,AI智能体,excluded,outside_affirmative_spring_rosters
2026_spring,问答记录导出0919_已更新.xlsx,问答记录,问答记录导出0919_已更新.xlsx::问答记录::R791,260218,2025-12-06 19:38:18,AI助教,excluded,outside_affirmative_spring_rosters
2026_spring,问答记录导出0919_已更新.xlsx,问答记录,问答记录导出0919_已更新.xlsx::问答记录::R792,260218,2025-10-18 12:03:01,AI助教,excluded,outside_affirmative_spring_rosters
2026_spring,问答记录导出0919_已更新.xlsx,问答记录,问答记录导出0919_已更新.xlsx::问答记录::R793,260218,2025-10-09 22:11:51,AI助教,excluded,outside_affirmative_spring_rosters
2026_spring,问答记录导出0919_已更新.xlsx,问答记录,问答记录导出0919_已更新.xlsx::问答记录::R794,260219,2026-01-11 23:04:13,AI智能体,excluded,outside_affirmative_spring_rosters
2026_spring,问答记录导出0919_已更新.xlsx,问答记录,问答记录导出0919_已更新.xlsx::问答记录::R795,260219,2026-01-11 22:52:25,AI智能体,excluded,outside_affirmative_spring_rosters
2026_spring,问答记录导出0919_已更新.xlsx,问答记录,问答记录导出0919_已更新.xlsx::问答记录::R796,260219,2026-01-11 22:48:28,AI智能体,excluded,outside_affirmative_spring_rosters
2026_spring,问答记录导出0919_已更新.xlsx,问答记录,问答记录导出0919_已更新.xlsx::问答记录::R797,260219,2025-11-04 13:58:37,AI助教,excluded,outside_affirmative_spring_rosters
2026_spring,问答记录导出0919_已更新.xlsx,问答记录,问答记录导出0919_已更新.xlsx::问答记录::R798,260220,2025-12-04 15:57:38,AI智能体,excluded,outside_affirmative_spring_rosters
2026_spring,问答记录导出0919_已更新.xlsx,问答记录,问答记录导出0919_已更新.xlsx::问答记录::R799,260220,2025-12-04 15:24:58,AI智能体,excluded,outside_affirmative_spring_rosters
2026_spring,问答记录导出0919_已更新.xlsx,问答记录,问答记录导出0919_已更新.xlsx::问答记录::R800,260220,2025-12-04 15:23:36,AI智能体,excluded,outside_affirmative_spring_rosters
2026_spring,问答记录导出0919_已更新.xlsx,问答记录,问答记录导出0919_已更新.xlsx::问答记录::R801,260220,2025-10-09 15:13:32,AI助教,excluded,outside_affirmative_spring_rosters
2026_spring,问答记录导出0919_已更新.xlsx,问答记录,问答记录导出0919_已更新.xlsx::问答记录::R802,260221,2026-01-28 16:48:25,AI智能体,excluded,outside_affirmative_spring_rosters
2026_spring,问答记录导出0919_已更新.xlsx,问答记录,问答记录导出0919_已更新.xlsx::问答记录::R803,260221,2026-01-06 18:35:05,AI智能体,excluded,outside_affirmative_spring_rosters
2026_spring,问答记录导出0919_已更新.xlsx,问答记录,问答记录导出0919_已更新.xlsx::问答记录::R804,260221,2026-01-06 18:24:26,AI智能体,excluded,outside_affirmative_spring_rosters
2026_spring,问答记录导出0919_已更新.xlsx,问答记录,问答记录导出0919_已更新.xlsx::问答记录::R805,260221,2026-01-06 18:23:04,AI助教,excluded,outside_affirmative_spring_rosters
2026_spring,问答记录导出0919_已更新.xlsx,问答记录,问答记录导出0919_已更新.xlsx::问答记录::R806,260222,2025-12-16 14:23:37,AI智能体,excluded,outside_affirmative_spring_rosters
2026_spring,问答记录导出0919_已更新.xlsx,问答记录,问答记录导出0919_已更新.xlsx::问答记录::R807,260222,2025-12-16 14:20:49,AI智能体,excluded,outside_affirmative_spring_rosters
2026_spring,问答记录导出0919_已更新.xlsx,问答记录,问答记录导出0919_已更新.xlsx::问答记录::R808,260222,2025-12-16 14:18:11,AI智能体,excluded,outside_affirmative_spring_rosters
2026_spring,问答记录导出0919_已更新.xlsx,问答记录,问答记录导出0919_已更新.xlsx::问答记录::R809,260222,2025-12-16 14:03:53,AI智能体,excluded,outside_affirmative_spring_rosters
2026_spring,问答记录导出0919_已更新.xlsx,问答记录,问答记录导出0919_已更新.xlsx::问答记录::R810,260222,2025-11-23 20:51:25,AI智能体,excluded,outside_affirmative_spring_rosters
2026_spring,问答记录导出0919_已更新.xlsx,问答记录,问答记录导出0919_已更新.xlsx::问答记录::R811,260223,2025-12-16 14:25:26,AI智能体,excluded,outside_affirmative_spring_rosters
2026_spring,问答记录导出0919_已更新.xlsx,问答记录,问答记录导出0919_已更新.xlsx::问答记录::R812,260223,2025-12-16 14:10:15,AI智能体,excluded,outside_affirmative_spring_rosters
2026_spring,问答记录导出0919_已更新.xlsx,问答记录,问答记录导出0919_已更新.xlsx::问答记录::R813,260223,2025-12-16 14:05:13,AI助教,excluded,outside_affirmative_spring_rosters
2026_spring,问答记录导出0919_已更新.xlsx,问答记录,问答记录导出0919_已更新.xlsx::问答记录::R814,260224,2026-08-26 21:57:01,共享AI互动室,excluded,outside_affirmative_spring_rosters
2026_spring,问答记录导出0919_已更新.xlsx,问答记录,问答记录导出0919_已更新.xlsx::问答记录::R815,260225,2025-11-24 19:07:14,AI智能体,excluded,outside_affirmative_spring_rosters
2026_spring,问答记录导出0919_已更新.xlsx,问答记录,问答记录导出0919_已更新.xlsx::问答记录::R816,260226,2026-01-17 18:08:52,AI智能体,excluded,outside_affirmative_spring_rosters
2026_spring,问答记录导出0919_已更新.xlsx,问答记录,问答记录导出0919_已更新.xlsx::问答记录::R817,260226,2026-01-17 18:07:56,AI智能体,excluded,outside_affirmative_spring_rosters
2026_spring,问答记录导出0919_已更新.xlsx,问答记录,问答记录导出0919_已更新.xlsx::问答记录::R818,260226,2026-01-17 17:55:59,AI智能体,excluded,outside_affirmative_spring_rosters
2026_spring,问答记录导出0919_已更新.xlsx,问答记录,问答记录导出0919_已更新.xlsx::问答记录::R819,260226,2026-01-06 23:33:25,AI助教,excluded,outside_affirmative_spring_rosters
2026_spring,问答记录导出0919_已更新.xlsx,问答记录,问答记录导出0919_已更新.xlsx::问答记录::R820,260227,2025-12-13 10:39:59,AI智能体,excluded,outside_affirmative_spring_rosters
2026_spring,问答记录导出0919_已更新.xlsx,问答记录,问答记录导出0919_已更新.xlsx::问答记录::R821,260227,2025-12-13 10:11:09,AI智能体,excluded,outside_affirmative_spring_rosters
2026_spring,问答记录导出0919_已更新.xlsx,问答记录,问答记录导出0919_已更新.xlsx::问答记录::R822,260228,2026-04-27 15:10:21,AI智能体,excluded,outside_affirmative_spring_rosters
2026_spring,问答记录导出0919_已更新.xlsx,问答记录,问答记录导出0919_已更新.xlsx::问答记录::R823,260228,2026-04-27 15:03:01,AI智能体,excluded,outside_affirmative_spring_rosters
2026_spring,问答记录导出0919_已更新.xlsx,问答记录,问答记录导出0919_已更新.xlsx::问答记录::R824,260228,2026-03-27 15:40:44,AI智能体,excluded,outside_affirmative_spring_rosters
2026_spring,问答记录导出0919_已更新.xlsx,问答记录,问答记录导出0919_已更新.xlsx::问答记录::R825,260228,2026-03-27 15:36:20,AI智能体,excluded,outside_affirmative_spring_rosters
2026_spring,问答记录导出0919_已更新.xlsx,问答记录,问答记录导出0919_已更新.xlsx::问答记录::R826,260228,2026-03-27 15:23:06,AI智能体,excluded,outside_affirmative_spring_rosters
2026_spring,问答记录导出0919_已更新.xlsx,问答记录,问答记录导出0919_已更新.xlsx::问答记录::R827,260229,2026-04-29 20:49:32,AI智能体,excluded,outside_affirmative_spring_rosters
2026_spring,问答记录导出0919_已更新.xlsx,问答记录,问答记录导出0919_已更新.xlsx::问答记录::R828,260229,2026-04-29 20:46:44,AI智能体,excluded,outside_affirmative_spring_rosters
2026_spring,问答记录导出0919_已更新.xlsx,问答记录,问答记录导出0919_已更新.xlsx::问答记录::R829,260229,2026-04-29 20:45:26,AI智能体,excluded,outside_affirmative_spring_rosters
2026_spring,问答记录导出0919_已更新.xlsx,问答记录,问答记录导出0919_已更新.xlsx::问答记录::R830,260229,2026-04-29 20:43:26,AI智能体,excluded,outside_affirmative_spring_rosters
2026_spring,问答记录导出0919_已更新.xlsx,问答记录,问答记录导出0919_已更新.xlsx::问答记录::R831,260229,2026-03-27 14:32:23,AI智能体,excluded,outside_affirmative_spring_rosters
2026_spring,问答记录导出0919_已更新.xlsx,问答记录,问答记录导出0919_已更新.xlsx::问答记录::R832,260229,2026-03-27 14:31:59,AI智能体,excluded,outside_affirmative_spring_rosters
2026_spring,问答记录导出0919_已更新.xlsx,问答记录,问答记录导出0919_已更新.xlsx::问答记录::R833,260229,2026-03-27 14:31:02,AI智能体,excluded,outside_affirmative_spring_rosters
2026_spring,问答记录导出0919_已更新.xlsx,问答记录,问答记录导出0919_已更新.xlsx::问答记录::R834,260230,2026-09-18 15:11:41,AI智能体,excluded,outside_affirmative_spring_rosters
2026_spring,问答记录导出0919_已更新.xlsx,问答记录,问答记录导出0919_已更新.xlsx::问答记录::R835,260230,2026-09-18 11:09:57,AI智能体,excluded,outside_affirmative_spring_rosters
2026_spring,问答记录导出0919_已更新.xlsx,问答记录,问答记录导出0919_已更新.xlsx::问答记录::R836,260230,2026-09-17 11:39:50,AI智能体,excluded,outside_affirmative_spring_rosters
2026_spring,问答记录导出0919_已更新.xlsx,问答记录,问答记录导出0919_已更新.xlsx::问答记录::R837,260230,2026-09-17 11:39:46,AI智能体,excluded,outside_affirmative_spring_rosters
2026_spring,问答记录导出0919_已更新.xlsx,问答记录,问答记录导出0919_已更新.xlsx::问答记录::R838,260230,2026-09-17 10:33:38,AI智能体,excluded,outside_affirmative_spring_rosters
2026_spring,问答记录导出0919_已更新.xlsx,问答记录,问答记录导出0919_已更新.xlsx::问答记录::R839,260230,2026-09-17 10:31:38,AI智能体,excluded,outside_affirmative_spring_rosters
2026_spring,问答记录导出0919_已更新.xlsx,问答记录,问答记录导出0919_已更新.xlsx::问答记录::R840,260230,2026-06-17 17:55:03,AI智能体,excluded,outside_affirmative_spring_rosters
2026_spring,问答记录导出0919_已更新.xlsx,问答记录,问答记录导出0919_已更新.xlsx::问答记录::R841,260230,2026-06-16 20:25:26,AI智能体,excluded,outside_affirmative_spring_rosters
2026_spring,问答记录导出0919_已更新.xlsx,问答记录,问答记录导出0919_已更新.xlsx::问答记录::R842,260231,2026-01-08 11:04:12,AI助教,excluded,outside_affirmative_spring_rosters
2026_spring,问答记录导出0919_已更新.xlsx,问答记录,问答记录导出0919_已更新.xlsx::问答记录::R843,260231,2026-01-08 10:51:21,AI助教,excluded,outside_affirmative_spring_rosters
2026_spring,问答记录导出0919_已更新.xlsx,问答记录,问答记录导出0919_已更新.xlsx::问答记录::R844,260231,2026-01-08 10:48:39,AI助教,excluded,outside_affirmative_spring_rosters
2026_spring,问答记录导出0919_已更新.xlsx,问答记录,问答记录导出0919_已更新.xlsx::问答记录::R845,260232,2026-09-10 11:19:56,共享AI互动室,excluded,outside_affirmative_spring_rosters
2026_spring,问答记录导出0919_已更新.xlsx,问答记录,问答记录导出0919_已更新.xlsx::问答记录::R846,260233,2026-03-19 16:34:22,AI智能体,excluded,outside_affirmative_spring_rosters
2026_spring,问答记录导出0919_已更新.xlsx,问答记录,问答记录导出0919_已更新.xlsx::问答记录::R847,260233,2026-03-19 16:22:00,AI智能体,excluded,outside_affirmative_spring_rosters
2026_spring,问答记录导出0919_已更新.xlsx,问答记录,问答记录导出0919_已更新.xlsx::问答记录::R848,260234,2026-01-10 13:57:09,AI智能体,excluded,outside_affirmative_spring_rosters
2026_spring,问答记录导出0919_已更新.xlsx,问答记录,问答记录导出0919_已更新.xlsx::问答记录::R849,260234,2026-01-10 13:54:50,AI智能体,excluded,outside_affirmative_spring_rosters
2026_spring,问答记录导出0919_已更新.xlsx,问答记录,问答记录导出0919_已更新.xlsx::问答记录::R850,260235,2025-11-11 16:47:00,AI助教,excluded,outside_affirmative_spring_rosters
2026_spring,问答记录导出0919_已更新.xlsx,问答记录,问答记录导出0919_已更新.xlsx::问答记录::R851,260235,2025-11-11 14:39:00,AI助教,excluded,outside_affirmative_spring_rosters
2026_spring,问答记录导出0919_已更新.xlsx,问答记录,问答记录导出0919_已更新.xlsx::问答记录::R852,260235,2025-11-04 16:18:17,AI智能体,excluded,outside_affirmative_spring_rosters
2026_spring,问答记录导出0919_已更新.xlsx,问答记录,问答记录导出0919_已更新.xlsx::问答记录::R853,260235,2025-11-04 15:49:27,AI智能体,excluded,outside_affirmative_spring_rosters
2026_spring,问答记录导出0919_已更新.xlsx,问答记录,问答记录导出0919_已更新.xlsx::问答记录::R854,260235,2025-11-04 15:33:11,AI助教,excluded,outside_affirmative_spring_rosters
2026_spring,问答记录导出0919_已更新.xlsx,问答记录,问答记录导出0919_已更新.xlsx::问答记录::R855,260236,2025-12-15 14:28:00,AI智能体,excluded,outside_affirmative_spring_rosters
2026_spring,问答记录导出0919_已更新.xlsx,问答记录,问答记录导出0919_已更新.xlsx::问答记录::R856,260236,2025-12-15 14:24:58,AI智能体,excluded,outside_affirmative_spring_rosters
2026_spring,问答记录导出0919_已更新.xlsx,问答记录,问答记录导出0919_已更新.xlsx::问答记录::R857,260236,2025-11-19 19:31:00,AI智能体,excluded,outside_affirmative_spring_rosters
2026_spring,问答记录导出0919_已更新.xlsx,问答记录,问答记录导出0919_已更新.xlsx::问答记录::R858,260236,2025-11-17 17:42:26,AI助教,excluded,outside_affirmative_spring_rosters
2026_spring,问答记录导出0919_已更新.xlsx,问答记录,问答记录导出0919_已更新.xlsx::问答记录::R859,260236,2025-11-04 17:09:10,AI助教,excluded,outside_affirmative_spring_rosters
2026_spring,问答记录导出0919_已更新.xlsx,问答记录,问答记录导出0919_已更新.xlsx::问答记录::R860,260236,2025-11-04 16:51:15,AI助教,excluded,outside_affirmative_spring_rosters
2026_spring,问答记录导出0919_已更新.xlsx,问答记录,问答记录导出0919_已更新.xlsx::问答记录::R861,260236,2025-11-04 16:19:35,AI助教,excluded,outside_affirmative_spring_rosters
2026_spring,问答记录导出0919_已更新.xlsx,问答记录,问答记录导出0919_已更新.xlsx::问答记录::R862,260236,2025-11-04 15:45:09,AI助教,excluded,outside_affirmative_spring_rosters
2026_spring,问答记录导出0919_已更新.xlsx,问答记录,问答记录导出0919_已更新.xlsx::问答记录::R863,260236,2025-10-21 14:33:12,AI助教,excluded,outside_affirmative_spring_rosters
2026_spring,问答记录导出0919_已更新.xlsx,问答记录,问答记录导出0919_已更新.xlsx::问答记录::R864,260237,2025-12-16 14:17:35,AI智能体,excluded,outside_affirmative_spring_rosters
2026_spring,问答记录导出0919_已更新.xlsx,问答记录,问答记录导出0919_已更新.xlsx::问答记录::R865,260237,2025-12-16 14:16:07,AI助教,excluded,outside_affirmative_spring_rosters
2026_spring,问答记录导出0919_已更新.xlsx,问答记录,问答记录导出0919_已更新.xlsx::问答记录::R866,260237,2025-12-16 14:14:21,AI助教,excluded,outside_affirmative_spring_rosters
2026_spring,问答记录导出0919_已更新.xlsx,问答记录,问答记录导出0919_已更新.xlsx::问答记录::R867,260237,2025-11-11 23:26:50,AI智能体,excluded,outside_affirmative_spring_rosters
2026_spring,问答记录导出0919_已更新.xlsx,问答记录,问答记录导出0919_已更新.xlsx::问答记录::R868,260238,2026-08-28 17:23:54,共享AI互动室,excluded,outside_affirmative_spring_rosters
2026_spring,问答记录导出0919_已更新.xlsx,问答记录,问答记录导出0919_已更新.xlsx::问答记录::R869,260238,2026-08-28 16:52:31,共享AI互动室,excluded,outside_affirmative_spring_rosters
2026_spring,问答记录导出0919_已更新.xlsx,问答记录,问答记录导出0919_已更新.xlsx::问答记录::R870,260238,2026-08-28 16:20:42,共享AI互动室,excluded,outside_affirmative_spring_rosters
2026_spring,问答记录导出0919_已更新.xlsx,问答记录,问答记录导出0919_已更新.xlsx::问答记录::R871,260238,2026-08-27 20:04:15,共享AI互动室,excluded,outside_affirmative_spring_rosters
2026_spring,问答记录导出0919_已更新.xlsx,问答记录,问答记录导出0919_已更新.xlsx::问答记录::R872,260238,2026-08-27 18:53:11,共享AI互动室,excluded,outside_affirmative_spring_rosters
2026_spring,问答记录导出0919_已更新.xlsx,问答记录,问答记录导出0919_已更新.xlsx::问答记录::R873,260238,2026-08-27 17:57:33,共享AI互动室,excluded,outside_affirmative_spring_rosters
2026_spring,问答记录导出0919_已更新.xlsx,问答记录,问答记录导出0919_已更新.xlsx::问答记录::R874,260238,2026-08-27 17:13:26,共享AI互动室,excluded,outside_affirmative_spring_rosters
2026_spring,问答记录导出0919_已更新.xlsx,问答记录,问答记录导出0919_已更新.xlsx::问答记录::R875,260239,2026-01-01 18:42:23,AI智能体,excluded,outside_affirmative_spring_rosters
2026_spring,问答记录导出0919_已更新.xlsx,问答记录,问答记录导出0919_已更新.xlsx::问答记录::R876,260239,2026-01-01 18:36:54,AI助教,excluded,outside_affirmative_spring_rosters
2026_spring,问答记录导出0919_已更新.xlsx,问答记录,问答记录导出0919_已更新.xlsx::问答记录::R877,260239,2026-01-01 18:18:15,AI智能体,excluded,outside_affirmative_spring_rosters
2026_spring,问答记录导出0919_已更新.xlsx,问答记录,问答记录导出0919_已更新.xlsx::问答记录::R878,260240,2025-06-16 16:38:06,AI助教,excluded,outside_affirmative_spring_rosters
2026_spring,问答记录导出0919_已更新.xlsx,问答记录,问答记录导出0919_已更新.xlsx::问答记录::R879,260241,2026-01-17 15:42:51,AI智能体,excluded,outside_affirmative_spring_rosters
2026_spring,问答记录导出0919_已更新.xlsx,问答记录,问答记录导出0919_已更新.xlsx::问答记录::R880,260241,2026-01-17 15:30:16,AI智能体,excluded,outside_affirmative_spring_rosters
2026_spring,问答记录导出0919_已更新.xlsx,问答记录,问答记录导出0919_已更新.xlsx::问答记录::R881,260241,2026-01-17 15:25:48,AI智能体,excluded,outside_affirmative_spring_rosters
2026_spring,问答记录导出0919_已更新.xlsx,问答记录,问答记录导出0919_已更新.xlsx::问答记录::R882,260242,2026-06-16 16:22:45,AI智能体,excluded,outside_affirmative_spring_rosters
2026_spring,问答记录导出0919_已更新.xlsx,问答记录,问答记录导出0919_已更新.xlsx::问答记录::R883,260243,2025-12-30 22:47:34,AI助教,excluded,outside_affirmative_spring_rosters
2026_spring,问答记录导出0919_已更新.xlsx,问答记录,问答记录导出0919_已更新.xlsx::问答记录::R884,260243,2025-12-30 22:45:49,AI助教,excluded,outside_affirmative_spring_rosters
2026_spring,问答记录导出0919_已更新.xlsx,问答记录,问答记录导出0919_已更新.xlsx::问答记录::R885,260243,2025-12-16 14:58:09,AI助教,excluded,outside_affirmative_spring_rosters
2026_spring,问答记录导出0919_已更新.xlsx,问答记录,问答记录导出0919_已更新.xlsx::问答记录::R886,260243,2025-12-02 14:33:49,AI智能体,excluded,outside_affirmative_spring_rosters
2026_spring,问答记录导出0919_已更新.xlsx,问答记录,问答记录导出0919_已更新.xlsx::问答记录::R887,260243,2025-12-02 14:17:06,AI助教,excluded,outside_affirmative_spring_rosters
2026_spring,问答记录导出0919_已更新.xlsx,问答记录,问答记录导出0919_已更新.xlsx::问答记录::R888,260243,2025-12-02 14:14:18,AI助教,excluded,outside_affirmative_spring_rosters
2026_spring,问答记录导出0919_已更新.xlsx,问答记录,问答记录导出0919_已更新.xlsx::问答记录::R889,260244,2025-12-22 21:44:54,AI智能体,excluded,outside_affirmative_spring_rosters
2026_spring,问答记录导出0919_已更新.xlsx,问答记录,问答记录导出0919_已更新.xlsx::问答记录::R890,260244,2025-12-22 21:38:51,AI智能体,excluded,outside_affirmative_spring_rosters
2026_spring,问答记录导出0919_已更新.xlsx,问答记录,问答记录导出0919_已更新.xlsx::问答记录::R891,260245,2025-11-06 15:24:42,AI智能体,excluded,outside_affirmative_spring_rosters
2026_spring,问答记录导出0919_已更新.xlsx,问答记录,问答记录导出0919_已更新.xlsx::问答记录::R892,260245,2025-11-06 15:14:27,AI智能体,excluded,outside_affirmative_spring_rosters
2026_spring,问答记录导出0919_已更新.xlsx,问答记录,问答记录导出0919_已更新.xlsx::问答记录::R893,260245,2025-11-06 15:04:19,AI智能体,excluded,outside_affirmative_spring_rosters
2026_spring,问答记录导出0919_已更新.xlsx,问答记录,问答记录导出0919_已更新.xlsx::问答记录::R894,260246,2026-08-26 20:09:50,AI智能体,excluded,outside_affirmative_spring_rosters
2026_spring,问答记录导出0919_已更新.xlsx,问答记录,问答记录导出0919_已更新.xlsx::问答记录::R895,260246,2026-08-26 20:09:29,AI学伴,excluded,outside_affirmative_spring_rosters
2026_spring,问答记录导出0919_已更新.xlsx,问答记录,问答记录导出0919_已更新.xlsx::问答记录::R896,260246,2026-08-20 19:33:52,AI智能体,excluded,outside_affirmative_spring_rosters
2026_spring,问答记录导出0919_已更新.xlsx,问答记录,问答记录导出0919_已更新.xlsx::问答记录::R897,260246,2026-08-20 19:33:31,AI学伴,excluded,outside_affirmative_spring_rosters
2026_spring,问答记录导出0919_已更新.xlsx,问答记录,问答记录导出0919_已更新.xlsx::问答记录::R898,260246,2026-01-26 14:02:43,AI助教,excluded,outside_affirmative_spring_rosters
2026_spring,问答记录导出0919_已更新.xlsx,问答记录,问答记录导出0919_已更新.xlsx::问答记录::R899,260246,2025-12-10 16:29:58,AI智能体,excluded,outside_affirmative_spring_rosters
2026_spring,问答记录导出0919_已更新.xlsx,问答记录,问答记录导出0919_已更新.xlsx::问答记录::R900,260246,2025-12-10 16:11:16,AI智能体,excluded,outside_affirmative_spring_rosters
2026_spring,问答记录导出0919_已更新.xlsx,问答记录,问答记录导出0919_已更新.xlsx::问答记录::R901,260246,2025-12-10 16:10:54,AI智能体,excluded,outside_affirmative_spring_rosters
2026_spring,问答记录导出0919_已更新.xlsx,问答记录,问答记录导出0919_已更新.xlsx::问答记录::R902,260247,2026-01-11 14:13:57,AI智能体,excluded,outside_affirmative_spring_rosters
2026_spring,问答记录导出0919_已更新.xlsx,问答记录,问答记录导出0919_已更新.xlsx::问答记录::R903,260247,2026-01-11 13:59:47,AI智能体,excluded,outside_affirmative_spring_rosters
2026_spring,问答记录导出0919_已更新.xlsx,问答记录,问答记录导出0919_已更新.xlsx::问答记录::R904,260247,2026-01-11 13:52:36,AI智能体,excluded,outside_affirmative_spring_rosters
2026_spring,问答记录导出0919_已更新.xlsx,问答记录,问答记录导出0919_已更新.xlsx::问答记录::R905,260247,2026-01-11 13:47:48,AI智能体,excluded,outside_affirmative_spring_rosters
2026_spring,问答记录导出0919_已更新.xlsx,问答记录,问答记录导出0919_已更新.xlsx::问答记录::R906,260248,2025-05-18 10:46:02,AI智能体,excluded,outside_affirmative_spring_rosters
2026_spring,问答记录导出0919_已更新.xlsx,问答记录,问答记录导出0919_已更新.xlsx::问答记录::R907,260248,2025-04-18 17:05:58,AI助教,excluded,outside_affirmative_spring_rosters
2026_spring,问答记录导出0919_已更新.xlsx,问答记录,问答记录导出0919_已更新.xlsx::问答记录::R908,260249,2026-01-17 15:41:20,AI智能体,excluded,outside_affirmative_spring_rosters
2026_spring,问答记录导出0919_已更新.xlsx,问答记录,问答记录导出0919_已更新.xlsx::问答记录::R909,260249,2025-12-02 15:15:50,AI助教,excluded,outside_affirmative_spring_rosters
2026_spring,问答记录导出0919_已更新.xlsx,问答记录,问答记录导出0919_已更新.xlsx::问答记录::R910,260250,2025-11-15 17:40:25,AI智能体,excluded,outside_affirmative_spring_rosters
2026_spring,问答记录导出0919_已更新.xlsx,问答记录,问答记录导出0919_已更新.xlsx::问答记录::R911,260250,2025-11-15 17:28:46,AI智能体,excluded,outside_affirmative_spring_rosters
2026_spring,问答记录导出0919_已更新.xlsx,问答记录,问答记录导出0919_已更新.xlsx::问答记录::R912,260251,2025-12-30 21:43:43,AI助教,excluded,outside_affirmative_spring_rosters
2026_spring,问答记录导出0919_已更新.xlsx,问答记录,问答记录导出0919_已更新.xlsx::问答记录::R913,260252,2026-01-18 22:39:29,AI智能体,excluded,outside_affirmative_spring_rosters
2026_spring,问答记录导出0919_已更新.xlsx,问答记录,问答记录导出0919_已更新.xlsx::问答记录::R914,260252,2026-01-18 22:26:22,AI智能体,excluded,outside_affirmative_spring_rosters
2026_spring,问答记录导出0919_已更新.xlsx,问答记录,问答记录导出0919_已更新.xlsx::问答记录::R915,260252,2026-01-12 23:55:54,AI智能体,excluded,outside_affirmative_spring_rosters
2026_spring,问答记录导出0919_已更新.xlsx,问答记录,问答记录导出0919_已更新.xlsx::问答记录::R916,260252,2026-01-12 23:51:38,AI智能体,excluded,outside_affirmative_spring_rosters
2026_spring,问答记录导出0919_已更新.xlsx,问答记录,问答记录导出0919_已更新.xlsx::问答记录::R917,260253,2025-11-23 20:41:15,AI智能体,excluded,outside_affirmative_spring_rosters
2026_spring,问答记录导出0919_已更新.xlsx,问答记录,问答记录导出0919_已更新.xlsx::问答记录::R918,260253,2025-11-23 20:24:49,AI智能体,excluded,outside_affirmative_spring_rosters
2026_spring,问答记录导出0919_已更新.xlsx,问答记录,问答记录导出0919_已更新.xlsx::问答记录::R919,260253,2025-11-23 20:22:53,AI助教,excluded,outside_affirmative_spring_rosters
2026_spring,问答记录导出0919_已更新.xlsx,问答记录,问答记录导出0919_已更新.xlsx::问答记录::R920,260254,2025-11-06 14:49:48,AI智能体,excluded,outside_affirmative_spring_rosters
2026_spring,问答记录导出0919_已更新.xlsx,问答记录,问答记录导出0919_已更新.xlsx::问答记录::R921,260254,2025-11-06 14:31:38,AI智能体,excluded,outside_affirmative_spring_rosters
2026_spring,问答记录导出0919_已更新.xlsx,问答记录,问答记录导出0919_已更新.xlsx::问答记录::R922,260254,2025-11-06 14:23:19,AI助教,excluded,outside_affirmative_spring_rosters
2026_spring,问答记录导出0919_已更新.xlsx,问答记录,问答记录导出0919_已更新.xlsx::问答记录::R923,260254,2025-11-06 14:20:29,AI助教,excluded,outside_affirmative_spring_rosters
2026_spring,问答记录导出0919_已更新.xlsx,问答记录,问答记录导出0919_已更新.xlsx::问答记录::R924,260254,2025-10-09 15:49:31,AI助教,excluded,outside_affirmative_spring_rosters
2026_spring,问答记录导出0919_已更新.xlsx,问答记录,问答记录导出0919_已更新.xlsx::问答记录::R925,260255,2026-06-16 16:09:36,AI智能体,excluded,outside_affirmative_spring_rosters
2026_spring,问答记录导出0919_已更新.xlsx,问答记录,问答记录导出0919_已更新.xlsx::问答记录::R926,260256,2026-09-07 10:33:02,AI智能体,excluded,outside_affirmative_spring_rosters
2026_spring,问答记录导出0919_已更新.xlsx,问答记录,问答记录导出0919_已更新.xlsx::问答记录::R927,260257,2026-01-15 10:54:55,AI智能体,excluded,outside_affirmative_spring_rosters
2026_spring,问答记录导出0919_已更新.xlsx,问答记录,问答记录导出0919_已更新.xlsx::问答记录::R928,260257,2026-01-05 10:32:52,AI智能体,excluded,outside_affirmative_spring_rosters
2026_spring,问答记录导出0919_已更新.xlsx,问答记录,问答记录导出0919_已更新.xlsx::问答记录::R929,260257,2026-01-05 10:10:29,AI智能体,excluded,outside_affirmative_spring_rosters
2026_spring,问答记录导出0919_已更新.xlsx,问答记录,问答记录导出0919_已更新.xlsx::问答记录::R930,260257,2026-01-05 10:02:35,AI智能体,excluded,outside_affirmative_spring_rosters
2026_spring,问答记录导出0919_已更新.xlsx,问答记录,问答记录导出0919_已更新.xlsx::问答记录::R931,260257,2026-01-05 10:01:43,AI智能体,excluded,outside_affirmative_spring_rosters
2026_spring,问答记录导出0919_已更新.xlsx,问答记录,问答记录导出0919_已更新.xlsx::问答记录::R932,260257,2025-12-09 15:09:50,AI智能体,excluded,outside_affirmative_spring_rosters
2026_spring,问答记录导出0919_已更新.xlsx,问答记录,问答记录导出0919_已更新.xlsx::问答记录::R933,260257,2025-12-09 15:08:39,AI智能体,excluded,outside_affirmative_spring_rosters
2026_spring,问答记录导出0919_已更新.xlsx,问答记录,问答记录导出0919_已更新.xlsx::问答记录::R934,260257,2025-12-09 15:08:01,AI智能体,excluded,outside_affirmative_spring_rosters
2026_spring,问答记录导出0919_已更新.xlsx,问答记录,问答记录导出0919_已更新.xlsx::问答记录::R935,260257,2025-11-18 12:27:39,AI智能体,excluded,outside_affirmative_spring_rosters
2026_spring,问答记录导出0919_已更新.xlsx,问答记录,问答记录导出0919_已更新.xlsx::问答记录::R936,260257,2025-11-06 12:24:09,AI助教,excluded,outside_affirmative_spring_rosters
2026_spring,问答记录导出0919_已更新.xlsx,问答记录,问答记录导出0919_已更新.xlsx::问答记录::R937,260258,2025-11-11 17:11:04,AI智能体,excluded,outside_affirmative_spring_rosters
2026_spring,问答记录导出0919_已更新.xlsx,问答记录,问答记录导出0919_已更新.xlsx::问答记录::R938,260258,2025-11-11 17:08:57,AI智能体,excluded,outside_affirmative_spring_rosters
2026_spring,问答记录导出0919_已更新.xlsx,问答记录,问答记录导出0919_已更新.xlsx::问答记录::R939,260259,2025-11-29 18:00:55,AI智能体,excluded,outside_affirmative_spring_rosters
2026_spring,问答记录导出0919_已更新.xlsx,问答记录,问答记录导出0919_已更新.xlsx::问答记录::R940,260259,2025-11-16 16:15:39,AI助教,excluded,outside_affirmative_spring_rosters
2026_spring,问答记录导出0919_已更新.xlsx,问答记录,问答记录导出0919_已更新.xlsx::问答记录::R941,260260,2025-11-21 14:23:32,AI智能体,excluded,outside_affirmative_spring_rosters
2026_spring,问答记录导出0919_已更新.xlsx,问答记录,问答记录导出0919_已更新.xlsx::问答记录::R942,260260,2025-11-21 14:08:36,AI智能体,excluded,outside_affirmative_spring_rosters
2026_spring,问答记录导出0919_已更新.xlsx,问答记录,问答记录导出0919_已更新.xlsx::问答记录::R943,260260,2025-11-21 14:08:02,AI智能体,excluded,outside_affirmative_spring_rosters
2026_spring,问答记录导出0919_已更新.xlsx,问答记录,问答记录导出0919_已更新.xlsx::问答记录::R944,260260,2025-11-21 13:57:04,AI智能体,excluded,outside_affirmative_spring_rosters
2026_spring,问答记录导出0919_已更新.xlsx,问答记录,问答记录导出0919_已更新.xlsx::问答记录::R945,260260,2025-09-28 17:14:35,AI助教,excluded,outside_affirmative_spring_rosters
2026_spring,问答记录导出0919_已更新.xlsx,问答记录,问答记录导出0919_已更新.xlsx::问答记录::R946,260261,2026-09-18 16:10:48,共享AI互动室,excluded,outside_affirmative_spring_rosters
2026_spring,问答记录导出0919_已更新.xlsx,问答记录,问答记录导出0919_已更新.xlsx::问答记录::R947,260262,2026-01-17 17:30:28,AI智能体,excluded,outside_affirmative_spring_rosters
2026_spring,问答记录导出0919_已更新.xlsx,问答记录,问答记录导出0919_已更新.xlsx::问答记录::R948,260262,2026-01-17 17:25:30,AI智能体,excluded,outside_affirmative_spring_rosters
2026_spring,问答记录导出0919_已更新.xlsx,问答记录,问答记录导出0919_已更新.xlsx::问答记录::R949,260263,2025-05-23 21:47:02,AI助教,excluded,outside_affirmative_spring_rosters
2026_spring,问答记录导出0919_已更新.xlsx,问答记录,问答记录导出0919_已更新.xlsx::问答记录::R950,260264,2025-11-04 14:34:58,AI智能体,excluded,outside_affirmative_spring_rosters
2026_spring,问答记录导出0919_已更新.xlsx,问答记录,问答记录导出0919_已更新.xlsx::问答记录::R951,260264,2025-11-04 14:19:41,AI智能体,excluded,outside_affirmative_spring_rosters
2026_spring,问答记录导出0919_已更新.xlsx,问答记录,问答记录导出0919_已更新.xlsx::问答记录::R952,260264,2025-11-04 14:15:39,AI助教,excluded,outside_affirmative_spring_rosters
2026_spring,问答记录导出0919_已更新.xlsx,问答记录,问答记录导出0919_已更新.xlsx::问答记录::R953,260265,2025-12-30 22:20:11,AI智能体,excluded,outside_affirmative_spring_rosters
2026_spring,问答记录导出0919_已更新.xlsx,问答记录,问答记录导出0919_已更新.xlsx::问答记录::R954,260265,2025-12-30 22:09:18,AI智能体,excluded,outside_affirmative_spring_rosters
2026_spring,问答记录导出0919_已更新.xlsx,问答记录,问答记录导出0919_已更新.xlsx::问答记录::R955,260266,2025-11-06 17:13:24,AI助教,excluded,outside_affirmative_spring_rosters
2026_spring,问答记录导出0919_已更新.xlsx,问答记录,问答记录导出0919_已更新.xlsx::问答记录::R956,260266,2025-11-06 17:07:36,AI助教,excluded,outside_affirmative_spring_rosters
2026_spring,问答记录导出0919_已更新.xlsx,问答记录,问答记录导出0919_已更新.xlsx::问答记录::R957,260267,2025-12-03 09:59:24,AI助教,excluded,outside_affirmative_spring_rosters
2026_spring,问答记录导出0919_已更新.xlsx,问答记录,问答记录导出0919_已更新.xlsx::问答记录::R958,260267,2025-12-03 09:52:25,AI智能体,excluded,outside_affirmative_spring_rosters
2026_spring,问答记录导出0919_已更新.xlsx,问答记录,问答记录导出0919_已更新.xlsx::问答记录::R959,260267,2025-12-03 09:51:20,AI智能体,excluded,outside_affirmative_spring_rosters
2026_spring,问答记录导出0919_已更新.xlsx,问答记录,问答记录导出0919_已更新.xlsx::问答记录::R960,260267,2025-12-03 09:51:16,AI智能体,excluded,outside_affirmative_spring_rosters
2026_spring,问答记录导出0919_已更新.xlsx,问答记录,问答记录导出0919_已更新.xlsx::问答记录::R961,260267,2025-12-03 09:51:11,AI智能体,excluded,outside_affirmative_spring_rosters
2026_spring,问答记录导出0919_已更新.xlsx,问答记录,问答记录导出0919_已更新.xlsx::问答记录::R962,260267,2025-12-03 09:48:35,AI助教,excluded,outside_affirmative_spring_rosters
2026_spring,问答记录导出0919_已更新.xlsx,问答记录,问答记录导出0919_已更新.xlsx::问答记录::R963,260267,2025-12-02 16:40:12,AI助教,excluded,outside_affirmative_spring_rosters
2026_spring,问答记录导出0919_已更新.xlsx,问答记录,问答记录导出0919_已更新.xlsx::问答记录::R964,260267,2025-11-19 11:08:44,AI智能体,excluded,outside_affirmative_spring_rosters
2026_spring,问答记录导出0919_已更新.xlsx,问答记录,问答记录导出0919_已更新.xlsx::问答记录::R965,260268,2025-11-16 22:50:39,AI智能体,excluded,outside_affirmative_spring_rosters
2026_spring,问答记录导出0919_已更新.xlsx,问答记录,问答记录导出0919_已更新.xlsx::问答记录::R966,260268,2025-11-16 22:48:32,AI智能体,excluded,outside_affirmative_spring_rosters
2026_spring,问答记录导出0919_已更新.xlsx,问答记录,问答记录导出0919_已更新.xlsx::问答记录::R967,260268,2025-11-16 22:39:02,AI助教,excluded,outside_affirmative_spring_rosters
2026_spring,问答记录导出0919_已更新.xlsx,问答记录,问答记录导出0919_已更新.xlsx::问答记录::R968,260268,2025-11-16 22:36:38,AI助教,excluded,outside_affirmative_spring_rosters
2026_spring,问答记录导出0919_已更新.xlsx,问答记录,问答记录导出0919_已更新.xlsx::问答记录::R969,260269,2026-01-05 14:38:20,AI智能体,excluded,outside_affirmative_spring_rosters
2026_spring,问答记录导出0919_已更新.xlsx,问答记录,问答记录导出0919_已更新.xlsx::问答记录::R970,260269,2026-01-05 14:17:26,AI智能体,excluded,outside_affirmative_spring_rosters
2026_spring,问答记录导出0919_已更新.xlsx,问答记录,问答记录导出0919_已更新.xlsx::问答记录::R971,260269,2025-12-23 18:52:36,AI智能体,excluded,outside_affirmative_spring_rosters
2026_spring,问答记录导出0919_已更新.xlsx,问答记录,问答记录导出0919_已更新.xlsx::问答记录::R972,260270,2025-11-14 18:17:36,AI助教,excluded,outside_affirmative_spring_rosters
2026_spring,问答记录导出0919_已更新.xlsx,问答记录,问答记录导出0919_已更新.xlsx::问答记录::R973,260270,2025-11-14 18:04:52,AI助教,excluded,outside_affirmative_spring_rosters
2026_spring,问答记录导出0919_已更新.xlsx,问答记录,问答记录导出0919_已更新.xlsx::问答记录::R974,260270,2025-11-14 17:56:05,AI助教,excluded,outside_affirmative_spring_rosters
2026_spring,问答记录导出0919_已更新.xlsx,问答记录,问答记录导出0919_已更新.xlsx::问答记录::R975,260271,2025-12-28 15:20:05,AI助教,excluded,outside_affirmative_spring_rosters
2026_spring,问答记录导出0919_已更新.xlsx,问答记录,问答记录导出0919_已更新.xlsx::问答记录::R976,260271,2025-12-03 14:50:13,AI智能体,excluded,outside_affirmative_spring_rosters
2026_spring,问答记录导出0919_已更新.xlsx,问答记录,问答记录导出0919_已更新.xlsx::问答记录::R977,260271,2025-12-03 14:41:05,AI智能体,excluded,outside_affirmative_spring_rosters
2026_spring,问答记录导出0919_已更新.xlsx,问答记录,问答记录导出0919_已更新.xlsx::问答记录::R978,260272,2025-12-26 19:32:44,AI助教,excluded,outside_affirmative_spring_rosters
2026_spring,问答记录导出0919_已更新.xlsx,问答记录,问答记录导出0919_已更新.xlsx::问答记录::R979,260273,2025-12-26 15:13:44,AI智能体,excluded,outside_affirmative_spring_rosters
2026_spring,问答记录导出0919_已更新.xlsx,问答记录,问答记录导出0919_已更新.xlsx::问答记录::R980,260273,2025-12-26 15:12:20,AI助教,excluded,outside_affirmative_spring_rosters
2026_spring,问答记录导出0919_已更新.xlsx,问答记录,问答记录导出0919_已更新.xlsx::问答记录::R981,260273,2025-12-25 23:04:46,AI智能体,excluded,outside_affirmative_spring_rosters
2026_spring,问答记录导出0919_已更新.xlsx,问答记录,问答记录导出0919_已更新.xlsx::问答记录::R982,260273,2025-12-25 16:22:34,AI助教,excluded,outside_affirmative_spring_rosters
2026_spring,问答记录导出0919_已更新.xlsx,问答记录,问答记录导出0919_已更新.xlsx::问答记录::R983,260273,2025-10-27 11:09:25,AI助教,excluded,outside_affirmative_spring_rosters
2026_spring,问答记录导出0919_已更新.xlsx,问答记录,问答记录导出0919_已更新.xlsx::问答记录::R984,260274,2025-06-07 18:39:04,AI助教,excluded,outside_affirmative_spring_rosters
2026_spring,问答记录导出0919_已更新.xlsx,问答记录,问答记录导出0919_已更新.xlsx::问答记录::R985,260275,2025-12-05 15:57:34,AI智能体,excluded,outside_affirmative_spring_rosters
2026_spring,问答记录导出0919_已更新.xlsx,问答记录,问答记录导出0919_已更新.xlsx::问答记录::R986,260275,2025-12-05 15:49:49,AI智能体,excluded,outside_affirmative_spring_rosters
2026_spring,问答记录导出0919_已更新.xlsx,问答记录,问答记录导出0919_已更新.xlsx::问答记录::R987,260275,2025-11-15 23:52:55,AI智能体,excluded,outside_affirmative_spring_rosters
2026_spring,问答记录导出0919_已更新.xlsx,问答记录,问答记录导出0919_已更新.xlsx::问答记录::R988,260275,2025-11-15 23:38:09,AI智能体,excluded,outside_affirmative_spring_rosters
2026_spring,问答记录导出0919_已更新.xlsx,问答记录,问答记录导出0919_已更新.xlsx::问答记录::R989,260275,2025-11-15 23:35:46,AI助教,excluded,outside_affirmative_spring_rosters
2026_spring,问答记录导出0919_已更新.xlsx,问答记录,问答记录导出0919_已更新.xlsx::问答记录::R990,260275,2025-11-15 23:32:05,AI助教,excluded,outside_affirmative_spring_rosters
2026_spring,问答记录导出0919_已更新.xlsx,问答记录,问答记录导出0919_已更新.xlsx::问答记录::R991,260276,2025-11-17 14:38:53,AI智能体,excluded,outside_affirmative_spring_rosters
2026_spring,问答记录导出0919_已更新.xlsx,问答记录,问答记录导出0919_已更新.xlsx::问答记录::R992,260276,2025-11-17 14:28:52,AI助教,excluded,outside_affirmative_spring_rosters
2026_spring,问答记录导出0919_已更新.xlsx,问答记录,问答记录导出0919_已更新.xlsx::问答记录::R993,260277,2025-11-13 20:09:31,AI智能体,excluded,outside_affirmative_spring_rosters
2026_spring,问答记录导出0919_已更新.xlsx,问答记录,问答记录导出0919_已更新.xlsx::问答记录::R994,260277,2025-11-13 19:31:08,AI智能体,excluded,outside_affirmative_spring_rosters
2026_spring,问答记录导出0919_已更新.xlsx,问答记录,问答记录导出0919_已更新.xlsx::问答记录::R995,260277,2025-10-16 19:32:41,AI助教,excluded,outside_affirmative_spring_rosters
2026_spring,问答记录导出0919_已更新.xlsx,问答记录,问答记录导出0919_已更新.xlsx::问答记录::R996,260277,2025-10-10 15:21:13,AI助教,excluded,outside_affirmative_spring_rosters
2026_spring,问答记录导出0919_已更新.xlsx,问答记录,问答记录导出0919_已更新.xlsx::问答记录::R997,260278,2025-12-09 17:12:01,AI智能体,excluded,outside_affirmative_spring_rosters
2026_spring,问答记录导出0919_已更新.xlsx,问答记录,问答记录导出0919_已更新.xlsx::问答记录::R998,260278,2025-12-09 16:39:32,AI智能体,excluded,outside_affirmative_spring_rosters
2026_spring,问答记录导出0919_已更新.xlsx,问答记录,问答记录导出0919_已更新.xlsx::问答记录::R999,260278,2025-12-09 16:34:36,AI智能体,excluded,outside_affirmative_spring_rosters
2026_spring,问答记录导出0919_已更新.xlsx,问答记录,问答记录导出0919_已更新.xlsx::问答记录::R1000,260278,2025-12-09 16:34:28,AI智能体,excluded,outside_affirmative_spring_rosters
2026_spring,问答记录导出0919_已更新.xlsx,问答记录,问答记录导出0919_已更新.xlsx::问答记录::R1001,260278,2025-12-09 16:29:05,AI助教,excluded,outside_affirmative_spring_rosters
2026_spring,问答记录导出0919_已更新.xlsx,问答记录,问答记录导出0919_已更新.xlsx::问答记录::R1002,260279,2025-12-28 16:39:37,AI智能体,excluded,outside_affirmative_spring_rosters
2026_spring,问答记录导出0919_已更新.xlsx,问答记录,问答记录导出0919_已更新.xlsx::问答记录::R1003,260279,2025-12-28 16:27:19,AI智能体,excluded,outside_affirmative_spring_rosters
2026_spring,问答记录导出0919_已更新.xlsx,问答记录,问答记录导出0919_已更新.xlsx::问答记录::R1004,260279,2025-12-28 16:26:30,AI智能体,excluded,outside_affirmative_spring_rosters
2026_spring,问答记录导出0919_已更新.xlsx,问答记录,问答记录导出0919_已更新.xlsx::问答记录::R1005,260280,2026-01-09 19:26:16,AI智能体,excluded,outside_affirmative_spring_rosters
2026_spring,问答记录导出0919_已更新.xlsx,问答记录,问答记录导出0919_已更新.xlsx::问答记录::R1006,260280,2026-01-09 19:17:38,AI智能体,excluded,outside_affirmative_spring_rosters
2026_spring,问答记录导出0919_已更新.xlsx,问答记录,问答记录导出0919_已更新.xlsx::问答记录::R1007,260280,2026-01-09 19:16:40,AI智能体,excluded,outside_affirmative_spring_rosters
2026_spring,问答记录导出0919_已更新.xlsx,问答记录,问答记录导出0919_已更新.xlsx::问答记录::R1008,260280,2026-01-09 19:13:35,AI智能体,excluded,outside_affirmative_spring_rosters
2026_spring,问答记录导出0919_已更新.xlsx,问答记录,问答记录导出0919_已更新.xlsx::问答记录::R1009,260281,2025-11-17 10:37:38,AI智能体,excluded,outside_affirmative_spring_rosters
2026_spring,问答记录导出0919_已更新.xlsx,问答记录,问答记录导出0919_已更新.xlsx::问答记录::R1010,260281,2025-11-17 10:37:03,AI智能体,excluded,outside_affirmative_spring_rosters
2026_spring,问答记录导出0919_已更新.xlsx,问答记录,问答记录导出0919_已更新.xlsx::问答记录::R1011,260281,2025-11-04 16:46:24,AI智能体,excluded,outside_affirmative_spring_rosters
2026_spring,问答记录导出0919_已更新.xlsx,问答记录,问答记录导出0919_已更新.xlsx::问答记录::R1012,260281,2025-11-04 16:46:13,AI智能体,excluded,outside_affirmative_spring_rosters
2026_spring,问答记录导出0919_已更新.xlsx,问答记录,问答记录导出0919_已更新.xlsx::问答记录::R1013,260282,2025-11-19 16:10:19,AI智能体,excluded,outside_affirmative_spring_rosters
2026_spring,问答记录导出0919_已更新.xlsx,问答记录,问答记录导出0919_已更新.xlsx::问答记录::R1014,260282,2025-11-19 16:09:09,AI智能体,excluded,outside_affirmative_spring_rosters
2026_spring,问答记录导出0919_已更新.xlsx,问答记录,问答记录导出0919_已更新.xlsx::问答记录::R1015,260282,2025-11-19 16:08:11,AI智能体,excluded,outside_affirmative_spring_rosters
2026_spring,问答记录导出0919_已更新.xlsx,问答记录,问答记录导出0919_已更新.xlsx::问答记录::R1016,260282,2025-11-19 15:57:36,AI助教,excluded,outside_affirmative_spring_rosters
2026_spring,问答记录导出0919_已更新.xlsx,问答记录,问答记录导出0919_已更新.xlsx::问答记录::R1017,260282,2025-11-19 15:55:59,AI助教,excluded,outside_affirmative_spring_rosters
2026_spring,问答记录导出0919_已更新.xlsx,问答记录,问答记录导出0919_已更新.xlsx::问答记录::R1018,260283,2025-11-07 09:06:46,AI智能体,excluded,outside_affirmative_spring_rosters
2026_spring,问答记录导出0919_已更新.xlsx,问答记录,问答记录导出0919_已更新.xlsx::问答记录::R1019,260283,2025-11-07 08:52:37,AI助教,excluded,outside_affirmative_spring_rosters
2026_spring,问答记录导出0919_已更新.xlsx,问答记录,问答记录导出0919_已更新.xlsx::问答记录::R1020,260284,2026-01-20 21:03:45,AI助教,excluded,outside_affirmative_spring_rosters
2026_spring,问答记录导出0919_已更新.xlsx,问答记录,问答记录导出0919_已更新.xlsx::问答记录::R1021,260284,2025-11-24 09:07:39,AI智能体,excluded,outside_affirmative_spring_rosters
2026_spring,问答记录导出0919_已更新.xlsx,问答记录,问答记录导出0919_已更新.xlsx::问答记录::R1022,260284,2025-11-24 09:05:35,AI智能体,excluded,outside_affirmative_spring_rosters
2026_spring,问答记录导出0919_已更新.xlsx,问答记录,问答记录导出0919_已更新.xlsx::问答记录::R1023,260284,2025-11-24 08:44:00,AI智能体,excluded,outside_affirmative_spring_rosters
2026_spring,问答记录导出0919_已更新.xlsx,问答记录,问答记录导出0919_已更新.xlsx::问答记录::R1024,260284,2025-11-24 08:41:26,AI助教,excluded,outside_affirmative_spring_rosters
2026_spring,问答记录导出0919_已更新.xlsx,问答记录,问答记录导出0919_已更新.xlsx::问答记录::R1025,260284,2025-11-24 08:35:57,AI智能体,excluded,outside_affirmative_spring_rosters
2026_spring,问答记录导出0919_已更新.xlsx,问答记录,问答记录导出0919_已更新.xlsx::问答记录::R1026,260285,2026-01-16 10:39:27,AI智能体,excluded,outside_affirmative_spring_rosters
2026_spring,问答记录导出0919_已更新.xlsx,问答记录,问答记录导出0919_已更新.xlsx::问答记录::R1027,260285,2025-11-21 17:39:39,AI智能体,excluded,outside_affirmative_spring_rosters
2026_spring,问答记录导出0919_已更新.xlsx,问答记录,问答记录导出0919_已更新.xlsx::问答记录::R1028,260285,2025-11-21 17:21:40,AI智能体,excluded,outside_affirmative_spring_rosters
2026_spring,问答记录导出0919_已更新.xlsx,问答记录,问答记录导出0919_已更新.xlsx::问答记录::R1029,260286,2026-01-10 17:49:06,AI智能体,excluded,outside_affirmative_spring_rosters
2026_spring,问答记录导出0919_已更新.xlsx,问答记录,问答记录导出0919_已更新.xlsx::问答记录::R1030,260286,2026-01-10 15:11:35,AI智能体,excluded,outside_affirmative_spring_rosters
2026_spring,问答记录导出0919_已更新.xlsx,问答记录,问答记录导出0919_已更新.xlsx::问答记录::R1031,260286,2026-01-10 14:46:19,AI智能体,excluded,outside_affirmative_spring_rosters
2026_spring,问答记录导出0919_已更新.xlsx,问答记录,问答记录导出0919_已更新.xlsx::问答记录::R1032,260287,2026-01-10 19:05:22,AI智能体,excluded,outside_affirmative_spring_rosters
2026_spring,问答记录导出0919_已更新.xlsx,问答记录,问答记录导出0919_已更新.xlsx::问答记录::R1033,260287,2026-01-10 18:49:22,AI智能体,excluded,outside_affirmative_spring_rosters
2026_spring,问答记录导出0919_已更新.xlsx,问答记录,问答记录导出0919_已更新.xlsx::问答记录::R1034,260287,2026-01-10 18:36:13,AI智能体,excluded,outside_affirmative_spring_rosters
2026_spring,问答记录导出0919_已更新.xlsx,问答记录,问答记录导出0919_已更新.xlsx::问答记录::R1035,260287,2026-01-10 18:35:16,AI智能体,excluded,outside_affirmative_spring_rosters
2026_spring,问答记录导出0919_已更新.xlsx,问答记录,问答记录导出0919_已更新.xlsx::问答记录::R1036,260287,2025-11-25 11:14:19,AI智能体,excluded,outside_affirmative_spring_rosters
2026_spring,问答记录导出0919_已更新.xlsx,问答记录,问答记录导出0919_已更新.xlsx::问答记录::R1037,260287,2025-11-25 10:55:17,AI智能体,excluded,outside_affirmative_spring_rosters
2026_spring,问答记录导出0919_已更新.xlsx,问答记录,问答记录导出0919_已更新.xlsx::问答记录::R1038,260287,2025-11-25 10:51:17,AI助教,excluded,outside_affirmative_spring_rosters
2026_spring,问答记录导出0919_已更新.xlsx,问答记录,问答记录导出0919_已更新.xlsx::问答记录::R1039,260288,2025-04-03 15:03:40,AI助教,excluded,outside_affirmative_spring_rosters
2026_spring,问答记录导出0919_已更新.xlsx,问答记录,问答记录导出0919_已更新.xlsx::问答记录::R1040,260289,2025-12-08 15:36:47,AI智能体,excluded,outside_affirmative_spring_rosters
2026_spring,问答记录导出0919_已更新.xlsx,问答记录,问答记录导出0919_已更新.xlsx::问答记录::R1041,260289,2025-12-08 15:29:56,AI智能体,excluded,outside_affirmative_spring_rosters
2026_spring,问答记录导出0919_已更新.xlsx,问答记录,问答记录导出0919_已更新.xlsx::问答记录::R1042,260289,2025-12-08 15:23:11,AI助教,excluded,outside_affirmative_spring_rosters
2026_spring,问答记录导出0919_已更新.xlsx,问答记录,问答记录导出0919_已更新.xlsx::问答记录::R1043,260290,2025-05-12 10:27:52,AI助教,excluded,outside_affirmative_spring_rosters
2026_spring,问答记录导出0919_已更新.xlsx,问答记录,问答记录导出0919_已更新.xlsx::问答记录::R1044,260291,2026-06-16 16:31:00,AI智能体,excluded,outside_affirmative_spring_rosters
2026_spring,问答记录导出0919_已更新.xlsx,问答记录,问答记录导出0919_已更新.xlsx::问答记录::R1045,260291,2026-06-16 16:27:22,AI智能体,excluded,outside_affirmative_spring_rosters
2026_spring,问答记录导出0919_已更新.xlsx,问答记录,问答记录导出0919_已更新.xlsx::问答记录::R1046,260291,2026-06-16 16:11:40,AI智能体,excluded,outside_affirmative_spring_rosters
2026_spring,问答记录导出0919_已更新.xlsx,问答记录,问答记录导出0919_已更新.xlsx::问答记录::R1047,260292,2025-12-14 00:56:33,AI智能体,excluded,outside_affirmative_spring_rosters
2026_spring,问答记录导出0919_已更新.xlsx,问答记录,问答记录导出0919_已更新.xlsx::问答记录::R1048,260292,2025-12-14 00:56:06,AI智能体,excluded,outside_affirmative_spring_rosters
2026_spring,问答记录导出0919_已更新.xlsx,问答记录,问答记录导出0919_已更新.xlsx::问答记录::R1049,260292,2025-12-14 00:44:32,AI助教,excluded,outside_affirmative_spring_rosters
2026_spring,问答记录导出0919_已更新.xlsx,问答记录,问答记录导出0919_已更新.xlsx::问答记录::R1050,260293,2025-11-22 15:30:03,AI助教,excluded,outside_affirmative_spring_rosters
2026_spring,问答记录导出0919_已更新.xlsx,问答记录,问答记录导出0919_已更新.xlsx::问答记录::R1051,260293,2025-11-20 18:41:00,AI助教,excluded,outside_affirmative_spring_rosters
2026_spring,问答记录导出0919_已更新.xlsx,问答记录,问答记录导出0919_已更新.xlsx::问答记录::R1052,260294,2025-12-18 17:47:37,AI助教,excluded,outside_affirmative_spring_rosters
2026_spring,问答记录导出0919_已更新.xlsx,问答记录,问答记录导出0919_已更新.xlsx::问答记录::R1053,260294,2025-12-18 15:43:23,AI助教,excluded,outside_affirmative_spring_rosters
2026_spring,问答记录导出0919_已更新.xlsx,问答记录,问答记录导出0919_已更新.xlsx::问答记录::R1054,260294,2025-12-18 15:32:24,AI助教,excluded,outside_affirmative_spring_rosters
2026_spring,问答记录导出0919_已更新.xlsx,问答记录,问答记录导出0919_已更新.xlsx::问答记录::R1055,260294,2025-11-06 14:26:45,AI助教,excluded,outside_affirmative_spring_rosters
2026_spring,问答记录导出0919_已更新.xlsx,问答记录,问答记录导出0919_已更新.xlsx::问答记录::R1056,260295,2026-09-16 18:38:05,共享AI互动室,excluded,outside_affirmative_spring_rosters
2026_spring,问答记录导出0919_已更新.xlsx,问答记录,问答记录导出0919_已更新.xlsx::问答记录::R1057,260296,2025-12-22 22:51:07,AI智能体,excluded,outside_affirmative_spring_rosters
2026_spring,问答记录导出0919_已更新.xlsx,问答记录,问答记录导出0919_已更新.xlsx::问答记录::R1058,260296,2025-12-22 22:43:11,AI智能体,excluded,outside_affirmative_spring_rosters
2026_spring,问答记录导出0919_已更新.xlsx,问答记录,问答记录导出0919_已更新.xlsx::问答记录::R1059,260297,2026-09-15 13:41:48,共享AI互动室,excluded,outside_affirmative_spring_rosters
2026_spring,问答记录导出0919_已更新.xlsx,问答记录,问答记录导出0919_已更新.xlsx::问答记录::R1060,260298,2026-04-26 22:31:25,AI智能体,excluded,outside_affirmative_spring_rosters
2026_spring,问答记录导出0919_已更新.xlsx,问答记录,问答记录导出0919_已更新.xlsx::问答记录::R1061,260298,2026-04-26 22:24:25,AI智能体,excluded,outside_affirmative_spring_rosters
2026_spring,问答记录导出0919_已更新.xlsx,问答记录,问答记录导出0919_已更新.xlsx::问答记录::R1062,260298,2026-04-26 22:19:45,AI智能体,excluded,outside_affirmative_spring_rosters
2026_spring,问答记录导出0919_已更新.xlsx,问答记录,问答记录导出0919_已更新.xlsx::问答记录::R1063,260298,2026-03-30 09:53:24,AI智能体,excluded,outside_affirmative_spring_rosters
2026_spring,问答记录导出0919_已更新.xlsx,问答记录,问答记录导出0919_已更新.xlsx::问答记录::R1064,260299,2026-01-03 16:56:34,AI智能体,excluded,outside_affirmative_spring_rosters
2026_spring,问答记录导出0919_已更新.xlsx,问答记录,问答记录导出0919_已更新.xlsx::问答记录::R1065,260299,2026-01-03 16:27:25,AI智能体,excluded,outside_affirmative_spring_rosters
2026_spring,问答记录导出0919_已更新.xlsx,问答记录,问答记录导出0919_已更新.xlsx::问答记录::R1066,260299,2026-01-03 16:24:03,AI智能体,excluded,outside_affirmative_spring_rosters
2026_spring,问答记录导出0919_已更新.xlsx,问答记录,问答记录导出0919_已更新.xlsx::问答记录::R1067,260299,2026-01-03 16:22:45,AI智能体,excluded,outside_affirmative_spring_rosters
2026_spring,问答记录导出0919_已更新.xlsx,问答记录,问答记录导出0919_已更新.xlsx::问答记录::R1068,260299,2026-01-03 16:21:58,AI智能体,excluded,outside_affirmative_spring_rosters
2026_spring,问答记录导出0919_已更新.xlsx,问答记录,问答记录导出0919_已更新.xlsx::问答记录::R1069,260299,2026-01-03 16:20:39,AI智能体,excluded,outside_affirmative_spring_rosters
2026_spring,问答记录导出0919_已更新.xlsx,问答记录,问答记录导出0919_已更新.xlsx::问答记录::R1070,260299,2026-01-03 16:19:30,AI智能体,excluded,outside_affirmative_spring_rosters
2026_spring,问答记录导出0919_已更新.xlsx,问答记录,问答记录导出0919_已更新.xlsx::问答记录::R1071,260299,2026-01-03 16:13:25,AI智能体,excluded,outside_affirmative_spring_rosters
2026_spring,问答记录导出0919_已更新.xlsx,问答记录,问答记录导出0919_已更新.xlsx::问答记录::R1072,260299,2026-01-03 16:10:35,AI助教,excluded,outside_affirmative_spring_rosters
2026_spring,问答记录导出0919_已更新.xlsx,问答记录,问答记录导出0919_已更新.xlsx::问答记录::R1073,260300,2026-02-27 20:51:47,AI助教,excluded,outside_affirmative_spring_rosters
2026_spring,问答记录导出0919_已更新.xlsx,问答记录,问答记录导出0919_已更新.xlsx::问答记录::R1074,260300,2026-02-27 16:26:54,AI助教,excluded,outside_affirmative_spring_rosters
2026_spring,问答记录导出0919_已更新.xlsx,问答记录,问答记录导出0919_已更新.xlsx::问答记录::R1075,260301,2025-06-11 15:16:22,AI助教,excluded,outside_affirmative_spring_rosters
2026_spring,问答记录导出0919_已更新.xlsx,问答记录,问答记录导出0919_已更新.xlsx::问答记录::R1076,260302,2025-12-22 10:33:11,AI智能体,excluded,outside_affirmative_spring_rosters
2026_spring,问答记录导出0919_已更新.xlsx,问答记录,问答记录导出0919_已更新.xlsx::问答记录::R1077,260302,2025-12-18 16:15:21,AI智能体,excluded,outside_affirmative_spring_rosters
2026_spring,问答记录导出0919_已更新.xlsx,问答记录,问答记录导出0919_已更新.xlsx::问答记录::R1078,260302,2025-12-18 15:26:57,AI智能体,excluded,outside_affirmative_spring_rosters
2026_spring,问答记录导出0919_已更新.xlsx,问答记录,问答记录导出0919_已更新.xlsx::问答记录::R1079,260302,2025-12-18 15:01:57,AI智能体,excluded,outside_affirmative_spring_rosters
2026_spring,问答记录导出0919_已更新.xlsx,问答记录,问答记录导出0919_已更新.xlsx::问答记录::R1080,260303,2026-01-09 21:34:28,AI智能体,excluded,outside_affirmative_spring_rosters
2026_spring,问答记录导出0919_已更新.xlsx,问答记录,问答记录导出0919_已更新.xlsx::问答记录::R1081,260303,2026-01-09 21:17:32,AI智能体,excluded,outside_affirmative_spring_rosters
2026_spring,问答记录导出0919_已更新.xlsx,问答记录,问答记录导出0919_已更新.xlsx::问答记录::R1082,260303,2026-01-09 21:11:08,AI智能体,excluded,outside_affirmative_spring_rosters
2026_spring,问答记录导出0919_已更新.xlsx,问答记录,问答记录导出0919_已更新.xlsx::问答记录::R1083,260303,2026-01-09 21:08:58,AI智能体,excluded,outside_affirmative_spring_rosters
2026_spring,问答记录导出0919_已更新.xlsx,问答记录,问答记录导出0919_已更新.xlsx::问答记录::R1084,260303,2026-01-09 21:07:27,AI助教,excluded,outside_affirmative_spring_rosters
2026_spring,问答记录导出0919_已更新.xlsx,问答记录,问答记录导出0919_已更新.xlsx::问答记录::R1085,260303,2026-01-09 21:06:29,AI智能体,excluded,outside_affirmative_spring_rosters
2026_spring,问答记录导出0919_已更新.xlsx,问答记录,问答记录导出0919_已更新.xlsx::问答记录::R1086,260303,2025-10-21 18:20:48,AI助教,excluded,outside_affirmative_spring_rosters
2026_spring,问答记录导出0919_已更新.xlsx,问答记录,问答记录导出0919_已更新.xlsx::问答记录::R1087,260303,2025-10-21 14:54:15,AI助教,excluded,outside_affirmative_spring_rosters
2026_spring,问答记录导出0919_已更新.xlsx,问答记录,问答记录导出0919_已更新.xlsx::问答记录::R1088,260303,2025-10-21 14:21:52,AI助教,excluded,outside_affirmative_spring_rosters
2026_spring,问答记录导出0919_已更新.xlsx,问答记录,问答记录导出0919_已更新.xlsx::问答记录::R1089,260303,2025-10-01 21:16:24,AI助教,excluded,outside_affirmative_spring_rosters
2026_spring,问答记录导出0919_已更新.xlsx,问答记录,问答记录导出0919_已更新.xlsx::问答记录::R1090,260303,2025-10-01 21:07:57,AI助教,excluded,outside_affirmative_spring_rosters
2026_spring,问答记录导出0919_已更新.xlsx,问答记录,问答记录导出0919_已更新.xlsx::问答记录::R1091,260303,2025-09-28 14:40:46,AI助教,excluded,outside_affirmative_spring_rosters
2026_spring,问答记录导出0919_已更新.xlsx,问答记录,问答记录导出0919_已更新.xlsx::问答记录::R1092,260304,2026-01-08 22:01:23,AI智能体,excluded,outside_affirmative_spring_rosters
2026_spring,问答记录导出0919_已更新.xlsx,问答记录,问答记录导出0919_已更新.xlsx::问答记录::R1093,260304,2026-01-08 21:45:35,AI智能体,excluded,outside_affirmative_spring_rosters
2026_spring,问答记录导出0919_已更新.xlsx,问答记录,问答记录导出0919_已更新.xlsx::问答记录::R1094,260304,2025-10-23 17:08:48,AI助教,excluded,outside_affirmative_spring_rosters
2026_spring,问答记录导出0919_已更新.xlsx,问答记录,问答记录导出0919_已更新.xlsx::问答记录::R1095,260304,2025-10-20 14:54:34,AI助教,excluded,outside_affirmative_spring_rosters
2026_spring,问答记录导出0919_已更新.xlsx,问答记录,问答记录导出0919_已更新.xlsx::问答记录::R1096,260304,2025-10-20 14:48:59,AI助教,excluded,outside_affirmative_spring_rosters
2026_spring,问答记录导出0919_已更新.xlsx,问答记录,问答记录导出0919_已更新.xlsx::问答记录::R1097,260304,2025-10-20 14:37:39,AI助教,excluded,outside_affirmative_spring_rosters
2026_spring,问答记录导出0919_已更新.xlsx,问答记录,问答记录导出0919_已更新.xlsx::问答记录::R1098,260305,2025-12-26 10:23:11,AI智能体,excluded,outside_affirmative_spring_rosters
2026_spring,问答记录导出0919_已更新.xlsx,问答记录,问答记录导出0919_已更新.xlsx::问答记录::R1099,260306,2025-11-04 16:57:19,AI智能体,excluded,outside_affirmative_spring_rosters
2026_spring,问答记录导出0919_已更新.xlsx,问答记录,问答记录导出0919_已更新.xlsx::问答记录::R1100,260306,2025-11-04 16:53:31,AI智能体,excluded,outside_affirmative_spring_rosters
2026_spring,问答记录导出0919_已更新.xlsx,问答记录,问答记录导出0919_已更新.xlsx::问答记录::R1101,260306,2025-11-04 15:35:44,AI智能体,excluded,outside_affirmative_spring_rosters
2026_spring,问答记录导出0919_已更新.xlsx,问答记录,问答记录导出0919_已更新.xlsx::问答记录::R1102,260307,2026-01-12 14:50:43,AI助教,excluded,outside_affirmative_spring_rosters
2026_spring,问答记录导出0919_已更新.xlsx,问答记录,问答记录导出0919_已更新.xlsx::问答记录::R1103,260307,2025-11-27 15:55:58,AI智能体,excluded,outside_affirmative_spring_rosters
2026_spring,问答记录导出0919_已更新.xlsx,问答记录,问答记录导出0919_已更新.xlsx::问答记录::R1104,260307,2025-11-27 15:42:27,AI智能体,excluded,outside_affirmative_spring_rosters
2026_spring,问答记录导出0919_已更新.xlsx,问答记录,问答记录导出0919_已更新.xlsx::问答记录::R1105,260307,2025-11-27 15:41:28,AI智能体,excluded,outside_affirmative_spring_rosters
2026_spring,问答记录导出0919_已更新.xlsx,问答记录,问答记录导出0919_已更新.xlsx::问答记录::R1106,260307,2025-11-27 15:40:51,AI智能体,excluded,outside_affirmative_spring_rosters
2026_spring,问答记录导出0919_已更新.xlsx,问答记录,问答记录导出0919_已更新.xlsx::问答记录::R1107,260307,2025-11-27 15:38:56,AI智能体,excluded,outside_affirmative_spring_rosters
2026_spring,问答记录导出0919_已更新.xlsx,问答记录,问答记录导出0919_已更新.xlsx::问答记录::R1108,260308,2026-01-30 14:51:41,AI助教,excluded,outside_affirmative_spring_rosters
2026_spring,问答记录导出0919_已更新.xlsx,问答记录,问答记录导出0919_已更新.xlsx::问答记录::R1109,260309,2025-06-10 23:44:20,AI助教,excluded,outside_affirmative_spring_rosters
2026_spring,问答记录导出0919_已更新.xlsx,问答记录,问答记录导出0919_已更新.xlsx::问答记录::R1110,260310,2026-01-14 16:29:27,AI智能体,excluded,outside_affirmative_spring_rosters
2026_spring,问答记录导出0919_已更新.xlsx,问答记录,问答记录导出0919_已更新.xlsx::问答记录::R1111,260310,2026-01-14 16:13:09,AI助教,excluded,outside_affirmative_spring_rosters
2026_spring,问答记录导出0919_已更新.xlsx,问答记录,问答记录导出0919_已更新.xlsx::问答记录::R1112,260310,2026-01-14 16:11:07,AI助教,excluded,outside_affirmative_spring_rosters
2026_spring,问答记录导出0919_已更新.xlsx,问答记录,问答记录导出0919_已更新.xlsx::问答记录::R1113,260311,2025-11-11 21:06:45,AI智能体,excluded,outside_affirmative_spring_rosters
2026_spring,问答记录导出0919_已更新.xlsx,问答记录,问答记录导出0919_已更新.xlsx::问答记录::R1114,260311,2025-11-11 21:03:58,AI助教,excluded,outside_affirmative_spring_rosters
2026_spring,问答记录导出0919_已更新.xlsx,问答记录,问答记录导出0919_已更新.xlsx::问答记录::R1115,260311,2025-11-11 20:55:44,AI智能体,excluded,outside_affirmative_spring_rosters
2026_spring,问答记录导出0919_已更新.xlsx,问答记录,问答记录导出0919_已更新.xlsx::问答记录::R1116,260311,2025-11-11 20:47:04,AI助教,excluded,outside_affirmative_spring_rosters
2026_spring,问答记录导出0919_已更新.xlsx,问答记录,问答记录导出0919_已更新.xlsx::问答记录::R1117,260312,2025-12-28 14:52:34,AI智能体,excluded,outside_affirmative_spring_rosters
2026_spring,问答记录导出0919_已更新.xlsx,问答记录,问答记录导出0919_已更新.xlsx::问答记录::R1118,260312,2025-12-28 14:43:34,AI助教,excluded,outside_affirmative_spring_rosters
2026_spring,问答记录导出0919_已更新.xlsx,问答记录,问答记录导出0919_已更新.xlsx::问答记录::R1119,260313,2025-12-21 16:36:37,AI智能体,excluded,outside_affirmative_spring_rosters
2026_spring,问答记录导出0919_已更新.xlsx,问答记录,问答记录导出0919_已更新.xlsx::问答记录::R1120,260313,2025-12-21 16:27:52,AI智能体,excluded,outside_affirmative_spring_rosters
2026_spring,问答记录导出0919_已更新.xlsx,问答记录,问答记录导出0919_已更新.xlsx::问答记录::R1121,260314,2025-11-20 14:25:35,AI智能体,excluded,outside_affirmative_spring_rosters
2026_spring,问答记录导出0919_已更新.xlsx,问答记录,问答记录导出0919_已更新.xlsx::问答记录::R1122,260314,2025-10-23 16:12:55,AI助教,excluded,outside_affirmative_spring_rosters
2026_spring,问答记录导出0919_已更新.xlsx,问答记录,问答记录导出0919_已更新.xlsx::问答记录::R1123,260315,2025-03-06 16:24:26,AI助教,excluded,outside_affirmative_spring_rosters
2026_spring,问答记录导出0919_已更新.xlsx,问答记录,问答记录导出0919_已更新.xlsx::问答记录::R1124,260316,2025-11-09 06:42:35,AI智能体,excluded,outside_affirmative_spring_rosters
2026_spring,问答记录导出0919_已更新.xlsx,问答记录,问答记录导出0919_已更新.xlsx::问答记录::R1125,260316,2025-11-09 06:20:15,AI智能体,excluded,outside_affirmative_spring_rosters
2026_spring,问答记录导出0919_已更新.xlsx,问答记录,问答记录导出0919_已更新.xlsx::问答记录::R1126,260317,2025-11-19 15:39:10,AI智能体,excluded,outside_affirmative_spring_rosters
2026_spring,问答记录导出0919_已更新.xlsx,问答记录,问答记录导出0919_已更新.xlsx::问答记录::R1127,260317,2025-11-19 15:37:25,AI智能体,excluded,outside_affirmative_spring_rosters
2026_spring,问答记录导出0919_已更新.xlsx,问答记录,问答记录导出0919_已更新.xlsx::问答记录::R1128,260318,2025-11-20 16:57:26,AI智能体,excluded,outside_affirmative_spring_rosters
2026_spring,问答记录导出0919_已更新.xlsx,问答记录,问答记录导出0919_已更新.xlsx::问答记录::R1129,260318,2025-11-20 16:37:10,AI智能体,excluded,outside_affirmative_spring_rosters
2026_spring,问答记录导出0919_已更新.xlsx,问答记录,问答记录导出0919_已更新.xlsx::问答记录::R1130,260318,2025-11-20 16:24:54,AI智能体,excluded,outside_affirmative_spring_rosters
2026_spring,问答记录导出0919_已更新.xlsx,问答记录,问答记录导出0919_已更新.xlsx::问答记录::R1131,260318,2025-11-20 16:21:23,AI智能体,excluded,outside_affirmative_spring_rosters
2026_spring,问答记录导出0919_已更新.xlsx,问答记录,问答记录导出0919_已更新.xlsx::问答记录::R1132,260318,2025-11-20 16:19:04,AI智能体,excluded,outside_affirmative_spring_rosters
2026_spring,问答记录导出0919_已更新.xlsx,问答记录,问答记录导出0919_已更新.xlsx::问答记录::R1133,260318,2025-11-20 16:10:35,AI智能体,excluded,outside_affirmative_spring_rosters
2026_spring,问答记录导出0919_已更新.xlsx,问答记录,问答记录导出0919_已更新.xlsx::问答记录::R1134,260318,2025-11-20 15:41:44,AI智能体,excluded,outside_affirmative_spring_rosters
2026_spring,问答记录导出0919_已更新.xlsx,问答记录,问答记录导出0919_已更新.xlsx::问答记录::R1135,260319,2026-01-18 12:07:37,AI智能体,excluded,outside_affirmative_spring_rosters
2026_spring,问答记录导出0919_已更新.xlsx,问答记录,问答记录导出0919_已更新.xlsx::问答记录::R1136,260319,2026-01-18 11:48:53,AI智能体,excluded,outside_affirmative_spring_rosters
2026_spring,问答记录导出0919_已更新.xlsx,问答记录,问答记录导出0919_已更新.xlsx::问答记录::R1137,260319,2026-01-13 21:16:56,AI助教,excluded,outside_affirmative_spring_rosters
2026_spring,问答记录导出0919_已更新.xlsx,问答记录,问答记录导出0919_已更新.xlsx::问答记录::R1138,260319,2026-01-13 10:32:30,AI助教,excluded,outside_affirmative_spring_rosters
2026_spring,问答记录导出0919_已更新.xlsx,问答记录,问答记录导出0919_已更新.xlsx::问答记录::R1139,260320,2025-10-05 11:54:25,AI助教,excluded,outside_affirmative_spring_rosters
2026_spring,问答记录导出0919_已更新.xlsx,问答记录,问答记录导出0919_已更新.xlsx::问答记录::R1140,260321,2025-12-29 00:12:38,AI智能体,excluded,outside_affirmative_spring_rosters
2026_spring,问答记录导出0919_已更新.xlsx,问答记录,问答记录导出0919_已更新.xlsx::问答记录::R1141,260321,2025-12-28 19:46:25,AI智能体,excluded,outside_affirmative_spring_rosters
2026_spring,问答记录导出0919_已更新.xlsx,问答记录,问答记录导出0919_已更新.xlsx::问答记录::R1142,260321,2025-12-28 19:43:48,AI智能体,excluded,outside_affirmative_spring_rosters
2026_spring,问答记录导出0919_已更新.xlsx,问答记录,问答记录导出0919_已更新.xlsx::问答记录::R1143,260321,2025-12-28 19:39:00,AI智能体,excluded,outside_affirmative_spring_rosters
2026_spring,问答记录导出0919_已更新.xlsx,问答记录,问答记录导出0919_已更新.xlsx::问答记录::R1144,260322,2025-12-22 11:37:05,AI智能体,excluded,outside_affirmative_spring_rosters
2026_spring,问答记录导出0919_已更新.xlsx,问答记录,问答记录导出0919_已更新.xlsx::问答记录::R1145,260322,2025-12-22 11:25:05,AI智能体,excluded,outside_affirmative_spring_rosters
2026_spring,问答记录导出0919_已更新.xlsx,问答记录,问答记录导出0919_已更新.xlsx::问答记录::R1146,260322,2025-11-06 17:31:48,AI助教,excluded,outside_affirmative_spring_rosters
2026_spring,问答记录导出0919_已更新.xlsx,问答记录,问答记录导出0919_已更新.xlsx::问答记录::R1147,260322,2025-11-03 21:40:43,AI助教,excluded,outside_affirmative_spring_rosters
2026_spring,问答记录导出0919_已更新.xlsx,问答记录,问答记录导出0919_已更新.xlsx::问答记录::R1148,260323,2025-12-22 14:50:33,AI智能体,excluded,outside_affirmative_spring_rosters
2026_spring,问答记录导出0919_已更新.xlsx,问答记录,问答记录导出0919_已更新.xlsx::问答记录::R1149,260323,2025-12-22 14:48:22,AI智能体,excluded,outside_affirmative_spring_rosters
2026_spring,问答记录导出0919_已更新.xlsx,问答记录,问答记录导出0919_已更新.xlsx::问答记录::R1150,260324,2025-12-15 18:06:37,AI智能体,excluded,outside_affirmative_spring_rosters
2026_spring,问答记录导出0919_已更新.xlsx,问答记录,问答记录导出0919_已更新.xlsx::问答记录::R1151,260324,2025-12-15 18:01:26,AI智能体,excluded,outside_affirmative_spring_rosters
2026_spring,问答记录导出0919_已更新.xlsx,问答记录,问答记录导出0919_已更新.xlsx::问答记录::R1152,260324,2025-12-15 17:57:58,AI智能体,excluded,outside_affirmative_spring_rosters
2026_spring,问答记录导出0919_已更新.xlsx,问答记录,问答记录导出0919_已更新.xlsx::问答记录::R1153,260324,2025-12-15 16:58:13,AI智能体,excluded,outside_affirmative_spring_rosters
2026_spring,问答记录导出0919_已更新.xlsx,问答记录,问答记录导出0919_已更新.xlsx::问答记录::R1154,260324,2025-12-15 16:56:59,AI智能体,excluded,outside_affirmative_spring_rosters
2026_spring,问答记录导出0919_已更新.xlsx,问答记录,问答记录导出0919_已更新.xlsx::问答记录::R1155,260324,2025-12-15 16:52:51,AI智能体,excluded,outside_affirmative_spring_rosters
2026_spring,问答记录导出0919_已更新.xlsx,问答记录,问答记录导出0919_已更新.xlsx::问答记录::R1156,260324,2025-12-15 16:51:44,AI智能体,excluded,outside_affirmative_spring_rosters
2026_spring,问答记录导出0919_已更新.xlsx,问答记录,问答记录导出0919_已更新.xlsx::问答记录::R1157,260324,2025-12-15 16:31:18,AI智能体,excluded,outside_affirmative_spring_rosters
2026_spring,问答记录导出0919_已更新.xlsx,问答记录,问答记录导出0919_已更新.xlsx::问答记录::R1158,260324,2025-12-15 16:08:29,AI智能体,excluded,outside_affirmative_spring_rosters
2026_spring,问答记录导出0919_已更新.xlsx,问答记录,问答记录导出0919_已更新.xlsx::问答记录::R1159,260325,2025-11-11 15:59:33,AI智能体,excluded,outside_affirmative_spring_rosters
2026_spring,问答记录导出0919_已更新.xlsx,问答记录,问答记录导出0919_已更新.xlsx::问答记录::R1160,260325,2025-11-11 15:38:53,AI智能体,excluded,outside_affirmative_spring_rosters
2026_spring,问答记录导出0919_已更新.xlsx,问答记录,问答记录导出0919_已更新.xlsx::问答记录::R1161,260325,2025-11-07 19:35:57,AI智能体,excluded,outside_affirmative_spring_rosters
2026_spring,问答记录导出0919_已更新.xlsx,问答记录,问答记录导出0919_已更新.xlsx::问答记录::R1162,260325,2025-09-28 14:41:59,AI助教,excluded,outside_affirmative_spring_rosters
2026_spring,问答记录导出0919_已更新.xlsx,问答记录,问答记录导出0919_已更新.xlsx::问答记录::R1163,260326,2026-01-13 10:38:22,AI智能体,excluded,outside_affirmative_spring_rosters
2026_spring,问答记录导出0919_已更新.xlsx,问答记录,问答记录导出0919_已更新.xlsx::问答记录::R1164,260326,2026-01-13 10:04:40,AI智能体,excluded,outside_affirmative_spring_rosters
2026_spring,问答记录导出0919_已更新.xlsx,问答记录,问答记录导出0919_已更新.xlsx::问答记录::R1165,260327,2026-01-10 21:20:41,AI智能体,excluded,outside_affirmative_spring_rosters
2026_spring,问答记录导出0919_已更新.xlsx,问答记录,问答记录导出0919_已更新.xlsx::问答记录::R1166,260327,2026-01-10 21:19:52,AI智能体,excluded,outside_affirmative_spring_rosters
2026_spring,问答记录导出0919_已更新.xlsx,问答记录,问答记录导出0919_已更新.xlsx::问答记录::R1167,260327,2026-01-10 21:08:13,AI智能体,excluded,outside_affirmative_spring_rosters
2026_spring,问答记录导出0919_已更新.xlsx,问答记录,问答记录导出0919_已更新.xlsx::问答记录::R1168,260328,2026-01-10 14:44:21,AI智能体,excluded,outside_affirmative_spring_rosters
2026_spring,问答记录导出0919_已更新.xlsx,问答记录,问答记录导出0919_已更新.xlsx::问答记录::R1169,260328,2026-01-10 14:38:39,AI智能体,excluded,outside_affirmative_spring_rosters
2026_spring,问答记录导出0919_已更新.xlsx,问答记录,问答记录导出0919_已更新.xlsx::问答记录::R1170,260328,2025-12-17 16:37:39,AI助教,excluded,outside_affirmative_spring_rosters
2026_spring,问答记录导出0919_已更新.xlsx,问答记录,问答记录导出0919_已更新.xlsx::问答记录::R1171,260328,2025-11-07 23:08:30,AI助教,excluded,outside_affirmative_spring_rosters
2026_spring,问答记录导出0919_已更新.xlsx,问答记录,问答记录导出0919_已更新.xlsx::问答记录::R1172,260329,2026-06-16 16:26:04,AI智能体,excluded,outside_affirmative_spring_rosters
2026_spring,问答记录导出0919_已更新.xlsx,问答记录,问答记录导出0919_已更新.xlsx::问答记录::R1173,260330,2025-12-28 00:40:05,AI智能体,excluded,outside_affirmative_spring_rosters
2026_spring,问答记录导出0919_已更新.xlsx,问答记录,问答记录导出0919_已更新.xlsx::问答记录::R1174,260330,2025-12-28 00:15:40,AI智能体,excluded,outside_affirmative_spring_rosters
2026_spring,问答记录导出0919_已更新.xlsx,问答记录,问答记录导出0919_已更新.xlsx::问答记录::R1175,260330,2025-12-27 23:27:16,AI智能体,excluded,outside_affirmative_spring_rosters
2026_spring,问答记录导出0919_已更新.xlsx,问答记录,问答记录导出0919_已更新.xlsx::问答记录::R1176,260330,2025-12-27 23:26:15,AI智能体,excluded,outside_affirmative_spring_rosters
2026_spring,问答记录导出0919_已更新.xlsx,问答记录,问答记录导出0919_已更新.xlsx::问答记录::R1177,260330,2025-12-27 23:25:18,AI智能体,excluded,outside_affirmative_spring_rosters
2026_spring,问答记录导出0919_已更新.xlsx,问答记录,问答记录导出0919_已更新.xlsx::问答记录::R1178,260330,2025-12-27 23:24:14,AI智能体,excluded,outside_affirmative_spring_rosters
2026_spring,问答记录导出0919_已更新.xlsx,问答记录,问答记录导出0919_已更新.xlsx::问答记录::R1179,260330,2025-12-27 23:20:43,AI智能体,excluded,outside_affirmative_spring_rosters
2026_spring,问答记录导出0919_已更新.xlsx,问答记录,问答记录导出0919_已更新.xlsx::问答记录::R1180,260330,2025-12-27 23:20:13,AI智能体,excluded,outside_affirmative_spring_rosters
2026_spring,问答记录导出0919_已更新.xlsx,问答记录,问答记录导出0919_已更新.xlsx::问答记录::R1181,260331,2025-11-17 11:26:46,AI智能体,excluded,outside_affirmative_spring_rosters
2026_spring,问答记录导出0919_已更新.xlsx,问答记录,问答记录导出0919_已更新.xlsx::问答记录::R1182,260331,2025-11-17 11:17:56,AI智能体,excluded,outside_affirmative_spring_rosters
2026_spring,问答记录导出0919_已更新.xlsx,问答记录,问答记录导出0919_已更新.xlsx::问答记录::R1183,260331,2025-11-17 11:15:52,AI助教,excluded,outside_affirmative_spring_rosters
2026_spring,问答记录导出0919_已更新.xlsx,问答记录,问答记录导出0919_已更新.xlsx::问答记录::R1184,260331,2025-11-17 11:12:28,AI助教,excluded,outside_affirmative_spring_rosters
2026_spring,问答记录导出0919_已更新.xlsx,问答记录,问答记录导出0919_已更新.xlsx::问答记录::R1185,260331,2025-11-11 16:41:17,AI助教,excluded,outside_affirmative_spring_rosters
2026_spring,问答记录导出0919_已更新.xlsx,问答记录,问答记录导出0919_已更新.xlsx::问答记录::R1186,260331,2025-11-11 16:09:55,AI助教,excluded,outside_affirmative_spring_rosters
2026_spring,问答记录导出0919_已更新.xlsx,问答记录,问答记录导出0919_已更新.xlsx::问答记录::R1187,260331,2025-11-11 15:37:57,AI助教,excluded,outside_affirmative_spring_rosters
2026_spring,问答记录导出0919_已更新.xlsx,问答记录,问答记录导出0919_已更新.xlsx::问答记录::R1188,260331,2025-11-11 15:17:21,AI助教,excluded,outside_affirmative_spring_rosters
2026_spring,问答记录导出0919_已更新.xlsx,问答记录,问答记录导出0919_已更新.xlsx::问答记录::R1189,260332,2026-01-15 11:39:41,AI智能体,excluded,outside_affirmative_spring_rosters
2026_spring,问答记录导出0919_已更新.xlsx,问答记录,问答记录导出0919_已更新.xlsx::问答记录::R1190,260332,2026-01-15 11:33:19,AI智能体,excluded,outside_affirmative_spring_rosters
2026_spring,问答记录导出0919_已更新.xlsx,问答记录,问答记录导出0919_已更新.xlsx::问答记录::R1191,260332,2026-01-15 11:22:09,AI智能体,excluded,outside_affirmative_spring_rosters
2026_spring,问答记录导出0919_已更新.xlsx,问答记录,问答记录导出0919_已更新.xlsx::问答记录::R1192,260333,2026-01-07 15:14:28,AI智能体,excluded,outside_affirmative_spring_rosters
2026_spring,问答记录导出0919_已更新.xlsx,问答记录,问答记录导出0919_已更新.xlsx::问答记录::R1193,260333,2026-01-07 14:59:57,AI智能体,excluded,outside_affirmative_spring_rosters
2026_spring,问答记录导出0919_已更新.xlsx,问答记录,问答记录导出0919_已更新.xlsx::问答记录::R1194,260334,2025-11-17 17:14:51,AI智能体,excluded,outside_affirmative_spring_rosters
2026_spring,问答记录导出0919_已更新.xlsx,问答记录,问答记录导出0919_已更新.xlsx::问答记录::R1195,260334,2025-11-17 17:09:47,AI智能体,excluded,outside_affirmative_spring_rosters
2026_spring,问答记录导出0919_已更新.xlsx,问答记录,问答记录导出0919_已更新.xlsx::问答记录::R1196,260334,2025-11-17 17:08:05,AI智能体,excluded,outside_affirmative_spring_rosters
2026_spring,问答记录导出0919_已更新.xlsx,问答记录,问答记录导出0919_已更新.xlsx::问答记录::R1197,260334,2025-11-17 17:05:44,AI智能体,excluded,outside_affirmative_spring_rosters
2026_spring,问答记录导出0919_已更新.xlsx,问答记录,问答记录导出0919_已更新.xlsx::问答记录::R1198,260334,2025-11-17 16:14:26,AI智能体,excluded,outside_affirmative_spring_rosters
2026_spring,问答记录导出0919_已更新.xlsx,问答记录,问答记录导出0919_已更新.xlsx::问答记录::R1199,260334,2025-11-17 16:11:51,AI智能体,excluded,outside_affirmative_spring_rosters
2026_spring,问答记录导出0919_已更新.xlsx,问答记录,问答记录导出0919_已更新.xlsx::问答记录::R1200,260334,2025-11-17 16:11:16,AI智能体,excluded,outside_affirmative_spring_rosters
2026_spring,问答记录导出0919_已更新.xlsx,问答记录,问答记录导出0919_已更新.xlsx::问答记录::R1201,260334,2025-11-17 15:50:02,AI助教,excluded,outside_affirmative_spring_rosters
2026_spring,问答记录导出0919_已更新.xlsx,问答记录,问答记录导出0919_已更新.xlsx::问答记录::R1202,260335,2025-12-11 11:50:44,AI智能体,excluded,outside_affirmative_spring_rosters
2026_spring,问答记录导出0919_已更新.xlsx,问答记录,问答记录导出0919_已更新.xlsx::问答记录::R1203,260335,2025-12-11 11:39:27,AI智能体,excluded,outside_affirmative_spring_rosters
2026_spring,问答记录导出0919_已更新.xlsx,问答记录,问答记录导出0919_已更新.xlsx::问答记录::R1204,260335,2025-12-11 11:38:24,AI助教,excluded,outside_affirmative_spring_rosters
2026_spring,问答记录导出0919_已更新.xlsx,问答记录,问答记录导出0919_已更新.xlsx::问答记录::R1205,260335,2025-12-08 22:11:32,AI助教,excluded,outside_affirmative_spring_rosters
2026_spring,问答记录导出0919_已更新.xlsx,问答记录,问答记录导出0919_已更新.xlsx::问答记录::R1206,260336,2026-01-08 23:27:54,AI智能体,excluded,outside_affirmative_spring_rosters
2026_spring,问答记录导出0919_已更新.xlsx,问答记录,问答记录导出0919_已更新.xlsx::问答记录::R1207,260336,2026-01-08 22:54:59,AI智能体,excluded,outside_affirmative_spring_rosters
2026_spring,问答记录导出0919_已更新.xlsx,问答记录,问答记录导出0919_已更新.xlsx::问答记录::R1208,260336,2026-01-08 22:45:14,AI智能体,excluded,outside_affirmative_spring_rosters
2026_spring,问答记录导出0919_已更新.xlsx,问答记录,问答记录导出0919_已更新.xlsx::问答记录::R1209,260336,2026-01-08 22:44:51,AI智能体,excluded,outside_affirmative_spring_rosters
2026_spring,问答记录导出0919_已更新.xlsx,问答记录,问答记录导出0919_已更新.xlsx::问答记录::R1210,260336,2026-01-08 22:42:33,AI智能体,excluded,outside_affirmative_spring_rosters
2026_spring,问答记录导出0919_已更新.xlsx,问答记录,问答记录导出0919_已更新.xlsx::问答记录::R1211,260336,2026-01-08 22:42:00,AI智能体,excluded,outside_affirmative_spring_rosters
2026_spring,问答记录导出0919_已更新.xlsx,问答记录,问答记录导出0919_已更新.xlsx::问答记录::R1212,260336,2026-01-05 22:02:27,AI智能体,excluded,outside_affirmative_spring_rosters
2026_spring,问答记录导出0919_已更新.xlsx,问答记录,问答记录导出0919_已更新.xlsx::问答记录::R1213,260337,2024-11-21 13:50:09,AI助教,excluded,outside_affirmative_spring_rosters
2026_spring,问答记录导出0919_已更新.xlsx,问答记录,问答记录导出0919_已更新.xlsx::问答记录::R1214,260338,2025-11-18 14:47:27,AI智能体,excluded,outside_affirmative_spring_rosters
2026_spring,问答记录导出0919_已更新.xlsx,问答记录,问答记录导出0919_已更新.xlsx::问答记录::R1215,260338,2025-11-18 14:34:37,AI智能体,excluded,outside_affirmative_spring_rosters
2026_spring,问答记录导出0919_已更新.xlsx,问答记录,问答记录导出0919_已更新.xlsx::问答记录::R1216,260338,2025-11-18 14:05:58,AI助教,excluded,outside_affirmative_spring_rosters
2026_spring,问答记录导出0919_已更新.xlsx,问答记录,问答记录导出0919_已更新.xlsx::问答记录::R1217,260339,2026-01-22 18:48:16,AI助教,excluded,outside_affirmative_spring_rosters
2026_spring,问答记录导出0919_已更新.xlsx,问答记录,问答记录导出0919_已更新.xlsx::问答记录::R1218,260339,2026-01-22 18:29:31,AI助教,excluded,outside_affirmative_spring_rosters
2026_spring,问答记录导出0919_已更新.xlsx,问答记录,问答记录导出0919_已更新.xlsx::问答记录::R1219,260339,2026-01-02 19:08:44,AI助教,excluded,outside_affirmative_spring_rosters
2026_spring,问答记录导出0919_已更新.xlsx,问答记录,问答记录导出0919_已更新.xlsx::问答记录::R1220,260339,2026-01-02 18:54:04,AI智能体,excluded,outside_affirmative_spring_rosters
2026_spring,问答记录导出0919_已更新.xlsx,问答记录,问答记录导出0919_已更新.xlsx::问答记录::R1221,260339,2026-01-02 18:46:53,AI智能体,excluded,outside_affirmative_spring_rosters
2026_spring,问答记录导出0919_已更新.xlsx,问答记录,问答记录导出0919_已更新.xlsx::问答记录::R1222,260339,2026-01-02 18:44:25,AI智能体,excluded,outside_affirmative_spring_rosters
2026_spring,问答记录导出0919_已更新.xlsx,问答记录,问答记录导出0919_已更新.xlsx::问答记录::R1223,260340,2025-11-04 14:47:22,AI智能体,excluded,outside_affirmative_spring_rosters
2026_spring,问答记录导出0919_已更新.xlsx,问答记录,问答记录导出0919_已更新.xlsx::问答记录::R1224,260340,2025-11-04 14:43:44,AI助教,excluded,outside_affirmative_spring_rosters
2026_spring,问答记录导出0919_已更新.xlsx,问答记录,问答记录导出0919_已更新.xlsx::问答记录::R1225,260340,2025-11-04 14:21:14,AI助教,excluded,outside_affirmative_spring_rosters
2026_spring,问答记录导出0919_已更新.xlsx,问答记录,问答记录导出0919_已更新.xlsx::问答记录::R1226,260341,2026-01-12 22:53:14,AI智能体,excluded,outside_affirmative_spring_rosters
2026_spring,问答记录导出0919_已更新.xlsx,问答记录,问答记录导出0919_已更新.xlsx::问答记录::R1227,260341,2026-01-12 22:51:11,AI智能体,excluded,outside_affirmative_spring_rosters
2026_spring,问答记录导出0919_已更新.xlsx,问答记录,问答记录导出0919_已更新.xlsx::问答记录::R1228,260341,2026-01-12 22:50:03,AI智能体,excluded,outside_affirmative_spring_rosters
2026_spring,问答记录导出0919_已更新.xlsx,问答记录,问答记录导出0919_已更新.xlsx::问答记录::R1229,260341,2026-01-12 22:38:47,AI智能体,excluded,outside_affirmative_spring_rosters
2026_spring,问答记录导出0919_已更新.xlsx,问答记录,问答记录导出0919_已更新.xlsx::问答记录::R1230,260341,2026-01-12 22:37:07,AI智能体,excluded,outside_affirmative_spring_rosters
2026_spring,问答记录导出0919_已更新.xlsx,问答记录,问答记录导出0919_已更新.xlsx::问答记录::R1231,260341,2026-01-12 22:01:59,AI智能体,excluded,outside_affirmative_spring_rosters
2026_spring,问答记录导出0919_已更新.xlsx,问答记录,问答记录导出0919_已更新.xlsx::问答记录::R1232,260342,2025-12-29 19:47:05,AI智能体,excluded,outside_affirmative_spring_rosters
2026_spring,问答记录导出0919_已更新.xlsx,问答记录,问答记录导出0919_已更新.xlsx::问答记录::R1233,260342,2025-12-29 18:09:11,AI智能体,excluded,outside_affirmative_spring_rosters
2026_spring,问答记录导出0919_已更新.xlsx,问答记录,问答记录导出0919_已更新.xlsx::问答记录::R1234,260342,2025-12-29 16:58:13,AI智能体,excluded,outside_affirmative_spring_rosters
2026_spring,问答记录导出0919_已更新.xlsx,问答记录,问答记录导出0919_已更新.xlsx::问答记录::R1235,260342,2025-12-11 16:29:28,AI智能体,excluded,outside_affirmative_spring_rosters
2026_spring,问答记录导出0919_已更新.xlsx,问答记录,问答记录导出0919_已更新.xlsx::问答记录::R1236,260342,2025-12-11 16:26:33,AI智能体,excluded,outside_affirmative_spring_rosters
2026_spring,问答记录导出0919_已更新.xlsx,问答记录,问答记录导出0919_已更新.xlsx::问答记录::R1237,260342,2025-11-11 15:08:35,AI智能体,excluded,outside_affirmative_spring_rosters
2026_spring,问答记录导出0919_已更新.xlsx,问答记录,问答记录导出0919_已更新.xlsx::问答记录::R1238,260343,2026-07-22 13:57:18,AI智能体,excluded,outside_affirmative_spring_rosters
2026_spring,问答记录导出0919_已更新.xlsx,问答记录,问答记录导出0919_已更新.xlsx::问答记录::R1239,260344,2025-12-23 19:49:04,AI智能体,excluded,outside_affirmative_spring_rosters
2026_spring,问答记录导出0919_已更新.xlsx,问答记录,问答记录导出0919_已更新.xlsx::问答记录::R1240,260344,2025-11-28 20:28:11,AI智能体,excluded,outside_affirmative_spring_rosters
2026_spring,问答记录导出0919_已更新.xlsx,问答记录,问答记录导出0919_已更新.xlsx::问答记录::R1241,260344,2025-11-28 20:27:10,AI智能体,excluded,outside_affirmative_spring_rosters
2026_spring,问答记录导出0919_已更新.xlsx,问答记录,问答记录导出0919_已更新.xlsx::问答记录::R1242,260344,2025-11-28 20:15:21,AI助教,excluded,outside_affirmative_spring_rosters
2026_spring,问答记录导出0919_已更新.xlsx,问答记录,问答记录导出0919_已更新.xlsx::问答记录::R1243,260344,2025-11-28 20:06:35,AI助教,excluded,outside_affirmative_spring_rosters
2026_spring,问答记录导出0919_已更新.xlsx,问答记录,问答记录导出0919_已更新.xlsx::问答记录::R1244,260345,2026-09-09 23:44:47,共享AI互动室,excluded,outside_affirmative_spring_rosters
2026_spring,问答记录导出0919_已更新.xlsx,问答记录,问答记录导出0919_已更新.xlsx::问答记录::R1245,260345,2026-09-09 23:44:35,AI智能体,excluded,outside_affirmative_spring_rosters
2026_spring,问答记录导出0919_已更新.xlsx,问答记录,问答记录导出0919_已更新.xlsx::问答记录::R1246,260346,2025-11-24 18:56:54,AI智能体,excluded,outside_affirmative_spring_rosters
2026_spring,问答记录导出0919_已更新.xlsx,问答记录,问答记录导出0919_已更新.xlsx::问答记录::R1247,260346,2025-11-24 18:39:10,AI智能体,excluded,outside_affirmative_spring_rosters
2026_spring,问答记录导出0919_已更新.xlsx,问答记录,问答记录导出0919_已更新.xlsx::问答记录::R1248,260346,2025-11-24 18:30:11,AI助教,excluded,outside_affirmative_spring_rosters
2026_spring,问答记录导出0919_已更新.xlsx,问答记录,问答记录导出0919_已更新.xlsx::问答记录::R1249,260346,2025-11-23 17:14:09,AI助教,excluded,outside_affirmative_spring_rosters
2026_spring,问答记录导出0919_已更新.xlsx,问答记录,问答记录导出0919_已更新.xlsx::问答记录::R1250,260346,2025-11-23 16:53:24,AI助教,excluded,outside_affirmative_spring_rosters
2026_spring,问答记录导出0919_已更新.xlsx,问答记录,问答记录导出0919_已更新.xlsx::问答记录::R1251,260346,2025-11-23 16:49:57,AI助教,excluded,outside_affirmative_spring_rosters
2026_spring,问答记录导出0919_已更新.xlsx,问答记录,问答记录导出0919_已更新.xlsx::问答记录::R1252,260347,2025-04-24 13:58:33,AI助教,excluded,outside_affirmative_spring_rosters
2026_spring,问答记录导出0919_已更新.xlsx,问答记录,问答记录导出0919_已更新.xlsx::问答记录::R1253,260348,2025-12-11 21:12:16,AI智能体,excluded,outside_affirmative_spring_rosters
2026_spring,问答记录导出0919_已更新.xlsx,问答记录,问答记录导出0919_已更新.xlsx::问答记录::R1254,260348,2025-12-11 20:23:27,AI智能体,excluded,outside_affirmative_spring_rosters
2026_spring,问答记录导出0919_已更新.xlsx,问答记录,问答记录导出0919_已更新.xlsx::问答记录::R1255,260348,2025-12-11 20:23:10,AI智能体,excluded,outside_affirmative_spring_rosters
2026_spring,问答记录导出0919_已更新.xlsx,问答记录,问答记录导出0919_已更新.xlsx::问答记录::R1256,260348,2025-12-11 20:21:02,AI助教,excluded,outside_affirmative_spring_rosters
2026_spring,问答记录导出0919_已更新.xlsx,问答记录,问答记录导出0919_已更新.xlsx::问答记录::R1257,260349,2025-12-15 19:56:18,AI智能体,excluded,outside_affirmative_spring_rosters
2026_spring,问答记录导出0919_已更新.xlsx,问答记录,问答记录导出0919_已更新.xlsx::问答记录::R1258,260349,2025-12-15 19:49:01,AI智能体,excluded,outside_affirmative_spring_rosters
2026_spring,问答记录导出0919_已更新.xlsx,问答记录,问答记录导出0919_已更新.xlsx::问答记录::R1259,260349,2025-11-12 15:27:38,AI智能体,excluded,outside_affirmative_spring_rosters
2026_spring,问答记录导出0919_已更新.xlsx,问答记录,问答记录导出0919_已更新.xlsx::问答记录::R1260,260349,2025-11-12 15:03:43,AI智能体,excluded,outside_affirmative_spring_rosters
2026_spring,问答记录导出0919_已更新.xlsx,问答记录,问答记录导出0919_已更新.xlsx::问答记录::R1261,260349,2025-11-12 14:50:23,AI助教,excluded,outside_affirmative_spring_rosters
2026_spring,问答记录导出0919_已更新.xlsx,问答记录,问答记录导出0919_已更新.xlsx::问答记录::R1262,260349,2025-09-30 15:08:12,AI助教,excluded,outside_affirmative_spring_rosters
2026_spring,问答记录导出0919_已更新.xlsx,问答记录,问答记录导出0919_已更新.xlsx::问答记录::R1263,260350,2025-11-06 22:47:08,AI智能体,excluded,outside_affirmative_spring_rosters
2026_spring,问答记录导出0919_已更新.xlsx,问答记录,问答记录导出0919_已更新.xlsx::问答记录::R1264,260350,2025-11-06 22:09:17,AI智能体,excluded,outside_affirmative_spring_rosters
2026_spring,问答记录导出0919_已更新.xlsx,问答记录,问答记录导出0919_已更新.xlsx::问答记录::R1265,260351,2026-01-02 19:45:42,AI智能体,excluded,outside_affirmative_spring_rosters
2026_spring,问答记录导出0919_已更新.xlsx,问答记录,问答记录导出0919_已更新.xlsx::问答记录::R1266,260351,2026-01-02 19:43:30,AI助教,excluded,outside_affirmative_spring_rosters
2026_spring,问答记录导出0919_已更新.xlsx,问答记录,问答记录导出0919_已更新.xlsx::问答记录::R1267,260351,2026-01-02 19:33:26,AI助教,excluded,outside_affirmative_spring_rosters
2026_spring,问答记录导出0919_已更新.xlsx,问答记录,问答记录导出0919_已更新.xlsx::问答记录::R1268,260352,2025-12-21 19:09:16,AI智能体,excluded,outside_affirmative_spring_rosters
2026_spring,问答记录导出0919_已更新.xlsx,问答记录,问答记录导出0919_已更新.xlsx::问答记录::R1269,260352,2025-12-21 18:39:14,AI智能体,excluded,outside_affirmative_spring_rosters
2026_spring,问答记录导出0919_已更新.xlsx,问答记录,问答记录导出0919_已更新.xlsx::问答记录::R1270,260353,2026-08-30 23:03:04,共享AI互动室,excluded,outside_affirmative_spring_rosters
2026_spring,问答记录导出0919_已更新.xlsx,问答记录,问答记录导出0919_已更新.xlsx::问答记录::R1271,260353,2026-08-29 23:53:32,共享AI互动室,excluded,outside_affirmative_spring_rosters
2026_spring,问答记录导出0919_已更新.xlsx,问答记录,问答记录导出0919_已更新.xlsx::问答记录::R1272,260353,2026-08-28 00:33:00,共享AI互动室,excluded,outside_affirmative_spring_rosters
2026_spring,问答记录导出0919_已更新.xlsx,问答记录,问答记录导出0919_已更新.xlsx::问答记录::R1273,260353,2026-08-27 01:33:07,共享AI互动室,excluded,outside_affirmative_spring_rosters
2026_spring,问答记录导出0919_已更新.xlsx,问答记录,问答记录导出0919_已更新.xlsx::问答记录::R1274,260353,2026-08-27 00:46:03,共享AI互动室,excluded,outside_affirmative_spring_rosters
2026_spring,问答记录导出0919_已更新.xlsx,问答记录,问答记录导出0919_已更新.xlsx::问答记录::R1275,260354,2026-01-05 14:42:53,AI智能体,excluded,outside_affirmative_spring_rosters
2026_spring,问答记录导出0919_已更新.xlsx,问答记录,问答记录导出0919_已更新.xlsx::问答记录::R1276,260354,2025-11-20 14:08:39,AI智能体,excluded,outside_affirmative_spring_rosters
2026_spring,问答记录导出0919_已更新.xlsx,问答记录,问答记录导出0919_已更新.xlsx::问答记录::R1277,260354,2025-11-19 15:27:52,AI智能体,excluded,outside_affirmative_spring_rosters
2026_spring,问答记录导出0919_已更新.xlsx,问答记录,问答记录导出0919_已更新.xlsx::问答记录::R1278,260354,2025-11-18 20:22:56,AI智能体,excluded,outside_affirmative_spring_rosters
2026_spring,问答记录导出0919_已更新.xlsx,问答记录,问答记录导出0919_已更新.xlsx::问答记录::R1279,260355,2026-05-01 17:57:31,AI智能体,excluded,outside_affirmative_spring_rosters
2026_spring,问答记录导出0919_已更新.xlsx,问答记录,问答记录导出0919_已更新.xlsx::问答记录::R1280,260355,2026-04-28 19:57:18,AI智能体,excluded,outside_affirmative_spring_rosters
2026_spring,问答记录导出0919_已更新.xlsx,问答记录,问答记录导出0919_已更新.xlsx::问答记录::R1281,260355,2026-04-28 15:56:50,AI智能体,excluded,outside_affirmative_spring_rosters
2026_spring,问答记录导出0919_已更新.xlsx,问答记录,问答记录导出0919_已更新.xlsx::问答记录::R1282,260355,2026-04-16 14:56:50,AI学伴,excluded,outside_affirmative_spring_rosters
2026_spring,问答记录导出0919_已更新.xlsx,问答记录,问答记录导出0919_已更新.xlsx::问答记录::R1283,260355,2026-04-16 14:56:19,AI学伴,excluded,outside_affirmative_spring_rosters
2026_spring,问答记录导出0919_已更新.xlsx,问答记录,问答记录导出0919_已更新.xlsx::问答记录::R1284,260355,2026-04-16 14:55:35,AI学伴,excluded,outside_affirmative_spring_rosters
2026_spring,问答记录导出0919_已更新.xlsx,问答记录,问答记录导出0919_已更新.xlsx::问答记录::R1285,260355,2026-03-24 20:11:22,AI智能体,excluded,outside_affirmative_spring_rosters
2026_spring,问答记录导出0919_已更新.xlsx,问答记录,问答记录导出0919_已更新.xlsx::问答记录::R1286,260356,2025-11-01 20:33:59,AI智能体,excluded,outside_affirmative_spring_rosters
2026_spring,问答记录导出0919_已更新.xlsx,问答记录,问答记录导出0919_已更新.xlsx::问答记录::R1287,260356,2025-10-13 22:57:42,AI助教,excluded,outside_affirmative_spring_rosters
2026_spring,问答记录导出0919_已更新.xlsx,问答记录,问答记录导出0919_已更新.xlsx::问答记录::R1288,260357,2025-12-26 22:56:51,AI智能体,excluded,outside_affirmative_spring_rosters
2026_spring,问答记录导出0919_已更新.xlsx,问答记录,问答记录导出0919_已更新.xlsx::问答记录::R1289,260357,2025-12-26 22:53:22,AI智能体,excluded,outside_affirmative_spring_rosters
2026_spring,问答记录导出0919_已更新.xlsx,问答记录,问答记录导出0919_已更新.xlsx::问答记录::R1290,260357,2025-12-26 22:23:44,AI智能体,excluded,outside_affirmative_spring_rosters
2026_spring,问答记录导出0919_已更新.xlsx,问答记录,问答记录导出0919_已更新.xlsx::问答记录::R1291,260357,2025-12-26 22:20:39,AI智能体,excluded,outside_affirmative_spring_rosters
2026_spring,问答记录导出0919_已更新.xlsx,问答记录,问答记录导出0919_已更新.xlsx::问答记录::R1292,260358,2026-01-12 17:14:53,AI智能体,excluded,outside_affirmative_spring_rosters
2026_spring,问答记录导出0919_已更新.xlsx,问答记录,问答记录导出0919_已更新.xlsx::问答记录::R1293,260358,2026-01-12 13:25:03,AI智能体,excluded,outside_affirmative_spring_rosters
2026_spring,问答记录导出0919_已更新.xlsx,问答记录,问答记录导出0919_已更新.xlsx::问答记录::R1294,260358,2026-01-12 13:24:04,AI智能体,excluded,outside_affirmative_spring_rosters
2026_spring,问答记录导出0919_已更新.xlsx,问答记录,问答记录导出0919_已更新.xlsx::问答记录::R1295,260358,2025-10-02 13:09:25,AI助教,excluded,outside_affirmative_spring_rosters
2026_spring,问答记录导出0919_已更新.xlsx,问答记录,问答记录导出0919_已更新.xlsx::问答记录::R1296,260359,2025-09-28 14:13:57,AI助教,excluded,outside_affirmative_spring_rosters
2026_spring,问答记录导出0919_已更新.xlsx,问答记录,问答记录导出0919_已更新.xlsx::问答记录::R1297,260360,2025-11-21 15:55:49,AI智能体,excluded,outside_affirmative_spring_rosters
2026_spring,问答记录导出0919_已更新.xlsx,问答记录,问答记录导出0919_已更新.xlsx::问答记录::R1298,260360,2025-11-21 15:48:38,AI助教,excluded,outside_affirmative_spring_rosters
2026_spring,问答记录导出0919_已更新.xlsx,问答记录,问答记录导出0919_已更新.xlsx::问答记录::R1299,260361,2025-12-23 20:55:19,AI智能体,excluded,outside_affirmative_spring_rosters
2026_spring,问答记录导出0919_已更新.xlsx,问答记录,问答记录导出0919_已更新.xlsx::问答记录::R1300,260361,2025-12-23 20:37:23,AI智能体,excluded,outside_affirmative_spring_rosters
2026_spring,问答记录导出0919_已更新.xlsx,问答记录,问答记录导出0919_已更新.xlsx::问答记录::R1301,260362,2025-11-04 21:31:22,AI智能体,excluded,outside_affirmative_spring_rosters
2026_spring,问答记录导出0919_已更新.xlsx,问答记录,问答记录导出0919_已更新.xlsx::问答记录::R1302,260362,2025-11-04 17:33:19,AI助教,excluded,outside_affirmative_spring_rosters
2026_spring,问答记录导出0919_已更新.xlsx,问答记录,问答记录导出0919_已更新.xlsx::问答记录::R1303,260363,2026-01-12 20:43:22,AI智能体,excluded,outside_affirmative_spring_rosters
2026_spring,问答记录导出0919_已更新.xlsx,问答记录,问答记录导出0919_已更新.xlsx::问答记录::R1304,260363,2026-01-12 20:25:58,AI智能体,excluded,outside_affirmative_spring_rosters
2026_spring,问答记录导出0919_已更新.xlsx,问答记录,问答记录导出0919_已更新.xlsx::问答记录::R1305,260363,2026-01-12 10:21:52,AI智能体,excluded,outside_affirmative_spring_rosters
2026_spring,问答记录导出0919_已更新.xlsx,问答记录,问答记录导出0919_已更新.xlsx::问答记录::R1306,260363,2026-01-12 10:05:24,AI智能体,excluded,outside_affirmative_spring_rosters
2026_spring,问答记录导出0919_已更新.xlsx,问答记录,问答记录导出0919_已更新.xlsx::问答记录::R1307,260363,2026-01-12 09:55:41,AI智能体,excluded,outside_affirmative_spring_rosters
2026_spring,问答记录导出0919_已更新.xlsx,问答记录,问答记录导出0919_已更新.xlsx::问答记录::R1308,260363,2026-01-11 18:07:03,AI智能体,excluded,outside_affirmative_spring_rosters
2026_spring,问答记录导出0919_已更新.xlsx,问答记录,问答记录导出0919_已更新.xlsx::问答记录::R1309,260363,2026-01-11 18:06:15,AI智能体,excluded,outside_affirmative_spring_rosters
2026_spring,问答记录导出0919_已更新.xlsx,问答记录,问答记录导出0919_已更新.xlsx::问答记录::R1310,260363,2026-01-11 17:54:50,AI智能体,excluded,outside_affirmative_spring_rosters
2026_spring,问答记录导出0919_已更新.xlsx,问答记录,问答记录导出0919_已更新.xlsx::问答记录::R1311,260363,2026-01-11 17:30:54,AI智能体,excluded,outside_affirmative_spring_rosters
2026_spring,问答记录导出0919_已更新.xlsx,问答记录,问答记录导出0919_已更新.xlsx::问答记录::R1312,260363,2026-01-11 17:00:05,AI智能体,excluded,outside_affirmative_spring_rosters
2026_spring,问答记录导出0919_已更新.xlsx,问答记录,问答记录导出0919_已更新.xlsx::问答记录::R1313,260363,2026-01-11 15:57:17,AI智能体,excluded,outside_affirmative_spring_rosters
2026_spring,问答记录导出0919_已更新.xlsx,问答记录,问答记录导出0919_已更新.xlsx::问答记录::R1314,260363,2025-12-23 15:15:46,AI智能体,excluded,outside_affirmative_spring_rosters
2026_spring,问答记录导出0919_已更新.xlsx,问答记录,问答记录导出0919_已更新.xlsx::问答记录::R1315,260363,2025-12-23 15:14:46,AI智能体,excluded,outside_affirmative_spring_rosters
2026_spring,问答记录导出0919_已更新.xlsx,问答记录,问答记录导出0919_已更新.xlsx::问答记录::R1316,260363,2025-12-23 15:11:36,AI智能体,excluded,outside_affirmative_spring_rosters
2026_spring,问答记录导出0919_已更新.xlsx,问答记录,问答记录导出0919_已更新.xlsx::问答记录::R1317,260363,2025-12-23 15:10:01,AI智能体,excluded,outside_affirmative_spring_rosters
2026_spring,问答记录导出0919_已更新.xlsx,问答记录,问答记录导出0919_已更新.xlsx::问答记录::R1318,260363,2025-12-23 15:08:58,AI智能体,excluded,outside_affirmative_spring_rosters
2026_spring,问答记录导出0919_已更新.xlsx,问答记录,问答记录导出0919_已更新.xlsx::问答记录::R1319,260363,2025-12-22 11:31:58,AI智能体,excluded,outside_affirmative_spring_rosters
2026_spring,问答记录导出0919_已更新.xlsx,问答记录,问答记录导出0919_已更新.xlsx::问答记录::R1320,260363,2025-12-22 11:31:00,AI助教,excluded,outside_affirmative_spring_rosters
2026_spring,问答记录导出0919_已更新.xlsx,问答记录,问答记录导出0919_已更新.xlsx::问答记录::R1321,260363,2025-12-22 10:51:00,AI智能体,excluded,outside_affirmative_spring_rosters
2026_spring,问答记录导出0919_已更新.xlsx,问答记录,问答记录导出0919_已更新.xlsx::问答记录::R1322,260363,2025-12-22 10:49:53,AI智能体,excluded,outside_affirmative_spring_rosters
2026_spring,问答记录导出0919_已更新.xlsx,问答记录,问答记录导出0919_已更新.xlsx::问答记录::R1323,260363,2025-12-22 10:48:18,AI智能体,excluded,outside_affirmative_spring_rosters
2026_spring,问答记录导出0919_已更新.xlsx,问答记录,问答记录导出0919_已更新.xlsx::问答记录::R1324,260363,2025-12-22 10:17:14,AI助教,excluded,outside_affirmative_spring_rosters
2026_spring,问答记录导出0919_已更新.xlsx,问答记录,问答记录导出0919_已更新.xlsx::问答记录::R1325,260363,2025-12-19 09:59:00,AI助教,excluded,outside_affirmative_spring_rosters
2026_spring,问答记录导出0919_已更新.xlsx,问答记录,问答记录导出0919_已更新.xlsx::问答记录::R1326,260364,2025-11-11 14:31:22,AI智能体,excluded,outside_affirmative_spring_rosters
2026_spring,问答记录导出0919_已更新.xlsx,问答记录,问答记录导出0919_已更新.xlsx::问答记录::R1327,260364,2025-11-11 14:29:22,AI智能体,excluded,outside_affirmative_spring_rosters
2026_spring,问答记录导出0919_已更新.xlsx,问答记录,问答记录导出0919_已更新.xlsx::问答记录::R1328,260364,2025-11-11 14:10:55,AI智能体,excluded,outside_affirmative_spring_rosters
2026_spring,问答记录导出0919_已更新.xlsx,问答记录,问答记录导出0919_已更新.xlsx::问答记录::R1329,260365,2025-03-17 20:59:16,AI助教,excluded,outside_affirmative_spring_rosters
2026_spring,问答记录导出0919_已更新.xlsx,问答记录,问答记录导出0919_已更新.xlsx::问答记录::R1330,260366,2025-11-04 15:26:43,AI智能体,excluded,outside_affirmative_spring_rosters
2026_spring,问答记录导出0919_已更新.xlsx,问答记录,问答记录导出0919_已更新.xlsx::问答记录::R1331,260366,2025-11-04 15:10:48,AI智能体,excluded,outside_affirmative_spring_rosters
2026_spring,问答记录导出0919_已更新.xlsx,问答记录,问答记录导出0919_已更新.xlsx::问答记录::R1332,260366,2025-11-04 14:54:55,AI智能体,excluded,outside_affirmative_spring_rosters
2026_spring,问答记录导出0919_已更新.xlsx,问答记录,问答记录导出0919_已更新.xlsx::问答记录::R1333,260367,2025-12-23 20:03:33,AI智能体,excluded,outside_affirmative_spring_rosters
2026_spring,问答记录导出0919_已更新.xlsx,问答记录,问答记录导出0919_已更新.xlsx::问答记录::R1334,260367,2025-12-23 19:16:01,AI智能体,excluded,outside_affirmative_spring_rosters
2026_spring,问答记录导出0919_已更新.xlsx,问答记录,问答记录导出0919_已更新.xlsx::问答记录::R1335,260367,2025-11-07 10:51:44,AI助教,excluded,outside_affirmative_spring_rosters
2026_spring,问答记录导出0919_已更新.xlsx,问答记录,问答记录导出0919_已更新.xlsx::问答记录::R1336,260367,2025-11-07 10:48:20,AI助教,excluded,outside_affirmative_spring_rosters
2026_spring,问答记录导出0919_已更新.xlsx,问答记录,问答记录导出0919_已更新.xlsx::问答记录::R1337,260368,2025-12-07 23:42:46,AI助教,excluded,outside_affirmative_spring_rosters
2026_spring,问答记录导出0919_已更新.xlsx,问答记录,问答记录导出0919_已更新.xlsx::问答记录::R1338,260368,2025-12-07 22:15:42,AI智能体,excluded,outside_affirmative_spring_rosters
2026_spring,问答记录导出0919_已更新.xlsx,问答记录,问答记录导出0919_已更新.xlsx::问答记录::R1339,260368,2025-12-07 22:05:00,AI智能体,excluded,outside_affirmative_spring_rosters
2026_spring,问答记录导出0919_已更新.xlsx,问答记录,问答记录导出0919_已更新.xlsx::问答记录::R1340,260368,2025-12-07 22:03:39,AI智能体,excluded,outside_affirmative_spring_rosters
2026_spring,问答记录导出0919_已更新.xlsx,问答记录,问答记录导出0919_已更新.xlsx::问答记录::R1341,260368,2025-12-07 22:02:17,AI智能体,excluded,outside_affirmative_spring_rosters
2026_spring,问答记录导出0919_已更新.xlsx,问答记录,问答记录导出0919_已更新.xlsx::问答记录::R1342,260368,2025-12-07 21:58:34,AI智能体,excluded,outside_affirmative_spring_rosters
2026_spring,问答记录导出0919_已更新.xlsx,问答记录,问答记录导出0919_已更新.xlsx::问答记录::R1343,260369,2025-06-30 14:53:57,AI助教,excluded,outside_affirmative_spring_rosters
2026_spring,问答记录导出0919_已更新.xlsx,问答记录,问答记录导出0919_已更新.xlsx::问答记录::R1344,260369,2025-06-06 13:11:54,AI助教,excluded,outside_affirmative_spring_rosters
2026_spring,问答记录导出0919_已更新.xlsx,问答记录,问答记录导出0919_已更新.xlsx::问答记录::R1345,260370,2025-06-09 16:51:07,AI助教,excluded,outside_affirmative_spring_rosters
2026_spring,问答记录导出0919_已更新.xlsx,问答记录,问答记录导出0919_已更新.xlsx::问答记录::R1346,260371,2026-02-05 22:07:58,AI智能体,excluded,outside_affirmative_spring_rosters
2026_spring,问答记录导出0919_已更新.xlsx,问答记录,问答记录导出0919_已更新.xlsx::问答记录::R1347,260371,2026-01-12 23:44:44,AI智能体,excluded,outside_affirmative_spring_rosters
2026_spring,问答记录导出0919_已更新.xlsx,问答记录,问答记录导出0919_已更新.xlsx::问答记录::R1348,260371,2026-01-12 21:22:46,AI智能体,excluded,outside_affirmative_spring_rosters
2026_spring,问答记录导出0919_已更新.xlsx,问答记录,问答记录导出0919_已更新.xlsx::问答记录::R1349,260371,2026-01-12 19:38:06,AI智能体,excluded,outside_affirmative_spring_rosters
2026_spring,问答记录导出0919_已更新.xlsx,问答记录,问答记录导出0919_已更新.xlsx::问答记录::R1350,260371,2026-01-12 19:32:12,AI智能体,excluded,outside_affirmative_spring_rosters
2026_spring,问答记录导出0919_已更新.xlsx,问答记录,问答记录导出0919_已更新.xlsx::问答记录::R1351,260371,2026-01-12 19:16:21,AI智能体,excluded,outside_affirmative_spring_rosters
2026_spring,问答记录导出0919_已更新.xlsx,问答记录,问答记录导出0919_已更新.xlsx::问答记录::R1352,260371,2026-01-12 18:32:03,AI助教,excluded,outside_affirmative_spring_rosters
2026_spring,问答记录导出0919_已更新.xlsx,问答记录,问答记录导出0919_已更新.xlsx::问答记录::R1353,260372,2026-01-13 14:52:08,AI智能体,excluded,outside_affirmative_spring_rosters
2026_spring,问答记录导出0919_已更新.xlsx,问答记录,问答记录导出0919_已更新.xlsx::问答记录::R1354,260372,2026-01-13 14:31:38,AI智能体,excluded,outside_affirmative_spring_rosters
2026_spring,问答记录导出0919_已更新.xlsx,问答记录,问答记录导出0919_已更新.xlsx::问答记录::R1355,260373,2025-11-13 15:56:27,AI智能体,excluded,outside_affirmative_spring_rosters
2026_spring,问答记录导出0919_已更新.xlsx,问答记录,问答记录导出0919_已更新.xlsx::问答记录::R1356,260373,2025-11-13 15:48:01,AI助教,excluded,outside_affirmative_spring_rosters
2026_spring,问答记录导出0919_已更新.xlsx,问答记录,问答记录导出0919_已更新.xlsx::问答记录::R1357,260374,2025-11-11 16:02:28,AI智能体,excluded,outside_affirmative_spring_rosters
2026_spring,问答记录导出0919_已更新.xlsx,问答记录,问答记录导出0919_已更新.xlsx::问答记录::R1358,260374,2025-11-11 15:54:30,AI助教,excluded,outside_affirmative_spring_rosters
2026_spring,问答记录导出0919_已更新.xlsx,问答记录,问答记录导出0919_已更新.xlsx::问答记录::R1359,260374,2025-11-11 15:38:01,AI助教,excluded,outside_affirmative_spring_rosters
2026_spring,问答记录导出0919_已更新.xlsx,问答记录,问答记录导出0919_已更新.xlsx::问答记录::R1360,260375,2025-10-16 14:39:15,AI助教,excluded,outside_affirmative_spring_rosters
2026_spring,问答记录导出0919_已更新.xlsx,问答记录,问答记录导出0919_已更新.xlsx::问答记录::R1361,260375,2025-10-09 15:51:44,AI智能体,excluded,outside_affirmative_spring_rosters
2026_spring,问答记录导出0919_已更新.xlsx,问答记录,问答记录导出0919_已更新.xlsx::问答记录::R1362,260375,2025-10-09 15:50:24,AI智能体,excluded,outside_affirmative_spring_rosters
2026_spring,问答记录导出0919_已更新.xlsx,问答记录,问答记录导出0919_已更新.xlsx::问答记录::R1363,260376,2025-11-10 19:12:57,AI智能体,excluded,outside_affirmative_spring_rosters
2026_spring,问答记录导出0919_已更新.xlsx,问答记录,问答记录导出0919_已更新.xlsx::问答记录::R1364,260376,2025-11-10 18:43:38,AI智能体,excluded,outside_affirmative_spring_rosters
2026_spring,问答记录导出0919_已更新.xlsx,问答记录,问答记录导出0919_已更新.xlsx::问答记录::R1365,260377,2026-09-19 14:45:01,AI智能体,excluded,outside_affirmative_spring_rosters
2026_spring,问答记录导出0919_已更新.xlsx,问答记录,问答记录导出0919_已更新.xlsx::问答记录::R1366,260377,2026-09-19 14:44:51,AI智能体,excluded,outside_affirmative_spring_rosters
2026_spring,问答记录导出0919_已更新.xlsx,问答记录,问答记录导出0919_已更新.xlsx::问答记录::R1367,260377,2026-09-19 13:50:32,AI智能体,excluded,outside_affirmative_spring_rosters
2026_spring,问答记录导出0919_已更新.xlsx,问答记录,问答记录导出0919_已更新.xlsx::问答记录::R1368,260377,2026-09-19 13:45:27,AI智能体,excluded,outside_affirmative_spring_rosters
2026_spring,问答记录导出0919_已更新.xlsx,问答记录,问答记录导出0919_已更新.xlsx::问答记录::R1369,260377,2026-09-19 00:05:38,AI智能体,excluded,outside_affirmative_spring_rosters
2026_spring,问答记录导出0919_已更新.xlsx,问答记录,问答记录导出0919_已更新.xlsx::问答记录::R1370,260377,2026-09-19 00:03:12,AI智能体,excluded,outside_affirmative_spring_rosters
2026_spring,问答记录导出0919_已更新.xlsx,问答记录,问答记录导出0919_已更新.xlsx::问答记录::R1371,260377,2026-09-14 20:16:37,AI智能体,excluded,outside_affirmative_spring_rosters
2026_spring,问答记录导出0919_已更新.xlsx,问答记录,问答记录导出0919_已更新.xlsx::问答记录::R1372,260377,2026-09-14 19:34:58,AI智能体,excluded,outside_affirmative_spring_rosters
2026_spring,问答记录导出0919_已更新.xlsx,问答记录,问答记录导出0919_已更新.xlsx::问答记录::R1373,260377,2026-09-13 17:32:14,AI智能体,excluded,outside_affirmative_spring_rosters
2026_spring,问答记录导出0919_已更新.xlsx,问答记录,问答记录导出0919_已更新.xlsx::问答记录::R1374,260377,2026-09-11 14:16:44,AI智能体,excluded,outside_affirmative_spring_rosters
2026_spring,问答记录导出0919_已更新.xlsx,问答记录,问答记录导出0919_已更新.xlsx::问答记录::R1375,260377,2026-09-11 14:14:30,AI智能体,excluded,outside_affirmative_spring_rosters
2026_spring,问答记录导出0919_已更新.xlsx,问答记录,问答记录导出0919_已更新.xlsx::问答记录::R1376,260377,2026-09-11 14:10:35,AI智能体,excluded,outside_affirmative_spring_rosters
2026_spring,问答记录导出0919_已更新.xlsx,问答记录,问答记录导出0919_已更新.xlsx::问答记录::R1377,260378,2026-01-08 21:50:55,AI智能体,excluded,outside_affirmative_spring_rosters
2026_spring,问答记录导出0919_已更新.xlsx,问答记录,问答记录导出0919_已更新.xlsx::问答记录::R1378,260378,2026-01-08 20:47:33,AI智能体,excluded,outside_affirmative_spring_rosters
2026_spring,问答记录导出0919_已更新.xlsx,问答记录,问答记录导出0919_已更新.xlsx::问答记录::R1379,260379,2026-01-27 14:13:27,AI智能体,excluded,outside_affirmative_spring_rosters
2026_spring,问答记录导出0919_已更新.xlsx,问答记录,问答记录导出0919_已更新.xlsx::问答记录::R1380,260379,2026-01-04 14:32:02,AI智能体,excluded,outside_affirmative_spring_rosters
2026_spring,问答记录导出0919_已更新.xlsx,问答记录,问答记录导出0919_已更新.xlsx::问答记录::R1381,260379,2026-01-04 14:27:16,AI智能体,excluded,outside_affirmative_spring_rosters
2026_spring,问答记录导出0919_已更新.xlsx,问答记录,问答记录导出0919_已更新.xlsx::问答记录::R1382,260380,2025-11-09 19:30:02,AI智能体,excluded,outside_affirmative_spring_rosters
2026_spring,问答记录导出0919_已更新.xlsx,问答记录,问答记录导出0919_已更新.xlsx::问答记录::R1383,260380,2025-11-09 19:17:34,AI智能体,excluded,outside_affirmative_spring_rosters
2026_spring,问答记录导出0919_已更新.xlsx,问答记录,问答记录导出0919_已更新.xlsx::问答记录::R1384,260381,2025-12-31 15:59:51,AI助教,excluded,outside_affirmative_spring_rosters
2026_spring,问答记录导出0919_已更新.xlsx,问答记录,问答记录导出0919_已更新.xlsx::问答记录::R1385,260381,2025-12-31 11:46:14,AI智能体,excluded,outside_affirmative_spring_rosters
2026_spring,问答记录导出0919_已更新.xlsx,问答记录,问答记录导出0919_已更新.xlsx::问答记录::R1386,260381,2025-12-31 09:09:02,AI智能体,excluded,outside_affirmative_spring_rosters
2026_spring,问答记录导出0919_已更新.xlsx,问答记录,问答记录导出0919_已更新.xlsx::问答记录::R1387,260381,2025-12-31 08:58:14,AI智能体,excluded,outside_affirmative_spring_rosters
2026_spring,问答记录导出0919_已更新.xlsx,问答记录,问答记录导出0919_已更新.xlsx::问答记录::R1388,260382,2025-12-16 15:51:57,AI智能体,excluded,outside_affirmative_spring_rosters
2026_spring,问答记录导出0919_已更新.xlsx,问答记录,问答记录导出0919_已更新.xlsx::问答记录::R1389,260382,2025-12-16 15:12:51,AI智能体,excluded,outside_affirmative_spring_rosters
2026_spring,问答记录导出0919_已更新.xlsx,问答记录,问答记录导出0919_已更新.xlsx::问答记录::R1390,260383,2025-12-31 09:54:30,AI智能体,excluded,outside_affirmative_spring_rosters
2026_spring,问答记录导出0919_已更新.xlsx,问答记录,问答记录导出0919_已更新.xlsx::问答记录::R1391,260383,2025-12-31 09:54:04,AI智能体,excluded,outside_affirmative_spring_rosters
2026_spring,问答记录导出0919_已更新.xlsx,问答记录,问答记录导出0919_已更新.xlsx::问答记录::R1392,260383,2025-12-31 09:52:47,AI智能体,excluded,outside_affirmative_spring_rosters
2026_spring,问答记录导出0919_已更新.xlsx,问答记录,问答记录导出0919_已更新.xlsx::问答记录::R1393,260383,2025-12-31 09:47:56,AI智能体,excluded,outside_affirmative_spring_rosters
2026_spring,问答记录导出0919_已更新.xlsx,问答记录,问答记录导出0919_已更新.xlsx::问答记录::R1394,260383,2025-12-31 09:47:25,AI智能体,excluded,outside_affirmative_spring_rosters
2026_spring,问答记录导出0919_已更新.xlsx,问答记录,问答记录导出0919_已更新.xlsx::问答记录::R1395,260383,2025-12-31 09:46:41,AI助教,excluded,outside_affirmative_spring_rosters
2026_spring,问答记录导出0919_已更新.xlsx,问答记录,问答记录导出0919_已更新.xlsx::问答记录::R1396,260383,2025-12-31 09:25:34,AI助教,excluded,outside_affirmative_spring_rosters
2026_spring,问答记录导出0919_已更新.xlsx,问答记录,问答记录导出0919_已更新.xlsx::问答记录::R1397,260383,2025-12-04 14:12:32,AI助教,excluded,outside_affirmative_spring_rosters
2026_spring,问答记录导出0919_已更新.xlsx,问答记录,问答记录导出0919_已更新.xlsx::问答记录::R1398,260383,2025-10-30 15:23:40,AI助教,excluded,outside_affirmative_spring_rosters
2026_spring,问答记录导出0919_已更新.xlsx,问答记录,问答记录导出0919_已更新.xlsx::问答记录::R1399,260384,2025-11-21 20:23:35,AI智能体,excluded,outside_affirmative_spring_rosters
2026_spring,问答记录导出0919_已更新.xlsx,问答记录,问答记录导出0919_已更新.xlsx::问答记录::R1400,260384,2025-11-21 20:08:18,AI智能体,excluded,outside_affirmative_spring_rosters
2026_spring,问答记录导出0919_已更新.xlsx,问答记录,问答记录导出0919_已更新.xlsx::问答记录::R1401,260385,2025-12-23 20:41:31,AI智能体,excluded,outside_affirmative_spring_rosters
2026_spring,问答记录导出0919_已更新.xlsx,问答记录,问答记录导出0919_已更新.xlsx::问答记录::R1402,260385,2025-12-23 20:41:02,AI智能体,excluded,outside_affirmative_spring_rosters
2026_spring,问答记录导出0919_已更新.xlsx,问答记录,问答记录导出0919_已更新.xlsx::问答记录::R1403,260385,2025-12-23 19:58:46,AI智能体,excluded,outside_affirmative_spring_rosters
2026_spring,问答记录导出0919_已更新.xlsx,问答记录,问答记录导出0919_已更新.xlsx::问答记录::R1404,260386,2026-02-27 20:32:25,AI助教,excluded,outside_affirmative_spring_rosters
2026_spring,问答记录导出0919_已更新.xlsx,问答记录,问答记录导出0919_已更新.xlsx::问答记录::R1405,260387,2025-05-25 13:36:26,AI助教,excluded,outside_affirmative_spring_rosters
2026_spring,问答记录导出0919_已更新.xlsx,问答记录,问答记录导出0919_已更新.xlsx::问答记录::R1406,260388,2026-03-31 14:42:39,AI智能体,excluded,outside_affirmative_spring_rosters
2026_spring,问答记录导出0919_已更新.xlsx,问答记录,问答记录导出0919_已更新.xlsx::问答记录::R1407,260388,2026-03-31 14:42:15,AI智能体,excluded,outside_affirmative_spring_rosters
2026_spring,问答记录导出0919_已更新.xlsx,问答记录,问答记录导出0919_已更新.xlsx::问答记录::R1408,260389,2025-11-07 18:03:45,AI智能体,excluded,outside_affirmative_spring_rosters
2026_spring,问答记录导出0919_已更新.xlsx,问答记录,问答记录导出0919_已更新.xlsx::问答记录::R1409,260389,2025-11-07 17:38:36,AI智能体,excluded,outside_affirmative_spring_rosters
2026_spring,问答记录导出0919_已更新.xlsx,问答记录,问答记录导出0919_已更新.xlsx::问答记录::R1410,260390,2025-11-27 15:38:17,AI智能体,excluded,outside_affirmative_spring_rosters
2026_spring,问答记录导出0919_已更新.xlsx,问答记录,问答记录导出0919_已更新.xlsx::问答记录::R1411,260390,2025-11-27 15:05:34,AI智能体,excluded,outside_affirmative_spring_rosters
2026_spring,问答记录导出0919_已更新.xlsx,问答记录,问答记录导出0919_已更新.xlsx::问答记录::R1412,260390,2025-11-27 14:40:35,AI智能体,excluded,outside_affirmative_spring_rosters
2026_spring,问答记录导出0919_已更新.xlsx,问答记录,问答记录导出0919_已更新.xlsx::问答记录::R1413,260390,2025-11-11 14:40:25,AI助教,excluded,outside_affirmative_spring_rosters
2026_spring,问答记录导出0919_已更新.xlsx,问答记录,问答记录导出0919_已更新.xlsx::问答记录::R1414,260391,2025-11-12 23:12:17,AI智能体,excluded,outside_affirmative_spring_rosters
2026_spring,问答记录导出0919_已更新.xlsx,问答记录,问答记录导出0919_已更新.xlsx::问答记录::R1415,260391,2025-11-12 23:04:46,AI智能体,excluded,outside_affirmative_spring_rosters
2026_spring,问答记录导出0919_已更新.xlsx,问答记录,问答记录导出0919_已更新.xlsx::问答记录::R1416,260392,2025-11-24 14:35:46,AI智能体,excluded,outside_affirmative_spring_rosters
2026_spring,问答记录导出0919_已更新.xlsx,问答记录,问答记录导出0919_已更新.xlsx::问答记录::R1417,260392,2025-11-24 14:33:33,AI智能体,excluded,outside_affirmative_spring_rosters
2026_spring,问答记录导出0919_已更新.xlsx,问答记录,问答记录导出0919_已更新.xlsx::问答记录::R1418,260392,2025-11-24 14:33:06,AI智能体,excluded,outside_affirmative_spring_rosters
2026_spring,问答记录导出0919_已更新.xlsx,问答记录,问答记录导出0919_已更新.xlsx::问答记录::R1419,260392,2025-11-24 14:32:47,AI智能体,excluded,outside_affirmative_spring_rosters
2026_spring,问答记录导出0919_已更新.xlsx,问答记录,问答记录导出0919_已更新.xlsx::问答记录::R1420,260392,2025-11-24 14:32:40,AI智能体,excluded,outside_affirmative_spring_rosters
2026_spring,问答记录导出0919_已更新.xlsx,问答记录,问答记录导出0919_已更新.xlsx::问答记录::R1421,260392,2025-11-04 16:49:54,AI智能体,excluded,outside_affirmative_spring_rosters
2026_spring,问答记录导出0919_已更新.xlsx,问答记录,问答记录导出0919_已更新.xlsx::问答记录::R1422,260392,2025-11-04 16:31:18,AI智能体,excluded,outside_affirmative_spring_rosters
2026_spring,问答记录导出0919_已更新.xlsx,问答记录,问答记录导出0919_已更新.xlsx::问答记录::R1423,260393,2025-12-05 20:51:51,AI智能体,excluded,outside_affirmative_spring_rosters
2026_spring,问答记录导出0919_已更新.xlsx,问答记录,问答记录导出0919_已更新.xlsx::问答记录::R1424,260393,2025-12-05 20:46:54,AI智能体,excluded,outside_affirmative_spring_rosters
2026_spring,问答记录导出0919_已更新.xlsx,问答记录,问答记录导出0919_已更新.xlsx::问答记录::R1425,260393,2025-12-05 20:03:15,AI智能体,excluded,outside_affirmative_spring_rosters
2026_spring,问答记录导出0919_已更新.xlsx,问答记录,问答记录导出0919_已更新.xlsx::问答记录::R1426,260394,2026-03-25 22:21:28,AI智能体,excluded,outside_affirmative_spring_rosters
2026_spring,问答记录导出0919_已更新.xlsx,问答记录,问答记录导出0919_已更新.xlsx::问答记录::R1427,260395,2025-12-17 20:14:30,AI助教,excluded,outside_affirmative_spring_rosters
2026_spring,问答记录导出0919_已更新.xlsx,问答记录,问答记录导出0919_已更新.xlsx::问答记录::R1428,260395,2025-11-09 17:55:13,AI智能体,excluded,outside_affirmative_spring_rosters
2026_spring,问答记录导出0919_已更新.xlsx,问答记录,问答记录导出0919_已更新.xlsx::问答记录::R1429,260395,2025-11-09 17:36:02,AI智能体,excluded,outside_affirmative_spring_rosters
2026_spring,问答记录导出0919_已更新.xlsx,问答记录,问答记录导出0919_已更新.xlsx::问答记录::R1430,260395,2025-11-09 17:19:31,AI智能体,excluded,outside_affirmative_spring_rosters
2026_spring,问答记录导出0919_已更新.xlsx,问答记录,问答记录导出0919_已更新.xlsx::问答记录::R1431,260395,2025-11-09 17:15:34,AI助教,excluded,outside_affirmative_spring_rosters
2026_spring,问答记录导出0919_已更新.xlsx,问答记录,问答记录导出0919_已更新.xlsx::问答记录::R1432,260396,2026-01-05 11:33:12,AI智能体,excluded,outside_affirmative_spring_rosters
2026_spring,问答记录导出0919_已更新.xlsx,问答记录,问答记录导出0919_已更新.xlsx::问答记录::R1433,260396,2026-01-05 11:19:42,AI智能体,excluded,outside_affirmative_spring_rosters
2026_spring,问答记录导出0919_已更新.xlsx,问答记录,问答记录导出0919_已更新.xlsx::问答记录::R1434,260396,2026-01-05 11:05:48,AI助教,excluded,outside_affirmative_spring_rosters
2026_spring,问答记录导出0919_已更新.xlsx,问答记录,问答记录导出0919_已更新.xlsx::问答记录::R1435,260396,2025-11-06 15:12:39,AI助教,excluded,outside_affirmative_spring_rosters
2026_spring,问答记录导出0919_已更新.xlsx,问答记录,问答记录导出0919_已更新.xlsx::问答记录::R1436,260397,2025-12-11 12:41:35,AI智能体,excluded,outside_affirmative_spring_rosters
2026_spring,问答记录导出0919_已更新.xlsx,问答记录,问答记录导出0919_已更新.xlsx::问答记录::R1437,260397,2025-12-11 12:31:25,AI智能体,excluded,outside_affirmative_spring_rosters
2026_spring,问答记录导出0919_已更新.xlsx,问答记录,问答记录导出0919_已更新.xlsx::问答记录::R1438,260397,2025-12-11 12:27:06,AI助教,excluded,outside_affirmative_spring_rosters
2026_spring,问答记录导出0919_已更新.xlsx,问答记录,问答记录导出0919_已更新.xlsx::问答记录::R1439,260397,2025-10-10 11:07:40,AI智能体,excluded,outside_affirmative_spring_rosters
2026_spring,问答记录导出0919_已更新.xlsx,问答记录,问答记录导出0919_已更新.xlsx::问答记录::R1440,260397,2025-09-28 14:58:44,AI助教,excluded,outside_affirmative_spring_rosters
2026_spring,问答记录导出0919_已更新.xlsx,问答记录,问答记录导出0919_已更新.xlsx::问答记录::R1441,260397,2025-09-28 14:43:02,AI助教,excluded,outside_affirmative_spring_rosters
2026_spring,问答记录导出0919_已更新.xlsx,问答记录,问答记录导出0919_已更新.xlsx::问答记录::R1442,260398,2026-01-11 23:40:37,AI智能体,excluded,outside_affirmative_spring_rosters
2026_spring,问答记录导出0919_已更新.xlsx,问答记录,问答记录导出0919_已更新.xlsx::问答记录::R1443,260398,2026-01-11 23:40:19,AI智能体,excluded,outside_affirmative_spring_rosters
2026_spring,问答记录导出0919_已更新.xlsx,问答记录,问答记录导出0919_已更新.xlsx::问答记录::R1444,260398,2026-01-11 23:40:00,AI智能体,excluded,outside_affirmative_spring_rosters
2026_spring,问答记录导出0919_已更新.xlsx,问答记录,问答记录导出0919_已更新.xlsx::问答记录::R1445,260398,2026-01-11 22:54:06,AI智能体,excluded,outside_affirmative_spring_rosters
2026_spring,问答记录导出0919_已更新.xlsx,问答记录,问答记录导出0919_已更新.xlsx::问答记录::R1446,260399,2026-09-12 10:50:16,共享AI互动室,excluded,outside_affirmative_spring_rosters
2026_spring,问答记录导出0919_已更新.xlsx,问答记录,问答记录导出0919_已更新.xlsx::问答记录::R1447,260400,2026-01-12 09:52:52,AI智能体,excluded,outside_affirmative_spring_rosters
2026_spring,问答记录导出0919_已更新.xlsx,问答记录,问答记录导出0919_已更新.xlsx::问答记录::R1448,260401,2025-06-12 13:39:32,AI助教,excluded,outside_affirmative_spring_rosters
2026_spring,问答记录导出0919_已更新.xlsx,问答记录,问答记录导出0919_已更新.xlsx::问答记录::R1449,260402,2025-12-26 10:29:10,AI智能体,excluded,outside_affirmative_spring_rosters
2026_spring,问答记录导出0919_已更新.xlsx,问答记录,问答记录导出0919_已更新.xlsx::问答记录::R1450,260402,2025-12-26 10:06:31,AI智能体,excluded,outside_affirmative_spring_rosters
2026_spring,问答记录导出0919_已更新.xlsx,问答记录,问答记录导出0919_已更新.xlsx::问答记录::R1451,260402,2025-12-16 14:20:10,AI助教,excluded,outside_affirmative_spring_rosters
2026_spring,问答记录导出0919_已更新.xlsx,问答记录,问答记录导出0919_已更新.xlsx::问答记录::R1452,260403,2025-12-15 21:25:56,AI智能体,excluded,outside_affirmative_spring_rosters
2026_spring,问答记录导出0919_已更新.xlsx,问答记录,问答记录导出0919_已更新.xlsx::问答记录::R1453,260403,2025-12-15 21:01:08,AI智能体,excluded,outside_affirmative_spring_rosters
2026_spring,问答记录导出0919_已更新.xlsx,问答记录,问答记录导出0919_已更新.xlsx::问答记录::R1454,260403,2025-12-15 20:59:09,AI智能体,excluded,outside_affirmative_spring_rosters
2026_spring,问答记录导出0919_已更新.xlsx,问答记录,问答记录导出0919_已更新.xlsx::问答记录::R1455,260403,2025-12-15 20:54:01,AI助教,excluded,outside_affirmative_spring_rosters
2026_spring,问答记录导出0919_已更新.xlsx,问答记录,问答记录导出0919_已更新.xlsx::问答记录::R1456,260403,2025-11-13 14:31:33,AI助教,excluded,outside_affirmative_spring_rosters
2026_spring,问答记录导出0919_已更新.xlsx,问答记录,问答记录导出0919_已更新.xlsx::问答记录::R1457,260404,2025-11-23 20:37:18,AI智能体,excluded,outside_affirmative_spring_rosters
2026_spring,问答记录导出0919_已更新.xlsx,问答记录,问答记录导出0919_已更新.xlsx::问答记录::R1458,260404,2025-11-23 19:42:38,AI智能体,excluded,outside_affirmative_spring_rosters
2026_spring,问答记录导出0919_已更新.xlsx,问答记录,问答记录导出0919_已更新.xlsx::问答记录::R1459,260405,2025-11-04 15:02:49,AI智能体,excluded,outside_affirmative_spring_rosters
2026_spring,问答记录导出0919_已更新.xlsx,问答记录,问答记录导出0919_已更新.xlsx::问答记录::R1460,260405,2025-11-04 14:36:35,AI智能体,excluded,outside_affirmative_spring_rosters
2026_spring,问答记录导出0919_已更新.xlsx,问答记录,问答记录导出0919_已更新.xlsx::问答记录::R1461,260405,2025-11-04 14:24:20,AI助教,excluded,outside_affirmative_spring_rosters
2026_spring,问答记录导出0919_已更新.xlsx,问答记录,问答记录导出0919_已更新.xlsx::问答记录::R1462,260405,2025-11-04 14:23:14,AI助教,excluded,outside_affirmative_spring_rosters
2026_spring,问答记录导出0919_已更新.xlsx,问答记录,问答记录导出0919_已更新.xlsx::问答记录::R1463,260406,2025-12-26 15:19:30,AI智能体,excluded,outside_affirmative_spring_rosters
2026_spring,问答记录导出0919_已更新.xlsx,问答记录,问答记录导出0919_已更新.xlsx::问答记录::R1464,260406,2025-12-26 15:06:46,AI智能体,excluded,outside_affirmative_spring_rosters
2026_spring,问答记录导出0919_已更新.xlsx,问答记录,问答记录导出0919_已更新.xlsx::问答记录::R1465,260407,2025-12-16 16:44:18,AI智能体,excluded,outside_affirmative_spring_rosters
2026_spring,问答记录导出0919_已更新.xlsx,问答记录,问答记录导出0919_已更新.xlsx::问答记录::R1466,260407,2025-12-16 16:21:11,AI智能体,excluded,outside_affirmative_spring_rosters
2026_spring,问答记录导出0919_已更新.xlsx,问答记录,问答记录导出0919_已更新.xlsx::问答记录::R1467,260407,2025-12-16 16:14:26,AI助教,excluded,outside_affirmative_spring_rosters
2026_spring,问答记录导出0919_已更新.xlsx,问答记录,问答记录导出0919_已更新.xlsx::问答记录::R1468,260408,2025-11-19 11:58:09,AI智能体,excluded,outside_affirmative_spring_rosters
2026_spring,问答记录导出0919_已更新.xlsx,问答记录,问答记录导出0919_已更新.xlsx::问答记录::R1469,260408,2025-11-07 10:00:30,AI智能体,excluded,outside_affirmative_spring_rosters
2026_spring,问答记录导出0919_已更新.xlsx,问答记录,问答记录导出0919_已更新.xlsx::问答记录::R1470,260408,2025-11-07 09:54:41,AI智能体,excluded,outside_affirmative_spring_rosters
2026_spring,问答记录导出0919_已更新.xlsx,问答记录,问答记录导出0919_已更新.xlsx::问答记录::R1471,260409,2026-01-11 23:03:31,AI智能体,excluded,outside_affirmative_spring_rosters
2026_spring,问答记录导出0919_已更新.xlsx,问答记录,问答记录导出0919_已更新.xlsx::问答记录::R1472,260409,2026-01-11 22:49:49,AI智能体,excluded,outside_affirmative_spring_rosters
2026_spring,问答记录导出0919_已更新.xlsx,问答记录,问答记录导出0919_已更新.xlsx::问答记录::R1473,260410,2025-11-07 19:58:17,AI智能体,excluded,outside_affirmative_spring_rosters
2026_spring,问答记录导出0919_已更新.xlsx,问答记录,问答记录导出0919_已更新.xlsx::问答记录::R1474,260410,2025-11-07 19:33:36,AI智能体,excluded,outside_affirmative_spring_rosters
2026_spring,问答记录导出0919_已更新.xlsx,问答记录,问答记录导出0919_已更新.xlsx::问答记录::R1475,260411,2025-11-12 21:49:49,AI智能体,excluded,outside_affirmative_spring_rosters
2026_spring,问答记录导出0919_已更新.xlsx,问答记录,问答记录导出0919_已更新.xlsx::问答记录::R1476,260411,2025-11-12 21:22:34,AI智能体,excluded,outside_affirmative_spring_rosters
2026_spring,问答记录导出0919_已更新.xlsx,问答记录,问答记录导出0919_已更新.xlsx::问答记录::R1477,260411,2025-11-12 21:10:20,AI助教,excluded,outside_affirmative_spring_rosters
2026_spring,问答记录导出0919_已更新.xlsx,问答记录,问答记录导出0919_已更新.xlsx::问答记录::R1478,260412,2026-01-04 15:40:51,AI智能体,excluded,outside_affirmative_spring_rosters
2026_spring,问答记录导出0919_已更新.xlsx,问答记录,问答记录导出0919_已更新.xlsx::问答记录::R1479,260412,2026-01-04 15:28:41,AI智能体,excluded,outside_affirmative_spring_rosters
2026_spring,问答记录导出0919_已更新.xlsx,问答记录,问答记录导出0919_已更新.xlsx::问答记录::R1480,260412,2025-12-23 16:16:15,AI智能体,excluded,outside_affirmative_spring_rosters
2026_spring,问答记录导出0919_已更新.xlsx,问答记录,问答记录导出0919_已更新.xlsx::问答记录::R1481,260412,2025-12-23 16:12:37,AI智能体,excluded,outside_affirmative_spring_rosters
2026_spring,问答记录导出0919_已更新.xlsx,问答记录,问答记录导出0919_已更新.xlsx::问答记录::R1482,260413,2025-11-21 15:09:30,AI助教,excluded,outside_affirmative_spring_rosters
2026_spring,问答记录导出0919_已更新.xlsx,问答记录,问答记录导出0919_已更新.xlsx::问答记录::R1483,260413,2025-11-21 15:08:29,AI助教,excluded,outside_affirmative_spring_rosters
2026_spring,问答记录导出0919_已更新.xlsx,问答记录,问答记录导出0919_已更新.xlsx::问答记录::R1484,260413,2025-11-04 15:55:09,AI助教,excluded,outside_affirmative_spring_rosters
2026_spring,问答记录导出0919_已更新.xlsx,问答记录,问答记录导出0919_已更新.xlsx::问答记录::R1485,260414,2025-12-08 22:12:08,AI智能体,excluded,outside_affirmative_spring_rosters
2026_spring,问答记录导出0919_已更新.xlsx,问答记录,问答记录导出0919_已更新.xlsx::问答记录::R1486,260414,2025-11-13 14:05:14,AI智能体,excluded,outside_affirmative_spring_rosters
2026_spring,问答记录导出0919_已更新.xlsx,问答记录,问答记录导出0919_已更新.xlsx::问答记录::R1487,260414,2025-11-10 18:40:01,AI助教,excluded,outside_affirmative_spring_rosters
2026_spring,问答记录导出0919_已更新.xlsx,问答记录,问答记录导出0919_已更新.xlsx::问答记录::R1488,260415,2026-01-09 18:29:06,AI智能体,excluded,outside_affirmative_spring_rosters
2026_spring,问答记录导出0919_已更新.xlsx,问答记录,问答记录导出0919_已更新.xlsx::问答记录::R1489,260415,2026-01-09 17:55:00,AI智能体,excluded,outside_affirmative_spring_rosters
2026_spring,问答记录导出0919_已更新.xlsx,问答记录,问答记录导出0919_已更新.xlsx::问答记录::R1490,260416,2026-06-16 16:13:20,AI智能体,excluded,outside_affirmative_spring_rosters
2026_spring,问答记录导出0919_已更新.xlsx,问答记录,问答记录导出0919_已更新.xlsx::问答记录::R1491,260417,2025-08-17 10:20:55,AI助教,excluded,outside_affirmative_spring_rosters
2026_spring,问答记录导出0919_已更新.xlsx,问答记录,问答记录导出0919_已更新.xlsx::问答记录::R1492,260417,2025-08-17 10:20:34,AI助教,excluded,outside_affirmative_spring_rosters
2026_spring,问答记录导出0919_已更新.xlsx,问答记录,问答记录导出0919_已更新.xlsx::问答记录::R1493,260417,2025-08-17 10:19:01,AI助教,excluded,outside_affirmative_spring_rosters
2026_spring,问答记录导出0919_已更新.xlsx,问答记录,问答记录导出0919_已更新.xlsx::问答记录::R1494,260418,2025-04-10 15:32:19,AI助教,excluded,outside_affirmative_spring_rosters
2026_spring,问答记录导出0919_已更新.xlsx,问答记录,问答记录导出0919_已更新.xlsx::问答记录::R1495,260419,2025-11-15 18:05:35,AI智能体,excluded,outside_affirmative_spring_rosters
2026_spring,问答记录导出0919_已更新.xlsx,问答记录,问答记录导出0919_已更新.xlsx::问答记录::R1496,260419,2025-11-15 17:29:21,AI智能体,excluded,outside_affirmative_spring_rosters
2026_spring,问答记录导出0919_已更新.xlsx,问答记录,问答记录导出0919_已更新.xlsx::问答记录::R1497,268044,2026-07-20 13:20:30,AI学伴,included,included_in_cohort_and_text_available
2026_spring,问答记录导出0919_已更新.xlsx,问答记录,问答记录导出0919_已更新.xlsx::问答记录::R1498,268044,2026-04-26 13:38:19,AI智能体,excluded,url_only_unretrieved_content
2026_spring,问答记录导出0919_已更新.xlsx,问答记录,问答记录导出0919_已更新.xlsx::问答记录::R1499,268044,2026-04-24 13:30:47,AI智能体,included,included_in_cohort_and_text_available
2026_spring,问答记录导出0919_已更新.xlsx,问答记录,问答记录导出0919_已更新.xlsx::问答记录::R1500,268044,2026-03-20 10:16:05,AI智能体,included,included_in_cohort_and_text_available
2026_spring,问答记录导出0919_已更新.xlsx,问答记录,问答记录导出0919_已更新.xlsx::问答记录::R1501,268044,2026-03-20 10:10:23,AI智能体,included,included_in_cohort_and_text_available
2026_spring,问答记录导出0919_已更新.xlsx,问答记录,问答记录导出0919_已更新.xlsx::问答记录::R1502,268044,2026-03-19 17:03:15,AI智能体,included,included_in_cohort_and_text_available
2026_spring,问答记录导出0919_已更新.xlsx,问答记录,问答记录导出0919_已更新.xlsx::问答记录::R1503,268044,2026-03-19 15:26:22,AI智能体,included,included_in_cohort_and_text_available
2026_spring,问答记录导出0919_已更新.xlsx,问答记录,问答记录导出0919_已更新.xlsx::问答记录::R1504,268108,2026-06-28 17:01:52,AI智能体,included,included_in_cohort_and_text_available
2026_spring,问答记录导出0919_已更新.xlsx,问答记录,问答记录导出0919_已更新.xlsx::问答记录::R1505,268108,2026-06-28 17:00:48,AI智能体,included,included_in_cohort_and_text_available
2026_spring,问答记录导出0919_已更新.xlsx,问答记录,问答记录导出0919_已更新.xlsx::问答记录::R1506,268109,2026-04-30 19:21:46,AI智能体,included,included_in_cohort_and_text_available
2026_spring,问答记录导出0919_已更新.xlsx,问答记录,问答记录导出0919_已更新.xlsx::问答记录::R1507,268109,2026-04-30 19:15:54,AI智能体,included,included_in_cohort_and_text_available
2026_spring,问答记录导出0919_已更新.xlsx,问答记录,问答记录导出0919_已更新.xlsx::问答记录::R1508,268109,2026-03-25 09:00:45,AI智能体,excluded,url_only_unretrieved_content
2026_spring,问答记录导出0919_已更新.xlsx,问答记录,问答记录导出0919_已更新.xlsx::问答记录::R1509,268110,2026-04-26 14:51:49,AI智能体,included,included_in_cohort_and_text_available
2026_spring,问答记录导出0919_已更新.xlsx,问答记录,问答记录导出0919_已更新.xlsx::问答记录::R1510,268110,2026-04-26 14:51:06,AI智能体,included,included_in_cohort_and_text_available
2026_spring,问答记录导出0919_已更新.xlsx,问答记录,问答记录导出0919_已更新.xlsx::问答记录::R1511,268110,2026-04-26 14:42:40,AI智能体,included,included_in_cohort_and_text_available
2026_spring,问答记录导出0919_已更新.xlsx,问答记录,问答记录导出0919_已更新.xlsx::问答记录::R1512,268110,2026-03-19 16:56:31,AI智能体,included,included_in_cohort_and_text_available
2026_spring,问答记录导出0919_已更新.xlsx,问答记录,问答记录导出0919_已更新.xlsx::问答记录::R1513,268110,2026-03-19 16:55:45,AI智能体,included,included_in_cohort_and_text_available
2026_spring,问答记录导出0919_已更新.xlsx,问答记录,问答记录导出0919_已更新.xlsx::问答记录::R1514,268110,2026-03-19 15:33:53,AI智能体,included,included_in_cohort_and_text_available
2026_spring,问答记录导出0919_已更新.xlsx,问答记录,问答记录导出0919_已更新.xlsx::问答记录::R1515,268112,2026-04-26 10:22:59,AI智能体,included,included_in_cohort_and_text_available
2026_spring,问答记录导出0919_已更新.xlsx,问答记录,问答记录导出0919_已更新.xlsx::问答记录::R1516,268112,2026-04-26 09:17:54,AI智能体,included,included_in_cohort_and_text_available
2026_spring,问答记录导出0919_已更新.xlsx,问答记录,问答记录导出0919_已更新.xlsx::问答记录::R1517,268112,2026-03-19 16:04:02,AI智能体,included,included_in_cohort_and_text_available
2026_spring,问答记录导出0919_已更新.xlsx,问答记录,问答记录导出0919_已更新.xlsx::问答记录::R1518,268114,2026-04-30 14:45:59,AI智能体,included,included_in_cohort_and_text_available
2026_spring,问答记录导出0919_已更新.xlsx,问答记录,问答记录导出0919_已更新.xlsx::问答记录::R1519,268114,2026-04-02 14:45:21,AI学伴,included,included_in_cohort_and_text_available
2026_spring,问答记录导出0919_已更新.xlsx,问答记录,问答记录导出0919_已更新.xlsx::问答记录::R1520,268114,2026-03-22 21:20:14,AI智能体,included,included_in_cohort_and_text_available
2026_spring,问答记录导出0919_已更新.xlsx,问答记录,问答记录导出0919_已更新.xlsx::问答记录::R1521,268115,2026-04-26 14:28:50,AI智能体,included,included_in_cohort_and_text_available
2026_spring,问答记录导出0919_已更新.xlsx,问答记录,问答记录导出0919_已更新.xlsx::问答记录::R1522,268115,2026-04-26 14:03:21,AI智能体,excluded,url_only_unretrieved_content
2026_spring,问答记录导出0919_已更新.xlsx,问答记录,问答记录导出0919_已更新.xlsx::问答记录::R1523,268115,2026-04-24 14:38:25,AI智能体,excluded,empty_interaction_text
2026_spring,问答记录导出0919_已更新.xlsx,问答记录,问答记录导出0919_已更新.xlsx::问答记录::R1524,268115,2026-04-24 12:38:56,AI智能体,included,included_in_cohort_and_text_available
2026_spring,问答记录导出0919_已更新.xlsx,问答记录,问答记录导出0919_已更新.xlsx::问答记录::R1525,268115,2026-04-11 10:03:45,AI学伴,included,included_in_cohort_and_text_available
2026_spring,问答记录导出0919_已更新.xlsx,问答记录,问答记录导出0919_已更新.xlsx::问答记录::R1526,268115,2026-03-24 17:12:17,AI智能体,included,included_in_cohort_and_text_available
2026_spring,问答记录导出0919_已更新.xlsx,问答记录,问答记录导出0919_已更新.xlsx::问答记录::R1527,268115,2026-03-24 16:54:19,AI智能体,included,included_in_cohort_and_text_available
2026_spring,问答记录导出0919_已更新.xlsx,问答记录,问答记录导出0919_已更新.xlsx::问答记录::R1528,268115,2026-03-19 16:09:24,AI学伴,included,included_in_cohort_and_text_available
2026_spring,问答记录导出0919_已更新.xlsx,问答记录,问答记录导出0919_已更新.xlsx::问答记录::R1529,268115,2026-03-19 15:57:51,AI智能体,included,included_in_cohort_and_text_available
2026_spring,问答记录导出0919_已更新.xlsx,问答记录,问答记录导出0919_已更新.xlsx::问答记录::R1530,268115,2026-03-19 15:24:25,AI智能体,included,included_in_cohort_and_text_available
2026_spring,问答记录导出0919_已更新.xlsx,问答记录,问答记录导出0919_已更新.xlsx::问答记录::R1531,268117,2026-04-30 13:58:53,AI智能体,excluded,url_only_unretrieved_content
2026_spring,问答记录导出0919_已更新.xlsx,问答记录,问答记录导出0919_已更新.xlsx::问答记录::R1532,268117,2026-03-19 15:44:22,AI智能体,included,included_in_cohort_and_text_available
2026_spring,问答记录导出0919_已更新.xlsx,问答记录,问答记录导出0919_已更新.xlsx::问答记录::R1533,268119,2026-05-01 22:36:35,AI智能体,included,included_in_cohort_and_text_available
2026_spring,问答记录导出0919_已更新.xlsx,问答记录,问答记录导出0919_已更新.xlsx::问答记录::R1534,268119,2026-05-01 22:35:51,AI智能体,included,included_in_cohort_and_text_available
2026_spring,问答记录导出0919_已更新.xlsx,问答记录,问答记录导出0919_已更新.xlsx::问答记录::R1535,268119,2026-05-01 22:27:12,AI智能体,included,included_in_cohort_and_text_available
2026_spring,问答记录导出0919_已更新.xlsx,问答记录,问答记录导出0919_已更新.xlsx::问答记录::R1536,268119,2026-03-22 21:04:34,AI智能体,included,included_in_cohort_and_text_available
2026_spring,问答记录导出0919_已更新.xlsx,问答记录,问答记录导出0919_已更新.xlsx::问答记录::R1537,268121,2026-07-06 23:44:29,AI智能体,included,included_in_cohort_and_text_available
2026_spring,问答记录导出0919_已更新.xlsx,问答记录,问答记录导出0919_已更新.xlsx::问答记录::R1538,268121,2026-07-06 23:44:07,AI智能体,included,included_in_cohort_and_text_available
2026_spring,问答记录导出0919_已更新.xlsx,问答记录,问答记录导出0919_已更新.xlsx::问答记录::R1539,268121,2026-07-05 22:23:48,AI智能体,included,included_in_cohort_and_text_available
2026_spring,问答记录导出0919_已更新.xlsx,问答记录,问答记录导出0919_已更新.xlsx::问答记录::R1540,268121,2026-07-05 22:22:39,AI学伴,included,included_in_cohort_and_text_available
2026_spring,问答记录导出0919_已更新.xlsx,问答记录,问答记录导出0919_已更新.xlsx::问答记录::R1541,268121,2026-04-26 10:53:37,AI智能体,excluded,url_only_unretrieved_content
2026_spring,问答记录导出0919_已更新.xlsx,问答记录,问答记录导出0919_已更新.xlsx::问答记录::R1542,268121,2026-04-24 12:58:28,AI智能体,included,included_in_cohort_and_text_available
2026_spring,问答记录导出0919_已更新.xlsx,问答记录,问答记录导出0919_已更新.xlsx::问答记录::R1543,268121,2026-04-10 16:18:35,AI学伴,included,included_in_cohort_and_text_available
2026_spring,问答记录导出0919_已更新.xlsx,问答记录,问答记录导出0919_已更新.xlsx::问答记录::R1544,268121,2026-04-08 10:42:44,AI学伴,included,included_in_cohort_and_text_available
2026_spring,问答记录导出0919_已更新.xlsx,问答记录,问答记录导出0919_已更新.xlsx::问答记录::R1545,268121,2026-03-20 15:24:08,AI学伴,included,included_in_cohort_and_text_available
2026_spring,问答记录导出0919_已更新.xlsx,问答记录,问答记录导出0919_已更新.xlsx::问答记录::R1546,268121,2026-03-19 17:42:09,AI智能体,included,included_in_cohort_and_text_available
2026_spring,问答记录导出0919_已更新.xlsx,问答记录,问答记录导出0919_已更新.xlsx::问答记录::R1547,268121,2026-03-19 16:33:07,AI学伴,included,included_in_cohort_and_text_available
2026_spring,问答记录导出0919_已更新.xlsx,问答记录,问答记录导出0919_已更新.xlsx::问答记录::R1548,268123,2026-04-27 20:23:46,AI智能体,excluded,url_only_unretrieved_content
2026_spring,问答记录导出0919_已更新.xlsx,问答记录,问答记录导出0919_已更新.xlsx::问答记录::R1549,268123,2026-04-27 20:23:00,AI智能体,included,included_in_cohort_and_text_available
2026_spring,问答记录导出0919_已更新.xlsx,问答记录,问答记录导出0919_已更新.xlsx::问答记录::R1550,268123,2026-04-27 20:08:11,AI智能体,included,included_in_cohort_and_text_available
2026_spring,问答记录导出0919_已更新.xlsx,问答记录,问答记录导出0919_已更新.xlsx::问答记录::R1551,268123,2026-03-30 19:40:11,AI智能体,included,included_in_cohort_and_text_available
2026_spring,问答记录导出0919_已更新.xlsx,问答记录,问答记录导出0919_已更新.xlsx::问答记录::R1552,268124,2026-03-31 19:45:57,AI智能体,excluded,url_only_unretrieved_content
2026_spring,问答记录导出0919_已更新.xlsx,问答记录,问答记录导出0919_已更新.xlsx::问答记录::R1553,268124,2026-03-31 19:27:58,AI智能体,excluded,url_only_unretrieved_content
2026_spring,问答记录导出0919_已更新.xlsx,问答记录,问答记录导出0919_已更新.xlsx::问答记录::R1554,268125,2026-05-05 14:43:12,AI智能体,included,included_in_cohort_and_text_available
2026_spring,问答记录导出0919_已更新.xlsx,问答记录,问答记录导出0919_已更新.xlsx::问答记录::R1555,268125,2026-05-05 14:42:29,AI智能体,included,included_in_cohort_and_text_available
2026_spring,问答记录导出0919_已更新.xlsx,问答记录,问答记录导出0919_已更新.xlsx::问答记录::R1556,268125,2026-03-23 10:09:19,AI智能体,included,included_in_cohort_and_text_available
2026_spring,问答记录导出0919_已更新.xlsx,问答记录,问答记录导出0919_已更新.xlsx::问答记录::R1557,268126,2026-04-27 16:08:46,AI智能体,included,included_in_cohort_and_text_available
2026_spring,问答记录导出0919_已更新.xlsx,问答记录,问答记录导出0919_已更新.xlsx::问答记录::R1558,268126,2026-04-27 15:04:29,AI智能体,included,included_in_cohort_and_text_available
2026_spring,问答记录导出0919_已更新.xlsx,问答记录,问答记录导出0919_已更新.xlsx::问答记录::R1559,268126,2026-03-21 17:09:56,AI智能体,excluded,url_only_unretrieved_content
2026_spring,问答记录导出0919_已更新.xlsx,问答记录,问答记录导出0919_已更新.xlsx::问答记录::R1560,268126,2026-03-19 16:21:59,AI智能体,included,included_in_cohort_and_text_available
2026_spring,问答记录导出0919_已更新.xlsx,问答记录,问答记录导出0919_已更新.xlsx::问答记录::R1561,268127,2026-04-26 12:23:01,AI智能体,excluded,url_only_unretrieved_content
2026_spring,问答记录导出0919_已更新.xlsx,问答记录,问答记录导出0919_已更新.xlsx::问答记录::R1562,268127,2026-04-24 14:34:55,AI智能体,excluded,url_only_unretrieved_content
2026_spring,问答记录导出0919_已更新.xlsx,问答记录,问答记录导出0919_已更新.xlsx::问答记录::R1563,268127,2026-03-22 16:31:58,AI智能体,excluded,url_only_unretrieved_content
2026_spring,问答记录导出0919_已更新.xlsx,问答记录,问答记录导出0919_已更新.xlsx::问答记录::R1564,268130,2026-04-26 14:51:12,AI智能体,excluded,url_only_unretrieved_content
2026_spring,问答记录导出0919_已更新.xlsx,问答记录,问答记录导出0919_已更新.xlsx::问答记录::R1565,268130,2026-04-26 14:50:15,AI智能体,included,included_in_cohort_and_text_available
2026_spring,问答记录导出0919_已更新.xlsx,问答记录,问答记录导出0919_已更新.xlsx::问答记录::R1566,268130,2026-03-19 15:51:40,AI智能体,included,included_in_cohort_and_text_available
2026_spring,问答记录导出0919_已更新.xlsx,问答记录,问答记录导出0919_已更新.xlsx::问答记录::R1567,268131,2026-05-27 14:21:15,AI智能体,included,included_in_cohort_and_text_available
2026_spring,问答记录导出0919_已更新.xlsx,问答记录,问答记录导出0919_已更新.xlsx::问答记录::R1568,268131,2026-05-27 14:03:05,AI智能体,included,included_in_cohort_and_text_available
2026_spring,问答记录导出0919_已更新.xlsx,问答记录,问答记录导出0919_已更新.xlsx::问答记录::R1569,268131,2026-03-24 11:36:53,AI智能体,excluded,url_only_unretrieved_content
2026_spring,问答记录导出0919_已更新.xlsx,问答记录,问答记录导出0919_已更新.xlsx::问答记录::R1570,268133,2026-04-27 15:23:30,AI智能体,excluded,url_only_unretrieved_content
2026_spring,问答记录导出0919_已更新.xlsx,问答记录,问答记录导出0919_已更新.xlsx::问答记录::R1571,268133,2026-04-27 14:59:40,AI智能体,included,included_in_cohort_and_text_available
2026_spring,问答记录导出0919_已更新.xlsx,问答记录,问答记录导出0919_已更新.xlsx::问答记录::R1572,268133,2026-03-19 15:53:34,AI智能体,included,included_in_cohort_and_text_available
2026_spring,问答记录导出0919_已更新.xlsx,问答记录,问答记录导出0919_已更新.xlsx::问答记录::R1573,268133,2026-03-19 15:48:46,AI智能体,included,included_in_cohort_and_text_available
2026_spring,问答记录导出0919_已更新.xlsx,问答记录,问答记录导出0919_已更新.xlsx::问答记录::R1574,268135,2026-04-29 22:26:28,AI智能体,excluded,url_only_unretrieved_content
2026_spring,问答记录导出0919_已更新.xlsx,问答记录,问答记录导出0919_已更新.xlsx::问答记录::R1575,268135,2026-04-29 18:10:35,AI智能体,included,included_in_cohort_and_text_available
2026_spring,问答记录导出0919_已更新.xlsx,问答记录,问答记录导出0919_已更新.xlsx::问答记录::R1576,268135,2026-04-01 14:49:31,AI智能体,included,included_in_cohort_and_text_available
2026_spring,问答记录导出0919_已更新.xlsx,问答记录,问答记录导出0919_已更新.xlsx::问答记录::R1577,268135,2026-03-31 21:51:49,AI智能体,included,included_in_cohort_and_text_available
2026_spring,问答记录导出0919_已更新.xlsx,问答记录,问答记录导出0919_已更新.xlsx::问答记录::R1578,268135,2026-03-27 11:49:40,AI智能体,included,included_in_cohort_and_text_available
2026_spring,问答记录导出0919_已更新.xlsx,问答记录,问答记录导出0919_已更新.xlsx::问答记录::R1579,268135,2026-03-27 11:30:53,AI智能体,included,included_in_cohort_and_text_available
2026_spring,问答记录导出0919_已更新.xlsx,问答记录,问答记录导出0919_已更新.xlsx::问答记录::R1580,268137,2026-04-26 22:59:40,AI智能体,excluded,url_only_unretrieved_content
2026_spring,问答记录导出0919_已更新.xlsx,问答记录,问答记录导出0919_已更新.xlsx::问答记录::R1581,268137,2026-04-24 23:28:14,AI智能体,included,included_in_cohort_and_text_available
2026_spring,问答记录导出0919_已更新.xlsx,问答记录,问答记录导出0919_已更新.xlsx::问答记录::R1582,268137,2026-03-19 16:04:13,AI智能体,included,included_in_cohort_and_text_available
2026_spring,问答记录导出0919_已更新.xlsx,问答记录,问答记录导出0919_已更新.xlsx::问答记录::R1583,268139,2026-04-27 10:11:34,AI智能体,excluded,url_only_unretrieved_content
2026_spring,问答记录导出0919_已更新.xlsx,问答记录,问答记录导出0919_已更新.xlsx::问答记录::R1584,268139,2026-04-27 10:02:45,AI智能体,included,included_in_cohort_and_text_available
2026_spring,问答记录导出0919_已更新.xlsx,问答记录,问答记录导出0919_已更新.xlsx::问答记录::R1585,268139,2026-04-26 12:22:03,AI智能体,excluded,url_only_unretrieved_content
2026_spring,问答记录导出0919_已更新.xlsx,问答记录,问答记录导出0919_已更新.xlsx::问答记录::R1586,268139,2026-03-22 13:53:00,AI智能体,included,included_in_cohort_and_text_available
2026_spring,问答记录导出0919_已更新.xlsx,问答记录,问答记录导出0919_已更新.xlsx::问答记录::R1587,268139,2026-03-19 15:58:43,AI助教,included,included_in_cohort_and_text_available
2026_spring,问答记录导出0919_已更新.xlsx,问答记录,问答记录导出0919_已更新.xlsx::问答记录::R1588,268140,2026-06-10 13:11:02,AI智能体,excluded,url_only_unretrieved_content
2026_spring,问答记录导出0919_已更新.xlsx,问答记录,问答记录导出0919_已更新.xlsx::问答记录::R1589,268140,2026-06-10 13:10:14,AI学伴,included,included_in_cohort_and_text_available
2026_spring,问答记录导出0919_已更新.xlsx,问答记录,问答记录导出0919_已更新.xlsx::问答记录::R1590,268140,2026-04-28 11:12:27,AI智能体,excluded,url_only_unretrieved_content
2026_spring,问答记录导出0919_已更新.xlsx,问答记录,问答记录导出0919_已更新.xlsx::问答记录::R1591,268140,2026-04-28 10:49:42,AI智能体,included,included_in_cohort_and_text_available
2026_spring,问答记录导出0919_已更新.xlsx,问答记录,问答记录导出0919_已更新.xlsx::问答记录::R1592,268140,2026-03-25 16:29:10,AI智能体,included,included_in_cohort_and_text_available
2026_spring,问答记录导出0919_已更新.xlsx,问答记录,问答记录导出0919_已更新.xlsx::问答记录::R1593,268141,2026-05-05 23:47:26,AI智能体,included,included_in_cohort_and_text_available
2026_spring,问答记录导出0919_已更新.xlsx,问答记录,问答记录导出0919_已更新.xlsx::问答记录::R1594,268141,2026-05-05 23:46:05,AI智能体,included,included_in_cohort_and_text_available
2026_spring,问答记录导出0919_已更新.xlsx,问答记录,问答记录导出0919_已更新.xlsx::问答记录::R1595,268143,2026-06-18 21:40:41,AI智能体,included,included_in_cohort_and_text_available
2026_spring,问答记录导出0919_已更新.xlsx,问答记录,问答记录导出0919_已更新.xlsx::问答记录::R1596,268143,2026-06-18 21:35:17,AI智能体,included,included_in_cohort_and_text_available
2026_spring,问答记录导出0919_已更新.xlsx,问答记录,问答记录导出0919_已更新.xlsx::问答记录::R1597,268143,2026-06-18 21:35:15,AI智能体,excluded,empty_interaction_text
2026_spring,问答记录导出0919_已更新.xlsx,问答记录,问答记录导出0919_已更新.xlsx::问答记录::R1598,268143,2026-06-18 21:34:56,AI智能体,included,included_in_cohort_and_text_available
2026_spring,问答记录导出0919_已更新.xlsx,问答记录,问答记录导出0919_已更新.xlsx::问答记录::R1599,268143,2026-06-18 21:32:42,AI智能体,excluded,empty_interaction_text
2026_spring,问答记录导出0919_已更新.xlsx,问答记录,问答记录导出0919_已更新.xlsx::问答记录::R1600,268143,2026-06-18 21:32:16,AI智能体,included,included_in_cohort_and_text_available
2026_spring,问答记录导出0919_已更新.xlsx,问答记录,问答记录导出0919_已更新.xlsx::问答记录::R1601,268143,2026-06-18 21:32:04,AI智能体,included,included_in_cohort_and_text_available
2026_spring,问答记录导出0919_已更新.xlsx,问答记录,问答记录导出0919_已更新.xlsx::问答记录::R1602,268143,2026-06-18 21:25:44,AI智能体,included,included_in_cohort_and_text_available
2026_spring,问答记录导出0919_已更新.xlsx,问答记录,问答记录导出0919_已更新.xlsx::问答记录::R1603,268143,2026-04-27 14:04:16,AI智能体,excluded,url_only_unretrieved_content
2026_spring,问答记录导出0919_已更新.xlsx,问答记录,问答记录导出0919_已更新.xlsx::问答记录::R1604,268143,2026-04-27 11:45:24,AI智能体,included,included_in_cohort_and_text_available
2026_spring,问答记录导出0919_已更新.xlsx,问答记录,问答记录导出0919_已更新.xlsx::问答记录::R1605,268143,2026-03-29 10:24:49,AI智能体,included,included_in_cohort_and_text_available
2026_spring,问答记录导出0919_已更新.xlsx,问答记录,问答记录导出0919_已更新.xlsx::问答记录::R1606,268143,2026-03-29 10:24:18,AI学伴,included,included_in_cohort_and_text_available
2026_spring,问答记录导出0919_已更新.xlsx,问答记录,问答记录导出0919_已更新.xlsx::问答记录::R1607,268143,2026-03-19 16:29:35,AI学伴,included,included_in_cohort_and_text_available
2026_spring,问答记录导出0919_已更新.xlsx,问答记录,问答记录导出0919_已更新.xlsx::问答记录::R1608,268143,2026-03-19 15:25:31,AI智能体,included,included_in_cohort_and_text_available
2026_spring,问答记录导出0919_已更新.xlsx,问答记录,问答记录导出0919_已更新.xlsx::问答记录::R1609,268144,2026-04-28 10:48:21,AI智能体,excluded,url_only_unretrieved_content
2026_spring,问答记录导出0919_已更新.xlsx,问答记录,问答记录导出0919_已更新.xlsx::问答记录::R1610,268144,2026-04-28 10:08:17,AI智能体,included,included_in_cohort_and_text_available
2026_spring,问答记录导出0919_已更新.xlsx,问答记录,问答记录导出0919_已更新.xlsx::问答记录::R1611,268144,2026-04-28 10:05:46,AI智能体,included,included_in_cohort_and_text_available
2026_spring,问答记录导出0919_已更新.xlsx,问答记录,问答记录导出0919_已更新.xlsx::问答记录::R1612,268144,2026-03-28 12:42:34,AI学伴,included,included_in_cohort_and_text_available
2026_spring,问答记录导出0919_已更新.xlsx,问答记录,问答记录导出0919_已更新.xlsx::问答记录::R1613,268144,2026-03-25 11:33:56,AI学伴,included,included_in_cohort_and_text_available
2026_spring,问答记录导出0919_已更新.xlsx,问答记录,问答记录导出0919_已更新.xlsx::问答记录::R1614,268145,2026-04-28 10:46:20,AI智能体,excluded,url_only_unretrieved_content
2026_spring,问答记录导出0919_已更新.xlsx,问答记录,问答记录导出0919_已更新.xlsx::问答记录::R1615,268145,2026-04-28 10:33:45,AI智能体,included,included_in_cohort_and_text_available
2026_spring,问答记录导出0919_已更新.xlsx,问答记录,问答记录导出0919_已更新.xlsx::问答记录::R1616,268145,2026-04-21 19:00:36,AI学伴,included,included_in_cohort_and_text_available
2026_spring,问答记录导出0919_已更新.xlsx,问答记录,问答记录导出0919_已更新.xlsx::问答记录::R1617,268145,2026-03-25 11:23:50,AI智能体,included,included_in_cohort_and_text_available
2026_spring,问答记录导出0919_已更新.xlsx,问答记录,问答记录导出0919_已更新.xlsx::问答记录::R1618,268145,2026-03-25 11:03:38,AI智能体,included,included_in_cohort_and_text_available
2026_spring,问答记录导出0919_已更新.xlsx,问答记录,问答记录导出0919_已更新.xlsx::问答记录::R1619,268145,2026-03-19 16:07:48,AI学伴,included,included_in_cohort_and_text_available
2026_spring,问答记录导出0919_已更新.xlsx,问答记录,问答记录导出0919_已更新.xlsx::问答记录::R1620,268147,2026-04-30 22:53:32,AI智能体,excluded,url_only_unretrieved_content
2026_spring,问答记录导出0919_已更新.xlsx,问答记录,问答记录导出0919_已更新.xlsx::问答记录::R1621,268147,2026-04-30 22:16:31,AI智能体,included,included_in_cohort_and_text_available
2026_spring,问答记录导出0919_已更新.xlsx,问答记录,问答记录导出0919_已更新.xlsx::问答记录::R1622,268147,2026-04-30 09:55:24,AI智能体,included,included_in_cohort_and_text_available
2026_spring,问答记录导出0919_已更新.xlsx,问答记录,问答记录导出0919_已更新.xlsx::问答记录::R1623,268147,2026-04-08 15:14:32,AI学伴,included,included_in_cohort_and_text_available
2026_spring,问答记录导出0919_已更新.xlsx,问答记录,问答记录导出0919_已更新.xlsx::问答记录::R1624,268147,2026-03-23 00:30:35,AI智能体,included,included_in_cohort_and_text_available
2026_spring,问答记录导出0919_已更新.xlsx,问答记录,问答记录导出0919_已更新.xlsx::问答记录::R1625,268149,2026-04-28 15:39:09,AI智能体,included,included_in_cohort_and_text_available
2026_spring,问答记录导出0919_已更新.xlsx,问答记录,问答记录导出0919_已更新.xlsx::问答记录::R1626,268149,2026-04-28 15:33:37,AI智能体,included,included_in_cohort_and_text_available
2026_spring,问答记录导出0919_已更新.xlsx,问答记录,问答记录导出0919_已更新.xlsx::问答记录::R1627,268149,2026-03-26 14:19:27,AI学伴,included,included_in_cohort_and_text_available
2026_spring,问答记录导出0919_已更新.xlsx,问答记录,问答记录导出0919_已更新.xlsx::问答记录::R1628,268151,2026-05-23 14:33:02,AI智能体,included,included_in_cohort_and_text_available
2026_spring,问答记录导出0919_已更新.xlsx,问答记录,问答记录导出0919_已更新.xlsx::问答记录::R1629,268151,2026-05-23 14:23:50,AI智能体,included,included_in_cohort_and_text_available
2026_spring,问答记录导出0919_已更新.xlsx,问答记录,问答记录导出0919_已更新.xlsx::问答记录::R1630,268151,2026-04-26 23:47:14,AI智能体,included,included_in_cohort_and_text_available
2026_spring,问答记录导出0919_已更新.xlsx,问答记录,问答记录导出0919_已更新.xlsx::问答记录::R1631,268151,2026-04-25 13:52:15,AI智能体,included,included_in_cohort_and_text_available
2026_spring,问答记录导出0919_已更新.xlsx,问答记录,问答记录导出0919_已更新.xlsx::问答记录::R1632,268151,2026-03-29 23:16:09,AI智能体,included,included_in_cohort_and_text_available
2026_spring,问答记录导出0919_已更新.xlsx,问答记录,问答记录导出0919_已更新.xlsx::问答记录::R1633,268151,2026-03-21 15:19:11,AI智能体,included,included_in_cohort_and_text_available
2026_spring,问答记录导出0919_已更新.xlsx,问答记录,问答记录导出0919_已更新.xlsx::问答记录::R1634,268151,2026-03-21 15:12:39,AI智能体,included,included_in_cohort_and_text_available
2026_spring,问答记录导出0919_已更新.xlsx,问答记录,问答记录导出0919_已更新.xlsx::问答记录::R1635,268154,2026-04-30 15:57:58,AI智能体,excluded,url_only_unretrieved_content
2026_spring,问答记录导出0919_已更新.xlsx,问答记录,问答记录导出0919_已更新.xlsx::问答记录::R1636,268154,2026-04-29 10:44:23,AI智能体,excluded,url_only_unretrieved_content
2026_spring,问答记录导出0919_已更新.xlsx,问答记录,问答记录导出0919_已更新.xlsx::问答记录::R1637,268154,2026-03-24 18:53:12,AI智能体,included,included_in_cohort_and_text_available
2026_spring,问答记录导出0919_已更新.xlsx,问答记录,问答记录导出0919_已更新.xlsx::问答记录::R1638,268154,2026-03-22 18:14:47,AI智能体,included,included_in_cohort_and_text_available
2026_spring,问答记录导出0919_已更新.xlsx,问答记录,问答记录导出0919_已更新.xlsx::问答记录::R1639,268154,2026-03-22 17:23:35,AI智能体,included,included_in_cohort_and_text_available
2026_spring,问答记录导出0919_已更新.xlsx,问答记录,问答记录导出0919_已更新.xlsx::问答记录::R1640,268154,2026-03-19 16:21:26,AI智能体,included,included_in_cohort_and_text_available
2026_spring,问答记录导出0919_已更新.xlsx,问答记录,问答记录导出0919_已更新.xlsx::问答记录::R1641,268155,2026-04-29 16:14:33,AI智能体,excluded,url_only_unretrieved_content
2026_spring,问答记录导出0919_已更新.xlsx,问答记录,问答记录导出0919_已更新.xlsx::问答记录::R1642,268155,2026-04-29 15:25:02,AI智能体,included,included_in_cohort_and_text_available
2026_spring,问答记录导出0919_已更新.xlsx,问答记录,问答记录导出0919_已更新.xlsx::问答记录::R1643,268155,2026-03-24 19:00:06,AI智能体,included,included_in_cohort_and_text_available
2026_spring,问答记录导出0919_已更新.xlsx,问答记录,问答记录导出0919_已更新.xlsx::问答记录::R1644,268157,2026-06-04 17:09:02,AI助教,included,included_in_cohort_and_text_available
2026_spring,问答记录导出0919_已更新.xlsx,问答记录,问答记录导出0919_已更新.xlsx::问答记录::R1645,268157,2026-03-19 16:00:50,AI学伴,included,included_in_cohort_and_text_available
2026_spring,问答记录导出0919_已更新.xlsx,问答记录,问答记录导出0919_已更新.xlsx::问答记录::R1646,268158,2026-07-27 14:25:54,AI学伴,included,included_in_cohort_and_text_available
2026_spring,问答记录导出0919_已更新.xlsx,问答记录,问答记录导出0919_已更新.xlsx::问答记录::R1647,268158,2026-07-27 14:15:00,AI学伴,excluded,empty_interaction_text
2026_spring,问答记录导出0919_已更新.xlsx,问答记录,问答记录导出0919_已更新.xlsx::问答记录::R1648,268158,2026-07-27 14:14:32,AI智能体,included,included_in_cohort_and_text_available
2026_spring,问答记录导出0919_已更新.xlsx,问答记录,问答记录导出0919_已更新.xlsx::问答记录::R1649,268158,2026-05-02 21:45:19,AI学伴,included,included_in_cohort_and_text_available
2026_spring,问答记录导出0919_已更新.xlsx,问答记录,问答记录导出0919_已更新.xlsx::问答记录::R1650,268158,2026-04-23 14:45:58,AI智能体,included,included_in_cohort_and_text_available
2026_spring,问答记录导出0919_已更新.xlsx,问答记录,问答记录导出0919_已更新.xlsx::问答记录::R1651,268158,2026-03-19 16:01:43,AI智能体,included,included_in_cohort_and_text_available
2026_spring,问答记录导出0919_已更新.xlsx,问答记录,问答记录导出0919_已更新.xlsx::问答记录::R1652,268158,2026-03-19 15:59:52,AI智能体,included,included_in_cohort_and_text_available
2026_spring,问答记录导出0919_已更新.xlsx,问答记录,问答记录导出0919_已更新.xlsx::问答记录::R1653,268162,2026-04-28 19:56:36,AI智能体,included,included_in_cohort_and_text_available
2026_spring,问答记录导出0919_已更新.xlsx,问答记录,问答记录导出0919_已更新.xlsx::问答记录::R1654,268162,2026-04-24 13:47:47,AI智能体,included,included_in_cohort_and_text_available
2026_spring,问答记录导出0919_已更新.xlsx,问答记录,问答记录导出0919_已更新.xlsx::问答记录::R1655,268162,2026-03-19 16:11:59,AI智能体,included,included_in_cohort_and_text_available
2026_spring,问答记录导出0919_已更新.xlsx,问答记录,问答记录导出0919_已更新.xlsx::问答记录::R1656,268162,2026-03-19 16:09:51,AI智能体,included,included_in_cohort_and_text_available
2026_spring,问答记录导出0919_已更新.xlsx,问答记录,问答记录导出0919_已更新.xlsx::问答记录::R1657,268165,2026-04-26 13:02:48,AI智能体,included,included_in_cohort_and_text_available
2026_spring,问答记录导出0919_已更新.xlsx,问答记录,问答记录导出0919_已更新.xlsx::问答记录::R1658,268165,2026-04-26 12:54:08,AI智能体,included,included_in_cohort_and_text_available
2026_spring,问答记录导出0919_已更新.xlsx,问答记录,问答记录导出0919_已更新.xlsx::问答记录::R1659,268165,2026-03-29 16:15:43,AI智能体,included,included_in_cohort_and_text_available
2026_spring,问答记录导出0919_已更新.xlsx,问答记录,问答记录导出0919_已更新.xlsx::问答记录::R1660,268166,2026-07-08 09:15:03,AI学伴,included,included_in_cohort_and_text_available
2026_spring,问答记录导出0919_已更新.xlsx,问答记录,问答记录导出0919_已更新.xlsx::问答记录::R1661,268166,2026-04-27 15:10:10,AI智能体,excluded,url_only_unretrieved_content
2026_spring,问答记录导出0919_已更新.xlsx,问答记录,问答记录导出0919_已更新.xlsx::问答记录::R1662,268166,2026-04-27 14:52:58,AI智能体,excluded,url_only_unretrieved_content
2026_spring,问答记录导出0919_已更新.xlsx,问答记录,问答记录导出0919_已更新.xlsx::问答记录::R1663,268166,2026-04-19 19:52:43,AI学伴,excluded,url_only_unretrieved_content
2026_spring,问答记录导出0919_已更新.xlsx,问答记录,问答记录导出0919_已更新.xlsx::问答记录::R1664,268166,2026-03-29 19:30:43,AI智能体,included,included_in_cohort_and_text_available
2026_spring,问答记录导出0919_已更新.xlsx,问答记录,问答记录导出0919_已更新.xlsx::问答记录::R1665,268167,2026-04-14 18:51:50,AI学伴,included,included_in_cohort_and_text_available
2026_spring,问答记录导出0919_已更新.xlsx,问答记录,问答记录导出0919_已更新.xlsx::问答记录::R1666,268167,2026-03-23 11:37:08,AI智能体,included,included_in_cohort_and_text_available
2026_spring,问答记录导出0919_已更新.xlsx,问答记录,问答记录导出0919_已更新.xlsx::问答记录::R1667,268171,2026-04-28 16:38:31,AI智能体,included,included_in_cohort_and_text_available
2026_spring,问答记录导出0919_已更新.xlsx,问答记录,问答记录导出0919_已更新.xlsx::问答记录::R1668,268171,2026-04-28 15:52:20,AI智能体,included,included_in_cohort_and_text_available
2026_spring,问答记录导出0919_已更新.xlsx,问答记录,问答记录导出0919_已更新.xlsx::问答记录::R1669,268171,2026-03-21 15:56:00,AI智能体,included,included_in_cohort_and_text_available
2026_spring,问答记录导出0919_已更新.xlsx,问答记录,问答记录导出0919_已更新.xlsx::问答记录::R1670,268174,2026-04-26 21:28:26,AI智能体,included,included_in_cohort_and_text_available
2026_spring,问答记录导出0919_已更新.xlsx,问答记录,问答记录导出0919_已更新.xlsx::问答记录::R1671,268174,2026-04-26 21:23:19,AI智能体,excluded,url_only_unretrieved_content
2026_spring,问答记录导出0919_已更新.xlsx,问答记录,问答记录导出0919_已更新.xlsx::问答记录::R1672,268174,2026-03-19 15:47:14,AI智能体,included,included_in_cohort_and_text_available
2026_spring,问答记录导出0919_已更新.xlsx,问答记录,问答记录导出0919_已更新.xlsx::问答记录::R1673,268176,2026-04-26 10:16:50,AI智能体,included,included_in_cohort_and_text_available
2026_spring,问答记录导出0919_已更新.xlsx,问答记录,问答记录导出0919_已更新.xlsx::问答记录::R1674,268176,2026-04-26 10:11:20,AI智能体,included,included_in_cohort_and_text_available
2026_spring,问答记录导出0919_已更新.xlsx,问答记录,问答记录导出0919_已更新.xlsx::问答记录::R1675,268176,2026-04-11 09:19:49,AI学伴,included,included_in_cohort_and_text_available
2026_spring,问答记录导出0919_已更新.xlsx,问答记录,问答记录导出0919_已更新.xlsx::问答记录::R1676,268176,2026-03-19 19:27:17,AI智能体,included,included_in_cohort_and_text_available
2026_spring,问答记录导出0919_已更新.xlsx,问答记录,问答记录导出0919_已更新.xlsx::问答记录::R1677,268183,2026-04-30 19:54:50,AI智能体,excluded,url_only_unretrieved_content
2026_spring,问答记录导出0919_已更新.xlsx,问答记录,问答记录导出0919_已更新.xlsx::问答记录::R1678,268183,2026-04-30 19:29:50,AI智能体,excluded,url_only_unretrieved_content
2026_spring,问答记录导出0919_已更新.xlsx,问答记录,问答记录导出0919_已更新.xlsx::问答记录::R1679,268183,2026-03-22 16:25:58,AI智能体,excluded,url_only_unretrieved_content
2026_spring,问答记录导出0919_已更新.xlsx,问答记录,问答记录导出0919_已更新.xlsx::问答记录::R1680,268184,2026-04-26 10:37:48,AI智能体,included,included_in_cohort_and_text_available
2026_spring,问答记录导出0919_已更新.xlsx,问答记录,问答记录导出0919_已更新.xlsx::问答记录::R1681,268184,2026-04-24 16:04:03,AI智能体,excluded,url_only_unretrieved_content
2026_spring,问答记录导出0919_已更新.xlsx,问答记录,问答记录导出0919_已更新.xlsx::问答记录::R1682,268184,2026-03-20 19:34:24,AI智能体,included,included_in_cohort_and_text_available
2026_spring,问答记录导出0919_已更新.xlsx,问答记录,问答记录导出0919_已更新.xlsx::问答记录::R1683,268191,2026-04-30 17:10:28,AI智能体,included,included_in_cohort_and_text_available
2026_spring,问答记录导出0919_已更新.xlsx,问答记录,问答记录导出0919_已更新.xlsx::问答记录::R1684,268191,2026-04-30 17:09:38,AI智能体,included,included_in_cohort_and_text_available
2026_spring,问答记录导出0919_已更新.xlsx,问答记录,问答记录导出0919_已更新.xlsx::问答记录::R1685,268191,2026-04-30 17:08:16,AI智能体,included,included_in_cohort_and_text_available
2026_spring,问答记录导出0919_已更新.xlsx,问答记录,问答记录导出0919_已更新.xlsx::问答记录::R1686,268191,2026-03-19 17:11:39,AI智能体,included,included_in_cohort_and_text_available
2026_spring,问答记录导出0919_已更新.xlsx,问答记录,问答记录导出0919_已更新.xlsx::问答记录::R1687,268191,2026-03-19 15:26:08,AI智能体,included,included_in_cohort_and_text_available
2026_spring,问答记录导出0919_已更新.xlsx,问答记录,问答记录导出0919_已更新.xlsx::问答记录::R1688,268192,2026-04-27 14:22:10,AI智能体,excluded,url_only_unretrieved_content
2026_spring,问答记录导出0919_已更新.xlsx,问答记录,问答记录导出0919_已更新.xlsx::问答记录::R1689,268192,2026-04-24 13:29:04,AI智能体,excluded,url_only_unretrieved_content
2026_spring,问答记录导出0919_已更新.xlsx,问答记录,问答记录导出0919_已更新.xlsx::问答记录::R1690,268192,2026-03-21 12:39:57,AI智能体,included,included_in_cohort_and_text_available
2026_spring,问答记录导出0919_已更新.xlsx,问答记录,问答记录导出0919_已更新.xlsx::问答记录::R1691,268194,2026-05-22 19:18:39,AI学伴,included,included_in_cohort_and_text_available
2026_spring,问答记录导出0919_已更新.xlsx,问答记录,问答记录导出0919_已更新.xlsx::问答记录::R1692,268194,2026-05-22 19:18:36,AI学伴,excluded,url_only_unretrieved_content
2026_spring,问答记录导出0919_已更新.xlsx,问答记录,问答记录导出0919_已更新.xlsx::问答记录::R1693,268194,2026-04-26 17:24:13,AI智能体,included,included_in_cohort_and_text_available
2026_spring,问答记录导出0919_已更新.xlsx,问答记录,问答记录导出0919_已更新.xlsx::问答记录::R1694,268194,2026-04-26 17:13:21,AI智能体,included,included_in_cohort_and_text_available
2026_spring,问答记录导出0919_已更新.xlsx,问答记录,问答记录导出0919_已更新.xlsx::问答记录::R1695,268194,2026-03-25 20:36:45,AI智能体,included,included_in_cohort_and_text_available
2026_spring,问答记录导出0919_已更新.xlsx,问答记录,问答记录导出0919_已更新.xlsx::问答记录::R1696,268194,2026-03-24 16:05:43,AI学伴,included,included_in_cohort_and_text_available
2026_spring,问答记录导出0919_已更新.xlsx,问答记录,问答记录导出0919_已更新.xlsx::问答记录::R1697,268194,2026-03-24 15:48:16,AI学伴,included,included_in_cohort_and_text_available
2026_spring,问答记录导出0919_已更新.xlsx,问答记录,问答记录导出0919_已更新.xlsx::问答记录::R1698,268194,2026-03-24 15:39:19,AI学伴,included,included_in_cohort_and_text_available
2026_spring,问答记录导出0919_已更新.xlsx,问答记录,问答记录导出0919_已更新.xlsx::问答记录::R1699,268194,2026-03-24 15:09:59,AI学伴,included,included_in_cohort_and_text_available
2026_spring,问答记录导出0919_已更新.xlsx,问答记录,问答记录导出0919_已更新.xlsx::问答记录::R1700,268194,2026-03-24 15:05:55,AI学伴,included,included_in_cohort_and_text_available
2026_spring,问答记录导出0919_已更新.xlsx,问答记录,问答记录导出0919_已更新.xlsx::问答记录::R1701,268195,2026-04-30 16:19:48,AI智能体,excluded,url_only_unretrieved_content
2026_spring,问答记录导出0919_已更新.xlsx,问答记录,问答记录导出0919_已更新.xlsx::问答记录::R1702,268195,2026-04-27 11:17:09,AI智能体,included,included_in_cohort_and_text_available
2026_spring,问答记录导出0919_已更新.xlsx,问答记录,问答记录导出0919_已更新.xlsx::问答记录::R1703,268195,2026-04-27 11:12:30,AI智能体,included,included_in_cohort_and_text_available
2026_spring,问答记录导出0919_已更新.xlsx,问答记录,问答记录导出0919_已更新.xlsx::问答记录::R1704,268195,2026-04-27 10:46:38,AI智能体,included,included_in_cohort_and_text_available
2026_spring,问答记录导出0919_已更新.xlsx,问答记录,问答记录导出0919_已更新.xlsx::问答记录::R1705,268195,2026-04-27 10:29:42,AI智能体,included,included_in_cohort_and_text_available
2026_spring,问答记录导出0919_已更新.xlsx,问答记录,问答记录导出0919_已更新.xlsx::问答记录::R1706,268195,2026-04-25 18:04:00,AI智能体,included,included_in_cohort_and_text_available
2026_spring,问答记录导出0919_已更新.xlsx,问答记录,问答记录导出0919_已更新.xlsx::问答记录::R1707,268195,2026-04-16 15:12:03,AI学伴,excluded,url_only_unretrieved_content
2026_spring,问答记录导出0919_已更新.xlsx,问答记录,问答记录导出0919_已更新.xlsx::问答记录::R1708,268195,2026-03-19 16:05:23,AI智能体,excluded,url_only_unretrieved_content
2026_spring,问答记录导出0919_已更新.xlsx,问答记录,问答记录导出0919_已更新.xlsx::问答记录::R1709,268206,2026-04-28 16:32:04,AI智能体,excluded,url_only_unretrieved_content
2026_spring,问答记录导出0919_已更新.xlsx,问答记录,问答记录导出0919_已更新.xlsx::问答记录::R1710,268206,2026-04-28 16:03:27,AI智能体,included,included_in_cohort_and_text_available
2026_spring,问答记录导出0919_已更新.xlsx,问答记录,问答记录导出0919_已更新.xlsx::问答记录::R1711,268206,2026-03-27 10:18:19,AI智能体,included,included_in_cohort_and_text_available
2026_spring,问答记录导出0919_已更新.xlsx,问答记录,问答记录导出0919_已更新.xlsx::问答记录::R1712,268206,2026-03-27 10:01:02,AI智能体,included,included_in_cohort_and_text_available
2026_spring,问答记录导出0919_已更新.xlsx,问答记录,问答记录导出0919_已更新.xlsx::问答记录::R1713,268206,2026-03-27 09:59:47,AI智能体,included,included_in_cohort_and_text_available
2026_spring,问答记录导出0919_已更新.xlsx,问答记录,问答记录导出0919_已更新.xlsx::问答记录::R1714,268213,2026-03-24 17:37:45,AI智能体,included,included_in_cohort_and_text_available
2026_spring,问答记录导出0919_已更新.xlsx,问答记录,问答记录导出0919_已更新.xlsx::问答记录::R1715,268214,2026-04-26 13:05:56,AI智能体,included,included_in_cohort_and_text_available
2026_spring,问答记录导出0919_已更新.xlsx,问答记录,问答记录导出0919_已更新.xlsx::问答记录::R1716,268214,2026-04-25 12:50:13,AI智能体,included,included_in_cohort_and_text_available
2026_spring,问答记录导出0919_已更新.xlsx,问答记录,问答记录导出0919_已更新.xlsx::问答记录::R1717,268214,2026-03-21 12:21:34,AI智能体,included,included_in_cohort_and_text_available
2026_spring,问答记录导出0919_已更新.xlsx,问答记录,问答记录导出0919_已更新.xlsx::问答记录::R1718,268216,2026-04-26 11:31:10,AI智能体,included,included_in_cohort_and_text_available
2026_spring,问答记录导出0919_已更新.xlsx,问答记录,问答记录导出0919_已更新.xlsx::问答记录::R1719,268216,2026-04-24 18:30:33,AI智能体,included,included_in_cohort_and_text_available
2026_spring,问答记录导出0919_已更新.xlsx,问答记录,问答记录导出0919_已更新.xlsx::问答记录::R1720,268216,2026-03-20 10:04:22,AI智能体,included,included_in_cohort_and_text_available
2026_spring,问答记录导出0919_已更新.xlsx,问答记录,问答记录导出0919_已更新.xlsx::问答记录::R1721,268219,2026-03-25 11:11:09,AI智能体,included,included_in_cohort_and_text_available
2026_spring,问答记录导出0919_已更新.xlsx,问答记录,问答记录导出0919_已更新.xlsx::问答记录::R1722,268225,2026-04-29 18:18:07,AI智能体,included,included_in_cohort_and_text_available
2026_spring,问答记录导出0919_已更新.xlsx,问答记录,问答记录导出0919_已更新.xlsx::问答记录::R1723,268225,2026-04-29 17:37:03,AI智能体,excluded,url_only_unretrieved_content
2026_spring,问答记录导出0919_已更新.xlsx,问答记录,问答记录导出0919_已更新.xlsx::问答记录::R1724,268225,2026-04-29 17:04:57,AI智能体,included,included_in_cohort_and_text_available
2026_spring,问答记录导出0919_已更新.xlsx,问答记录,问答记录导出0919_已更新.xlsx::问答记录::R1725,268225,2026-04-06 14:27:27,AI助教,included,included_in_cohort_and_text_available
2026_spring,问答记录导出0919_已更新.xlsx,问答记录,问答记录导出0919_已更新.xlsx::问答记录::R1726,268225,2026-03-19 16:38:38,AI学伴,included,included_in_cohort_and_text_available
2026_spring,问答记录导出0919_已更新.xlsx,问答记录,问答记录导出0919_已更新.xlsx::问答记录::R1727,268225,2026-03-19 15:54:12,AI智能体,included,included_in_cohort_and_text_available
2026_spring,问答记录导出0919_已更新.xlsx,问答记录,问答记录导出0919_已更新.xlsx::问答记录::R1728,268225,2026-03-19 15:38:30,AI智能体,included,included_in_cohort_and_text_available
2026_spring,问答记录导出0919_已更新.xlsx,问答记录,问答记录导出0919_已更新.xlsx::问答记录::R1729,268226,2026-04-29 15:37:16,AI智能体,included,included_in_cohort_and_text_available
2026_spring,问答记录导出0919_已更新.xlsx,问答记录,问答记录导出0919_已更新.xlsx::问答记录::R1730,268226,2026-04-29 15:35:26,AI智能体,included,included_in_cohort_and_text_available
2026_spring,问答记录导出0919_已更新.xlsx,问答记录,问答记录导出0919_已更新.xlsx::问答记录::R1731,268226,2026-03-24 21:42:26,AI智能体,included,included_in_cohort_and_text_available
2026_spring,问答记录导出0919_已更新.xlsx,问答记录,问答记录导出0919_已更新.xlsx::问答记录::R1732,268226,2026-03-24 21:40:59,AI智能体,included,included_in_cohort_and_text_available
2026_spring,问答记录导出0919_已更新.xlsx,问答记录,问答记录导出0919_已更新.xlsx::问答记录::R1733,268226,2026-03-24 21:40:44,AI学伴,included,included_in_cohort_and_text_available
2026_spring,问答记录导出0919_已更新.xlsx,问答记录,问答记录导出0919_已更新.xlsx::问答记录::R1734,268226,2026-03-19 16:25:57,AI智能体,included,included_in_cohort_and_text_available
2026_spring,问答记录导出0919_已更新.xlsx,问答记录,问答记录导出0919_已更新.xlsx::问答记录::R1735,268236,2026-05-05 23:44:43,AI智能体,included,included_in_cohort_and_text_available
2026_spring,问答记录导出0919_已更新.xlsx,问答记录,问答记录导出0919_已更新.xlsx::问答记录::R1736,268236,2026-04-29 20:58:22,AI智能体,included,included_in_cohort_and_text_available
2026_spring,问答记录导出0919_已更新.xlsx,问答记录,问答记录导出0919_已更新.xlsx::问答记录::R1737,268236,2026-03-31 14:34:12,AI智能体,included,included_in_cohort_and_text_available
2026_spring,问答记录导出0919_已更新.xlsx,问答记录,问答记录导出0919_已更新.xlsx::问答记录::R1738,268240,2026-04-26 14:04:17,AI智能体,included,included_in_cohort_and_text_available
2026_spring,问答记录导出0919_已更新.xlsx,问答记录,问答记录导出0919_已更新.xlsx::问答记录::R1739,268240,2026-04-26 13:59:54,AI智能体,excluded,url_only_unretrieved_content
2026_spring,问答记录导出0919_已更新.xlsx,问答记录,问答记录导出0919_已更新.xlsx::问答记录::R1740,268240,2026-04-26 13:48:13,AI智能体,included,included_in_cohort_and_text_available
2026_spring,问答记录导出0919_已更新.xlsx,问答记录,问答记录导出0919_已更新.xlsx::问答记录::R1741,268240,2026-04-16 16:57:15,AI学伴,included,included_in_cohort_and_text_available
2026_spring,问答记录导出0919_已更新.xlsx,问答记录,问答记录导出0919_已更新.xlsx::问答记录::R1742,268240,2026-03-20 19:33:06,AI智能体,included,included_in_cohort_and_text_available
2026_spring,问答记录导出0919_已更新.xlsx,问答记录,问答记录导出0919_已更新.xlsx::问答记录::R1743,268240,2026-03-19 16:21:29,AI智能体,included,included_in_cohort_and_text_available
2026_spring,问答记录导出0919_已更新.xlsx,问答记录,问答记录导出0919_已更新.xlsx::问答记录::R1744,268241,2026-04-28 15:40:50,AI智能体,excluded,url_only_unretrieved_content
2026_spring,问答记录导出0919_已更新.xlsx,问答记录,问答记录导出0919_已更新.xlsx::问答记录::R1745,268241,2026-04-25 16:33:15,AI智能体,included,included_in_cohort_and_text_available
2026_spring,问答记录导出0919_已更新.xlsx,问答记录,问答记录导出0919_已更新.xlsx::问答记录::R1746,268241,2026-03-27 11:30:32,AI学伴,included,included_in_cohort_and_text_available
2026_spring,问答记录导出0919_已更新.xlsx,问答记录,问答记录导出0919_已更新.xlsx::问答记录::R1747,268241,2026-03-27 11:20:55,AI智能体,excluded,url_only_unretrieved_content
2026_spring,问答记录导出0919_已更新.xlsx,问答记录,问答记录导出0919_已更新.xlsx::问答记录::R1748,268241,2026-03-23 19:55:40,AI智能体,included,included_in_cohort_and_text_available
2026_spring,问答记录导出0919_已更新.xlsx,问答记录,问答记录导出0919_已更新.xlsx::问答记录::R1749,268241,2026-03-23 19:28:35,AI智能体,excluded,url_only_unretrieved_content
2026_spring,问答记录导出0919_已更新.xlsx,问答记录,问答记录导出0919_已更新.xlsx::问答记录::R1750,268241,2026-03-21 20:01:48,AI智能体,included,included_in_cohort_and_text_available
2026_spring,问答记录导出0919_已更新.xlsx,问答记录,问答记录导出0919_已更新.xlsx::问答记录::R1751,268241,2026-03-21 20:01:18,AI智能体,excluded,empty_interaction_text
2026_spring,问答记录导出0919_已更新.xlsx,问答记录,问答记录导出0919_已更新.xlsx::问答记录::R1752,268241,2026-03-20 21:43:06,AI智能体,included,included_in_cohort_and_text_available
2026_spring,问答记录导出0919_已更新.xlsx,问答记录,问答记录导出0919_已更新.xlsx::问答记录::R1753,268241,2026-03-20 21:01:04,AI智能体,included,included_in_cohort_and_text_available
2026_spring,问答记录导出0919_已更新.xlsx,问答记录,问答记录导出0919_已更新.xlsx::问答记录::R1754,268241,2026-03-19 21:19:48,AI智能体,included,included_in_cohort_and_text_available
2026_spring,问答记录导出0919_已更新.xlsx,问答记录,问答记录导出0919_已更新.xlsx::问答记录::R1755,268241,2026-03-19 20:51:47,AI智能体,excluded,url_only_unretrieved_content
2026_spring,问答记录导出0919_已更新.xlsx,问答记录,问答记录导出0919_已更新.xlsx::问答记录::R1756,268241,2026-03-19 20:46:48,AI智能体,included,included_in_cohort_and_text_available
2026_spring,问答记录导出0919_已更新.xlsx,问答记录,问答记录导出0919_已更新.xlsx::问答记录::R1757,268241,2026-03-19 15:32:46,AI智能体,included,included_in_cohort_and_text_available
2026_spring,问答记录导出0919_已更新.xlsx,问答记录,问答记录导出0919_已更新.xlsx::问答记录::R1758,268243,2026-03-30 11:47:03,AI智能体,included,included_in_cohort_and_text_available
2026_spring,问答记录导出0919_已更新.xlsx,问答记录,问答记录导出0919_已更新.xlsx::问答记录::R1759,268246,2026-04-30 14:30:51,AI智能体,excluded,url_only_unretrieved_content
2026_spring,问答记录导出0919_已更新.xlsx,问答记录,问答记录导出0919_已更新.xlsx::问答记录::R1760,268246,2026-04-30 14:15:22,AI智能体,included,included_in_cohort_and_text_available
2026_spring,问答记录导出0919_已更新.xlsx,问答记录,问答记录导出0919_已更新.xlsx::问答记录::R1761,268246,2026-04-30 14:05:19,AI学伴,included,included_in_cohort_and_text_available
2026_spring,问答记录导出0919_已更新.xlsx,问答记录,问答记录导出0919_已更新.xlsx::问答记录::R1762,268246,2026-03-21 11:13:45,AI智能体,included,included_in_cohort_and_text_available
2026_spring,问答记录导出0919_已更新.xlsx,问答记录,问答记录导出0919_已更新.xlsx::问答记录::R1763,268246,2026-03-21 11:08:40,AI学伴,included,included_in_cohort_and_text_available
2026_spring,问答记录导出0919_已更新.xlsx,问答记录,问答记录导出0919_已更新.xlsx::问答记录::R1764,268247,2026-04-27 11:37:34,AI智能体,excluded,url_only_unretrieved_content
2026_spring,问答记录导出0919_已更新.xlsx,问答记录,问答记录导出0919_已更新.xlsx::问答记录::R1765,268247,2026-04-27 10:14:27,AI智能体,included,included_in_cohort_and_text_available
2026_spring,问答记录导出0919_已更新.xlsx,问答记录,问答记录导出0919_已更新.xlsx::问答记录::R1766,268247,2026-03-23 20:20:05,AI智能体,included,included_in_cohort_and_text_available
2026_spring,问答记录导出0919_已更新.xlsx,问答记录,问答记录导出0919_已更新.xlsx::问答记录::R1767,268247,2026-03-19 15:01:10,AI智能体,included,included_in_cohort_and_text_available
2026_spring,问答记录导出0919_已更新.xlsx,问答记录,问答记录导出0919_已更新.xlsx::问答记录::R1768,268247,2026-03-19 14:55:02,AI学伴,included,included_in_cohort_and_text_available
2026_spring,问答记录导出0919_已更新.xlsx,问答记录,问答记录导出0919_已更新.xlsx::问答记录::R1769,268248,2026-04-30 14:19:33,AI智能体,excluded,url_only_unretrieved_content
2026_spring,问答记录导出0919_已更新.xlsx,问答记录,问答记录导出0919_已更新.xlsx::问答记录::R1770,268248,2026-04-29 11:50:02,AI智能体,included,included_in_cohort_and_text_available
2026_spring,问答记录导出0919_已更新.xlsx,问答记录,问答记录导出0919_已更新.xlsx::问答记录::R1771,268248,2026-03-25 21:19:20,AI智能体,included,included_in_cohort_and_text_available
2026_spring,问答记录导出0919_已更新.xlsx,问答记录,问答记录导出0919_已更新.xlsx::问答记录::R1772,268248,2026-03-25 21:10:17,AI智能体,included,included_in_cohort_and_text_available
2026_spring,问答记录导出0919_已更新.xlsx,问答记录,问答记录导出0919_已更新.xlsx::问答记录::R1773,268248,2026-03-25 20:56:29,AI智能体,included,included_in_cohort_and_text_available
2026_spring,问答记录导出0919_已更新.xlsx,问答记录,问答记录导出0919_已更新.xlsx::问答记录::R1774,268248,2026-03-25 14:08:31,AI智能体,included,included_in_cohort_and_text_available
2026_spring,问答记录导出0919_已更新.xlsx,问答记录,问答记录导出0919_已更新.xlsx::问答记录::R1775,268248,2026-03-19 15:57:19,AI学伴,excluded,url_only_unretrieved_content
2026_spring,问答记录导出0919_已更新.xlsx,问答记录,问答记录导出0919_已更新.xlsx::问答记录::R1776,268249,2026-04-26 14:56:34,AI智能体,excluded,url_only_unretrieved_content
2026_spring,问答记录导出0919_已更新.xlsx,问答记录,问答记录导出0919_已更新.xlsx::问答记录::R1777,268249,2026-04-25 16:46:18,AI智能体,included,included_in_cohort_and_text_available
2026_spring,问答记录导出0919_已更新.xlsx,问答记录,问答记录导出0919_已更新.xlsx::问答记录::R1778,268249,2026-03-19 15:57:24,AI智能体,included,included_in_cohort_and_text_available
2026_spring,问答记录导出0919_已更新.xlsx,问答记录,问答记录导出0919_已更新.xlsx::问答记录::R1779,268251,2026-05-05 18:53:38,AI学伴,included,included_in_cohort_and_text_available
2026_spring,问答记录导出0919_已更新.xlsx,问答记录,问答记录导出0919_已更新.xlsx::问答记录::R1780,268251,2026-05-05 18:52:17,AI学伴,included,included_in_cohort_and_text_available
2026_spring,问答记录导出0919_已更新.xlsx,问答记录,问答记录导出0919_已更新.xlsx::问答记录::R1781,268251,2026-04-27 16:05:53,AI智能体,excluded,url_only_unretrieved_content
2026_spring,问答记录导出0919_已更新.xlsx,问答记录,问答记录导出0919_已更新.xlsx::问答记录::R1782,268251,2026-04-27 11:37:20,AI智能体,included,included_in_cohort_and_text_available
2026_spring,问答记录导出0919_已更新.xlsx,问答记录,问答记录导出0919_已更新.xlsx::问答记录::R1783,268251,2026-04-01 18:58:27,AI智能体,included,included_in_cohort_and_text_available
2026_spring,问答记录导出0919_已更新.xlsx,问答记录,问答记录导出0919_已更新.xlsx::问答记录::R1784,268251,2026-03-25 17:01:54,AI智能体,included,included_in_cohort_and_text_available
2026_spring,问答记录导出0919_已更新.xlsx,问答记录,问答记录导出0919_已更新.xlsx::问答记录::R1785,268251,2026-03-25 16:33:00,AI智能体,included,included_in_cohort_and_text_available
2026_spring,问答记录导出0919_已更新.xlsx,问答记录,问答记录导出0919_已更新.xlsx::问答记录::R1786,268251,2026-03-25 10:33:12,AI学伴,included,included_in_cohort_and_text_available
2026_spring,问答记录导出0919_已更新.xlsx,问答记录,问答记录导出0919_已更新.xlsx::问答记录::R1787,268251,2026-03-24 17:12:19,AI智能体,included,included_in_cohort_and_text_available
2026_spring,问答记录导出0919_已更新.xlsx,问答记录,问答记录导出0919_已更新.xlsx::问答记录::R1788,268251,2026-03-24 16:52:49,AI智能体,included,included_in_cohort_and_text_available
2026_spring,问答记录导出0919_已更新.xlsx,问答记录,问答记录导出0919_已更新.xlsx::问答记录::R1789,268251,2026-03-24 16:20:13,AI智能体,included,included_in_cohort_and_text_available
2026_spring,问答记录导出0919_已更新.xlsx,问答记录,问答记录导出0919_已更新.xlsx::问答记录::R1790,268251,2026-03-24 16:14:33,AI智能体,included,included_in_cohort_and_text_available
2026_spring,问答记录导出0919_已更新.xlsx,问答记录,问答记录导出0919_已更新.xlsx::问答记录::R1791,268251,2026-03-23 22:37:33,AI学伴,included,included_in_cohort_and_text_available
2026_spring,问答记录导出0919_已更新.xlsx,问答记录,问答记录导出0919_已更新.xlsx::问答记录::R1792,268251,2026-03-19 16:12:52,AI学伴,included,included_in_cohort_and_text_available
2026_spring,问答记录导出0919_已更新.xlsx,问答记录,问答记录导出0919_已更新.xlsx::问答记录::R1793,268251,2026-03-19 14:57:15,AI学伴,included,included_in_cohort_and_text_available
2026_spring,问答记录导出0919_已更新.xlsx,问答记录,问答记录导出0919_已更新.xlsx::问答记录::R1794,268253,2026-04-30 15:34:23,AI智能体,included,included_in_cohort_and_text_available
2026_spring,问答记录导出0919_已更新.xlsx,问答记录,问答记录导出0919_已更新.xlsx::问答记录::R1795,268253,2026-04-30 15:22:32,AI智能体,included,included_in_cohort_and_text_available
2026_spring,问答记录导出0919_已更新.xlsx,问答记录,问答记录导出0919_已更新.xlsx::问答记录::R1796,268253,2026-03-22 09:33:34,AI智能体,included,included_in_cohort_and_text_available
2026_spring,问答记录导出0919_已更新.xlsx,问答记录,问答记录导出0919_已更新.xlsx::问答记录::R1797,268253,2026-03-22 09:28:51,AI智能体,included,included_in_cohort_and_text_available
2026_spring,问答记录导出0919_已更新.xlsx,问答记录,问答记录导出0919_已更新.xlsx::问答记录::R1798,268254,2026-04-29 17:33:57,AI智能体,included,included_in_cohort_and_text_available
2026_spring,问答记录导出0919_已更新.xlsx,问答记录,问答记录导出0919_已更新.xlsx::问答记录::R1799,268254,2026-04-29 17:26:24,AI智能体,included,included_in_cohort_and_text_available
2026_spring,问答记录导出0919_已更新.xlsx,问答记录,问答记录导出0919_已更新.xlsx::问答记录::R1800,268254,2026-04-29 17:24:54,AI智能体,included,included_in_cohort_and_text_available
2026_spring,问答记录导出0919_已更新.xlsx,问答记录,问答记录导出0919_已更新.xlsx::问答记录::R1801,268254,2026-03-27 14:20:12,AI智能体,included,included_in_cohort_and_text_available
2026_spring,问答记录导出0919_已更新.xlsx,问答记录,问答记录导出0919_已更新.xlsx::问答记录::R1802,268255,2026-04-27 10:03:51,AI智能体,included,included_in_cohort_and_text_available
2026_spring,问答记录导出0919_已更新.xlsx,问答记录,问答记录导出0919_已更新.xlsx::问答记录::R1803,268255,2026-04-24 14:22:39,AI智能体,included,included_in_cohort_and_text_available
2026_spring,问答记录导出0919_已更新.xlsx,问答记录,问答记录导出0919_已更新.xlsx::问答记录::R1804,268255,2026-03-28 17:19:05,AI智能体,included,included_in_cohort_and_text_available
2026_spring,问答记录导出0919_已更新.xlsx,问答记录,问答记录导出0919_已更新.xlsx::问答记录::R1805,268256,2026-03-27 12:41:01,AI智能体,included,included_in_cohort_and_text_available
2026_spring,问答记录导出0919_已更新.xlsx,问答记录,问答记录导出0919_已更新.xlsx::问答记录::R1806,268263,2026-03-31 17:27:42,AI智能体,included,included_in_cohort_and_text_available
2026_spring,问答记录导出0919_已更新.xlsx,问答记录,问答记录导出0919_已更新.xlsx::问答记录::R1807,268264,2026-04-26 19:46:29,AI智能体,included,included_in_cohort_and_text_available
2026_spring,问答记录导出0919_已更新.xlsx,问答记录,问答记录导出0919_已更新.xlsx::问答记录::R1808,268264,2026-04-26 19:33:27,AI智能体,included,included_in_cohort_and_text_available
2026_spring,问答记录导出0919_已更新.xlsx,问答记录,问答记录导出0919_已更新.xlsx::问答记录::R1809,268264,2026-03-30 10:23:14,AI智能体,included,included_in_cohort_and_text_available
2026_spring,问答记录导出0919_已更新.xlsx,问答记录,问答记录导出0919_已更新.xlsx::问答记录::R1810,268264,2026-03-30 10:22:34,AI智能体,included,included_in_cohort_and_text_available
2026_spring,问答记录导出0919_已更新.xlsx,问答记录,问答记录导出0919_已更新.xlsx::问答记录::R1811,268264,2026-03-30 10:09:08,AI智能体,included,included_in_cohort_and_text_available
2026_spring,问答记录导出0919_已更新.xlsx,问答记录,问答记录导出0919_已更新.xlsx::问答记录::R1812,268290,2026-07-14 15:35:24,AI助教,excluded,empty_interaction_text
2026_spring,问答记录导出0919_已更新.xlsx,问答记录,问答记录导出0919_已更新.xlsx::问答记录::R1813,268290,2026-04-26 10:40:15,AI智能体,included,included_in_cohort_and_text_available
2026_spring,问答记录导出0919_已更新.xlsx,问答记录,问答记录导出0919_已更新.xlsx::问答记录::R1814,268290,2026-04-24 13:26:45,AI智能体,excluded,empty_interaction_text
2026_spring,问答记录导出0919_已更新.xlsx,问答记录,问答记录导出0919_已更新.xlsx::问答记录::R1815,268290,2026-04-24 13:20:45,AI智能体,included,included_in_cohort_and_text_available
2026_spring,问答记录导出0919_已更新.xlsx,问答记录,问答记录导出0919_已更新.xlsx::问答记录::R1816,268290,2026-03-27 10:05:35,AI智能体,included,included_in_cohort_and_text_available
2026_spring,问答记录导出0919_已更新.xlsx,问答记录,问答记录导出0919_已更新.xlsx::问答记录::R1817,268290,2026-03-27 10:03:02,AI学伴,included,included_in_cohort_and_text_available
2026_spring,问答记录导出0919_已更新.xlsx,问答记录,问答记录导出0919_已更新.xlsx::问答记录::R1818,268290,2026-03-27 10:00:04,AI学伴,included,included_in_cohort_and_text_available
2026_spring,问答记录导出0919_已更新.xlsx,问答记录,问答记录导出0919_已更新.xlsx::问答记录::R1819,268290,2026-03-19 16:44:58,AI智能体,included,included_in_cohort_and_text_available
2026_spring,问答记录导出0919_已更新.xlsx,问答记录,问答记录导出0919_已更新.xlsx::问答记录::R1820,268436,2026-04-27 14:29:26,AI智能体,included,included_in_cohort_and_text_available
2026_spring,问答记录导出0919_已更新.xlsx,问答记录,问答记录导出0919_已更新.xlsx::问答记录::R1821,268436,2026-04-27 11:30:13,AI智能体,included,included_in_cohort_and_text_available
2026_spring,问答记录导出0919_已更新.xlsx,问答记录,问答记录导出0919_已更新.xlsx::问答记录::R1822,268436,2026-03-29 23:49:41,AI智能体,included,included_in_cohort_and_text_available
2026_spring,问答记录导出0919_已更新.xlsx,问答记录,问答记录导出0919_已更新.xlsx::问答记录::R1823,268439,2026-04-27 00:12:51,AI智能体,included,included_in_cohort_and_text_available
2026_spring,问答记录导出0919_已更新.xlsx,问答记录,问答记录导出0919_已更新.xlsx::问答记录::R1824,268439,2026-03-23 20:00:28,AI智能体,included,included_in_cohort_and_text_available
2026_spring,问答记录导出0919_已更新.xlsx,问答记录,问答记录导出0919_已更新.xlsx::问答记录::R1825,268444,2026-04-26 11:56:58,AI智能体,excluded,url_only_unretrieved_content
2026_spring,问答记录导出0919_已更新.xlsx,问答记录,问答记录导出0919_已更新.xlsx::问答记录::R1826,268444,2026-04-24 23:34:58,AI智能体,included,included_in_cohort_and_text_available
2026_spring,问答记录导出0919_已更新.xlsx,问答记录,问答记录导出0919_已更新.xlsx::问答记录::R1827,268444,2026-04-24 13:15:00,AI智能体,included,included_in_cohort_and_text_available
2026_spring,问答记录导出0919_已更新.xlsx,问答记录,问答记录导出0919_已更新.xlsx::问答记录::R1828,268444,2026-03-19 15:57:31,AI智能体,included,included_in_cohort_and_text_available
2026_spring,问答记录导出0919_已更新.xlsx,问答记录,问答记录导出0919_已更新.xlsx::问答记录::R1829,268454,2026-03-19 16:20:17,AI智能体,included,included_in_cohort_and_text_available
2026_spring,问答记录导出0919_已更新.xlsx,问答记录,问答记录导出0919_已更新.xlsx::问答记录::R1830,268457,2026-06-16 15:25:44,AI学伴,included,included_in_cohort_and_text_available
2026_spring,问答记录导出0919_已更新.xlsx,问答记录,问答记录导出0919_已更新.xlsx::问答记录::R1831,268457,2026-03-28 14:24:35,AI智能体,included,included_in_cohort_and_text_available
2026_spring,问答记录导出0919_已更新.xlsx,问答记录,问答记录导出0919_已更新.xlsx::问答记录::R1832,268498,2026-04-30 14:41:41,AI智能体,included,included_in_cohort_and_text_available
2026_spring,问答记录导出0919_已更新.xlsx,问答记录,问答记录导出0919_已更新.xlsx::问答记录::R1833,268498,2026-04-30 14:10:05,AI智能体,included,included_in_cohort_and_text_available
2026_spring,问答记录导出0919_已更新.xlsx,问答记录,问答记录导出0919_已更新.xlsx::问答记录::R1834,268498,2026-04-30 10:56:29,AI智能体,included,included_in_cohort_and_text_available
2026_spring,问答记录导出0919_已更新.xlsx,问答记录,问答记录导出0919_已更新.xlsx::问答记录::R1835,268498,2026-03-23 21:32:41,AI智能体,included,included_in_cohort_and_text_available
2026_spring,问答记录导出0919_已更新.xlsx,问答记录,问答记录导出0919_已更新.xlsx::问答记录::R1836,268498,2026-03-19 15:26:17,AI智能体,included,included_in_cohort_and_text_available
2026_spring,问答记录导出0919_已更新.xlsx,问答记录,问答记录导出0919_已更新.xlsx::问答记录::R1837,268500,2026-05-26 17:13:45,AI智能体,included,included_in_cohort_and_text_available
2026_spring,问答记录导出0919_已更新.xlsx,问答记录,问答记录导出0919_已更新.xlsx::问答记录::R1838,268500,2026-04-30 15:18:05,AI智能体,included,included_in_cohort_and_text_available
2026_spring,问答记录导出0919_已更新.xlsx,问答记录,问答记录导出0919_已更新.xlsx::问答记录::R1839,268500,2026-04-30 15:17:45,AI智能体,included,included_in_cohort_and_text_available
2026_spring,问答记录导出0919_已更新.xlsx,问答记录,问答记录导出0919_已更新.xlsx::问答记录::R1840,268500,2026-04-30 15:16:30,AI智能体,included,included_in_cohort_and_text_available
2026_spring,问答记录导出0919_已更新.xlsx,问答记录,问答记录导出0919_已更新.xlsx::问答记录::R1841,268500,2026-04-30 15:09:39,AI智能体,included,included_in_cohort_and_text_available
2026_spring,问答记录导出0919_已更新.xlsx,问答记录,问答记录导出0919_已更新.xlsx::问答记录::R1842,268500,2026-04-30 15:01:39,AI智能体,included,included_in_cohort_and_text_available
2026_spring,问答记录导出0919_已更新.xlsx,问答记录,问答记录导出0919_已更新.xlsx::问答记录::R1843,268500,2026-03-24 16:12:52,AI智能体,included,included_in_cohort_and_text_available
2026_spring,问答记录导出0919_已更新.xlsx,问答记录,问答记录导出0919_已更新.xlsx::问答记录::R1844,268500,2026-03-24 15:39:13,AI智能体,included,included_in_cohort_and_text_available
2026_spring,问答记录导出0919_已更新.xlsx,问答记录,问答记录导出0919_已更新.xlsx::问答记录::R1845,268502,2026-05-21 15:29:09,AI智能体,included,included_in_cohort_and_text_available
2026_spring,问答记录导出0919_已更新.xlsx,问答记录,问答记录导出0919_已更新.xlsx::问答记录::R1846,268502,2026-04-26 20:52:17,AI智能体,excluded,url_only_unretrieved_content
2026_spring,问答记录导出0919_已更新.xlsx,问答记录,问答记录导出0919_已更新.xlsx::问答记录::R1847,268502,2026-04-26 20:42:28,AI智能体,included,included_in_cohort_and_text_available
2026_spring,问答记录导出0919_已更新.xlsx,问答记录,问答记录导出0919_已更新.xlsx::问答记录::R1848,268502,2026-03-25 18:13:49,AI学伴,included,included_in_cohort_and_text_available
2026_spring,问答记录导出0919_已更新.xlsx,问答记录,问答记录导出0919_已更新.xlsx::问答记录::R1849,268502,2026-03-25 16:53:21,AI智能体,included,included_in_cohort_and_text_available
2026_spring,问答记录导出0919_已更新.xlsx,问答记录,问答记录导出0919_已更新.xlsx::问答记录::R1850,268503,2026-04-26 13:59:47,AI智能体,included,included_in_cohort_and_text_available
2026_spring,问答记录导出0919_已更新.xlsx,问答记录,问答记录导出0919_已更新.xlsx::问答记录::R1851,268503,2026-04-26 13:46:46,AI智能体,included,included_in_cohort_and_text_available
2026_spring,问答记录导出0919_已更新.xlsx,问答记录,问答记录导出0919_已更新.xlsx::问答记录::R1852,268503,2026-03-24 10:00:01,AI智能体,included,included_in_cohort_and_text_available
2026_spring,问答记录导出0919_已更新.xlsx,问答记录,问答记录导出0919_已更新.xlsx::问答记录::R1853,268507,2026-04-29 11:33:24,AI智能体,excluded,url_only_unretrieved_content
2026_spring,问答记录导出0919_已更新.xlsx,问答记录,问答记录导出0919_已更新.xlsx::问答记录::R1854,268507,2026-04-28 16:32:55,AI智能体,included,included_in_cohort_and_text_available
2026_spring,问答记录导出0919_已更新.xlsx,问答记录,问答记录导出0919_已更新.xlsx::问答记录::R1855,268507,2026-04-28 16:26:52,AI智能体,included,included_in_cohort_and_text_available
2026_spring,问答记录导出0919_已更新.xlsx,问答记录,问答记录导出0919_已更新.xlsx::问答记录::R1856,268507,2026-04-01 16:14:17,AI学伴,included,included_in_cohort_and_text_available
2026_spring,问答记录导出0919_已更新.xlsx,问答记录,问答记录导出0919_已更新.xlsx::问答记录::R1857,268507,2026-03-29 11:09:56,AI智能体,included,included_in_cohort_and_text_available
2026_spring,问答记录导出0919_已更新.xlsx,问答记录,问答记录导出0919_已更新.xlsx::问答记录::R1858,268507,2026-03-29 11:08:09,AI智能体,included,included_in_cohort_and_text_available
2026_spring,问答记录导出0919_已更新.xlsx,问答记录,问答记录导出0919_已更新.xlsx::问答记录::R1859,268507,2026-03-26 14:30:18,AI学伴,included,included_in_cohort_and_text_available
2026_spring,问答记录导出0919_已更新.xlsx,问答记录,问答记录导出0919_已更新.xlsx::问答记录::R1860,268511,2026-04-24 16:16:58,AI智能体,included,included_in_cohort_and_text_available
2026_spring,问答记录导出0919_已更新.xlsx,问答记录,问答记录导出0919_已更新.xlsx::问答记录::R1861,268511,2026-03-19 18:06:59,AI智能体,included,included_in_cohort_and_text_available
2026_spring,问答记录导出0919_已更新.xlsx,问答记录,问答记录导出0919_已更新.xlsx::问答记录::R1862,268513,2026-05-14 17:17:04,AI智能体,included,included_in_cohort_and_text_available
2026_spring,问答记录导出0919_已更新.xlsx,问答记录,问答记录导出0919_已更新.xlsx::问答记录::R1863,268513,2026-04-25 19:11:55,AI智能体,included,included_in_cohort_and_text_available
2026_spring,问答记录导出0919_已更新.xlsx,问答记录,问答记录导出0919_已更新.xlsx::问答记录::R1864,268513,2026-03-29 00:15:43,AI智能体,included,included_in_cohort_and_text_available
2026_spring,问答记录导出0919_已更新.xlsx,问答记录,问答记录导出0919_已更新.xlsx::问答记录::R1865,268513,2026-03-26 15:07:28,AI智能体,included,included_in_cohort_and_text_available
2026_spring,问答记录导出0919_已更新.xlsx,问答记录,问答记录导出0919_已更新.xlsx::问答记录::R1866,268518,2026-04-28 12:02:55,AI智能体,included,included_in_cohort_and_text_available
2026_spring,问答记录导出0919_已更新.xlsx,问答记录,问答记录导出0919_已更新.xlsx::问答记录::R1867,268518,2026-04-28 11:47:41,AI智能体,included,included_in_cohort_and_text_available
2026_spring,问答记录导出0919_已更新.xlsx,问答记录,问答记录导出0919_已更新.xlsx::问答记录::R1868,268518,2026-03-22 20:42:40,AI智能体,included,included_in_cohort_and_text_available
2026_spring,问答记录导出0919_已更新.xlsx,问答记录,问答记录导出0919_已更新.xlsx::问答记录::R1869,268520,2026-05-22 00:17:34,AI智能体,excluded,url_only_unretrieved_content
2026_spring,问答记录导出0919_已更新.xlsx,问答记录,问答记录导出0919_已更新.xlsx::问答记录::R1870,268520,2026-05-19 01:01:57,AI智能体,included,included_in_cohort_and_text_available
2026_spring,问答记录导出0919_已更新.xlsx,问答记录,问答记录导出0919_已更新.xlsx::问答记录::R1871,268520,2026-05-18 14:43:20,AI智能体,excluded,url_only_unretrieved_content
2026_spring,问答记录导出0919_已更新.xlsx,问答记录,问答记录导出0919_已更新.xlsx::问答记录::R1872,268520,2026-03-23 23:42:30,AI智能体,included,included_in_cohort_and_text_available
2026_spring,问答记录导出0919_已更新.xlsx,问答记录,问答记录导出0919_已更新.xlsx::问答记录::R1873,268525,2026-04-26 10:28:45,AI智能体,included,included_in_cohort_and_text_available
2026_spring,问答记录导出0919_已更新.xlsx,问答记录,问答记录导出0919_已更新.xlsx::问答记录::R1874,268525,2026-04-26 10:12:16,AI智能体,included,included_in_cohort_and_text_available
2026_spring,问答记录导出0919_已更新.xlsx,问答记录,问答记录导出0919_已更新.xlsx::问答记录::R1875,268525,2026-03-27 19:19:08,AI智能体,included,included_in_cohort_and_text_available
2026_spring,问答记录导出0919_已更新.xlsx,问答记录,问答记录导出0919_已更新.xlsx::问答记录::R1876,268525,2026-03-19 15:23:36,AI智能体,included,included_in_cohort_and_text_available
2026_spring,问答记录导出0919_已更新.xlsx,问答记录,问答记录导出0919_已更新.xlsx::问答记录::R1877,268532,2026-05-21 14:25:51,AI智能体,included,included_in_cohort_and_text_available
2026_spring,问答记录导出0919_已更新.xlsx,问答记录,问答记录导出0919_已更新.xlsx::问答记录::R1878,268532,2026-05-21 14:18:21,AI智能体,included,included_in_cohort_and_text_available
2026_spring,问答记录导出0919_已更新.xlsx,问答记录,问答记录导出0919_已更新.xlsx::问答记录::R1879,268532,2026-05-18 14:11:26,AI学伴,included,included_in_cohort_and_text_available
2026_spring,问答记录导出0919_已更新.xlsx,问答记录,问答记录导出0919_已更新.xlsx::问答记录::R1880,268532,2026-05-08 19:19:38,AI学伴,included,included_in_cohort_and_text_available
2026_spring,问答记录导出0919_已更新.xlsx,问答记录,问答记录导出0919_已更新.xlsx::问答记录::R1881,268532,2026-05-06 20:13:53,AI学伴,included,included_in_cohort_and_text_available
2026_spring,问答记录导出0919_已更新.xlsx,问答记录,问答记录导出0919_已更新.xlsx::问答记录::R1882,268532,2026-04-28 14:15:21,AI学伴,included,included_in_cohort_and_text_available
2026_spring,问答记录导出0919_已更新.xlsx,问答记录,问答记录导出0919_已更新.xlsx::问答记录::R1883,268532,2026-04-20 14:14:56,AI学伴,included,included_in_cohort_and_text_available
2026_spring,问答记录导出0919_已更新.xlsx,问答记录,问答记录导出0919_已更新.xlsx::问答记录::R1884,268532,2026-04-08 12:57:01,AI学伴,included,included_in_cohort_and_text_available
2026_spring,问答记录导出0919_已更新.xlsx,问答记录,问答记录导出0919_已更新.xlsx::问答记录::R1885,268532,2026-03-31 20:24:09,AI智能体,included,included_in_cohort_and_text_available
2026_spring,问答记录导出0919_已更新.xlsx,问答记录,问答记录导出0919_已更新.xlsx::问答记录::R1886,268532,2026-03-31 00:41:07,AI智能体,included,included_in_cohort_and_text_available
2026_spring,问答记录导出0919_已更新.xlsx,问答记录,问答记录导出0919_已更新.xlsx::问答记录::R1887,268532,2026-03-29 13:36:54,AI学伴,included,included_in_cohort_and_text_available
2026_spring,问答记录导出0919_已更新.xlsx,问答记录,问答记录导出0919_已更新.xlsx::问答记录::R1888,268532,2026-03-23 18:42:05,AI学伴,included,included_in_cohort_and_text_available
2026_spring,问答记录导出0919_已更新.xlsx,问答记录,问答记录导出0919_已更新.xlsx::问答记录::R1889,268533,2026-03-27 09:31:13,AI智能体,included,included_in_cohort_and_text_available
2026_spring,问答记录导出0919_已更新.xlsx,问答记录,问答记录导出0919_已更新.xlsx::问答记录::R1890,268533,2026-03-27 09:24:37,AI智能体,included,included_in_cohort_and_text_available
2026_spring,问答记录导出0919_已更新.xlsx,问答记录,问答记录导出0919_已更新.xlsx::问答记录::R1891,268533,2026-03-27 09:23:43,AI智能体,included,included_in_cohort_and_text_available
2026_spring,问答记录导出0919_已更新.xlsx,问答记录,问答记录导出0919_已更新.xlsx::问答记录::R1892,268533,2026-03-24 16:40:23,AI学伴,included,included_in_cohort_and_text_available
2026_spring,问答记录导出0919_已更新.xlsx,问答记录,问答记录导出0919_已更新.xlsx::问答记录::R1893,268533,2026-03-19 15:32:48,AI学伴,included,included_in_cohort_and_text_available
2026_spring,问答记录导出0919_已更新.xlsx,问答记录,问答记录导出0919_已更新.xlsx::问答记录::R1894,268536,2026-07-01 23:56:20,AI智能体,included,included_in_cohort_and_text_available
2026_spring,问答记录导出0919_已更新.xlsx,问答记录,问答记录导出0919_已更新.xlsx::问答记录::R1895,268536,2026-04-26 21:55:39,AI智能体,included,included_in_cohort_and_text_available
2026_spring,问答记录导出0919_已更新.xlsx,问答记录,问答记录导出0919_已更新.xlsx::问答记录::R1896,268536,2026-04-26 21:40:40,AI智能体,included,included_in_cohort_and_text_available
2026_spring,问答记录导出0919_已更新.xlsx,问答记录,问答记录导出0919_已更新.xlsx::问答记录::R1897,268536,2026-03-19 15:25:25,AI智能体,included,included_in_cohort_and_text_available
2026_spring,问答记录导出0919_已更新.xlsx,问答记录,问答记录导出0919_已更新.xlsx::问答记录::R1898,268537,2026-04-27 10:42:23,AI智能体,included,included_in_cohort_and_text_available
2026_spring,问答记录导出0919_已更新.xlsx,问答记录,问答记录导出0919_已更新.xlsx::问答记录::R1899,268537,2026-04-27 10:37:30,AI智能体,included,included_in_cohort_and_text_available
2026_spring,问答记录导出0919_已更新.xlsx,问答记录,问答记录导出0919_已更新.xlsx::问答记录::R1900,268538,2026-07-24 17:00:29,AI智能体,included,included_in_cohort_and_text_available
2026_spring,问答记录导出0919_已更新.xlsx,问答记录,问答记录导出0919_已更新.xlsx::问答记录::R1901,268538,2026-07-24 17:00:13,AI学伴,included,included_in_cohort_and_text_available
2026_spring,问答记录导出0919_已更新.xlsx,问答记录,问答记录导出0919_已更新.xlsx::问答记录::R1902,268538,2026-04-27 20:40:46,AI智能体,included,included_in_cohort_and_text_available
2026_spring,问答记录导出0919_已更新.xlsx,问答记录,问答记录导出0919_已更新.xlsx::问答记录::R1903,268538,2026-04-27 20:34:16,AI智能体,included,included_in_cohort_and_text_available
2026_spring,问答记录导出0919_已更新.xlsx,问答记录,问答记录导出0919_已更新.xlsx::问答记录::R1904,268538,2026-03-19 15:32:33,AI智能体,included,included_in_cohort_and_text_available
2026_spring,问答记录导出0919_已更新.xlsx,问答记录,问答记录导出0919_已更新.xlsx::问答记录::R1905,268540,2026-05-21 14:17:26,AI智能体,excluded,url_only_unretrieved_content
2026_spring,问答记录导出0919_已更新.xlsx,问答记录,问答记录导出0919_已更新.xlsx::问答记录::R1906,268540,2026-05-21 14:16:52,AI智能体,included,included_in_cohort_and_text_available
2026_spring,问答记录导出0919_已更新.xlsx,问答记录,问答记录导出0919_已更新.xlsx::问答记录::R1907,268540,2026-05-21 14:16:23,AI智能体,excluded,empty_interaction_text
2026_spring,问答记录导出0919_已更新.xlsx,问答记录,问答记录导出0919_已更新.xlsx::问答记录::R1908,268540,2026-05-21 14:14:05,AI智能体,excluded,empty_interaction_text
2026_spring,问答记录导出0919_已更新.xlsx,问答记录,问答记录导出0919_已更新.xlsx::问答记录::R1909,268540,2026-05-21 14:09:29,AI智能体,included,included_in_cohort_and_text_available
2026_spring,问答记录导出0919_已更新.xlsx,问答记录,问答记录导出0919_已更新.xlsx::问答记录::R1910,268540,2026-03-19 15:59:40,AI智能体,included,included_in_cohort_and_text_available
2026_spring,问答记录导出0919_已更新.xlsx,问答记录,问答记录导出0919_已更新.xlsx::问答记录::R1911,268543,2026-04-27 19:27:09,AI智能体,included,included_in_cohort_and_text_available
2026_spring,问答记录导出0919_已更新.xlsx,问答记录,问答记录导出0919_已更新.xlsx::问答记录::R1912,268543,2026-04-27 18:34:30,AI智能体,included,included_in_cohort_and_text_available
2026_spring,问答记录导出0919_已更新.xlsx,问答记录,问答记录导出0919_已更新.xlsx::问答记录::R1913,268543,2026-04-16 14:36:20,AI学伴,included,included_in_cohort_and_text_available
2026_spring,问答记录导出0919_已更新.xlsx,问答记录,问答记录导出0919_已更新.xlsx::问答记录::R1914,268543,2026-04-09 15:42:52,AI学伴,included,included_in_cohort_and_text_available
2026_spring,问答记录导出0919_已更新.xlsx,问答记录,问答记录导出0919_已更新.xlsx::问答记录::R1915,268543,2026-04-09 15:31:03,AI学伴,included,included_in_cohort_and_text_available
2026_spring,问答记录导出0919_已更新.xlsx,问答记录,问答记录导出0919_已更新.xlsx::问答记录::R1916,268543,2026-03-19 15:57:55,AI智能体,included,included_in_cohort_and_text_available
2026_spring,问答记录导出0919_已更新.xlsx,问答记录,问答记录导出0919_已更新.xlsx::问答记录::R1917,268550,2026-03-26 15:09:01,AI学伴,included,included_in_cohort_and_text_available
2026_spring,问答记录导出0919_已更新.xlsx,问答记录,问答记录导出0919_已更新.xlsx::问答记录::R1918,268550,2026-03-26 14:15:03,AI学伴,included,included_in_cohort_and_text_available
2026_spring,问答记录导出0919_已更新.xlsx,问答记录,问答记录导出0919_已更新.xlsx::问答记录::R1919,268550,2026-03-19 16:08:24,AI智能体,included,included_in_cohort_and_text_available
2026_spring,问答记录导出0919_已更新.xlsx,问答记录,问答记录导出0919_已更新.xlsx::问答记录::R1920,268560,2026-04-26 18:27:07,AI智能体,included,included_in_cohort_and_text_available
2026_spring,问答记录导出0919_已更新.xlsx,问答记录,问答记录导出0919_已更新.xlsx::问答记录::R1921,268560,2026-04-26 16:46:16,AI智能体,included,included_in_cohort_and_text_available
2026_spring,问答记录导出0919_已更新.xlsx,问答记录,问答记录导出0919_已更新.xlsx::问答记录::R1922,268560,2026-04-20 14:48:49,AI学伴,included,included_in_cohort_and_text_available
2026_spring,问答记录导出0919_已更新.xlsx,问答记录,问答记录导出0919_已更新.xlsx::问答记录::R1923,268560,2026-03-19 16:14:01,AI智能体,included,included_in_cohort_and_text_available
2026_spring,问答记录导出0919_已更新.xlsx,问答记录,问答记录导出0919_已更新.xlsx::问答记录::R1924,268561,2026-05-03 20:52:32,AI智能体,included,included_in_cohort_and_text_available
2026_spring,问答记录导出0919_已更新.xlsx,问答记录,问答记录导出0919_已更新.xlsx::问答记录::R1925,268561,2026-04-24 20:39:14,AI智能体,excluded,empty_interaction_text
2026_spring,问答记录导出0919_已更新.xlsx,问答记录,问答记录导出0919_已更新.xlsx::问答记录::R1926,268561,2026-03-19 15:29:11,AI学伴,included,included_in_cohort_and_text_available
